{"metadata":{"actualWorkers":1},"startTime":1765393659251,"duration":1269551.862,"files":[{"fileId":"542ce40c4d5a94d1bfd5","fileName":"critical-flows.spec.ts","tests":[{"testId":"542ce40c4d5a94d1bfd5-fdcba3d79cf2e4121503","title":"should login successfully","projectName":"chromium","location":{"file":"critical-flows.spec.ts","line":5,"column":3},"duration":94553,"annotations":[],"tags":[],"outcome":"unexpected","path":["Authentication Flow"],"ok":false,"results":[{"attachments":[{"name":"screenshot","contentType":"image/png","path":"data/5ab28f9a05104c5c4d8f6cd97f2ca2fb3b25df32.png"},{"name":"video","contentType":"video/webm","path":"data/e5a38ad68f004151c1002c1a1575a662f8ab5498.webm"}]},{"attachments":[{"name":"screenshot","contentType":"image/png","path":"data/5ab28f9a05104c5c4d8f6cd97f2ca2fb3b25df32.png"},{"name":"video","contentType":"video/webm","path":"data/394c76c79f9d1ac0a54dce119527bee350b3c79f.webm"},{"name":"trace","contentType":"application/zip","path":"data/fa8c10ccf031146e305e076606e650116bed82c9.zip"}]},{"attachments":[{"name":"screenshot","contentType":"image/png","path":"data/5ab28f9a05104c5c4d8f6cd97f2ca2fb3b25df32.png"},{"name":"video","contentType":"video/webm","path":"data/d67c793d766f277807b940decf6be74500b1a8ac.webm"}]}]},{"testId":"542ce40c4d5a94d1bfd5-da32daf7a13517fe2648","title":"should logout successfully","projectName":"chromium","location":{"file":"critical-flows.spec.ts","line":15,"column":3},"duration":94394,"annotations":[],"tags":[],"outcome":"unexpected","path":["Authentication Flow"],"ok":false,"results":[{"attachments":[{"name":"screenshot","contentType":"image/png","path":"data/5ab28f9a05104c5c4d8f6cd97f2ca2fb3b25df32.png"},{"name":"video","contentType":"video/webm","path":"data/a749e5858f83699b450dc537d88897a17a8399df.webm"}]},{"attachments":[{"name":"screenshot","contentType":"image/png","path":"data/5ab28f9a05104c5c4d8f6cd97f2ca2fb3b25df32.png"},{"name":"video","contentType":"video/webm","path":"data/b06df8acd1979044f28ebef4ba7e6aeefba53ce4.webm"},{"name":"trace","contentType":"application/zip","path":"data/6ea3c6409e92db108604ce32323e3f6b402b7077.zip"}]},{"attachments":[{"name":"screenshot","contentType":"image/png","path":"data/5ab28f9a05104c5c4d8f6cd97f2ca2fb3b25df32.png"},{"name":"video","contentType":"video/webm","path":"data/477d16004635773cc3d78a15654dabefd2f94c8f.webm"}]}]},{"testId":"542ce40c4d5a94d1bfd5-2377cb026faae8949aab","title":"should handle invalid credentials","projectName":"chromium","location":{"file":"critical-flows.spec.ts","line":23,"column":3},"duration":94717,"annotations":[],"tags":[],"outcome":"unexpected","path":["Authentication Flow"],"ok":false,"results":[{"attachments":[{"name":"screenshot","contentType":"image/png","path":"data/5ab28f9a05104c5c4d8f6cd97f2ca2fb3b25df32.png"},{"name":"video","contentType":"video/webm","path":"data/616992fc75e918ea4162a916d99c2a6ee62a7adf.webm"}]},{"attachments":[{"name":"screenshot","contentType":"image/png","path":"data/5ab28f9a05104c5c4d8f6cd97f2ca2fb3b25df32.png"},{"name":"video","contentType":"video/webm","path":"data/3da240e475403d6b6db8a7055f9682cc6a9d3cfb.webm"},{"name":"trace","contentType":"application/zip","path":"data/47171971c4759993d8211ad1e8433370413f0241.zip"}]},{"attachments":[{"name":"screenshot","contentType":"image/png","path":"data/5ab28f9a05104c5c4d8f6cd97f2ca2fb3b25df32.png"},{"name":"video","contentType":"video/webm","path":"data/7ff7d97e3f4f6b4332535054b9f0fba5d8e02915.webm"}]}]},{"testId":"542ce40c4d5a94d1bfd5-4aacfeb4d98391f0bc7d","title":"should show validation errors for empty form","projectName":"chromium","location":{"file":"critical-flows.spec.ts","line":37,"column":3},"duration":16780,"annotations":[],"tags":[],"outcome":"unexpected","path":["Authentication Flow"],"ok":false,"results":[{"attachments":[{"name":"screenshot","contentType":"image/png","path":"data/4bcdd91d61befe2dccfc489c42577a6e2a4b3c73.png"},{"name":"video","contentType":"video/webm","path":"data/bac31a5ddc5d72a8685881d286651a372864cd52.webm"}]},{"attachments":[{"name":"screenshot","contentType":"image/png","path":"data/4bcdd91d61befe2dccfc489c42577a6e2a4b3c73.png"},{"name":"video","contentType":"video/webm","path":"data/5211593320d68074430ed8596073ac172c9bc689.webm"},{"name":"trace","contentType":"application/zip","path":"data/f0cee37c7d91017a6d6f2b0f0886914f32418350.zip"}]},{"attachments":[{"name":"screenshot","contentType":"image/png","path":"data/4bcdd91d61befe2dccfc489c42577a6e2a4b3c73.png"},{"name":"video","contentType":"video/webm","path":"data/9f79ba3b88b51b2a0ffa504c8f5b8d15101df4e0.webm"}]}]},{"testId":"542ce40c4d5a94d1bfd5-e64b9b0506c9345463ce","title":"should navigate to Students page","projectName":"chromium","location":{"file":"critical-flows.spec.ts","line":53,"column":3},"duration":94358,"annotations":[],"tags":[],"outcome":"unexpected","path":["Dashboard Navigation"],"ok":false,"results":[{"attachments":[{"name":"screenshot","contentType":"image/png","path":"data/5ab28f9a05104c5c4d8f6cd97f2ca2fb3b25df32.png"},{"name":"video","contentType":"video/webm","path":"data/0b3c50026400ddb3d83aefe9423d40833eca8dac.webm"}]},{"attachments":[{"name":"screenshot","contentType":"image/png","path":"data/5ab28f9a05104c5c4d8f6cd97f2ca2fb3b25df32.png"},{"name":"video","contentType":"video/webm","path":"data/91497555d07eb1e13d74bc2ee86caf06bf618914.webm"},{"name":"trace","contentType":"application/zip","path":"data/1bf7fddf57635f188f4ad8912664185f912b53c1.zip"}]},{"attachments":[{"name":"screenshot","contentType":"image/png","path":"data/5ab28f9a05104c5c4d8f6cd97f2ca2fb3b25df32.png"},{"name":"video","contentType":"video/webm","path":"data/4b0d45296cecc82fb229b9740d81d251817f7953.webm"}]}]},{"testId":"542ce40c4d5a94d1bfd5-94ca69ee104db6e50307","title":"should navigate to Courses page","projectName":"chromium","location":{"file":"critical-flows.spec.ts","line":59,"column":3},"duration":94526,"annotations":[],"tags":[],"outcome":"unexpected","path":["Dashboard Navigation"],"ok":false,"results":[{"attachments":[{"name":"screenshot","contentType":"image/png","path":"data/5ab28f9a05104c5c4d8f6cd97f2ca2fb3b25df32.png"},{"name":"video","contentType":"video/webm","path":"data/3ce7ab2f22900c05110794e18beb2ca7ac2b6a97.webm"}]},{"attachments":[{"name":"screenshot","contentType":"image/png","path":"data/5ab28f9a05104c5c4d8f6cd97f2ca2fb3b25df32.png"},{"name":"video","contentType":"video/webm","path":"data/5e2dad360c4c42ddd3e80e1bf1d12e2392e5633d.webm"},{"name":"trace","contentType":"application/zip","path":"data/6af9562bc6c58a11000f7a63c821a8dde5926e5e.zip"}]},{"attachments":[{"name":"screenshot","contentType":"image/png","path":"data/5ab28f9a05104c5c4d8f6cd97f2ca2fb3b25df32.png"},{"name":"video","contentType":"video/webm","path":"data/14e4679cfaa8be4be3f537beb6eceb5450ff2450.webm"}]}]},{"testId":"542ce40c4d5a94d1bfd5-71457f3e1c16f69dd6b3","title":"should navigate to Grades page","projectName":"chromium","location":{"file":"critical-flows.spec.ts","line":65,"column":3},"duration":94467,"annotations":[],"tags":[],"outcome":"unexpected","path":["Dashboard Navigation"],"ok":false,"results":[{"attachments":[{"name":"screenshot","contentType":"image/png","path":"data/5ab28f9a05104c5c4d8f6cd97f2ca2fb3b25df32.png"},{"name":"video","contentType":"video/webm","path":"data/7d89c46961f55584a6a66acb50c08ad1ed7b68f8.webm"}]},{"attachments":[{"name":"screenshot","contentType":"image/png","path":"data/5ab28f9a05104c5c4d8f6cd97f2ca2fb3b25df32.png"},{"name":"video","contentType":"video/webm","path":"data/b28fdb5d19fd69362b32dbf2b318dbf9b529950e.webm"},{"name":"trace","contentType":"application/zip","path":"data/0e4bfa24c454d106fd039d10ecfa87cee38bfe57.zip"}]},{"attachments":[{"name":"screenshot","contentType":"image/png","path":"data/5ab28f9a05104c5c4d8f6cd97f2ca2fb3b25df32.png"},{"name":"video","contentType":"video/webm","path":"data/87a357c0c1acd5dcebd2d39efaaffa1b3891e936.webm"}]}]},{"testId":"542ce40c4d5a94d1bfd5-33a02fa2baf10fb52c68","title":"should navigate to Attendance page","projectName":"chromium","location":{"file":"critical-flows.spec.ts","line":71,"column":3},"duration":94554,"annotations":[],"tags":[],"outcome":"unexpected","path":["Dashboard Navigation"],"ok":false,"results":[{"attachments":[{"name":"screenshot","contentType":"image/png","path":"data/5ab28f9a05104c5c4d8f6cd97f2ca2fb3b25df32.png"},{"name":"video","contentType":"video/webm","path":"data/a8d8c540b8a15527302a329e67da1d8239ab1b23.webm"}]},{"attachments":[{"name":"screenshot","contentType":"image/png","path":"data/5ab28f9a05104c5c4d8f6cd97f2ca2fb3b25df32.png"},{"name":"video","contentType":"video/webm","path":"data/98d512c1ad8598fa8a958a20d77940b6524c1815.webm"},{"name":"trace","contentType":"application/zip","path":"data/b5851a21ca3fc4ffb55c898ff2912eca17b48a98.zip"}]},{"attachments":[{"name":"screenshot","contentType":"image/png","path":"data/5ab28f9a05104c5c4d8f6cd97f2ca2fb3b25df32.png"},{"name":"video","contentType":"video/webm","path":"data/9450a86340ce75007aa9d84a02d5e4f6983c6fd7.webm"}]}]},{"testId":"542ce40c4d5a94d1bfd5-b1a61c90b4ac8a9b11f6","title":"should display students list","projectName":"chromium","location":{"file":"critical-flows.spec.ts","line":85,"column":3},"duration":94475,"annotations":[],"tags":[],"outcome":"unexpected","path":["Students Management"],"ok":false,"results":[{"attachments":[{"name":"screenshot","contentType":"image/png","path":"data/5ab28f9a05104c5c4d8f6cd97f2ca2fb3b25df32.png"},{"name":"video","contentType":"video/webm","path":"data/640088c8d656c1ce2d00510181a6c7d8e50f9c8e.webm"}]},{"attachments":[{"name":"screenshot","contentType":"image/png","path":"data/5ab28f9a05104c5c4d8f6cd97f2ca2fb3b25df32.png"},{"name":"video","contentType":"video/webm","path":"data/2f71dd185bc1f476891dfd295b80e479cc68932a.webm"},{"name":"trace","contentType":"application/zip","path":"data/7b6cb36206d1cbada0f5f5aeee4f313b16358743.zip"}]},{"attachments":[{"name":"screenshot","contentType":"image/png","path":"data/5ab28f9a05104c5c4d8f6cd97f2ca2fb3b25df32.png"},{"name":"video","contentType":"video/webm","path":"data/b8c7241c0370c8a23cde37e60db8c94a50114f07.webm"}]}]},{"testId":"542ce40c4d5a94d1bfd5-c7f947f43ac3e04f60db","title":"should search students","projectName":"chromium","location":{"file":"critical-flows.spec.ts","line":92,"column":3},"duration":94544,"annotations":[],"tags":[],"outcome":"unexpected","path":["Students Management"],"ok":false,"results":[{"attachments":[{"name":"screenshot","contentType":"image/png","path":"data/5ab28f9a05104c5c4d8f6cd97f2ca2fb3b25df32.png"},{"name":"video","contentType":"video/webm","path":"data/59df4ad989fb93768299b1593184801cc6af32ae.webm"}]},{"attachments":[{"name":"screenshot","contentType":"image/png","path":"data/5ab28f9a05104c5c4d8f6cd97f2ca2fb3b25df32.png"},{"name":"video","contentType":"video/webm","path":"data/699e08a29fd60516f393193ac5ff09c6d056c0f6.webm"},{"name":"trace","contentType":"application/zip","path":"data/154938862056c82ce33215994a96cf108443179a.zip"}]},{"attachments":[{"name":"screenshot","contentType":"image/png","path":"data/5ab28f9a05104c5c4d8f6cd97f2ca2fb3b25df32.png"},{"name":"video","contentType":"video/webm","path":"data/a49ada94e4f8a0db12a07e5b1f8d9e3d7ebe0a73.webm"}]}]},{"testId":"542ce40c4d5a94d1bfd5-0283e53e7e40a2f1ce89","title":"should open student detail","projectName":"chromium","location":{"file":"critical-flows.spec.ts","line":104,"column":3},"duration":94524,"annotations":[],"tags":[],"outcome":"unexpected","path":["Students Management"],"ok":false,"results":[{"attachments":[{"name":"screenshot","contentType":"image/png","path":"data/5ab28f9a05104c5c4d8f6cd97f2ca2fb3b25df32.png"},{"name":"video","contentType":"video/webm","path":"data/d4efe2201ff866b3782ecd95bcacadc67d7ece04.webm"}]},{"attachments":[{"name":"screenshot","contentType":"image/png","path":"data/5ab28f9a05104c5c4d8f6cd97f2ca2fb3b25df32.png"},{"name":"video","contentType":"video/webm","path":"data/d5d5ff8951da1b9d8d9c65d3098653ec9bc4442f.webm"},{"name":"trace","contentType":"application/zip","path":"data/212baa2de437a0a793f5b94ac8ea7e3cdd40a360.zip"}]},{"attachments":[{"name":"screenshot","contentType":"image/png","path":"data/5ab28f9a05104c5c4d8f6cd97f2ca2fb3b25df32.png"},{"name":"video","contentType":"video/webm","path":"data/fdcdf8705409a940c6072554f278154096f03d16.webm"}]}]},{"testId":"542ce40c4d5a94d1bfd5-5675e38ab6d63be2f998","title":"should be mobile responsive","projectName":"chromium","location":{"file":"critical-flows.spec.ts","line":117,"column":3},"duration":93997,"annotations":[],"tags":[],"outcome":"unexpected","path":["Responsive Design"],"ok":false,"results":[{"attachments":[{"name":"screenshot","contentType":"image/png","path":"data/1a64c643e2a0533337316f90605e41c22d33966f.png"},{"name":"video","contentType":"video/webm","path":"data/3d0769386e0d4c276adbf5519ab7e24fe1b58d51.webm"}]},{"attachments":[{"name":"screenshot","contentType":"image/png","path":"data/1a64c643e2a0533337316f90605e41c22d33966f.png"},{"name":"video","contentType":"video/webm","path":"data/59ade3023ff84d5ba3df3bb528999d78fb871e88.webm"},{"name":"trace","contentType":"application/zip","path":"data/4952011d5d03bd571735e52f28a13b9ff5b06bf0.zip"}]},{"attachments":[{"name":"screenshot","contentType":"image/png","path":"data/1a64c643e2a0533337316f90605e41c22d33966f.png"},{"name":"video","contentType":"video/webm","path":"data/ee7ce81afffa8040eaf3547e35746e50d7937ab5.webm"}]}]},{"testId":"542ce40c4d5a94d1bfd5-8a27478e0aa55c7437cd","title":"should be tablet responsive","projectName":"chromium","location":{"file":"critical-flows.spec.ts","line":133,"column":3},"duration":93970,"annotations":[],"tags":[],"outcome":"unexpected","path":["Responsive Design"],"ok":false,"results":[{"attachments":[{"name":"screenshot","contentType":"image/png","path":"data/fa34d26483ef2339a4da68ceafd0aef579b5c1c1.png"},{"name":"video","contentType":"video/webm","path":"data/094952d7a71addfa9fc337ed2e4082716e161859.webm"}]},{"attachments":[{"name":"screenshot","contentType":"image/png","path":"data/fa34d26483ef2339a4da68ceafd0aef579b5c1c1.png"},{"name":"video","contentType":"video/webm","path":"data/3c46dc0907c77ca3db1740653770a4d41fa205a6.webm"},{"name":"trace","contentType":"application/zip","path":"data/1b28e514069330b3036459ab995ce7e951e8a732.zip"}]},{"attachments":[{"name":"screenshot","contentType":"image/png","path":"data/fa34d26483ef2339a4da68ceafd0aef579b5c1c1.png"},{"name":"video","contentType":"video/webm","path":"data/6ec345f277b5ce6ef0adfa41ccdb51d087c2d3c3.webm"}]}]},{"testId":"542ce40c4d5a94d1bfd5-938e90d11b5e91b30980","title":"should be desktop responsive","projectName":"chromium","location":{"file":"critical-flows.spec.ts","line":143,"column":3},"duration":94886,"annotations":[],"tags":[],"outcome":"unexpected","path":["Responsive Design"],"ok":false,"results":[{"attachments":[{"name":"screenshot","contentType":"image/png","path":"data/1cb5ac9b8ca71a7ad7167d5e2157d16944907cda.png"},{"name":"video","contentType":"video/webm","path":"data/b228050d62bc9cb1b2d417c14ce38cb8b7dd2f3a.webm"}]},{"attachments":[{"name":"screenshot","contentType":"image/png","path":"data/1cb5ac9b8ca71a7ad7167d5e2157d16944907cda.png"},{"name":"video","contentType":"video/webm","path":"data/99d9c329d56b5cb9e4b258e58e21c1bffc879fd3.webm"},{"name":"trace","contentType":"application/zip","path":"data/14374bf04061df908e44667765d65d02a85f36df.zip"}]},{"attachments":[{"name":"screenshot","contentType":"image/png","path":"data/1cb5ac9b8ca71a7ad7167d5e2157d16944907cda.png"},{"name":"video","contentType":"video/webm","path":"data/a62ec1ba366e45e59a21c99b8d7be639f97c597a.webm"}]}]}],"stats":{"total":14,"expected":0,"unexpected":14,"flaky":0,"skipped":0,"ok":false}}],"projectNames":["chromium"],"stats":{"total":14,"expected":0,"unexpected":14,"flaky":0,"skipped":0,"ok":false},"errors":[]}