{".class":"MypyFile","_fullname":"__future__","future_import_flags":[],"is_partial_stub_package":false,"is_stub":true,"names":{".class":"SymbolTable","TypeAlias":{".class":"SymbolTableNode","cross_ref":"typing.TypeAlias","kind":"Gdef","module_hidden":true,"module_public":false},"_Feature":{".class":"SymbolTableNode","kind":"Gdef","module_public":false,"node":{".class":"TypeInfo","_promote":[],"abstract_attributes":[],"alt_promote":null,"bases":["builtins.object"],"dataclass_transform_spec":null,"declared_metaclass":null,"defn":{".class":"ClassDef","fullname":"__future__._Feature","name":"_Feature","type_vars":[]},"deletable_attributes":[],"flags":[],"fullname":"__future__._Feature","has_param_spec_type":false,"metaclass_type":null,"metadata":{},"module_name":"__future__","mro":["__future__._Feature","builtins.object"],"names":{".class":"SymbolTable","__init__":{".class":"SymbolTableNode","kind":"Mdef","node":{".class":"FuncDef","abstract_status":0,"arg_kinds":[0,0,0,0],"arg_names":["self","optionalRelease","mandatoryRelease","compiler_flag"],"dataclass_transform_spec":null,"flags":[],"fullname":"__future__._Feature.__init__","name":"__init__","type":{".class":"CallableType","arg_kinds":[0,0,0,0],"arg_names":["self","optionalRelease","mandatoryRelease","compiler_flag"],"arg_types":["__future__._Feature",{".class":"TypeAliasType","args":[],"type_ref":"__future__._VersionInfo"},{".class":"UnionType","items":[{".class":"TypeAliasType","args":[],"type_ref":"__future__._VersionInfo"},{".class":"NoneType"}]},"builtins.int"],"bound_args":[],"def_extras":{"first_arg":"self"},"fallback":"builtins.function","from_concatenate":false,"implicit":false,"is_ellipsis_args":false,"name":"__init__ of _Feature","ret_type":{".class":"NoneType"},"type_guard":null,"unpack_kwargs":false,"variables":[]}}},"compiler_flag":{".class":"SymbolTableNode","kind":"Mdef","node":{".class":"Var","flags":["is_initialized_in_class","is_ready"],"fullname":"__future__._Feature.compiler_flag","name":"compiler_flag","type":"builtins.int"}},"getMandatoryRelease":{".class":"SymbolTableNode","kind":"Mdef","node":{".class":"FuncDef","abstract_status":0,"arg_kinds":[0],"arg_names":["self"],"dataclass_transform_spec":null,"flags":[],"fullname":"__future__._Feature.getMandatoryRelease","name":"getMandatoryRelease","type":{".class":"CallableType","arg_kinds":[0],"arg_names":["self"],"arg_types":["__future__._Feature"],"bound_args":[],"def_extras":{"first_arg":"self"},"fallback":"builtins.function","from_concatenate":false,"implicit":false,"is_ellipsis_args":false,"name":"getMandatoryRelease of _Feature","ret_type":{".class":"UnionType","items":[{".class":"TypeAliasType","args":[],"type_ref":"__future__._VersionInfo"},{".class":"NoneType"}]},"type_guard":null,"unpack_kwargs":false,"variables":[]}}},"getOptionalRelease":{".class":"SymbolTableNode","kind":"Mdef","node":{".class":"FuncDef","abstract_status":0,"arg_kinds":[0],"arg_names":["self"],"dataclass_transform_spec":null,"flags":[],"fullname":"__future__._Feature.getOptionalRelease","name":"getOptionalRelease","type":{".class":"CallableType","arg_kinds":[0],"arg_names":["self"],"arg_types":["__future__._Feature"],"bound_args":[],"def_extras":{"first_arg":"self"},"fallback":"builtins.function","from_concatenate":false,"implicit":false,"is_ellipsis_args":false,"name":"getOptionalRelease of _Feature","ret_type":{".class":"TypeAliasType","args":[],"type_ref":"__future__._VersionInfo"},"type_guard":null,"unpack_kwargs":false,"variables":[]}}}},"self_type":null,"slots":null,"tuple_type":null,"type_vars":[],"typeddict_type":null}},"_VersionInfo":{".class":"SymbolTableNode","kind":"Gdef","module_public":false,"node":{".class":"TypeAlias","alias_tvars":[],"column":0,"fullname":"__future__._VersionInfo","line":3,"no_args":false,"normalized":false,"target":{".class":"TupleType","implicit":false,"items":["builtins.int","builtins.int","builtins.int","builtins.str","builtins.int"],"partial_fallback":{".class":"Instance","args":[{".class":"AnyType","missing_import_name":null,"source_any":null,"type_of_any":6}],"type_ref":"builtins.tuple"}}}},"__all__":{".class":"SymbolTableNode","kind":"Gdef","module_public":false,"node":{".class":"Var","flags":["is_inferred","has_explicit_value"],"fullname":"__future__.__all__","name":"__all__","type":{".class":"Instance","args":["builtins.str"],"type_ref":"builtins.list"}}},"__annotations__":{".class":"SymbolTableNode","kind":"Gdef","module_public":false,"node":{".class":"Var","flags":["is_ready"],"fullname":"__future__.__annotations__","name":"__annotations__","type":{".class":"Instance","args":["builtins.str",{".class":"AnyType","missing_import_name":null,"source_any":null,"type_of_any":6}],"type_ref":"builtins.dict"}}},"__doc__":{".class":"SymbolTableNode","kind":"Gdef","module_public":false,"node":{".class":"Var","flags":["is_ready"],"fullname":"__future__.__doc__","name":"__doc__","type":"builtins.str"}},"__file__":{".class":"SymbolTableNode","kind":"Gdef","module_public":false,"node":{".class":"Var","flags":["is_ready"],"fullname":"__future__.__file__","name":"__file__","type":"builtins.str"}},"__name__":{".class":"SymbolTableNode","kind":"Gdef","module_public":false,"node":{".class":"Var","flags":["is_ready"],"fullname":"__future__.__name__","name":"__name__","type":"builtins.str"}},"__package__":{".class":"SymbolTableNode","kind":"Gdef","module_public":false,"node":{".class":"Var","flags":["is_ready"],"fullname":"__future__.__package__","name":"__package__","type":"builtins.str"}},"absolute_import":{".class":"SymbolTableNode","kind":"Gdef","node":{".class":"Var","flags":["is_ready"],"fullname":"__future__.absolute_import","name":"absolute_import","type":"__future__._Feature"}},"all_feature_names":{".class":"SymbolTableNode","kind":"Gdef","node":{".class":"Var","flags":["is_ready"],"fullname":"__future__.all_feature_names","name":"all_feature_names","type":{".class":"Instance","args":["builtins.str"],"type_ref":"builtins.list"}}},"annotations":{".class":"SymbolTableNode","kind":"Gdef","node":{".class":"Var","flags":["is_ready"],"fullname":"__future__.annotations","name":"annotations","type":"__future__._Feature"}},"barry_as_FLUFL":{".class":"SymbolTableNode","kind":"Gdef","node":{".class":"Var","flags":["is_ready"],"fullname":"__future__.barry_as_FLUFL","name":"barry_as_FLUFL","type":"__future__._Feature"}},"division":{".class":"SymbolTableNode","kind":"Gdef","node":{".class":"Var","flags":["is_ready"],"fullname":"__future__.division","name":"division","type":"__future__._Feature"}},"generator_stop":{".class":"SymbolTableNode","kind":"Gdef","node":{".class":"Var","flags":["is_ready"],"fullname":"__future__.generator_stop","name":"generator_stop","type":"__future__._Feature"}},"generators":{".class":"SymbolTableNode","kind":"Gdef","node":{".class":"Var","flags":["is_ready"],"fullname":"__future__.generators","name":"generators","type":"__future__._Feature"}},"nested_scopes":{".class":"SymbolTableNode","kind":"Gdef","node":{".class":"Var","flags":["is_ready"],"fullname":"__future__.nested_scopes","name":"nested_scopes","type":"__future__._Feature"}},"print_function":{".class":"SymbolTableNode","kind":"Gdef","node":{".class":"Var","flags":["is_ready"],"fullname":"__future__.print_function","name":"print_function","type":"__future__._Feature"}},"unicode_literals":{".class":"SymbolTableNode","kind":"Gdef","node":{".class":"Var","flags":["is_ready"],"fullname":"__future__.unicode_literals","name":"unicode_literals","type":"__future__._Feature"}},"with_statement":{".class":"SymbolTableNode","kind":"Gdef","node":{".class":"Var","flags":["is_ready"],"fullname":"__future__.with_statement","name":"with_statement","type":"__future__._Feature"}}},"path":"C:\\Users\\Vasilis\\AppData\\Local\\Programs\\Python\\Python313\\Lib\\site-packages\\mypy\\typeshed\\stdlib\\__future__.pyi"}