{"data_mtime":1762095525,"dep_lines":[1,1,1,1],"dep_prios":[5,5,30,30],"dependencies":["typing_extensions","builtins","abc","typing"],"hash":"a88c160e68dac375c28ae94a628281401fde2632f1c1e7ac50ac017699204245","id":"__future__","ignore_all":true,"interface_hash":"02d9fed8774354d3ef7f3b5e714d0c3d789733f22ababc704fa21f3504bb2173","mtime":1762095442,"options":{"allow_redefinition":false,"allow_untyped_globals":false,"always_false":[],"always_true":[],"bazel":false,"check_untyped_defs":false,"disable_bytearray_promotion":false,"disable_error_code":[],"disable_memoryview_promotion":false,"disabled_error_codes":[],"disallow_any_decorated":false,"disallow_any_explicit":false,"disallow_any_expr":false,"disallow_any_generics":false,"disallow_any_unimported":false,"disallow_incomplete_defs":false,"disallow_subclassing_any":false,"disallow_untyped_calls":false,"disallow_untyped_decorators":false,"disallow_untyped_defs":false,"enable_error_code":[],"enabled_error_codes":[],"follow_imports":"silent","follow_imports_for_stubs":false,"ignore_errors":false,"ignore_missing_imports":true,"implicit_optional":true,"implicit_reexport":true,"local_partial_types":false,"mypyc":false,"platform":"win32","plugins":[],"strict_concatenate":false,"strict_equality":false,"strict_optional":true,"warn_no_return":true,"warn_return_any":false,"warn_unreachable":false,"warn_unused_ignores":false},"path":"C:\\Users\\Vasilis\\AppData\\Local\\Programs\\Python\\Python313\\Lib\\site-packages\\mypy\\typeshed\\stdlib\\__future__.pyi","plugin_data":null,"size":915,"suppressed":[],"version_id":"1.3.0"}