{"data_mtime":1762095526,"dep_lines":[1,3,1,1,1,1],"dep_prios":[5,5,5,30,30,30],"dependencies":["importlib.metadata","annotated_doc.main","builtins","abc","importlib","typing"],"hash":"d3ee8b1d89985b2dcf59f5f467e8d52a60febf5a1c368a4aed39c0d75c174de3","id":"annotated_doc","ignore_all":true,"interface_hash":"8dc5f32cbd9bdc8e146902f75cc7376b5e502bad0c9d0977e5733dc43ce60837","mtime":1761854778,"options":{"allow_redefinition":false,"allow_untyped_globals":false,"always_false":[],"always_true":[],"bazel":false,"check_untyped_defs":false,"disable_bytearray_promotion":false,"disable_error_code":[],"disable_memoryview_promotion":false,"disabled_error_codes":[],"disallow_any_decorated":false,"disallow_any_explicit":false,"disallow_any_expr":false,"disallow_any_generics":false,"disallow_any_unimported":false,"disallow_incomplete_defs":false,"disallow_subclassing_any":false,"disallow_untyped_calls":false,"disallow_untyped_decorators":false,"disallow_untyped_defs":false,"enable_error_code":[],"enabled_error_codes":[],"follow_imports":"silent","follow_imports_for_stubs":false,"ignore_errors":false,"ignore_missing_imports":true,"implicit_optional":true,"implicit_reexport":true,"local_partial_types":false,"mypyc":false,"platform":"win32","plugins":[],"strict_concatenate":false,"strict_equality":false,"strict_optional":true,"warn_no_return":true,"warn_return_any":false,"warn_unreachable":false,"warn_unused_ignores":false},"path":"C:\\Users\\Vasilis\\AppData\\Local\\Programs\\Python\\Python313\\Lib\\site-packages\\annotated_doc\\__init__.py","plugin_data":null,"size":109,"suppressed":[],"version_id":"1.3.0"}