{"data_mtime":1762095563,"dep_lines":[1,2,3,4,5,6,1,1,1],"dep_prios":[10,10,10,10,10,5,5,30,30],"dependencies":["alembic.ddl.mssql","alembic.ddl.mysql","alembic.ddl.oracle","alembic.ddl.postgresql","alembic.ddl.sqlite","alembic.ddl.impl","builtins","abc","typing"],"hash":"0dff1fcb8567fda6cff01eeadf1f20c85c04c272f0ea1b362e3b7f6d5dc46561","id":"alembic.ddl","ignore_all":true,"interface_hash":"d132e6b7f82c4b7a3b9ddabaabcc3e6e3aeb4c146616ebce81f4c3a39d738ac0","mtime":1761854780,"options":{"allow_redefinition":false,"allow_untyped_globals":false,"always_false":[],"always_true":[],"bazel":false,"check_untyped_defs":false,"disable_bytearray_promotion":false,"disable_error_code":[],"disable_memoryview_promotion":false,"disabled_error_codes":[],"disallow_any_decorated":false,"disallow_any_explicit":false,"disallow_any_expr":false,"disallow_any_generics":false,"disallow_any_unimported":false,"disallow_incomplete_defs":false,"disallow_subclassing_any":false,"disallow_untyped_calls":false,"disallow_untyped_decorators":false,"disallow_untyped_defs":false,"enable_error_code":[],"enabled_error_codes":[],"follow_imports":"silent","follow_imports_for_stubs":false,"ignore_errors":false,"ignore_missing_imports":true,"implicit_optional":true,"implicit_reexport":true,"local_partial_types":false,"mypyc":false,"platform":"win32","plugins":[],"strict_concatenate":false,"strict_equality":false,"strict_optional":true,"warn_no_return":true,"warn_return_any":false,"warn_unreachable":false,"warn_unused_ignores":false},"path":"C:\\Users\\Vasilis\\AppData\\Local\\Programs\\Python\\Python313\\Lib\\site-packages\\alembic\\ddl\\__init__.py","plugin_data":null,"size":152,"suppressed":[],"version_id":"1.3.0"}