{"data_mtime":1762095528,"dep_lines":[1,2,3,4,5,6,409,1,1,1],"dep_prios":[10,10,5,5,5,5,5,5,30,30],"dependencies":["math","sys","types","dataclasses","datetime","typing","typing_extensions","builtins","_typeshed","abc"],"hash":"4729cbb112941062342a2997c9d943d5f6447c4cd6c03a345289f7cce2a11b54","id":"annotated_types","ignore_all":true,"interface_hash":"b7e2746e3b77638adf0450f7fcdc8cdf0490978f5ef12a4dd357297c05bff5c5","mtime":1758060731,"options":{"allow_redefinition":false,"allow_untyped_globals":false,"always_false":[],"always_true":[],"bazel":false,"check_untyped_defs":false,"disable_bytearray_promotion":false,"disable_error_code":[],"disable_memoryview_promotion":false,"disabled_error_codes":[],"disallow_any_decorated":false,"disallow_any_explicit":false,"disallow_any_expr":false,"disallow_any_generics":false,"disallow_any_unimported":false,"disallow_incomplete_defs":false,"disallow_subclassing_any":false,"disallow_untyped_calls":false,"disallow_untyped_decorators":false,"disallow_untyped_defs":false,"enable_error_code":[],"enabled_error_codes":[],"follow_imports":"silent","follow_imports_for_stubs":false,"ignore_errors":false,"ignore_missing_imports":true,"implicit_optional":true,"implicit_reexport":true,"local_partial_types":false,"mypyc":false,"platform":"win32","plugins":[],"strict_concatenate":false,"strict_equality":false,"strict_optional":true,"warn_no_return":true,"warn_return_any":false,"warn_unreachable":false,"warn_unused_ignores":false},"path":"C:\\Users\\Vasilis\\AppData\\Local\\Programs\\Python\\Python313\\Lib\\site-packages\\annotated_types\\__init__.py","plugin_data":null,"size":13819,"suppressed":[],"version_id":"1.3.0"}