{"data_mtime":1762095525,"dep_lines":[1,1,1],"dep_prios":[5,30,30],"dependencies":["builtins","abc","typing"],"hash":"e3b0c44298fc1c149afbf4c8996fb92427ae41e4649b934ca495991b7852b855","id":"alembic.runtime","ignore_all":true,"interface_hash":"fc5c068f365669d1a7012302eb4315e0ae42ed79d31eab600afda5b1dbb6465d","mtime":1761854780,"options":{"allow_redefinition":false,"allow_untyped_globals":false,"always_false":[],"always_true":[],"bazel":false,"check_untyped_defs":false,"disable_bytearray_promotion":false,"disable_error_code":[],"disable_memoryview_promotion":false,"disabled_error_codes":[],"disallow_any_decorated":false,"disallow_any_explicit":false,"disallow_any_expr":false,"disallow_any_generics":false,"disallow_any_unimported":false,"disallow_incomplete_defs":false,"disallow_subclassing_any":false,"disallow_untyped_calls":false,"disallow_untyped_decorators":false,"disallow_untyped_defs":false,"enable_error_code":[],"enabled_error_codes":[],"follow_imports":"silent","follow_imports_for_stubs":false,"ignore_errors":false,"ignore_missing_imports":true,"implicit_optional":true,"implicit_reexport":true,"local_partial_types":false,"mypyc":false,"platform":"win32","plugins":[],"strict_concatenate":false,"strict_equality":false,"strict_optional":true,"warn_no_return":true,"warn_return_any":false,"warn_unreachable":false,"warn_unused_ignores":false},"path":"C:\\Users\\Vasilis\\AppData\\Local\\Programs\\Python\\Python313\\Lib\\site-packages\\alembic\\runtime\\__init__.py","plugin_data":null,"size":0,"suppressed":[],"version_id":"1.3.0"}