{"data_mtime":1762095554,"dep_lines":[3,5,12,23,27,28,29,49,50,52,65,71,79,83,1,99,1,1,1,1,1,1,1],"dep_prios":[5,5,5,5,5,5,5,5,5,5,5,5,5,5,5,20,5,30,30,30,30,30,30],"dependencies":["anyio._core._contextmanagers","anyio._core._eventloop","anyio._core._exceptions","anyio._core._fileio","anyio._core._resources","anyio._core._signals","anyio._core._sockets","anyio._core._streams","anyio._core._subprocesses","anyio._core._synchronization","anyio._core._tasks","anyio._core._tempfile","anyio._core._testing","anyio._core._typedattr","__future__","warnings","builtins","_collections_abc","_warnings","abc","anyio._core","typing","typing_extensions"],"hash":"cf72325a0590bb10a2f8a53099afb52d2cace16079d2657637c16f4bdfc878f1","id":"anyio","ignore_all":true,"interface_hash":"16568fdc2d3d6d8b3ad9de01e292130719ab61dc1e1cb39c118be5ab23120f14","mtime":1758060734,"options":{"allow_redefinition":false,"allow_untyped_globals":false,"always_false":[],"always_true":[],"bazel":false,"check_untyped_defs":false,"disable_bytearray_promotion":false,"disable_error_code":[],"disable_memoryview_promotion":false,"disabled_error_codes":[],"disallow_any_decorated":false,"disallow_any_explicit":false,"disallow_any_expr":false,"disallow_any_generics":false,"disallow_any_unimported":false,"disallow_incomplete_defs":false,"disallow_subclassing_any":false,"disallow_untyped_calls":false,"disallow_untyped_decorators":false,"disallow_untyped_defs":false,"enable_error_code":[],"enabled_error_codes":[],"follow_imports":"silent","follow_imports_for_stubs":false,"ignore_errors":false,"ignore_missing_imports":true,"implicit_optional":true,"implicit_reexport":true,"local_partial_types":false,"mypyc":false,"platform":"win32","plugins":[],"strict_concatenate":false,"strict_equality":false,"strict_optional":true,"warn_no_return":true,"warn_return_any":false,"warn_unreachable":false,"warn_unused_ignores":false},"path":"C:\\Users\\Vasilis\\AppData\\Local\\Programs\\Python\\Python313\\Lib\\site-packages\\anyio\\__init__.py","plugin_data":null,"size":5955,"suppressed":[],"version_id":"1.3.0"}