{"data_mtime":1762095563,"dep_lines":[1,2,4,17,25,29,1,1,1],"dep_prios":[5,5,5,5,5,5,5,30,30],"dependencies":["alembic.util.editor","alembic.util.exc","alembic.util.langhelpers","alembic.util.messaging","alembic.util.pyfiles","alembic.util.sqla_compat","builtins","abc","typing"],"hash":"fd98ffc69eacb0a2f2a0b1d417398a86773c9a1c175bc0fc87bab25fec0ee7a3","id":"alembic.util","ignore_all":true,"interface_hash":"14adca78c1d6100e9d897ded5423825924c2c43dbd5c20714d2c242a123dbcd8","mtime":1761854780,"options":{"allow_redefinition":false,"allow_untyped_globals":false,"always_false":[],"always_true":[],"bazel":false,"check_untyped_defs":false,"disable_bytearray_promotion":false,"disable_error_code":[],"disable_memoryview_promotion":false,"disabled_error_codes":[],"disallow_any_decorated":false,"disallow_any_explicit":false,"disallow_any_expr":false,"disallow_any_generics":false,"disallow_any_unimported":false,"disallow_incomplete_defs":false,"disallow_subclassing_any":false,"disallow_untyped_calls":false,"disallow_untyped_decorators":false,"disallow_untyped_defs":false,"enable_error_code":[],"enabled_error_codes":[],"follow_imports":"silent","follow_imports_for_stubs":false,"ignore_errors":false,"ignore_missing_imports":true,"implicit_optional":true,"implicit_reexport":true,"local_partial_types":false,"mypyc":false,"platform":"win32","plugins":[],"strict_concatenate":false,"strict_equality":false,"strict_optional":true,"warn_no_return":true,"warn_return_any":false,"warn_unreachable":false,"warn_unused_ignores":false},"path":"C:\\Users\\Vasilis\\AppData\\Local\\Programs\\Python\\Python313\\Lib\\site-packages\\alembic\\util\\__init__.py","plugin_data":null,"size":1519,"suppressed":[],"version_id":"1.3.0"}