{"data_mtime":1762095554,"dep_lines":[3,4,5,17,36,37,39,43,50,51,1,1,1,1,1,1],"dep_prios":[5,5,5,5,5,5,5,5,5,5,5,5,30,30,30,30],"dependencies":["anyio.abc._eventloop","anyio.abc._resources","anyio.abc._sockets","anyio.abc._streams","anyio.abc._subprocesses","anyio.abc._tasks","anyio.abc._testing","anyio._core._synchronization","anyio._core._tasks","anyio.from_thread","__future__","builtins","_collections_abc","abc","typing","typing_extensions"],"hash":"ea65a1725fe919786b8195473ff4c27ccbc85c83a9f66ae810533dd1f60253f5","id":"anyio.abc","ignore_all":true,"interface_hash":"7ec4b23aee859f012e732b5c88ee711947741bbbf0f454aeb26b9ccae2c3b71b","mtime":1758060734,"options":{"allow_redefinition":false,"allow_untyped_globals":false,"always_false":[],"always_true":[],"bazel":false,"check_untyped_defs":false,"disable_bytearray_promotion":false,"disable_error_code":[],"disable_memoryview_promotion":false,"disabled_error_codes":[],"disallow_any_decorated":false,"disallow_any_explicit":false,"disallow_any_expr":false,"disallow_any_generics":false,"disallow_any_unimported":false,"disallow_incomplete_defs":false,"disallow_subclassing_any":false,"disallow_untyped_calls":false,"disallow_untyped_decorators":false,"disallow_untyped_defs":false,"enable_error_code":[],"enabled_error_codes":[],"follow_imports":"silent","follow_imports_for_stubs":false,"ignore_errors":false,"ignore_missing_imports":true,"implicit_optional":true,"implicit_reexport":true,"local_partial_types":false,"mypyc":false,"platform":"win32","plugins":[],"strict_concatenate":false,"strict_equality":false,"strict_optional":true,"warn_no_return":true,"warn_return_any":false,"warn_unreachable":false,"warn_unused_ignores":false},"path":"C:\\Users\\Vasilis\\AppData\\Local\\Programs\\Python\\Python313\\Lib\\site-packages\\anyio\\abc\\__init__.py","plugin_data":null,"size":2869,"suppressed":[],"version_id":"1.3.0"}