{"data_mtime":1762095563,"dep_lines":[1,2,5,1,1,1],"dep_prios":[10,5,5,5,30,30],"dependencies":["alembic.operations.toimpl","alembic.operations.base","alembic.operations.ops","builtins","abc","typing"],"hash":"7b42904990202e94d6bf2beb781ec35a0ed1255fcc59238f543802aac7761736","id":"alembic.operations","ignore_all":true,"interface_hash":"0cc463225d7782df75271980bd05b6cafa63ea227d4e603bee247600d1e666ea","mtime":1761854780,"options":{"allow_redefinition":false,"allow_untyped_globals":false,"always_false":[],"always_true":[],"bazel":false,"check_untyped_defs":false,"disable_bytearray_promotion":false,"disable_error_code":[],"disable_memoryview_promotion":false,"disabled_error_codes":[],"disallow_any_decorated":false,"disallow_any_explicit":false,"disallow_any_expr":false,"disallow_any_generics":false,"disallow_any_unimported":false,"disallow_incomplete_defs":false,"disallow_subclassing_any":false,"disallow_untyped_calls":false,"disallow_untyped_decorators":false,"disallow_untyped_defs":false,"enable_error_code":[],"enabled_error_codes":[],"follow_imports":"silent","follow_imports_for_stubs":false,"ignore_errors":false,"ignore_missing_imports":true,"implicit_optional":true,"implicit_reexport":true,"local_partial_types":false,"mypyc":false,"platform":"win32","plugins":[],"strict_concatenate":false,"strict_equality":false,"strict_optional":true,"warn_no_return":true,"warn_return_any":false,"warn_unreachable":false,"warn_unused_ignores":false},"path":"C:\\Users\\Vasilis\\AppData\\Local\\Programs\\Python\\Python313\\Lib\\site-packages\\alembic\\operations\\__init__.py","plugin_data":null,"size":318,"suppressed":[],"version_id":"1.3.0"}