{"data_mtime":1762095563,"dep_lines":[1,6,8,10,1,1,1],"dep_prios":[5,5,5,5,5,30,30],"dependencies":["alembic.autogenerate.api","alembic.autogenerate.compare","alembic.autogenerate.render","alembic.autogenerate.rewriter","builtins","abc","typing"],"hash":"9ed9944d78632e6e3fce6a88c3255a1027693c39fafeed7233dbd893afb9e771","id":"alembic.autogenerate","ignore_all":true,"interface_hash":"896d2cf927d21898a8ca161cba19ada070212fe6c664b438c80d5bc4673eced9","mtime":1761854780,"options":{"allow_redefinition":false,"allow_untyped_globals":false,"always_false":[],"always_true":[],"bazel":false,"check_untyped_defs":false,"disable_bytearray_promotion":false,"disable_error_code":[],"disable_memoryview_promotion":false,"disabled_error_codes":[],"disallow_any_decorated":false,"disallow_any_explicit":false,"disallow_any_expr":false,"disallow_any_generics":false,"disallow_any_unimported":false,"disallow_incomplete_defs":false,"disallow_subclassing_any":false,"disallow_untyped_calls":false,"disallow_untyped_decorators":false,"disallow_untyped_defs":false,"enable_error_code":[],"enabled_error_codes":[],"follow_imports":"silent","follow_imports_for_stubs":false,"ignore_errors":false,"ignore_missing_imports":true,"implicit_optional":true,"implicit_reexport":true,"local_partial_types":false,"mypyc":false,"platform":"win32","plugins":[],"strict_concatenate":false,"strict_equality":false,"strict_optional":true,"warn_no_return":true,"warn_return_any":false,"warn_unreachable":false,"warn_unused_ignores":false},"path":"C:\\Users\\Vasilis\\AppData\\Local\\Programs\\Python\\Python313\\Lib\\site-packages\\alembic\\autogenerate\\__init__.py","plugin_data":null,"size":543,"suppressed":[],"version_id":"1.3.0"}