{".class":"MypyFile","_fullname":"_asyncio","future_import_flags":[],"is_partial_stub_package":false,"is_stub":true,"names":{".class":"SymbolTable","AbstractEventLoop":{".class":"SymbolTableNode","cross_ref":"asyncio.events.AbstractEventLoop","kind":"Gdef","module_hidden":true,"module_public":false},"Any":{".class":"SymbolTableNode","cross_ref":"typing.Any","kind":"Gdef","module_hidden":true,"module_public":false},"Awaitable":{".class":"SymbolTableNode","cross_ref":"typing.Awaitable","kind":"Gdef","module_hidden":true,"module_public":false},"Callable":{".class":"SymbolTableNode","cross_ref":"typing.Callable","kind":"Gdef","module_hidden":true,"module_public":false},"Context":{".class":"SymbolTableNode","cross_ref":"_contextvars.Context","kind":"Gdef","module_hidden":true,"module_public":false},"Coroutine":{".class":"SymbolTableNode","cross_ref":"typing.Coroutine","kind":"Gdef","module_hidden":true,"module_public":false},"FrameType":{".class":"SymbolTableNode","cross_ref":"types.FrameType","kind":"Gdef","module_hidden":true,"module_public":false},"Future":{".class":"SymbolTableNode","kind":"Gdef","node":{".class":"TypeInfo","_promote":[],"abstract_attributes":[],"alt_promote":null,"bases":[{".class":"Instance","args":[{".class":"TypeVarType","default":{".class":"AnyType","missing_import_name":null,"source_any":null,"type_of_any":4},"fullname":"_asyncio._T","id":1,"name":"_T","namespace":"_asyncio.Future","upper_bound":"builtins.object","values":[],"variance":0}],"extra_attrs":null,"type_ref":"typing.Awaitable"},{".class":"Instance","args":[{".class":"TypeVarType","default":{".class":"AnyType","missing_import_name":null,"source_any":null,"type_of_any":4},"fullname":"_asyncio._T","id":1,"name":"_T","namespace":"_asyncio.Future","upper_bound":"builtins.object","values":[],"variance":0}],"extra_attrs":null,"type_ref":"typing.Iterable"}],"dataclass_transform_spec":null,"declared_metaclass":null,"defn":{".class":"ClassDef","fullname":"_asyncio.Future","name":"Future","type_vars":[{".class":"TypeVarType","default":{".class":"AnyType","missing_import_name":null,"source_any":null,"type_of_any":4},"fullname":"_asyncio._T","id":1,"name":"_T","namespace":"_asyncio.Future","upper_bound":"builtins.object","values":[],"variance":0}]},"deletable_attributes":[],"deprecated":null,"flags":["is_disjoint_base"],"fullname":"_asyncio.Future","has_param_spec_type":false,"metaclass_type":"abc.ABCMeta","metadata":{},"module_name":"_asyncio","mro":["_asyncio.Future","typing.Awaitable","typing.Iterable","builtins.object"],"names":{".class":"SymbolTable","__await__":{".class":"SymbolTableNode","kind":"Mdef","node":{".class":"FuncDef","abstract_status":0,"arg_kinds":[0],"arg_names":["self"],"dataclass_transform_spec":null,"deprecated":null,"flags":["is_trivial_self"],"fullname":"_asyncio.Future.__await__","name":"__await__","original_first_arg":"self","type":{".class":"CallableType","arg_kinds":[0],"arg_names":["self"],"arg_types":[{".class":"Instance","args":[{".class":"TypeVarType","default":{".class":"AnyType","missing_import_name":null,"source_any":null,"type_of_any":4},"fullname":"_asyncio._T","id":1,"name":"_T","namespace":"_asyncio.Future","upper_bound":"builtins.object","values":[],"variance":0}],"extra_attrs":null,"type_ref":"_asyncio.Future"}],"fallback":"builtins.function","from_concatenate":false,"implicit":false,"imprecise_arg_kinds":false,"is_bound":false,"is_ellipsis_args":false,"name":"__await__ of Future","ret_type":{".class":"Instance","args":[{".class":"AnyType","missing_import_name":null,"source_any":null,"type_of_any":2},{".class":"NoneType"},{".class":"TypeVarType","default":{".class":"AnyType","missing_import_name":null,"source_any":null,"type_of_any":4},"fullname":"_asyncio._T","id":1,"name":"_T","namespace":"_asyncio.Future","upper_bound":"builtins.object","values":[],"variance":0}],"extra_attrs":null,"type_ref":"typing.Generator"},"type_guard":null,"type_is":null,"unpack_kwargs":false,"variables":[]}}},"__class_getitem__":{".class":"SymbolTableNode","kind":"Mdef","node":{".class":"FuncDef","abstract_status":0,"arg_kinds":[0,0],"arg_names":[null,null],"dataclass_transform_spec":null,"deprecated":null,"flags":["is_class","is_trivial_self"],"fullname":"_asyncio.Future.__class_getitem__","name":"__class_getitem__","original_first_arg":"cls","type":{".class":"CallableType","arg_kinds":[0,0],"arg_names":[null,null],"arg_types":[{".class":"TypeType","item":{".class":"Instance","args":[{".class":"TypeVarType","default":{".class":"AnyType","missing_import_name":null,"source_any":null,"type_of_any":4},"fullname":"_asyncio._T","id":1,"name":"_T","namespace":"_asyncio.Future","upper_bound":"builtins.object","values":[],"variance":0}],"extra_attrs":null,"type_ref":"_asyncio.Future"}},{".class":"AnyType","missing_import_name":null,"source_any":null,"type_of_any":2}],"fallback":"builtins.function","from_concatenate":false,"implicit":false,"imprecise_arg_kinds":false,"is_bound":false,"is_ellipsis_args":false,"name":"__class_getitem__ of Future","ret_type":"types.GenericAlias","type_guard":null,"type_is":null,"unpack_kwargs":false,"variables":[]}}},"__del__":{".class":"SymbolTableNode","kind":"Mdef","node":{".class":"FuncDef","abstract_status":0,"arg_kinds":[0],"arg_names":[null],"dataclass_transform_spec":null,"deprecated":null,"flags":["is_trivial_self"],"fullname":"_asyncio.Future.__del__","name":"__del__","original_first_arg":"self","type":{".class":"CallableType","arg_kinds":[0],"arg_names":[null],"arg_types":[{".class":"Instance","args":[{".class":"TypeVarType","default":{".class":"AnyType","missing_import_name":null,"source_any":null,"type_of_any":4},"fullname":"_asyncio._T","id":1,"name":"_T","namespace":"_asyncio.Future","upper_bound":"builtins.object","values":[],"variance":0}],"extra_attrs":null,"type_ref":"_asyncio.Future"}],"fallback":"builtins.function","from_concatenate":false,"implicit":false,"imprecise_arg_kinds":false,"is_bound":false,"is_ellipsis_args":false,"name":"__del__ of Future","ret_type":{".class":"NoneType"},"type_guard":null,"type_is":null,"unpack_kwargs":false,"variables":[]}}},"__init__":{".class":"SymbolTableNode","kind":"Mdef","node":{".class":"FuncDef","abstract_status":0,"arg_kinds":[0,5],"arg_names":["self","loop"],"dataclass_transform_spec":null,"deprecated":null,"flags":["is_trivial_self"],"fullname":"_asyncio.Future.__init__","name":"__init__","original_first_arg":"self","type":{".class":"CallableType","arg_kinds":[0,5],"arg_names":["self","loop"],"arg_types":[{".class":"Instance","args":[{".class":"TypeVarType","default":{".class":"AnyType","missing_import_name":null,"source_any":null,"type_of_any":4},"fullname":"_asyncio._T","id":1,"name":"_T","namespace":"_asyncio.Future","upper_bound":"builtins.object","values":[],"variance":0}],"extra_attrs":null,"type_ref":"_asyncio.Future"},{".class":"UnionType","items":["asyncio.events.AbstractEventLoop",{".class":"NoneType"}],"uses_pep604_syntax":true}],"fallback":"builtins.function","from_concatenate":false,"implicit":false,"imprecise_arg_kinds":false,"is_bound":false,"is_ellipsis_args":false,"name":"__init__ of Future","ret_type":{".class":"NoneType"},"type_guard":null,"type_is":null,"unpack_kwargs":false,"variables":[]}}},"__iter__":{".class":"SymbolTableNode","kind":"Mdef","node":{".class":"FuncDef","abstract_status":0,"arg_kinds":[0],"arg_names":[null],"dataclass_transform_spec":null,"deprecated":null,"flags":["is_trivial_self"],"fullname":"_asyncio.Future.__iter__","name":"__iter__","original_first_arg":"self","type":{".class":"CallableType","arg_kinds":[0],"arg_names":[null],"arg_types":[{".class":"Instance","args":[{".class":"TypeVarType","default":{".class":"AnyType","missing_import_name":null,"source_any":null,"type_of_any":4},"fullname":"_asyncio._T","id":1,"name":"_T","namespace":"_asyncio.Future","upper_bound":"builtins.object","values":[],"variance":0}],"extra_attrs":null,"type_ref":"_asyncio.Future"}],"fallback":"builtins.function","from_concatenate":false,"implicit":false,"imprecise_arg_kinds":false,"is_bound":false,"is_ellipsis_args":false,"name":"__iter__ of Future","ret_type":{".class":"Instance","args":[{".class":"AnyType","missing_import_name":null,"source_any":null,"type_of_any":2},{".class":"NoneType"},{".class":"TypeVarType","default":{".class":"AnyType","missing_import_name":null,"source_any":null,"type_of_any":4},"fullname":"_asyncio._T","id":1,"name":"_T","namespace":"_asyncio.Future","upper_bound":"builtins.object","values":[],"variance":0}],"extra_attrs":null,"type_ref":"typing.Generator"},"type_guard":null,"type_is":null,"unpack_kwargs":false,"variables":[]}}},"_asyncio_future_blocking":{".class":"SymbolTableNode","kind":"Mdef","node":{".class":"Var","flags":["is_initialized_in_class","is_ready"],"fullname":"_asyncio.Future._asyncio_future_blocking","name":"_asyncio_future_blocking","setter_type":null,"type":"builtins.bool"}},"_blocking":{".class":"SymbolTableNode","kind":"Mdef","node":{".class":"Var","flags":["is_initialized_in_class","is_ready"],"fullname":"_asyncio.Future._blocking","name":"_blocking","setter_type":null,"type":"builtins.bool"}},"_callbacks":{".class":"SymbolTableNode","kind":"Mdef","node":{".class":"Decorator","func":{".class":"FuncDef","abstract_status":0,"arg_kinds":[0],"arg_names":["self"],"dataclass_transform_spec":null,"deprecated":null,"flags":["is_property","is_decorated"],"fullname":"_asyncio.Future._callbacks","name":"_callbacks","original_first_arg":"self","type":{".class":"CallableType","arg_kinds":[0],"arg_names":["self"],"arg_types":[{".class":"TypeVarType","default":{".class":"AnyType","missing_import_name":null,"source_any":null,"type_of_any":4},"fullname":"_asyncio.Future.Self","id":0,"name":"Self","namespace":"","upper_bound":{".class":"Instance","args":[{".class":"TypeVarType","default":{".class":"AnyType","missing_import_name":null,"source_any":null,"type_of_any":4},"fullname":"_asyncio._T","id":1,"name":"_T","namespace":"_asyncio.Future","upper_bound":"builtins.object","values":[],"variance":0}],"extra_attrs":null,"type_ref":"_asyncio.Future"},"values":[],"variance":0}],"fallback":"builtins.function","from_concatenate":false,"implicit":false,"imprecise_arg_kinds":false,"is_bound":false,"is_ellipsis_args":false,"name":"_callbacks of Future","ret_type":{".class":"Instance","args":[{".class":"TupleType","implicit":false,"items":[{".class":"CallableType","arg_kinds":[0],"arg_names":[null],"arg_types":[{".class":"TypeVarType","default":{".class":"AnyType","missing_import_name":null,"source_any":null,"type_of_any":4},"fullname":"_asyncio.Future.Self","id":0,"name":"Self","namespace":"","upper_bound":{".class":"Instance","args":[{".class":"TypeVarType","default":{".class":"AnyType","missing_import_name":null,"source_any":null,"type_of_any":4},"fullname":"_asyncio._T","id":1,"name":"_T","namespace":"_asyncio.Future","upper_bound":"builtins.object","values":[],"variance":0}],"extra_attrs":null,"type_ref":"_asyncio.Future"},"values":[],"variance":0}],"fallback":"builtins.function","from_concatenate":false,"implicit":false,"imprecise_arg_kinds":false,"is_bound":false,"is_ellipsis_args":false,"name":null,"ret_type":{".class":"AnyType","missing_import_name":null,"source_any":null,"type_of_any":2},"type_guard":null,"type_is":null,"unpack_kwargs":false,"variables":[]},"_contextvars.Context"],"partial_fallback":{".class":"Instance","args":[{".class":"AnyType","missing_import_name":null,"source_any":null,"type_of_any":6}],"extra_attrs":null,"type_ref":"builtins.tuple"}}],"extra_attrs":null,"type_ref":"builtins.list"},"type_guard":null,"type_is":null,"unpack_kwargs":false,"variables":[{".class":"TypeVarType","default":{".class":"AnyType","missing_import_name":null,"source_any":null,"type_of_any":4},"fullname":"_asyncio.Future.Self","id":0,"name":"Self","namespace":"","upper_bound":{".class":"Instance","args":[{".class":"TypeVarType","default":{".class":"AnyType","missing_import_name":null,"source_any":null,"type_of_any":4},"fullname":"_asyncio._T","id":1,"name":"_T","namespace":"_asyncio.Future","upper_bound":"builtins.object","values":[],"variance":0}],"extra_attrs":null,"type_ref":"_asyncio.Future"},"values":[],"variance":0}]}},"is_overload":false,"var":{".class":"Var","flags":["is_initialized_in_class","is_property","is_ready","is_inferred"],"fullname":"_asyncio.Future._callbacks","name":"_callbacks","setter_type":null,"type":{".class":"CallableType","arg_kinds":[0],"arg_names":["self"],"arg_types":[{".class":"TypeVarType","default":{".class":"AnyType","missing_import_name":null,"source_any":null,"type_of_any":4},"fullname":"_asyncio.Future.Self","id":0,"name":"Self","namespace":"","upper_bound":{".class":"Instance","args":[{".class":"TypeVarType","default":{".class":"AnyType","missing_import_name":null,"source_any":null,"type_of_any":4},"fullname":"_asyncio._T","id":1,"name":"_T","namespace":"_asyncio.Future","upper_bound":"builtins.object","values":[],"variance":0}],"extra_attrs":null,"type_ref":"_asyncio.Future"},"values":[],"variance":0}],"fallback":"builtins.function","from_concatenate":false,"implicit":false,"imprecise_arg_kinds":false,"is_bound":false,"is_ellipsis_args":false,"name":"_callbacks of Future","ret_type":{".class":"Instance","args":[{".class":"TupleType","implicit":false,"items":[{".class":"CallableType","arg_kinds":[0],"arg_names":[null],"arg_types":[{".class":"TypeVarType","default":{".class":"AnyType","missing_import_name":null,"source_any":null,"type_of_any":4},"fullname":"_asyncio.Future.Self","id":0,"name":"Self","namespace":"","upper_bound":{".class":"Instance","args":[{".class":"TypeVarType","default":{".class":"AnyType","missing_import_name":null,"source_any":null,"type_of_any":4},"fullname":"_asyncio._T","id":1,"name":"_T","namespace":"_asyncio.Future","upper_bound":"builtins.object","values":[],"variance":0}],"extra_attrs":null,"type_ref":"_asyncio.Future"},"values":[],"variance":0}],"fallback":"builtins.function","from_concatenate":false,"implicit":false,"imprecise_arg_kinds":false,"is_bound":false,"is_ellipsis_args":false,"name":null,"ret_type":{".class":"AnyType","missing_import_name":null,"source_any":null,"type_of_any":2},"type_guard":null,"type_is":null,"unpack_kwargs":false,"variables":[]},"_contextvars.Context"],"partial_fallback":{".class":"Instance","args":[{".class":"AnyType","missing_import_name":null,"source_any":null,"type_of_any":6}],"extra_attrs":null,"type_ref":"builtins.tuple"}}],"extra_attrs":null,"type_ref":"builtins.list"},"type_guard":null,"type_is":null,"unpack_kwargs":false,"variables":[{".class":"TypeVarType","default":{".class":"AnyType","missing_import_name":null,"source_any":null,"type_of_any":4},"fullname":"_asyncio.Future.Self","id":0,"name":"Self","namespace":"","upper_bound":{".class":"Instance","args":[{".class":"TypeVarType","default":{".class":"AnyType","missing_import_name":null,"source_any":null,"type_of_any":4},"fullname":"_asyncio._T","id":1,"name":"_T","namespace":"_asyncio.Future","upper_bound":"builtins.object","values":[],"variance":0}],"extra_attrs":null,"type_ref":"_asyncio.Future"},"values":[],"variance":0}]}}}},"_exception":{".class":"SymbolTableNode","kind":"Mdef","node":{".class":"Decorator","func":{".class":"FuncDef","abstract_status":0,"arg_kinds":[0],"arg_names":["self"],"dataclass_transform_spec":null,"deprecated":null,"flags":["is_property","is_decorated","is_trivial_self"],"fullname":"_asyncio.Future._exception","name":"_exception","original_first_arg":"self","type":{".class":"CallableType","arg_kinds":[0],"arg_names":["self"],"arg_types":[{".class":"Instance","args":[{".class":"TypeVarType","default":{".class":"AnyType","missing_import_name":null,"source_any":null,"type_of_any":4},"fullname":"_asyncio._T","id":1,"name":"_T","namespace":"_asyncio.Future","upper_bound":"builtins.object","values":[],"variance":0}],"extra_attrs":null,"type_ref":"_asyncio.Future"}],"fallback":"builtins.function","from_concatenate":false,"implicit":false,"imprecise_arg_kinds":false,"is_bound":false,"is_ellipsis_args":false,"name":"_exception of Future","ret_type":{".class":"UnionType","items":["builtins.BaseException",{".class":"NoneType"}],"uses_pep604_syntax":true},"type_guard":null,"type_is":null,"unpack_kwargs":false,"variables":[]}},"is_overload":false,"var":{".class":"Var","flags":["is_initialized_in_class","is_property","is_ready","is_inferred"],"fullname":"_asyncio.Future._exception","name":"_exception","setter_type":null,"type":{".class":"CallableType","arg_kinds":[0],"arg_names":["self"],"arg_types":[{".class":"Instance","args":[{".class":"TypeVarType","default":{".class":"AnyType","missing_import_name":null,"source_any":null,"type_of_any":4},"fullname":"_asyncio._T","id":1,"name":"_T","namespace":"_asyncio.Future","upper_bound":"builtins.object","values":[],"variance":0}],"extra_attrs":null,"type_ref":"_asyncio.Future"}],"fallback":"builtins.function","from_concatenate":false,"implicit":false,"imprecise_arg_kinds":false,"is_bound":false,"is_ellipsis_args":false,"name":"_exception of Future","ret_type":{".class":"UnionType","items":["builtins.BaseException",{".class":"NoneType"}],"uses_pep604_syntax":true},"type_guard":null,"type_is":null,"unpack_kwargs":false,"variables":[]}}}},"_log_traceback":{".class":"SymbolTableNode","kind":"Mdef","node":{".class":"OverloadedFuncDef","deprecated":null,"flags":["is_property"],"fullname":"_asyncio.Future._log_traceback","impl":null,"items":[{".class":"Decorator","func":{".class":"FuncDef","abstract_status":0,"arg_kinds":[0],"arg_names":["self"],"dataclass_transform_spec":null,"deprecated":null,"flags":["is_property","is_overload","is_decorated","is_trivial_self"],"fullname":"_asyncio.Future._log_traceback","name":"_log_traceback","original_first_arg":"self","type":{".class":"CallableType","arg_kinds":[0],"arg_names":["self"],"arg_types":[{".class":"Instance","args":[{".class":"TypeVarType","default":{".class":"AnyType","missing_import_name":null,"source_any":null,"type_of_any":4},"fullname":"_asyncio._T","id":1,"name":"_T","namespace":"_asyncio.Future","upper_bound":"builtins.object","values":[],"variance":0}],"extra_attrs":null,"type_ref":"_asyncio.Future"}],"fallback":"builtins.function","from_concatenate":false,"implicit":false,"imprecise_arg_kinds":false,"is_bound":false,"is_ellipsis_args":false,"name":"_log_traceback of Future","ret_type":"builtins.bool","type_guard":null,"type_is":null,"unpack_kwargs":false,"variables":[]}},"is_overload":true,"var":{".class":"Var","flags":["is_initialized_in_class","is_property","is_settable_property","is_ready","is_inferred"],"fullname":"_asyncio.Future._log_traceback","name":"_log_traceback","setter_type":{".class":"CallableType","arg_kinds":[0,0],"arg_names":["self","val"],"arg_types":[{".class":"Instance","args":[{".class":"TypeVarType","default":{".class":"AnyType","missing_import_name":null,"source_any":null,"type_of_any":4},"fullname":"_asyncio._T","id":1,"name":"_T","namespace":"_asyncio.Future","upper_bound":"builtins.object","values":[],"variance":0}],"extra_attrs":null,"type_ref":"_asyncio.Future"},{".class":"LiteralType","fallback":"builtins.bool","value":false}],"fallback":"builtins.function","from_concatenate":false,"implicit":false,"imprecise_arg_kinds":false,"is_bound":false,"is_ellipsis_args":false,"name":"_log_traceback of Future","ret_type":{".class":"NoneType"},"type_guard":null,"type_is":null,"unpack_kwargs":false,"variables":[]},"type":{".class":"CallableType","arg_kinds":[0],"arg_names":["self"],"arg_types":[{".class":"Instance","args":[{".class":"TypeVarType","default":{".class":"AnyType","missing_import_name":null,"source_any":null,"type_of_any":4},"fullname":"_asyncio._T","id":1,"name":"_T","namespace":"_asyncio.Future","upper_bound":"builtins.object","values":[],"variance":0}],"extra_attrs":null,"type_ref":"_asyncio.Future"}],"fallback":"builtins.function","from_concatenate":false,"implicit":false,"imprecise_arg_kinds":false,"is_bound":false,"is_ellipsis_args":false,"name":"_log_traceback of Future","ret_type":"builtins.bool","type_guard":null,"type_is":null,"unpack_kwargs":false,"variables":[]}}},{".class":"Decorator","func":{".class":"FuncDef","abstract_status":0,"arg_kinds":[0,0],"arg_names":["self","val"],"dataclass_transform_spec":null,"deprecated":null,"flags":["is_decorated","is_trivial_self"],"fullname":"_asyncio.Future._log_traceback","name":"_log_traceback","original_first_arg":"self","type":{".class":"CallableType","arg_kinds":[0,0],"arg_names":["self","val"],"arg_types":[{".class":"Instance","args":[{".class":"TypeVarType","default":{".class":"AnyType","missing_import_name":null,"source_any":null,"type_of_any":4},"fullname":"_asyncio._T","id":1,"name":"_T","namespace":"_asyncio.Future","upper_bound":"builtins.object","values":[],"variance":0}],"extra_attrs":null,"type_ref":"_asyncio.Future"},{".class":"LiteralType","fallback":"builtins.bool","value":false}],"fallback":"builtins.function","from_concatenate":false,"implicit":false,"imprecise_arg_kinds":false,"is_bound":false,"is_ellipsis_args":false,"name":"_log_traceback of Future","ret_type":{".class":"NoneType"},"type_guard":null,"type_is":null,"unpack_kwargs":false,"variables":[]}},"is_overload":false,"var":{".class":"Var","flags":["is_ready","is_inferred"],"fullname":"","name":"_log_traceback","setter_type":null,"type":{".class":"CallableType","arg_kinds":[0,0],"arg_names":["self","val"],"arg_types":[{".class":"Instance","args":[{".class":"TypeVarType","default":{".class":"AnyType","missing_import_name":null,"source_any":null,"type_of_any":4},"fullname":"_asyncio._T","id":1,"name":"_T","namespace":"_asyncio.Future","upper_bound":"builtins.object","values":[],"variance":0}],"extra_attrs":null,"type_ref":"_asyncio.Future"},{".class":"LiteralType","fallback":"builtins.bool","value":false}],"fallback":"builtins.function","from_concatenate":false,"implicit":false,"imprecise_arg_kinds":false,"is_bound":false,"is_ellipsis_args":false,"name":"_log_traceback of Future","ret_type":{".class":"NoneType"},"type_guard":null,"type_is":null,"unpack_kwargs":false,"variables":[]}}}],"setter_index":1,"type":{".class":"Overloaded","items":[{".class":"CallableType","arg_kinds":[0],"arg_names":["self"],"arg_types":[{".class":"Instance","args":[{".class":"TypeVarType","default":{".class":"AnyType","missing_import_name":null,"source_any":null,"type_of_any":4},"fullname":"_asyncio._T","id":1,"name":"_T","namespace":"_asyncio.Future","upper_bound":"builtins.object","values":[],"variance":0}],"extra_attrs":null,"type_ref":"_asyncio.Future"}],"fallback":"builtins.function","from_concatenate":false,"implicit":false,"imprecise_arg_kinds":false,"is_bound":false,"is_ellipsis_args":false,"name":"_log_traceback of Future","ret_type":"builtins.bool","type_guard":null,"type_is":null,"unpack_kwargs":false,"variables":[]}]}}},"_loop":{".class":"SymbolTableNode","kind":"Mdef","node":{".class":"Decorator","func":{".class":"FuncDef","abstract_status":0,"arg_kinds":[0],"arg_names":["self"],"dataclass_transform_spec":null,"deprecated":null,"flags":["is_property","is_decorated","is_trivial_self"],"fullname":"_asyncio.Future._loop","name":"_loop","original_first_arg":"self","type":{".class":"CallableType","arg_kinds":[0],"arg_names":["self"],"arg_types":[{".class":"Instance","args":[{".class":"TypeVarType","default":{".class":"AnyType","missing_import_name":null,"source_any":null,"type_of_any":4},"fullname":"_asyncio._T","id":1,"name":"_T","namespace":"_asyncio.Future","upper_bound":"builtins.object","values":[],"variance":0}],"extra_attrs":null,"type_ref":"_asyncio.Future"}],"fallback":"builtins.function","from_concatenate":false,"implicit":false,"imprecise_arg_kinds":false,"is_bound":false,"is_ellipsis_args":false,"name":"_loop of Future","ret_type":"asyncio.events.AbstractEventLoop","type_guard":null,"type_is":null,"unpack_kwargs":false,"variables":[]}},"is_overload":false,"var":{".class":"Var","flags":["is_initialized_in_class","is_property","is_ready","is_inferred"],"fullname":"_asyncio.Future._loop","name":"_loop","setter_type":null,"type":{".class":"CallableType","arg_kinds":[0],"arg_names":["self"],"arg_types":[{".class":"Instance","args":[{".class":"TypeVarType","default":{".class":"AnyType","missing_import_name":null,"source_any":null,"type_of_any":4},"fullname":"_asyncio._T","id":1,"name":"_T","namespace":"_asyncio.Future","upper_bound":"builtins.object","values":[],"variance":0}],"extra_attrs":null,"type_ref":"_asyncio.Future"}],"fallback":"builtins.function","from_concatenate":false,"implicit":false,"imprecise_arg_kinds":false,"is_bound":false,"is_ellipsis_args":false,"name":"_loop of Future","ret_type":"asyncio.events.AbstractEventLoop","type_guard":null,"type_is":null,"unpack_kwargs":false,"variables":[]}}}},"_state":{".class":"SymbolTableNode","kind":"Mdef","node":{".class":"Var","flags":["is_initialized_in_class","is_ready"],"fullname":"_asyncio.Future._state","name":"_state","setter_type":null,"type":"builtins.str"}},"add_done_callback":{".class":"SymbolTableNode","kind":"Mdef","node":{".class":"FuncDef","abstract_status":0,"arg_kinds":[0,0,5],"arg_names":[null,null,"context"],"dataclass_transform_spec":null,"deprecated":null,"flags":[],"fullname":"_asyncio.Future.add_done_callback","name":"add_done_callback","original_first_arg":"self","type":{".class":"CallableType","arg_kinds":[0,0,5],"arg_names":[null,null,"context"],"arg_types":[{".class":"TypeVarType","default":{".class":"AnyType","missing_import_name":null,"source_any":null,"type_of_any":4},"fullname":"_asyncio.Future.Self","id":0,"name":"Self","namespace":"","upper_bound":{".class":"Instance","args":[{".class":"TypeVarType","default":{".class":"AnyType","missing_import_name":null,"source_any":null,"type_of_any":4},"fullname":"_asyncio._T","id":1,"name":"_T","namespace":"_asyncio.Future","upper_bound":"builtins.object","values":[],"variance":0}],"extra_attrs":null,"type_ref":"_asyncio.Future"},"values":[],"variance":0},{".class":"CallableType","arg_kinds":[0],"arg_names":[null],"arg_types":[{".class":"TypeVarType","default":{".class":"AnyType","missing_import_name":null,"source_any":null,"type_of_any":4},"fullname":"_asyncio.Future.Self","id":0,"name":"Self","namespace":"","upper_bound":{".class":"Instance","args":[{".class":"TypeVarType","default":{".class":"AnyType","missing_import_name":null,"source_any":null,"type_of_any":4},"fullname":"_asyncio._T","id":1,"name":"_T","namespace":"_asyncio.Future","upper_bound":"builtins.object","values":[],"variance":0}],"extra_attrs":null,"type_ref":"_asyncio.Future"},"values":[],"variance":0}],"fallback":"builtins.function","from_concatenate":false,"implicit":false,"imprecise_arg_kinds":false,"is_bound":false,"is_ellipsis_args":false,"name":null,"ret_type":"builtins.object","type_guard":null,"type_is":null,"unpack_kwargs":false,"variables":[]},{".class":"UnionType","items":["_contextvars.Context",{".class":"NoneType"}],"uses_pep604_syntax":true}],"fallback":"builtins.function","from_concatenate":false,"implicit":false,"imprecise_arg_kinds":false,"is_bound":false,"is_ellipsis_args":false,"name":"add_done_callback of Future","ret_type":{".class":"NoneType"},"type_guard":null,"type_is":null,"unpack_kwargs":false,"variables":[{".class":"TypeVarType","default":{".class":"AnyType","missing_import_name":null,"source_any":null,"type_of_any":4},"fullname":"_asyncio.Future.Self","id":0,"name":"Self","namespace":"","upper_bound":{".class":"Instance","args":[{".class":"TypeVarType","default":{".class":"AnyType","missing_import_name":null,"source_any":null,"type_of_any":4},"fullname":"_asyncio._T","id":1,"name":"_T","namespace":"_asyncio.Future","upper_bound":"builtins.object","values":[],"variance":0}],"extra_attrs":null,"type_ref":"_asyncio.Future"},"values":[],"variance":0}]}}},"cancel":{".class":"SymbolTableNode","kind":"Mdef","node":{".class":"FuncDef","abstract_status":0,"arg_kinds":[0,1],"arg_names":["self","msg"],"dataclass_transform_spec":null,"deprecated":null,"flags":["is_trivial_self"],"fullname":"_asyncio.Future.cancel","name":"cancel","original_first_arg":"self","type":{".class":"CallableType","arg_kinds":[0,1],"arg_names":["self","msg"],"arg_types":[{".class":"Instance","args":[{".class":"TypeVarType","default":{".class":"AnyType","missing_import_name":null,"source_any":null,"type_of_any":4},"fullname":"_asyncio._T","id":1,"name":"_T","namespace":"_asyncio.Future","upper_bound":"builtins.object","values":[],"variance":0}],"extra_attrs":null,"type_ref":"_asyncio.Future"},{".class":"UnionType","items":[{".class":"AnyType","missing_import_name":null,"source_any":null,"type_of_any":2},{".class":"NoneType"}],"uses_pep604_syntax":true}],"fallback":"builtins.function","from_concatenate":false,"implicit":false,"imprecise_arg_kinds":false,"is_bound":false,"is_ellipsis_args":false,"name":"cancel of Future","ret_type":"builtins.bool","type_guard":null,"type_is":null,"unpack_kwargs":false,"variables":[]}}},"cancelled":{".class":"SymbolTableNode","kind":"Mdef","node":{".class":"FuncDef","abstract_status":0,"arg_kinds":[0],"arg_names":["self"],"dataclass_transform_spec":null,"deprecated":null,"flags":["is_trivial_self"],"fullname":"_asyncio.Future.cancelled","name":"cancelled","original_first_arg":"self","type":{".class":"CallableType","arg_kinds":[0],"arg_names":["self"],"arg_types":[{".class":"Instance","args":[{".class":"TypeVarType","default":{".class":"AnyType","missing_import_name":null,"source_any":null,"type_of_any":4},"fullname":"_asyncio._T","id":1,"name":"_T","namespace":"_asyncio.Future","upper_bound":"builtins.object","values":[],"variance":0}],"extra_attrs":null,"type_ref":"_asyncio.Future"}],"fallback":"builtins.function","from_concatenate":false,"implicit":false,"imprecise_arg_kinds":false,"is_bound":false,"is_ellipsis_args":false,"name":"cancelled of Future","ret_type":"builtins.bool","type_guard":null,"type_is":null,"unpack_kwargs":false,"variables":[]}}},"done":{".class":"SymbolTableNode","kind":"Mdef","node":{".class":"FuncDef","abstract_status":0,"arg_kinds":[0],"arg_names":["self"],"dataclass_transform_spec":null,"deprecated":null,"flags":["is_trivial_self"],"fullname":"_asyncio.Future.done","name":"done","original_first_arg":"self","type":{".class":"CallableType","arg_kinds":[0],"arg_names":["self"],"arg_types":[{".class":"Instance","args":[{".class":"TypeVarType","default":{".class":"AnyType","missing_import_name":null,"source_any":null,"type_of_any":4},"fullname":"_asyncio._T","id":1,"name":"_T","namespace":"_asyncio.Future","upper_bound":"builtins.object","values":[],"variance":0}],"extra_attrs":null,"type_ref":"_asyncio.Future"}],"fallback":"builtins.function","from_concatenate":false,"implicit":false,"imprecise_arg_kinds":false,"is_bound":false,"is_ellipsis_args":false,"name":"done of Future","ret_type":"builtins.bool","type_guard":null,"type_is":null,"unpack_kwargs":false,"variables":[]}}},"exception":{".class":"SymbolTableNode","kind":"Mdef","node":{".class":"FuncDef","abstract_status":0,"arg_kinds":[0],"arg_names":["self"],"dataclass_transform_spec":null,"deprecated":null,"flags":["is_trivial_self"],"fullname":"_asyncio.Future.exception","name":"exception","original_first_arg":"self","type":{".class":"CallableType","arg_kinds":[0],"arg_names":["self"],"arg_types":[{".class":"Instance","args":[{".class":"TypeVarType","default":{".class":"AnyType","missing_import_name":null,"source_any":null,"type_of_any":4},"fullname":"_asyncio._T","id":1,"name":"_T","namespace":"_asyncio.Future","upper_bound":"builtins.object","values":[],"variance":0}],"extra_attrs":null,"type_ref":"_asyncio.Future"}],"fallback":"builtins.function","from_concatenate":false,"implicit":false,"imprecise_arg_kinds":false,"is_bound":false,"is_ellipsis_args":false,"name":"exception of Future","ret_type":{".class":"UnionType","items":["builtins.BaseException",{".class":"NoneType"}],"uses_pep604_syntax":true},"type_guard":null,"type_is":null,"unpack_kwargs":false,"variables":[]}}},"get_loop":{".class":"SymbolTableNode","kind":"Mdef","node":{".class":"FuncDef","abstract_status":0,"arg_kinds":[0],"arg_names":["self"],"dataclass_transform_spec":null,"deprecated":null,"flags":["is_trivial_self"],"fullname":"_asyncio.Future.get_loop","name":"get_loop","original_first_arg":"self","type":{".class":"CallableType","arg_kinds":[0],"arg_names":["self"],"arg_types":[{".class":"Instance","args":[{".class":"TypeVarType","default":{".class":"AnyType","missing_import_name":null,"source_any":null,"type_of_any":4},"fullname":"_asyncio._T","id":1,"name":"_T","namespace":"_asyncio.Future","upper_bound":"builtins.object","values":[],"variance":0}],"extra_attrs":null,"type_ref":"_asyncio.Future"}],"fallback":"builtins.function","from_concatenate":false,"implicit":false,"imprecise_arg_kinds":false,"is_bound":false,"is_ellipsis_args":false,"name":"get_loop of Future","ret_type":"asyncio.events.AbstractEventLoop","type_guard":null,"type_is":null,"unpack_kwargs":false,"variables":[]}}},"remove_done_callback":{".class":"SymbolTableNode","kind":"Mdef","node":{".class":"FuncDef","abstract_status":0,"arg_kinds":[0,0],"arg_names":[null,null],"dataclass_transform_spec":null,"deprecated":null,"flags":[],"fullname":"_asyncio.Future.remove_done_callback","name":"remove_done_callback","original_first_arg":"self","type":{".class":"CallableType","arg_kinds":[0,0],"arg_names":[null,null],"arg_types":[{".class":"TypeVarType","default":{".class":"AnyType","missing_import_name":null,"source_any":null,"type_of_any":4},"fullname":"_asyncio.Future.Self","id":0,"name":"Self","namespace":"","upper_bound":{".class":"Instance","args":[{".class":"TypeVarType","default":{".class":"AnyType","missing_import_name":null,"source_any":null,"type_of_any":4},"fullname":"_asyncio._T","id":1,"name":"_T","namespace":"_asyncio.Future","upper_bound":"builtins.object","values":[],"variance":0}],"extra_attrs":null,"type_ref":"_asyncio.Future"},"values":[],"variance":0},{".class":"CallableType","arg_kinds":[0],"arg_names":[null],"arg_types":[{".class":"TypeVarType","default":{".class":"AnyType","missing_import_name":null,"source_any":null,"type_of_any":4},"fullname":"_asyncio.Future.Self","id":0,"name":"Self","namespace":"","upper_bound":{".class":"Instance","args":[{".class":"TypeVarType","default":{".class":"AnyType","missing_import_name":null,"source_any":null,"type_of_any":4},"fullname":"_asyncio._T","id":1,"name":"_T","namespace":"_asyncio.Future","upper_bound":"builtins.object","values":[],"variance":0}],"extra_attrs":null,"type_ref":"_asyncio.Future"},"values":[],"variance":0}],"fallback":"builtins.function","from_concatenate":false,"implicit":false,"imprecise_arg_kinds":false,"is_bound":false,"is_ellipsis_args":false,"name":null,"ret_type":"builtins.object","type_guard":null,"type_is":null,"unpack_kwargs":false,"variables":[]}],"fallback":"builtins.function","from_concatenate":false,"implicit":false,"imprecise_arg_kinds":false,"is_bound":false,"is_ellipsis_args":false,"name":"remove_done_callback of Future","ret_type":"builtins.int","type_guard":null,"type_is":null,"unpack_kwargs":false,"variables":[{".class":"TypeVarType","default":{".class":"AnyType","missing_import_name":null,"source_any":null,"type_of_any":4},"fullname":"_asyncio.Future.Self","id":0,"name":"Self","namespace":"","upper_bound":{".class":"Instance","args":[{".class":"TypeVarType","default":{".class":"AnyType","missing_import_name":null,"source_any":null,"type_of_any":4},"fullname":"_asyncio._T","id":1,"name":"_T","namespace":"_asyncio.Future","upper_bound":"builtins.object","values":[],"variance":0}],"extra_attrs":null,"type_ref":"_asyncio.Future"},"values":[],"variance":0}]}}},"result":{".class":"SymbolTableNode","kind":"Mdef","node":{".class":"FuncDef","abstract_status":0,"arg_kinds":[0],"arg_names":["self"],"dataclass_transform_spec":null,"deprecated":null,"flags":["is_trivial_self"],"fullname":"_asyncio.Future.result","name":"result","original_first_arg":"self","type":{".class":"CallableType","arg_kinds":[0],"arg_names":["self"],"arg_types":[{".class":"Instance","args":[{".class":"TypeVarType","default":{".class":"AnyType","missing_import_name":null,"source_any":null,"type_of_any":4},"fullname":"_asyncio._T","id":1,"name":"_T","namespace":"_asyncio.Future","upper_bound":"builtins.object","values":[],"variance":0}],"extra_attrs":null,"type_ref":"_asyncio.Future"}],"fallback":"builtins.function","from_concatenate":false,"implicit":false,"imprecise_arg_kinds":false,"is_bound":false,"is_ellipsis_args":false,"name":"result of Future","ret_type":{".class":"TypeVarType","default":{".class":"AnyType","missing_import_name":null,"source_any":null,"type_of_any":4},"fullname":"_asyncio._T","id":1,"name":"_T","namespace":"_asyncio.Future","upper_bound":"builtins.object","values":[],"variance":0},"type_guard":null,"type_is":null,"unpack_kwargs":false,"variables":[]}}},"set_exception":{".class":"SymbolTableNode","kind":"Mdef","node":{".class":"FuncDef","abstract_status":0,"arg_kinds":[0,0],"arg_names":[null,null],"dataclass_transform_spec":null,"deprecated":null,"flags":["is_trivial_self"],"fullname":"_asyncio.Future.set_exception","name":"set_exception","original_first_arg":"self","type":{".class":"CallableType","arg_kinds":[0,0],"arg_names":[null,null],"arg_types":[{".class":"Instance","args":[{".class":"TypeVarType","default":{".class":"AnyType","missing_import_name":null,"source_any":null,"type_of_any":4},"fullname":"_asyncio._T","id":1,"name":"_T","namespace":"_asyncio.Future","upper_bound":"builtins.object","values":[],"variance":0}],"extra_attrs":null,"type_ref":"_asyncio.Future"},{".class":"UnionType","items":["builtins.type","builtins.BaseException"],"uses_pep604_syntax":true}],"fallback":"builtins.function","from_concatenate":false,"implicit":false,"imprecise_arg_kinds":false,"is_bound":false,"is_ellipsis_args":false,"name":"set_exception of Future","ret_type":{".class":"NoneType"},"type_guard":null,"type_is":null,"unpack_kwargs":false,"variables":[]}}},"set_result":{".class":"SymbolTableNode","kind":"Mdef","node":{".class":"FuncDef","abstract_status":0,"arg_kinds":[0,0],"arg_names":[null,null],"dataclass_transform_spec":null,"deprecated":null,"flags":["is_trivial_self"],"fullname":"_asyncio.Future.set_result","name":"set_result","original_first_arg":"self","type":{".class":"CallableType","arg_kinds":[0,0],"arg_names":[null,null],"arg_types":[{".class":"Instance","args":[{".class":"TypeVarType","default":{".class":"AnyType","missing_import_name":null,"source_any":null,"type_of_any":4},"fullname":"_asyncio._T","id":1,"name":"_T","namespace":"_asyncio.Future","upper_bound":"builtins.object","values":[],"variance":0}],"extra_attrs":null,"type_ref":"_asyncio.Future"},{".class":"TypeVarType","default":{".class":"AnyType","missing_import_name":null,"source_any":null,"type_of_any":4},"fullname":"_asyncio._T","id":1,"name":"_T","namespace":"_asyncio.Future","upper_bound":"builtins.object","values":[],"variance":0}],"fallback":"builtins.function","from_concatenate":false,"implicit":false,"imprecise_arg_kinds":false,"is_bound":false,"is_ellipsis_args":false,"name":"set_result of Future","ret_type":{".class":"NoneType"},"type_guard":null,"type_is":null,"unpack_kwargs":false,"variables":[]}}}},"self_type":{".class":"TypeVarType","default":{".class":"AnyType","missing_import_name":null,"source_any":null,"type_of_any":4},"fullname":"_asyncio.Future.Self","id":0,"name":"Self","namespace":"","upper_bound":{".class":"Instance","args":[{".class":"TypeVarType","default":{".class":"AnyType","missing_import_name":null,"source_any":null,"type_of_any":4},"fullname":"_asyncio._T","id":1,"name":"_T","namespace":"_asyncio.Future","upper_bound":"builtins.object","values":[],"variance":0}],"extra_attrs":null,"type_ref":"_asyncio.Future"},"values":[],"variance":0},"slots":null,"tuple_type":null,"type_vars":["_T"],"typeddict_type":null}},"Generator":{".class":"SymbolTableNode","cross_ref":"typing.Generator","kind":"Gdef","module_hidden":true,"module_public":false},"GenericAlias":{".class":"SymbolTableNode","cross_ref":"types.GenericAlias","kind":"Gdef","module_hidden":true,"module_public":false},"Iterable":{".class":"SymbolTableNode","cross_ref":"typing.Iterable","kind":"Gdef","module_hidden":true,"module_public":false},"Literal":{".class":"SymbolTableNode","cross_ref":"typing.Literal","kind":"Gdef","module_hidden":true,"module_public":false},"Self":{".class":"SymbolTableNode","cross_ref":"typing.Self","kind":"Gdef","module_hidden":true,"module_public":false},"Task":{".class":"SymbolTableNode","kind":"Gdef","node":{".class":"TypeInfo","_promote":[],"abstract_attributes":[],"alt_promote":null,"bases":[{".class":"Instance","args":[{".class":"TypeVarType","default":{".class":"AnyType","missing_import_name":null,"source_any":null,"type_of_any":4},"fullname":"_asyncio._T_co","id":1,"name":"_T_co","namespace":"_asyncio.Task","upper_bound":"builtins.object","values":[],"variance":1}],"extra_attrs":null,"type_ref":"_asyncio.Future"}],"dataclass_transform_spec":null,"declared_metaclass":null,"defn":{".class":"ClassDef","fullname":"_asyncio.Task","name":"Task","type_vars":[{".class":"TypeVarType","default":{".class":"AnyType","missing_import_name":null,"source_any":null,"type_of_any":4},"fullname":"_asyncio._T_co","id":1,"name":"_T_co","namespace":"_asyncio.Task","upper_bound":"builtins.object","values":[],"variance":1}]},"deletable_attributes":[],"deprecated":null,"flags":["is_disjoint_base"],"fullname":"_asyncio.Task","has_param_spec_type":false,"metaclass_type":"abc.ABCMeta","metadata":{},"module_name":"_asyncio","mro":["_asyncio.Task","_asyncio.Future","typing.Awaitable","typing.Iterable","builtins.object"],"names":{".class":"SymbolTable","__class_getitem__":{".class":"SymbolTableNode","kind":"Mdef","node":{".class":"FuncDef","abstract_status":0,"arg_kinds":[0,0],"arg_names":[null,null],"dataclass_transform_spec":null,"deprecated":null,"flags":["is_class","is_trivial_self"],"fullname":"_asyncio.Task.__class_getitem__","name":"__class_getitem__","original_first_arg":"cls","type":{".class":"CallableType","arg_kinds":[0,0],"arg_names":[null,null],"arg_types":[{".class":"TypeType","item":{".class":"Instance","args":[{".class":"TypeVarType","default":{".class":"AnyType","missing_import_name":null,"source_any":null,"type_of_any":4},"fullname":"_asyncio._T_co","id":1,"name":"_T_co","namespace":"_asyncio.Task","upper_bound":"builtins.object","values":[],"variance":1}],"extra_attrs":null,"type_ref":"_asyncio.Task"}},{".class":"AnyType","missing_import_name":null,"source_any":null,"type_of_any":2}],"fallback":"builtins.function","from_concatenate":false,"implicit":false,"imprecise_arg_kinds":false,"is_bound":false,"is_ellipsis_args":false,"name":"__class_getitem__ of Task","ret_type":"types.GenericAlias","type_guard":null,"type_is":null,"unpack_kwargs":false,"variables":[]}}},"__init__":{".class":"SymbolTableNode","kind":"Mdef","node":{".class":"FuncDef","abstract_status":0,"arg_kinds":[0,0,5,5,5],"arg_names":["self","coro","loop","name","context"],"dataclass_transform_spec":null,"deprecated":null,"flags":["is_trivial_self"],"fullname":"_asyncio.Task.__init__","name":"__init__","original_first_arg":"self","type":{".class":"CallableType","arg_kinds":[0,0,5,5,5],"arg_names":["self","coro","loop","name","context"],"arg_types":[{".class":"Instance","args":[{".class":"TypeVarType","default":{".class":"AnyType","missing_import_name":null,"source_any":null,"type_of_any":4},"fullname":"_asyncio._T_co","id":1,"name":"_T_co","namespace":"_asyncio.Task","upper_bound":"builtins.object","values":[],"variance":1}],"extra_attrs":null,"type_ref":"_asyncio.Task"},{".class":"TypeAliasType","args":[{".class":"TypeVarType","default":{".class":"AnyType","missing_import_name":null,"source_any":null,"type_of_any":4},"fullname":"_asyncio._T_co","id":1,"name":"_T_co","namespace":"_asyncio.Task","upper_bound":"builtins.object","values":[],"variance":1}],"type_ref":"_asyncio._TaskCompatibleCoro"},{".class":"UnionType","items":["asyncio.events.AbstractEventLoop",{".class":"NoneType"}],"uses_pep604_syntax":true},{".class":"UnionType","items":["builtins.str",{".class":"NoneType"}],"uses_pep604_syntax":true},{".class":"UnionType","items":["_contextvars.Context",{".class":"NoneType"}],"uses_pep604_syntax":true}],"fallback":"builtins.function","from_concatenate":false,"implicit":false,"imprecise_arg_kinds":false,"is_bound":false,"is_ellipsis_args":false,"name":"__init__ of Task","ret_type":{".class":"NoneType"},"type_guard":null,"type_is":null,"unpack_kwargs":false,"variables":[]}}},"cancelling":{".class":"SymbolTableNode","kind":"Mdef","node":{".class":"FuncDef","abstract_status":0,"arg_kinds":[0],"arg_names":["self"],"dataclass_transform_spec":null,"deprecated":null,"flags":["is_trivial_self"],"fullname":"_asyncio.Task.cancelling","name":"cancelling","original_first_arg":"self","type":{".class":"CallableType","arg_kinds":[0],"arg_names":["self"],"arg_types":[{".class":"Instance","args":[{".class":"TypeVarType","default":{".class":"AnyType","missing_import_name":null,"source_any":null,"type_of_any":4},"fullname":"_asyncio._T_co","id":1,"name":"_T_co","namespace":"_asyncio.Task","upper_bound":"builtins.object","values":[],"variance":1}],"extra_attrs":null,"type_ref":"_asyncio.Task"}],"fallback":"builtins.function","from_concatenate":false,"implicit":false,"imprecise_arg_kinds":false,"is_bound":false,"is_ellipsis_args":false,"name":"cancelling of Task","ret_type":"builtins.int","type_guard":null,"type_is":null,"unpack_kwargs":false,"variables":[]}}},"get_coro":{".class":"SymbolTableNode","kind":"Mdef","node":{".class":"FuncDef","abstract_status":0,"arg_kinds":[0],"arg_names":["self"],"dataclass_transform_spec":null,"deprecated":null,"flags":["is_trivial_self"],"fullname":"_asyncio.Task.get_coro","name":"get_coro","original_first_arg":"self","type":{".class":"CallableType","arg_kinds":[0],"arg_names":["self"],"arg_types":[{".class":"Instance","args":[{".class":"TypeVarType","default":{".class":"AnyType","missing_import_name":null,"source_any":null,"type_of_any":4},"fullname":"_asyncio._T_co","id":1,"name":"_T_co","namespace":"_asyncio.Task","upper_bound":"builtins.object","values":[],"variance":1}],"extra_attrs":null,"type_ref":"_asyncio.Task"}],"fallback":"builtins.function","from_concatenate":false,"implicit":false,"imprecise_arg_kinds":false,"is_bound":false,"is_ellipsis_args":false,"name":"get_coro of Task","ret_type":{".class":"TypeAliasType","args":[{".class":"TypeVarType","default":{".class":"AnyType","missing_import_name":null,"source_any":null,"type_of_any":4},"fullname":"_asyncio._T_co","id":1,"name":"_T_co","namespace":"_asyncio.Task","upper_bound":"builtins.object","values":[],"variance":1}],"type_ref":"_asyncio._TaskCompatibleCoro"},"type_guard":null,"type_is":null,"unpack_kwargs":false,"variables":[]}}},"get_name":{".class":"SymbolTableNode","kind":"Mdef","node":{".class":"FuncDef","abstract_status":0,"arg_kinds":[0],"arg_names":["self"],"dataclass_transform_spec":null,"deprecated":null,"flags":["is_trivial_self"],"fullname":"_asyncio.Task.get_name","name":"get_name","original_first_arg":"self","type":{".class":"CallableType","arg_kinds":[0],"arg_names":["self"],"arg_types":[{".class":"Instance","args":[{".class":"TypeVarType","default":{".class":"AnyType","missing_import_name":null,"source_any":null,"type_of_any":4},"fullname":"_asyncio._T_co","id":1,"name":"_T_co","namespace":"_asyncio.Task","upper_bound":"builtins.object","values":[],"variance":1}],"extra_attrs":null,"type_ref":"_asyncio.Task"}],"fallback":"builtins.function","from_concatenate":false,"implicit":false,"imprecise_arg_kinds":false,"is_bound":false,"is_ellipsis_args":false,"name":"get_name of Task","ret_type":"builtins.str","type_guard":null,"type_is":null,"unpack_kwargs":false,"variables":[]}}},"get_stack":{".class":"SymbolTableNode","kind":"Mdef","node":{".class":"FuncDef","abstract_status":0,"arg_kinds":[0,5],"arg_names":["self","limit"],"dataclass_transform_spec":null,"deprecated":null,"flags":["is_trivial_self"],"fullname":"_asyncio.Task.get_stack","name":"get_stack","original_first_arg":"self","type":{".class":"CallableType","arg_kinds":[0,5],"arg_names":["self","limit"],"arg_types":[{".class":"Instance","args":[{".class":"TypeVarType","default":{".class":"AnyType","missing_import_name":null,"source_any":null,"type_of_any":4},"fullname":"_asyncio._T_co","id":1,"name":"_T_co","namespace":"_asyncio.Task","upper_bound":"builtins.object","values":[],"variance":1}],"extra_attrs":null,"type_ref":"_asyncio.Task"},{".class":"UnionType","items":["builtins.int",{".class":"NoneType"}],"uses_pep604_syntax":true}],"fallback":"builtins.function","from_concatenate":false,"implicit":false,"imprecise_arg_kinds":false,"is_bound":false,"is_ellipsis_args":false,"name":"get_stack of Task","ret_type":{".class":"Instance","args":["types.FrameType"],"extra_attrs":null,"type_ref":"builtins.list"},"type_guard":null,"type_is":null,"unpack_kwargs":false,"variables":[]}}},"print_stack":{".class":"SymbolTableNode","kind":"Mdef","node":{".class":"FuncDef","abstract_status":0,"arg_kinds":[0,5,5],"arg_names":["self","limit","file"],"dataclass_transform_spec":null,"deprecated":null,"flags":["is_trivial_self"],"fullname":"_asyncio.Task.print_stack","name":"print_stack","original_first_arg":"self","type":{".class":"CallableType","arg_kinds":[0,5,5],"arg_names":["self","limit","file"],"arg_types":[{".class":"Instance","args":[{".class":"TypeVarType","default":{".class":"AnyType","missing_import_name":null,"source_any":null,"type_of_any":4},"fullname":"_asyncio._T_co","id":1,"name":"_T_co","namespace":"_asyncio.Task","upper_bound":"builtins.object","values":[],"variance":1}],"extra_attrs":null,"type_ref":"_asyncio.Task"},{".class":"UnionType","items":["builtins.int",{".class":"NoneType"}],"uses_pep604_syntax":true},{".class":"UnionType","items":["typing.TextIO",{".class":"NoneType"}],"uses_pep604_syntax":true}],"fallback":"builtins.function","from_concatenate":false,"implicit":false,"imprecise_arg_kinds":false,"is_bound":false,"is_ellipsis_args":false,"name":"print_stack of Task","ret_type":{".class":"NoneType"},"type_guard":null,"type_is":null,"unpack_kwargs":false,"variables":[]}}},"set_name":{".class":"SymbolTableNode","kind":"Mdef","node":{".class":"FuncDef","abstract_status":0,"arg_kinds":[0,0],"arg_names":[null,null],"dataclass_transform_spec":null,"deprecated":null,"flags":["is_trivial_self"],"fullname":"_asyncio.Task.set_name","name":"set_name","original_first_arg":"self","type":{".class":"CallableType","arg_kinds":[0,0],"arg_names":[null,null],"arg_types":[{".class":"Instance","args":[{".class":"TypeVarType","default":{".class":"AnyType","missing_import_name":null,"source_any":null,"type_of_any":4},"fullname":"_asyncio._T_co","id":1,"name":"_T_co","namespace":"_asyncio.Task","upper_bound":"builtins.object","values":[],"variance":1}],"extra_attrs":null,"type_ref":"_asyncio.Task"},"builtins.object"],"fallback":"builtins.function","from_concatenate":false,"implicit":false,"imprecise_arg_kinds":false,"is_bound":false,"is_ellipsis_args":false,"name":"set_name of Task","ret_type":{".class":"NoneType"},"type_guard":null,"type_is":null,"unpack_kwargs":false,"variables":[]}}},"uncancel":{".class":"SymbolTableNode","kind":"Mdef","node":{".class":"FuncDef","abstract_status":0,"arg_kinds":[0],"arg_names":["self"],"dataclass_transform_spec":null,"deprecated":null,"flags":["is_trivial_self"],"fullname":"_asyncio.Task.uncancel","name":"uncancel","original_first_arg":"self","type":{".class":"CallableType","arg_kinds":[0],"arg_names":["self"],"arg_types":[{".class":"Instance","args":[{".class":"TypeVarType","default":{".class":"AnyType","missing_import_name":null,"source_any":null,"type_of_any":4},"fullname":"_asyncio._T_co","id":1,"name":"_T_co","namespace":"_asyncio.Task","upper_bound":"builtins.object","values":[],"variance":1}],"extra_attrs":null,"type_ref":"_asyncio.Task"}],"fallback":"builtins.function","from_concatenate":false,"implicit":false,"imprecise_arg_kinds":false,"is_bound":false,"is_ellipsis_args":false,"name":"uncancel of Task","ret_type":"builtins.int","type_guard":null,"type_is":null,"unpack_kwargs":false,"variables":[]}}}},"self_type":{".class":"TypeVarType","default":{".class":"AnyType","missing_import_name":null,"source_any":null,"type_of_any":4},"fullname":"_asyncio.Task.Self","id":0,"name":"Self","namespace":"","upper_bound":{".class":"Instance","args":[{".class":"TypeVarType","default":{".class":"AnyType","missing_import_name":null,"source_any":null,"type_of_any":4},"fullname":"_asyncio._T_co","id":1,"name":"_T_co","namespace":"_asyncio.Task","upper_bound":"builtins.object","values":[],"variance":1}],"extra_attrs":null,"type_ref":"_asyncio.Task"},"values":[],"variance":0},"slots":null,"tuple_type":null,"type_vars":["_T_co"],"typeddict_type":null}},"TextIO":{".class":"SymbolTableNode","cross_ref":"typing.TextIO","kind":"Gdef","module_hidden":true,"module_public":false},"TypeAlias":{".class":"SymbolTableNode","cross_ref":"typing.TypeAlias","kind":"Gdef","module_hidden":true,"module_public":false},"TypeVar":{".class":"SymbolTableNode","cross_ref":"typing.TypeVar","kind":"Gdef","module_hidden":true,"module_public":false},"_T":{".class":"SymbolTableNode","kind":"Gdef","node":{".class":"TypeVarExpr","default":{".class":"AnyType","missing_import_name":null,"source_any":null,"type_of_any":4},"fullname":"_asyncio._T","name":"_T","upper_bound":"builtins.object","values":[],"variance":0}},"_T_co":{".class":"SymbolTableNode","kind":"Gdef","node":{".class":"TypeVarExpr","default":{".class":"AnyType","missing_import_name":null,"source_any":null,"type_of_any":4},"fullname":"_asyncio._T_co","name":"_T_co","upper_bound":"builtins.object","values":[],"variance":1}},"_TaskCompatibleCoro":{".class":"SymbolTableNode","kind":"Gdef","node":{".class":"TypeAlias","alias_tvars":[{".class":"TypeVarType","default":{".class":"AnyType","missing_import_name":null,"source_any":null,"type_of_any":4},"fullname":"_asyncio._T_co","id":1,"name":"_T_co","namespace":"_asyncio._TaskCompatibleCoro","upper_bound":"builtins.object","values":[],"variance":1}],"column":4,"fullname":"_asyncio._TaskCompatibleCoro","line":47,"no_args":false,"normalized":false,"python_3_12_type_alias":false,"target":{".class":"UnionType","items":[{".class":"Instance","args":[{".class":"TypeAliasType","args":[],"type_ref":"_asyncio._TaskYieldType"},{".class":"NoneType"},{".class":"TypeVarType","default":{".class":"AnyType","missing_import_name":null,"source_any":null,"type_of_any":4},"fullname":"_asyncio._T_co","id":1,"name":"_T_co","namespace":"_asyncio._TaskCompatibleCoro","upper_bound":"builtins.object","values":[],"variance":1}],"extra_attrs":null,"type_ref":"typing.Generator"},{".class":"Instance","args":[{".class":"AnyType","missing_import_name":null,"source_any":null,"type_of_any":6},{".class":"AnyType","missing_import_name":null,"source_any":null,"type_of_any":6},{".class":"TypeVarType","default":{".class":"AnyType","missing_import_name":null,"source_any":null,"type_of_any":4},"fullname":"_asyncio._T_co","id":1,"name":"_T_co","namespace":"_asyncio._TaskCompatibleCoro","upper_bound":"builtins.object","values":[],"variance":1}],"extra_attrs":null,"type_ref":"typing.Coroutine"}],"uses_pep604_syntax":true}}},"_TaskYieldType":{".class":"SymbolTableNode","kind":"Gdef","node":{".class":"TypeAlias","alias_tvars":[],"column":0,"fullname":"_asyncio._TaskYieldType","line":11,"no_args":false,"normalized":false,"python_3_12_type_alias":false,"target":{".class":"UnionType","items":[{".class":"Instance","args":["builtins.object"],"extra_attrs":null,"type_ref":"_asyncio.Future"},{".class":"NoneType"}],"uses_pep604_syntax":true}}},"__annotations__":{".class":"SymbolTableNode","kind":"Gdef","node":{".class":"Var","flags":["is_ready"],"fullname":"_asyncio.__annotations__","name":"__annotations__","setter_type":null,"type":{".class":"Instance","args":["builtins.str",{".class":"AnyType","missing_import_name":null,"source_any":null,"type_of_any":6}],"extra_attrs":null,"type_ref":"builtins.dict"}}},"__doc__":{".class":"SymbolTableNode","kind":"Gdef","node":{".class":"Var","flags":["is_ready"],"fullname":"_asyncio.__doc__","name":"__doc__","setter_type":null,"type":"builtins.str"}},"__file__":{".class":"SymbolTableNode","kind":"Gdef","node":{".class":"Var","flags":["is_ready"],"fullname":"_asyncio.__file__","name":"__file__","setter_type":null,"type":"builtins.str"}},"__name__":{".class":"SymbolTableNode","kind":"Gdef","node":{".class":"Var","flags":["is_ready"],"fullname":"_asyncio.__name__","name":"__name__","setter_type":null,"type":"builtins.str"}},"__package__":{".class":"SymbolTableNode","kind":"Gdef","node":{".class":"Var","flags":["is_ready"],"fullname":"_asyncio.__package__","name":"__package__","setter_type":null,"type":"builtins.str"}},"__spec__":{".class":"SymbolTableNode","kind":"Gdef","node":{".class":"Var","flags":["is_ready"],"fullname":"_asyncio.__spec__","name":"__spec__","setter_type":null,"type":"_frozen_importlib.ModuleSpec"}},"_enter_task":{".class":"SymbolTableNode","kind":"Gdef","node":{".class":"FuncDef","abstract_status":0,"arg_kinds":[0,0],"arg_names":["loop","task"],"dataclass_transform_spec":null,"deprecated":null,"flags":[],"fullname":"_asyncio._enter_task","name":"_enter_task","original_first_arg":"loop","type":{".class":"CallableType","arg_kinds":[0,0],"arg_names":["loop","task"],"arg_types":["asyncio.events.AbstractEventLoop",{".class":"Instance","args":[{".class":"AnyType","missing_import_name":null,"source_any":null,"type_of_any":2}],"extra_attrs":null,"type_ref":"_asyncio.Task"}],"fallback":"builtins.function","from_concatenate":false,"implicit":false,"imprecise_arg_kinds":false,"is_bound":false,"is_ellipsis_args":false,"name":"_enter_task","ret_type":{".class":"NoneType"},"type_guard":null,"type_is":null,"unpack_kwargs":false,"variables":[]}}},"_get_running_loop":{".class":"SymbolTableNode","kind":"Gdef","node":{".class":"FuncDef","abstract_status":0,"arg_kinds":[],"arg_names":[],"dataclass_transform_spec":null,"deprecated":null,"flags":[],"fullname":"_asyncio._get_running_loop","name":"_get_running_loop","original_first_arg":null,"type":{".class":"CallableType","arg_kinds":[],"arg_names":[],"arg_types":[],"fallback":"builtins.function","from_concatenate":false,"implicit":false,"imprecise_arg_kinds":false,"is_bound":false,"is_ellipsis_args":false,"name":"_get_running_loop","ret_type":"asyncio.events.AbstractEventLoop","type_guard":null,"type_is":null,"unpack_kwargs":false,"variables":[]}}},"_leave_task":{".class":"SymbolTableNode","kind":"Gdef","node":{".class":"FuncDef","abstract_status":0,"arg_kinds":[0,0],"arg_names":["loop","task"],"dataclass_transform_spec":null,"deprecated":null,"flags":[],"fullname":"_asyncio._leave_task","name":"_leave_task","original_first_arg":"loop","type":{".class":"CallableType","arg_kinds":[0,0],"arg_names":["loop","task"],"arg_types":["asyncio.events.AbstractEventLoop",{".class":"Instance","args":[{".class":"AnyType","missing_import_name":null,"source_any":null,"type_of_any":2}],"extra_attrs":null,"type_ref":"_asyncio.Task"}],"fallback":"builtins.function","from_concatenate":false,"implicit":false,"imprecise_arg_kinds":false,"is_bound":false,"is_ellipsis_args":false,"name":"_leave_task","ret_type":{".class":"NoneType"},"type_guard":null,"type_is":null,"unpack_kwargs":false,"variables":[]}}},"_register_task":{".class":"SymbolTableNode","kind":"Gdef","node":{".class":"FuncDef","abstract_status":0,"arg_kinds":[0],"arg_names":["task"],"dataclass_transform_spec":null,"deprecated":null,"flags":[],"fullname":"_asyncio._register_task","name":"_register_task","original_first_arg":"task","type":{".class":"CallableType","arg_kinds":[0],"arg_names":["task"],"arg_types":[{".class":"Instance","args":[{".class":"AnyType","missing_import_name":null,"source_any":null,"type_of_any":2}],"extra_attrs":null,"type_ref":"_asyncio.Task"}],"fallback":"builtins.function","from_concatenate":false,"implicit":false,"imprecise_arg_kinds":false,"is_bound":false,"is_ellipsis_args":false,"name":"_register_task","ret_type":{".class":"NoneType"},"type_guard":null,"type_is":null,"unpack_kwargs":false,"variables":[]}}},"_set_running_loop":{".class":"SymbolTableNode","kind":"Gdef","node":{".class":"FuncDef","abstract_status":0,"arg_kinds":[0],"arg_names":[null],"dataclass_transform_spec":null,"deprecated":null,"flags":[],"fullname":"_asyncio._set_running_loop","name":"_set_running_loop","original_first_arg":"loop","type":{".class":"CallableType","arg_kinds":[0],"arg_names":[null],"arg_types":[{".class":"UnionType","items":["asyncio.events.AbstractEventLoop",{".class":"NoneType"}],"uses_pep604_syntax":true}],"fallback":"builtins.function","from_concatenate":false,"implicit":false,"imprecise_arg_kinds":false,"is_bound":false,"is_ellipsis_args":false,"name":"_set_running_loop","ret_type":{".class":"NoneType"},"type_guard":null,"type_is":null,"unpack_kwargs":false,"variables":[]}}},"_unregister_task":{".class":"SymbolTableNode","kind":"Gdef","node":{".class":"FuncDef","abstract_status":0,"arg_kinds":[0],"arg_names":["task"],"dataclass_transform_spec":null,"deprecated":null,"flags":[],"fullname":"_asyncio._unregister_task","name":"_unregister_task","original_first_arg":"task","type":{".class":"CallableType","arg_kinds":[0],"arg_names":["task"],"arg_types":[{".class":"Instance","args":[{".class":"AnyType","missing_import_name":null,"source_any":null,"type_of_any":2}],"extra_attrs":null,"type_ref":"_asyncio.Task"}],"fallback":"builtins.function","from_concatenate":false,"implicit":false,"imprecise_arg_kinds":false,"is_bound":false,"is_ellipsis_args":false,"name":"_unregister_task","ret_type":{".class":"NoneType"},"type_guard":null,"type_is":null,"unpack_kwargs":false,"variables":[]}}},"disjoint_base":{".class":"SymbolTableNode","cross_ref":"typing_extensions.disjoint_base","kind":"Gdef","module_hidden":true,"module_public":false},"get_event_loop":{".class":"SymbolTableNode","kind":"Gdef","node":{".class":"FuncDef","abstract_status":0,"arg_kinds":[],"arg_names":[],"dataclass_transform_spec":null,"deprecated":null,"flags":[],"fullname":"_asyncio.get_event_loop","name":"get_event_loop","original_first_arg":null,"type":{".class":"CallableType","arg_kinds":[],"arg_names":[],"arg_types":[],"fallback":"builtins.function","from_concatenate":false,"implicit":false,"imprecise_arg_kinds":false,"is_bound":false,"is_ellipsis_args":false,"name":"get_event_loop","ret_type":"asyncio.events.AbstractEventLoop","type_guard":null,"type_is":null,"unpack_kwargs":false,"variables":[]}}},"get_running_loop":{".class":"SymbolTableNode","kind":"Gdef","node":{".class":"FuncDef","abstract_status":0,"arg_kinds":[],"arg_names":[],"dataclass_transform_spec":null,"deprecated":null,"flags":[],"fullname":"_asyncio.get_running_loop","name":"get_running_loop","original_first_arg":null,"type":{".class":"CallableType","arg_kinds":[],"arg_names":[],"arg_types":[],"fallback":"builtins.function","from_concatenate":false,"implicit":false,"imprecise_arg_kinds":false,"is_bound":false,"is_ellipsis_args":false,"name":"get_running_loop","ret_type":"asyncio.events.AbstractEventLoop","type_guard":null,"type_is":null,"unpack_kwargs":false,"variables":[]}}},"sys":{".class":"SymbolTableNode","cross_ref":"sys","kind":"Gdef","module_hidden":true,"module_public":false}},"path":"C:\\Users\\Vasilis\\AppData\\Local\\Programs\\Python\\Python313\\Lib\\site-packages\\mypy\\typeshed\\stdlib\\_asyncio.pyi"}