{"data_mtime":1762095563,"dep_lines":[19,26,31,32,25,4,6,23,25,1,1,1,1,1,1,1,1,1,1,1,1,1,1,1,1,1,1],"dep_prios":[5,10,25,25,10,5,5,5,20,5,30,30,30,30,30,30,30,30,30,30,30,30,30,30,30,30,30],"dependencies":["sqlalchemy.sql.schema","alembic.util.sqla_compat","alembic.autogenerate.api","alembic.ddl.impl","alembic.util","__future__","typing","typing_extensions","alembic","builtins","_typeshed","abc","alembic.autogenerate","sqlalchemy","sqlalchemy.engine","sqlalchemy.engine.interfaces","sqlalchemy.sql","sqlalchemy.sql.annotation","sqlalchemy.sql.base","sqlalchemy.sql.elements","sqlalchemy.sql.operators","sqlalchemy.sql.roles","sqlalchemy.sql.traversals","sqlalchemy.sql.visitors","sqlalchemy.util","sqlalchemy.util._collections","sqlalchemy.util.langhelpers"],"hash":"065bf646b1cdc85e1c13ace70905cd5c6e53f5a3be6268b00f8173faa7e86960","id":"alembic.ddl._autogen","ignore_all":true,"interface_hash":"e6a36b673786865c087059cfb66afcef7e03ec7d71ad7ca1de9232bcc9ec5d04","mtime":1761854780,"options":{"allow_redefinition":false,"allow_untyped_globals":false,"always_false":[],"always_true":[],"bazel":false,"check_untyped_defs":false,"disable_bytearray_promotion":false,"disable_error_code":[],"disable_memoryview_promotion":false,"disabled_error_codes":[],"disallow_any_decorated":false,"disallow_any_explicit":false,"disallow_any_expr":false,"disallow_any_generics":false,"disallow_any_unimported":false,"disallow_incomplete_defs":false,"disallow_subclassing_any":false,"disallow_untyped_calls":false,"disallow_untyped_decorators":false,"disallow_untyped_defs":false,"enable_error_code":[],"enabled_error_codes":[],"follow_imports":"silent","follow_imports_for_stubs":false,"ignore_errors":false,"ignore_missing_imports":true,"implicit_optional":true,"implicit_reexport":true,"local_partial_types":false,"mypyc":false,"platform":"win32","plugins":[],"strict_concatenate":false,"strict_equality":false,"strict_optional":true,"warn_no_return":true,"warn_return_any":false,"warn_unreachable":false,"warn_unused_ignores":false},"path":"C:\\Users\\Vasilis\\AppData\\Local\\Programs\\Python\\Python313\\Lib\\site-packages\\alembic\\ddl\\_autogen.py","plugin_data":null,"size":9275,"suppressed":[],"version_id":"1.3.0"}