{".class":"MypyFile","_fullname":"_bisect","future_import_flags":[],"is_partial_stub_package":false,"is_stub":true,"names":{".class":"SymbolTable","Callable":{".class":"SymbolTableNode","cross_ref":"typing.Callable","kind":"Gdef","module_hidden":true,"module_public":false},"MutableSequence":{".class":"SymbolTableNode","cross_ref":"typing.MutableSequence","kind":"Gdef","module_hidden":true,"module_public":false},"SupportsLenAndGetItem":{".class":"SymbolTableNode","cross_ref":"_typeshed.SupportsLenAndGetItem","kind":"Gdef","module_hidden":true,"module_public":false},"SupportsRichComparisonT":{".class":"SymbolTableNode","cross_ref":"_typeshed.SupportsRichComparisonT","kind":"Gdef","module_hidden":true,"module_public":false},"TypeVar":{".class":"SymbolTableNode","cross_ref":"typing.TypeVar","kind":"Gdef","module_hidden":true,"module_public":false},"_T":{".class":"SymbolTableNode","kind":"Gdef","node":{".class":"TypeVarExpr","fullname":"_bisect._T","name":"_T","upper_bound":"builtins.object","values":[],"variance":0}},"__annotations__":{".class":"SymbolTableNode","kind":"Gdef","node":{".class":"Var","flags":["is_ready"],"fullname":"_bisect.__annotations__","name":"__annotations__","type":{".class":"Instance","args":["builtins.str",{".class":"AnyType","missing_import_name":null,"source_any":null,"type_of_any":6}],"type_ref":"builtins.dict"}}},"__doc__":{".class":"SymbolTableNode","kind":"Gdef","node":{".class":"Var","flags":["is_ready"],"fullname":"_bisect.__doc__","name":"__doc__","type":"builtins.str"}},"__file__":{".class":"SymbolTableNode","kind":"Gdef","node":{".class":"Var","flags":["is_ready"],"fullname":"_bisect.__file__","name":"__file__","type":"builtins.str"}},"__name__":{".class":"SymbolTableNode","kind":"Gdef","node":{".class":"Var","flags":["is_ready"],"fullname":"_bisect.__name__","name":"__name__","type":"builtins.str"}},"__package__":{".class":"SymbolTableNode","kind":"Gdef","node":{".class":"Var","flags":["is_ready"],"fullname":"_bisect.__package__","name":"__package__","type":"builtins.str"}},"bisect_left":{".class":"SymbolTableNode","kind":"Gdef","node":{".class":"OverloadedFuncDef","flags":[],"fullname":"_bisect.bisect_left","impl":null,"items":[{".class":"Decorator","func":{".class":"FuncDef","abstract_status":0,"arg_kinds":[0,0,1,1,5],"arg_names":["a","x","lo","hi","key"],"dataclass_transform_spec":null,"flags":["is_overload","is_decorated"],"fullname":"_bisect.bisect_left","name":"bisect_left","type":{".class":"CallableType","arg_kinds":[0,0,1,1,5],"arg_names":["a","x","lo","hi","key"],"arg_types":[{".class":"Instance","args":[{".class":"TypeVarType","fullname":"_typeshed.SupportsRichComparisonT","id":-1,"name":"SupportsRichComparisonT","namespace":"","upper_bound":{".class":"UnionType","items":[{".class":"Instance","args":[{".class":"AnyType","missing_import_name":null,"source_any":null,"type_of_any":6}],"type_ref":"_typeshed.SupportsDunderLT"},{".class":"Instance","args":[{".class":"AnyType","missing_import_name":null,"source_any":null,"type_of_any":6}],"type_ref":"_typeshed.SupportsDunderGT"}]},"values":[],"variance":0}],"type_ref":"_typeshed.SupportsLenAndGetItem"},{".class":"TypeVarType","fullname":"_typeshed.SupportsRichComparisonT","id":-1,"name":"SupportsRichComparisonT","namespace":"","upper_bound":{".class":"UnionType","items":[{".class":"Instance","args":[{".class":"AnyType","missing_import_name":null,"source_any":null,"type_of_any":6}],"type_ref":"_typeshed.SupportsDunderLT"},{".class":"Instance","args":[{".class":"AnyType","missing_import_name":null,"source_any":null,"type_of_any":6}],"type_ref":"_typeshed.SupportsDunderGT"}]},"values":[],"variance":0},"builtins.int",{".class":"UnionType","items":["builtins.int",{".class":"NoneType"}]},{".class":"NoneType"}],"bound_args":[],"def_extras":{"first_arg":null},"fallback":"builtins.function","from_concatenate":false,"implicit":false,"is_ellipsis_args":false,"name":"bisect_left","ret_type":"builtins.int","type_guard":null,"unpack_kwargs":false,"variables":[{".class":"TypeVarType","fullname":"_typeshed.SupportsRichComparisonT","id":-1,"name":"SupportsRichComparisonT","namespace":"","upper_bound":{".class":"UnionType","items":[{".class":"Instance","args":[{".class":"AnyType","missing_import_name":null,"source_any":null,"type_of_any":6}],"type_ref":"_typeshed.SupportsDunderLT"},{".class":"Instance","args":[{".class":"AnyType","missing_import_name":null,"source_any":null,"type_of_any":6}],"type_ref":"_typeshed.SupportsDunderGT"}]},"values":[],"variance":0}]}},"is_overload":true,"var":{".class":"Var","flags":["is_inferred"],"fullname":"_bisect.bisect_left","name":"bisect_left","type":null}},{".class":"Decorator","func":{".class":"FuncDef","abstract_status":0,"arg_kinds":[0,0,1,1,3],"arg_names":["a","x","lo","hi","key"],"dataclass_transform_spec":null,"flags":["is_overload","is_decorated"],"fullname":"_bisect.bisect_left","name":"bisect_left","type":{".class":"CallableType","arg_kinds":[0,0,1,1,3],"arg_names":["a","x","lo","hi","key"],"arg_types":[{".class":"Instance","args":[{".class":"TypeVarType","fullname":"_bisect._T","id":-1,"name":"_T","namespace":"","upper_bound":"builtins.object","values":[],"variance":0}],"type_ref":"_typeshed.SupportsLenAndGetItem"},{".class":"TypeVarType","fullname":"_typeshed.SupportsRichComparisonT","id":-2,"name":"SupportsRichComparisonT","namespace":"","upper_bound":{".class":"UnionType","items":[{".class":"Instance","args":[{".class":"AnyType","missing_import_name":null,"source_any":null,"type_of_any":6}],"type_ref":"_typeshed.SupportsDunderLT"},{".class":"Instance","args":[{".class":"AnyType","missing_import_name":null,"source_any":null,"type_of_any":6}],"type_ref":"_typeshed.SupportsDunderGT"}]},"values":[],"variance":0},"builtins.int",{".class":"UnionType","items":["builtins.int",{".class":"NoneType"}]},{".class":"CallableType","arg_kinds":[0],"arg_names":[null],"arg_types":[{".class":"TypeVarType","fullname":"_bisect._T","id":-1,"name":"_T","namespace":"","upper_bound":"builtins.object","values":[],"variance":0}],"bound_args":[],"def_extras":{},"fallback":"builtins.function","from_concatenate":false,"implicit":false,"is_ellipsis_args":false,"name":null,"ret_type":{".class":"TypeVarType","fullname":"_typeshed.SupportsRichComparisonT","id":-2,"name":"SupportsRichComparisonT","namespace":"","upper_bound":{".class":"UnionType","items":[{".class":"Instance","args":[{".class":"AnyType","missing_import_name":null,"source_any":null,"type_of_any":6}],"type_ref":"_typeshed.SupportsDunderLT"},{".class":"Instance","args":[{".class":"AnyType","missing_import_name":null,"source_any":null,"type_of_any":6}],"type_ref":"_typeshed.SupportsDunderGT"}]},"values":[],"variance":0},"type_guard":null,"unpack_kwargs":false,"variables":[]}],"bound_args":[],"def_extras":{"first_arg":null},"fallback":"builtins.function","from_concatenate":false,"implicit":false,"is_ellipsis_args":false,"name":"bisect_left","ret_type":"builtins.int","type_guard":null,"unpack_kwargs":false,"variables":[{".class":"TypeVarType","fullname":"_bisect._T","id":-1,"name":"_T","namespace":"","upper_bound":"builtins.object","values":[],"variance":0},{".class":"TypeVarType","fullname":"_typeshed.SupportsRichComparisonT","id":-2,"name":"SupportsRichComparisonT","namespace":"","upper_bound":{".class":"UnionType","items":[{".class":"Instance","args":[{".class":"AnyType","missing_import_name":null,"source_any":null,"type_of_any":6}],"type_ref":"_typeshed.SupportsDunderLT"},{".class":"Instance","args":[{".class":"AnyType","missing_import_name":null,"source_any":null,"type_of_any":6}],"type_ref":"_typeshed.SupportsDunderGT"}]},"values":[],"variance":0}]}},"is_overload":true,"var":{".class":"Var","flags":["is_inferred"],"fullname":"_bisect.bisect_left","name":"bisect_left","type":null}}],"type":{".class":"Overloaded","items":[{".class":"CallableType","arg_kinds":[0,0,1,1,5],"arg_names":["a","x","lo","hi","key"],"arg_types":[{".class":"Instance","args":[{".class":"TypeVarType","fullname":"_typeshed.SupportsRichComparisonT","id":-1,"name":"SupportsRichComparisonT","namespace":"","upper_bound":{".class":"UnionType","items":[{".class":"Instance","args":[{".class":"AnyType","missing_import_name":null,"source_any":null,"type_of_any":6}],"type_ref":"_typeshed.SupportsDunderLT"},{".class":"Instance","args":[{".class":"AnyType","missing_import_name":null,"source_any":null,"type_of_any":6}],"type_ref":"_typeshed.SupportsDunderGT"}]},"values":[],"variance":0}],"type_ref":"_typeshed.SupportsLenAndGetItem"},{".class":"TypeVarType","fullname":"_typeshed.SupportsRichComparisonT","id":-1,"name":"SupportsRichComparisonT","namespace":"","upper_bound":{".class":"UnionType","items":[{".class":"Instance","args":[{".class":"AnyType","missing_import_name":null,"source_any":null,"type_of_any":6}],"type_ref":"_typeshed.SupportsDunderLT"},{".class":"Instance","args":[{".class":"AnyType","missing_import_name":null,"source_any":null,"type_of_any":6}],"type_ref":"_typeshed.SupportsDunderGT"}]},"values":[],"variance":0},"builtins.int",{".class":"UnionType","items":["builtins.int",{".class":"NoneType"}]},{".class":"NoneType"}],"bound_args":[],"def_extras":{"first_arg":null},"fallback":"builtins.function","from_concatenate":false,"implicit":false,"is_ellipsis_args":false,"name":"bisect_left","ret_type":"builtins.int","type_guard":null,"unpack_kwargs":false,"variables":[{".class":"TypeVarType","fullname":"_typeshed.SupportsRichComparisonT","id":-1,"name":"SupportsRichComparisonT","namespace":"","upper_bound":{".class":"UnionType","items":[{".class":"Instance","args":[{".class":"AnyType","missing_import_name":null,"source_any":null,"type_of_any":6}],"type_ref":"_typeshed.SupportsDunderLT"},{".class":"Instance","args":[{".class":"AnyType","missing_import_name":null,"source_any":null,"type_of_any":6}],"type_ref":"_typeshed.SupportsDunderGT"}]},"values":[],"variance":0}]},{".class":"CallableType","arg_kinds":[0,0,1,1,3],"arg_names":["a","x","lo","hi","key"],"arg_types":[{".class":"Instance","args":[{".class":"TypeVarType","fullname":"_bisect._T","id":-1,"name":"_T","namespace":"","upper_bound":"builtins.object","values":[],"variance":0}],"type_ref":"_typeshed.SupportsLenAndGetItem"},{".class":"TypeVarType","fullname":"_typeshed.SupportsRichComparisonT","id":-2,"name":"SupportsRichComparisonT","namespace":"","upper_bound":{".class":"UnionType","items":[{".class":"Instance","args":[{".class":"AnyType","missing_import_name":null,"source_any":null,"type_of_any":6}],"type_ref":"_typeshed.SupportsDunderLT"},{".class":"Instance","args":[{".class":"AnyType","missing_import_name":null,"source_any":null,"type_of_any":6}],"type_ref":"_typeshed.SupportsDunderGT"}]},"values":[],"variance":0},"builtins.int",{".class":"UnionType","items":["builtins.int",{".class":"NoneType"}]},{".class":"CallableType","arg_kinds":[0],"arg_names":[null],"arg_types":[{".class":"TypeVarType","fullname":"_bisect._T","id":-1,"name":"_T","namespace":"","upper_bound":"builtins.object","values":[],"variance":0}],"bound_args":[],"def_extras":{},"fallback":"builtins.function","from_concatenate":false,"implicit":false,"is_ellipsis_args":false,"name":null,"ret_type":{".class":"TypeVarType","fullname":"_typeshed.SupportsRichComparisonT","id":-2,"name":"SupportsRichComparisonT","namespace":"","upper_bound":{".class":"UnionType","items":[{".class":"Instance","args":[{".class":"AnyType","missing_import_name":null,"source_any":null,"type_of_any":6}],"type_ref":"_typeshed.SupportsDunderLT"},{".class":"Instance","args":[{".class":"AnyType","missing_import_name":null,"source_any":null,"type_of_any":6}],"type_ref":"_typeshed.SupportsDunderGT"}]},"values":[],"variance":0},"type_guard":null,"unpack_kwargs":false,"variables":[]}],"bound_args":[],"def_extras":{"first_arg":null},"fallback":"builtins.function","from_concatenate":false,"implicit":false,"is_ellipsis_args":false,"name":"bisect_left","ret_type":"builtins.int","type_guard":null,"unpack_kwargs":false,"variables":[{".class":"TypeVarType","fullname":"_bisect._T","id":-1,"name":"_T","namespace":"","upper_bound":"builtins.object","values":[],"variance":0},{".class":"TypeVarType","fullname":"_typeshed.SupportsRichComparisonT","id":-2,"name":"SupportsRichComparisonT","namespace":"","upper_bound":{".class":"UnionType","items":[{".class":"Instance","args":[{".class":"AnyType","missing_import_name":null,"source_any":null,"type_of_any":6}],"type_ref":"_typeshed.SupportsDunderLT"},{".class":"Instance","args":[{".class":"AnyType","missing_import_name":null,"source_any":null,"type_of_any":6}],"type_ref":"_typeshed.SupportsDunderGT"}]},"values":[],"variance":0}]}]}}},"bisect_right":{".class":"SymbolTableNode","kind":"Gdef","node":{".class":"OverloadedFuncDef","flags":[],"fullname":"_bisect.bisect_right","impl":null,"items":[{".class":"Decorator","func":{".class":"FuncDef","abstract_status":0,"arg_kinds":[0,0,1,1,5],"arg_names":["a","x","lo","hi","key"],"dataclass_transform_spec":null,"flags":["is_overload","is_decorated"],"fullname":"_bisect.bisect_right","name":"bisect_right","type":{".class":"CallableType","arg_kinds":[0,0,1,1,5],"arg_names":["a","x","lo","hi","key"],"arg_types":[{".class":"Instance","args":[{".class":"TypeVarType","fullname":"_typeshed.SupportsRichComparisonT","id":-1,"name":"SupportsRichComparisonT","namespace":"","upper_bound":{".class":"UnionType","items":[{".class":"Instance","args":[{".class":"AnyType","missing_import_name":null,"source_any":null,"type_of_any":6}],"type_ref":"_typeshed.SupportsDunderLT"},{".class":"Instance","args":[{".class":"AnyType","missing_import_name":null,"source_any":null,"type_of_any":6}],"type_ref":"_typeshed.SupportsDunderGT"}]},"values":[],"variance":0}],"type_ref":"_typeshed.SupportsLenAndGetItem"},{".class":"TypeVarType","fullname":"_typeshed.SupportsRichComparisonT","id":-1,"name":"SupportsRichComparisonT","namespace":"","upper_bound":{".class":"UnionType","items":[{".class":"Instance","args":[{".class":"AnyType","missing_import_name":null,"source_any":null,"type_of_any":6}],"type_ref":"_typeshed.SupportsDunderLT"},{".class":"Instance","args":[{".class":"AnyType","missing_import_name":null,"source_any":null,"type_of_any":6}],"type_ref":"_typeshed.SupportsDunderGT"}]},"values":[],"variance":0},"builtins.int",{".class":"UnionType","items":["builtins.int",{".class":"NoneType"}]},{".class":"NoneType"}],"bound_args":[],"def_extras":{"first_arg":null},"fallback":"builtins.function","from_concatenate":false,"implicit":false,"is_ellipsis_args":false,"name":"bisect_right","ret_type":"builtins.int","type_guard":null,"unpack_kwargs":false,"variables":[{".class":"TypeVarType","fullname":"_typeshed.SupportsRichComparisonT","id":-1,"name":"SupportsRichComparisonT","namespace":"","upper_bound":{".class":"UnionType","items":[{".class":"Instance","args":[{".class":"AnyType","missing_import_name":null,"source_any":null,"type_of_any":6}],"type_ref":"_typeshed.SupportsDunderLT"},{".class":"Instance","args":[{".class":"AnyType","missing_import_name":null,"source_any":null,"type_of_any":6}],"type_ref":"_typeshed.SupportsDunderGT"}]},"values":[],"variance":0}]}},"is_overload":true,"var":{".class":"Var","flags":["is_inferred"],"fullname":"_bisect.bisect_right","name":"bisect_right","type":null}},{".class":"Decorator","func":{".class":"FuncDef","abstract_status":0,"arg_kinds":[0,0,1,1,3],"arg_names":["a","x","lo","hi","key"],"dataclass_transform_spec":null,"flags":["is_overload","is_decorated"],"fullname":"_bisect.bisect_right","name":"bisect_right","type":{".class":"CallableType","arg_kinds":[0,0,1,1,3],"arg_names":["a","x","lo","hi","key"],"arg_types":[{".class":"Instance","args":[{".class":"TypeVarType","fullname":"_bisect._T","id":-1,"name":"_T","namespace":"","upper_bound":"builtins.object","values":[],"variance":0}],"type_ref":"_typeshed.SupportsLenAndGetItem"},{".class":"TypeVarType","fullname":"_typeshed.SupportsRichComparisonT","id":-2,"name":"SupportsRichComparisonT","namespace":"","upper_bound":{".class":"UnionType","items":[{".class":"Instance","args":[{".class":"AnyType","missing_import_name":null,"source_any":null,"type_of_any":6}],"type_ref":"_typeshed.SupportsDunderLT"},{".class":"Instance","args":[{".class":"AnyType","missing_import_name":null,"source_any":null,"type_of_any":6}],"type_ref":"_typeshed.SupportsDunderGT"}]},"values":[],"variance":0},"builtins.int",{".class":"UnionType","items":["builtins.int",{".class":"NoneType"}]},{".class":"CallableType","arg_kinds":[0],"arg_names":[null],"arg_types":[{".class":"TypeVarType","fullname":"_bisect._T","id":-1,"name":"_T","namespace":"","upper_bound":"builtins.object","values":[],"variance":0}],"bound_args":[],"def_extras":{},"fallback":"builtins.function","from_concatenate":false,"implicit":false,"is_ellipsis_args":false,"name":null,"ret_type":{".class":"TypeVarType","fullname":"_typeshed.SupportsRichComparisonT","id":-2,"name":"SupportsRichComparisonT","namespace":"","upper_bound":{".class":"UnionType","items":[{".class":"Instance","args":[{".class":"AnyType","missing_import_name":null,"source_any":null,"type_of_any":6}],"type_ref":"_typeshed.SupportsDunderLT"},{".class":"Instance","args":[{".class":"AnyType","missing_import_name":null,"source_any":null,"type_of_any":6}],"type_ref":"_typeshed.SupportsDunderGT"}]},"values":[],"variance":0},"type_guard":null,"unpack_kwargs":false,"variables":[]}],"bound_args":[],"def_extras":{"first_arg":null},"fallback":"builtins.function","from_concatenate":false,"implicit":false,"is_ellipsis_args":false,"name":"bisect_right","ret_type":"builtins.int","type_guard":null,"unpack_kwargs":false,"variables":[{".class":"TypeVarType","fullname":"_bisect._T","id":-1,"name":"_T","namespace":"","upper_bound":"builtins.object","values":[],"variance":0},{".class":"TypeVarType","fullname":"_typeshed.SupportsRichComparisonT","id":-2,"name":"SupportsRichComparisonT","namespace":"","upper_bound":{".class":"UnionType","items":[{".class":"Instance","args":[{".class":"AnyType","missing_import_name":null,"source_any":null,"type_of_any":6}],"type_ref":"_typeshed.SupportsDunderLT"},{".class":"Instance","args":[{".class":"AnyType","missing_import_name":null,"source_any":null,"type_of_any":6}],"type_ref":"_typeshed.SupportsDunderGT"}]},"values":[],"variance":0}]}},"is_overload":true,"var":{".class":"Var","flags":["is_inferred"],"fullname":"_bisect.bisect_right","name":"bisect_right","type":null}}],"type":{".class":"Overloaded","items":[{".class":"CallableType","arg_kinds":[0,0,1,1,5],"arg_names":["a","x","lo","hi","key"],"arg_types":[{".class":"Instance","args":[{".class":"TypeVarType","fullname":"_typeshed.SupportsRichComparisonT","id":-1,"name":"SupportsRichComparisonT","namespace":"","upper_bound":{".class":"UnionType","items":[{".class":"Instance","args":[{".class":"AnyType","missing_import_name":null,"source_any":null,"type_of_any":6}],"type_ref":"_typeshed.SupportsDunderLT"},{".class":"Instance","args":[{".class":"AnyType","missing_import_name":null,"source_any":null,"type_of_any":6}],"type_ref":"_typeshed.SupportsDunderGT"}]},"values":[],"variance":0}],"type_ref":"_typeshed.SupportsLenAndGetItem"},{".class":"TypeVarType","fullname":"_typeshed.SupportsRichComparisonT","id":-1,"name":"SupportsRichComparisonT","namespace":"","upper_bound":{".class":"UnionType","items":[{".class":"Instance","args":[{".class":"AnyType","missing_import_name":null,"source_any":null,"type_of_any":6}],"type_ref":"_typeshed.SupportsDunderLT"},{".class":"Instance","args":[{".class":"AnyType","missing_import_name":null,"source_any":null,"type_of_any":6}],"type_ref":"_typeshed.SupportsDunderGT"}]},"values":[],"variance":0},"builtins.int",{".class":"UnionType","items":["builtins.int",{".class":"NoneType"}]},{".class":"NoneType"}],"bound_args":[],"def_extras":{"first_arg":null},"fallback":"builtins.function","from_concatenate":false,"implicit":false,"is_ellipsis_args":false,"name":"bisect_right","ret_type":"builtins.int","type_guard":null,"unpack_kwargs":false,"variables":[{".class":"TypeVarType","fullname":"_typeshed.SupportsRichComparisonT","id":-1,"name":"SupportsRichComparisonT","namespace":"","upper_bound":{".class":"UnionType","items":[{".class":"Instance","args":[{".class":"AnyType","missing_import_name":null,"source_any":null,"type_of_any":6}],"type_ref":"_typeshed.SupportsDunderLT"},{".class":"Instance","args":[{".class":"AnyType","missing_import_name":null,"source_any":null,"type_of_any":6}],"type_ref":"_typeshed.SupportsDunderGT"}]},"values":[],"variance":0}]},{".class":"CallableType","arg_kinds":[0,0,1,1,3],"arg_names":["a","x","lo","hi","key"],"arg_types":[{".class":"Instance","args":[{".class":"TypeVarType","fullname":"_bisect._T","id":-1,"name":"_T","namespace":"","upper_bound":"builtins.object","values":[],"variance":0}],"type_ref":"_typeshed.SupportsLenAndGetItem"},{".class":"TypeVarType","fullname":"_typeshed.SupportsRichComparisonT","id":-2,"name":"SupportsRichComparisonT","namespace":"","upper_bound":{".class":"UnionType","items":[{".class":"Instance","args":[{".class":"AnyType","missing_import_name":null,"source_any":null,"type_of_any":6}],"type_ref":"_typeshed.SupportsDunderLT"},{".class":"Instance","args":[{".class":"AnyType","missing_import_name":null,"source_any":null,"type_of_any":6}],"type_ref":"_typeshed.SupportsDunderGT"}]},"values":[],"variance":0},"builtins.int",{".class":"UnionType","items":["builtins.int",{".class":"NoneType"}]},{".class":"CallableType","arg_kinds":[0],"arg_names":[null],"arg_types":[{".class":"TypeVarType","fullname":"_bisect._T","id":-1,"name":"_T","namespace":"","upper_bound":"builtins.object","values":[],"variance":0}],"bound_args":[],"def_extras":{},"fallback":"builtins.function","from_concatenate":false,"implicit":false,"is_ellipsis_args":false,"name":null,"ret_type":{".class":"TypeVarType","fullname":"_typeshed.SupportsRichComparisonT","id":-2,"name":"SupportsRichComparisonT","namespace":"","upper_bound":{".class":"UnionType","items":[{".class":"Instance","args":[{".class":"AnyType","missing_import_name":null,"source_any":null,"type_of_any":6}],"type_ref":"_typeshed.SupportsDunderLT"},{".class":"Instance","args":[{".class":"AnyType","missing_import_name":null,"source_any":null,"type_of_any":6}],"type_ref":"_typeshed.SupportsDunderGT"}]},"values":[],"variance":0},"type_guard":null,"unpack_kwargs":false,"variables":[]}],"bound_args":[],"def_extras":{"first_arg":null},"fallback":"builtins.function","from_concatenate":false,"implicit":false,"is_ellipsis_args":false,"name":"bisect_right","ret_type":"builtins.int","type_guard":null,"unpack_kwargs":false,"variables":[{".class":"TypeVarType","fullname":"_bisect._T","id":-1,"name":"_T","namespace":"","upper_bound":"builtins.object","values":[],"variance":0},{".class":"TypeVarType","fullname":"_typeshed.SupportsRichComparisonT","id":-2,"name":"SupportsRichComparisonT","namespace":"","upper_bound":{".class":"UnionType","items":[{".class":"Instance","args":[{".class":"AnyType","missing_import_name":null,"source_any":null,"type_of_any":6}],"type_ref":"_typeshed.SupportsDunderLT"},{".class":"Instance","args":[{".class":"AnyType","missing_import_name":null,"source_any":null,"type_of_any":6}],"type_ref":"_typeshed.SupportsDunderGT"}]},"values":[],"variance":0}]}]}}},"insort_left":{".class":"SymbolTableNode","kind":"Gdef","node":{".class":"OverloadedFuncDef","flags":[],"fullname":"_bisect.insort_left","impl":null,"items":[{".class":"Decorator","func":{".class":"FuncDef","abstract_status":0,"arg_kinds":[0,0,1,1,5],"arg_names":["a","x","lo","hi","key"],"dataclass_transform_spec":null,"flags":["is_overload","is_decorated"],"fullname":"_bisect.insort_left","name":"insort_left","type":{".class":"CallableType","arg_kinds":[0,0,1,1,5],"arg_names":["a","x","lo","hi","key"],"arg_types":[{".class":"Instance","args":[{".class":"TypeVarType","fullname":"_typeshed.SupportsRichComparisonT","id":-1,"name":"SupportsRichComparisonT","namespace":"","upper_bound":{".class":"UnionType","items":[{".class":"Instance","args":[{".class":"AnyType","missing_import_name":null,"source_any":null,"type_of_any":6}],"type_ref":"_typeshed.SupportsDunderLT"},{".class":"Instance","args":[{".class":"AnyType","missing_import_name":null,"source_any":null,"type_of_any":6}],"type_ref":"_typeshed.SupportsDunderGT"}]},"values":[],"variance":0}],"type_ref":"typing.MutableSequence"},{".class":"TypeVarType","fullname":"_typeshed.SupportsRichComparisonT","id":-1,"name":"SupportsRichComparisonT","namespace":"","upper_bound":{".class":"UnionType","items":[{".class":"Instance","args":[{".class":"AnyType","missing_import_name":null,"source_any":null,"type_of_any":6}],"type_ref":"_typeshed.SupportsDunderLT"},{".class":"Instance","args":[{".class":"AnyType","missing_import_name":null,"source_any":null,"type_of_any":6}],"type_ref":"_typeshed.SupportsDunderGT"}]},"values":[],"variance":0},"builtins.int",{".class":"UnionType","items":["builtins.int",{".class":"NoneType"}]},{".class":"NoneType"}],"bound_args":[],"def_extras":{"first_arg":null},"fallback":"builtins.function","from_concatenate":false,"implicit":false,"is_ellipsis_args":false,"name":"insort_left","ret_type":{".class":"NoneType"},"type_guard":null,"unpack_kwargs":false,"variables":[{".class":"TypeVarType","fullname":"_typeshed.SupportsRichComparisonT","id":-1,"name":"SupportsRichComparisonT","namespace":"","upper_bound":{".class":"UnionType","items":[{".class":"Instance","args":[{".class":"AnyType","missing_import_name":null,"source_any":null,"type_of_any":6}],"type_ref":"_typeshed.SupportsDunderLT"},{".class":"Instance","args":[{".class":"AnyType","missing_import_name":null,"source_any":null,"type_of_any":6}],"type_ref":"_typeshed.SupportsDunderGT"}]},"values":[],"variance":0}]}},"is_overload":true,"var":{".class":"Var","flags":["is_inferred"],"fullname":"_bisect.insort_left","name":"insort_left","type":null}},{".class":"Decorator","func":{".class":"FuncDef","abstract_status":0,"arg_kinds":[0,0,1,1,3],"arg_names":["a","x","lo","hi","key"],"dataclass_transform_spec":null,"flags":["is_overload","is_decorated"],"fullname":"_bisect.insort_left","name":"insort_left","type":{".class":"CallableType","arg_kinds":[0,0,1,1,3],"arg_names":["a","x","lo","hi","key"],"arg_types":[{".class":"Instance","args":[{".class":"TypeVarType","fullname":"_bisect._T","id":-1,"name":"_T","namespace":"","upper_bound":"builtins.object","values":[],"variance":0}],"type_ref":"typing.MutableSequence"},{".class":"TypeVarType","fullname":"_bisect._T","id":-1,"name":"_T","namespace":"","upper_bound":"builtins.object","values":[],"variance":0},"builtins.int",{".class":"UnionType","items":["builtins.int",{".class":"NoneType"}]},{".class":"CallableType","arg_kinds":[0],"arg_names":[null],"arg_types":[{".class":"TypeVarType","fullname":"_bisect._T","id":-1,"name":"_T","namespace":"","upper_bound":"builtins.object","values":[],"variance":0}],"bound_args":[],"def_extras":{},"fallback":"builtins.function","from_concatenate":false,"implicit":false,"is_ellipsis_args":false,"name":null,"ret_type":{".class":"TypeVarType","fullname":"_typeshed.SupportsRichComparisonT","id":-2,"name":"SupportsRichComparisonT","namespace":"","upper_bound":{".class":"UnionType","items":[{".class":"Instance","args":[{".class":"AnyType","missing_import_name":null,"source_any":null,"type_of_any":6}],"type_ref":"_typeshed.SupportsDunderLT"},{".class":"Instance","args":[{".class":"AnyType","missing_import_name":null,"source_any":null,"type_of_any":6}],"type_ref":"_typeshed.SupportsDunderGT"}]},"values":[],"variance":0},"type_guard":null,"unpack_kwargs":false,"variables":[]}],"bound_args":[],"def_extras":{"first_arg":null},"fallback":"builtins.function","from_concatenate":false,"implicit":false,"is_ellipsis_args":false,"name":"insort_left","ret_type":{".class":"NoneType"},"type_guard":null,"unpack_kwargs":false,"variables":[{".class":"TypeVarType","fullname":"_bisect._T","id":-1,"name":"_T","namespace":"","upper_bound":"builtins.object","values":[],"variance":0},{".class":"TypeVarType","fullname":"_typeshed.SupportsRichComparisonT","id":-2,"name":"SupportsRichComparisonT","namespace":"","upper_bound":{".class":"UnionType","items":[{".class":"Instance","args":[{".class":"AnyType","missing_import_name":null,"source_any":null,"type_of_any":6}],"type_ref":"_typeshed.SupportsDunderLT"},{".class":"Instance","args":[{".class":"AnyType","missing_import_name":null,"source_any":null,"type_of_any":6}],"type_ref":"_typeshed.SupportsDunderGT"}]},"values":[],"variance":0}]}},"is_overload":true,"var":{".class":"Var","flags":["is_inferred"],"fullname":"_bisect.insort_left","name":"insort_left","type":null}}],"type":{".class":"Overloaded","items":[{".class":"CallableType","arg_kinds":[0,0,1,1,5],"arg_names":["a","x","lo","hi","key"],"arg_types":[{".class":"Instance","args":[{".class":"TypeVarType","fullname":"_typeshed.SupportsRichComparisonT","id":-1,"name":"SupportsRichComparisonT","namespace":"","upper_bound":{".class":"UnionType","items":[{".class":"Instance","args":[{".class":"AnyType","missing_import_name":null,"source_any":null,"type_of_any":6}],"type_ref":"_typeshed.SupportsDunderLT"},{".class":"Instance","args":[{".class":"AnyType","missing_import_name":null,"source_any":null,"type_of_any":6}],"type_ref":"_typeshed.SupportsDunderGT"}]},"values":[],"variance":0}],"type_ref":"typing.MutableSequence"},{".class":"TypeVarType","fullname":"_typeshed.SupportsRichComparisonT","id":-1,"name":"SupportsRichComparisonT","namespace":"","upper_bound":{".class":"UnionType","items":[{".class":"Instance","args":[{".class":"AnyType","missing_import_name":null,"source_any":null,"type_of_any":6}],"type_ref":"_typeshed.SupportsDunderLT"},{".class":"Instance","args":[{".class":"AnyType","missing_import_name":null,"source_any":null,"type_of_any":6}],"type_ref":"_typeshed.SupportsDunderGT"}]},"values":[],"variance":0},"builtins.int",{".class":"UnionType","items":["builtins.int",{".class":"NoneType"}]},{".class":"NoneType"}],"bound_args":[],"def_extras":{"first_arg":null},"fallback":"builtins.function","from_concatenate":false,"implicit":false,"is_ellipsis_args":false,"name":"insort_left","ret_type":{".class":"NoneType"},"type_guard":null,"unpack_kwargs":false,"variables":[{".class":"TypeVarType","fullname":"_typeshed.SupportsRichComparisonT","id":-1,"name":"SupportsRichComparisonT","namespace":"","upper_bound":{".class":"UnionType","items":[{".class":"Instance","args":[{".class":"AnyType","missing_import_name":null,"source_any":null,"type_of_any":6}],"type_ref":"_typeshed.SupportsDunderLT"},{".class":"Instance","args":[{".class":"AnyType","missing_import_name":null,"source_any":null,"type_of_any":6}],"type_ref":"_typeshed.SupportsDunderGT"}]},"values":[],"variance":0}]},{".class":"CallableType","arg_kinds":[0,0,1,1,3],"arg_names":["a","x","lo","hi","key"],"arg_types":[{".class":"Instance","args":[{".class":"TypeVarType","fullname":"_bisect._T","id":-1,"name":"_T","namespace":"","upper_bound":"builtins.object","values":[],"variance":0}],"type_ref":"typing.MutableSequence"},{".class":"TypeVarType","fullname":"_bisect._T","id":-1,"name":"_T","namespace":"","upper_bound":"builtins.object","values":[],"variance":0},"builtins.int",{".class":"UnionType","items":["builtins.int",{".class":"NoneType"}]},{".class":"CallableType","arg_kinds":[0],"arg_names":[null],"arg_types":[{".class":"TypeVarType","fullname":"_bisect._T","id":-1,"name":"_T","namespace":"","upper_bound":"builtins.object","values":[],"variance":0}],"bound_args":[],"def_extras":{},"fallback":"builtins.function","from_concatenate":false,"implicit":false,"is_ellipsis_args":false,"name":null,"ret_type":{".class":"TypeVarType","fullname":"_typeshed.SupportsRichComparisonT","id":-2,"name":"SupportsRichComparisonT","namespace":"","upper_bound":{".class":"UnionType","items":[{".class":"Instance","args":[{".class":"AnyType","missing_import_name":null,"source_any":null,"type_of_any":6}],"type_ref":"_typeshed.SupportsDunderLT"},{".class":"Instance","args":[{".class":"AnyType","missing_import_name":null,"source_any":null,"type_of_any":6}],"type_ref":"_typeshed.SupportsDunderGT"}]},"values":[],"variance":0},"type_guard":null,"unpack_kwargs":false,"variables":[]}],"bound_args":[],"def_extras":{"first_arg":null},"fallback":"builtins.function","from_concatenate":false,"implicit":false,"is_ellipsis_args":false,"name":"insort_left","ret_type":{".class":"NoneType"},"type_guard":null,"unpack_kwargs":false,"variables":[{".class":"TypeVarType","fullname":"_bisect._T","id":-1,"name":"_T","namespace":"","upper_bound":"builtins.object","values":[],"variance":0},{".class":"TypeVarType","fullname":"_typeshed.SupportsRichComparisonT","id":-2,"name":"SupportsRichComparisonT","namespace":"","upper_bound":{".class":"UnionType","items":[{".class":"Instance","args":[{".class":"AnyType","missing_import_name":null,"source_any":null,"type_of_any":6}],"type_ref":"_typeshed.SupportsDunderLT"},{".class":"Instance","args":[{".class":"AnyType","missing_import_name":null,"source_any":null,"type_of_any":6}],"type_ref":"_typeshed.SupportsDunderGT"}]},"values":[],"variance":0}]}]}}},"insort_right":{".class":"SymbolTableNode","kind":"Gdef","node":{".class":"OverloadedFuncDef","flags":[],"fullname":"_bisect.insort_right","impl":null,"items":[{".class":"Decorator","func":{".class":"FuncDef","abstract_status":0,"arg_kinds":[0,0,1,1,5],"arg_names":["a","x","lo","hi","key"],"dataclass_transform_spec":null,"flags":["is_overload","is_decorated"],"fullname":"_bisect.insort_right","name":"insort_right","type":{".class":"CallableType","arg_kinds":[0,0,1,1,5],"arg_names":["a","x","lo","hi","key"],"arg_types":[{".class":"Instance","args":[{".class":"TypeVarType","fullname":"_typeshed.SupportsRichComparisonT","id":-1,"name":"SupportsRichComparisonT","namespace":"","upper_bound":{".class":"UnionType","items":[{".class":"Instance","args":[{".class":"AnyType","missing_import_name":null,"source_any":null,"type_of_any":6}],"type_ref":"_typeshed.SupportsDunderLT"},{".class":"Instance","args":[{".class":"AnyType","missing_import_name":null,"source_any":null,"type_of_any":6}],"type_ref":"_typeshed.SupportsDunderGT"}]},"values":[],"variance":0}],"type_ref":"typing.MutableSequence"},{".class":"TypeVarType","fullname":"_typeshed.SupportsRichComparisonT","id":-1,"name":"SupportsRichComparisonT","namespace":"","upper_bound":{".class":"UnionType","items":[{".class":"Instance","args":[{".class":"AnyType","missing_import_name":null,"source_any":null,"type_of_any":6}],"type_ref":"_typeshed.SupportsDunderLT"},{".class":"Instance","args":[{".class":"AnyType","missing_import_name":null,"source_any":null,"type_of_any":6}],"type_ref":"_typeshed.SupportsDunderGT"}]},"values":[],"variance":0},"builtins.int",{".class":"UnionType","items":["builtins.int",{".class":"NoneType"}]},{".class":"NoneType"}],"bound_args":[],"def_extras":{"first_arg":null},"fallback":"builtins.function","from_concatenate":false,"implicit":false,"is_ellipsis_args":false,"name":"insort_right","ret_type":{".class":"NoneType"},"type_guard":null,"unpack_kwargs":false,"variables":[{".class":"TypeVarType","fullname":"_typeshed.SupportsRichComparisonT","id":-1,"name":"SupportsRichComparisonT","namespace":"","upper_bound":{".class":"UnionType","items":[{".class":"Instance","args":[{".class":"AnyType","missing_import_name":null,"source_any":null,"type_of_any":6}],"type_ref":"_typeshed.SupportsDunderLT"},{".class":"Instance","args":[{".class":"AnyType","missing_import_name":null,"source_any":null,"type_of_any":6}],"type_ref":"_typeshed.SupportsDunderGT"}]},"values":[],"variance":0}]}},"is_overload":true,"var":{".class":"Var","flags":["is_inferred"],"fullname":"_bisect.insort_right","name":"insort_right","type":null}},{".class":"Decorator","func":{".class":"FuncDef","abstract_status":0,"arg_kinds":[0,0,1,1,3],"arg_names":["a","x","lo","hi","key"],"dataclass_transform_spec":null,"flags":["is_overload","is_decorated"],"fullname":"_bisect.insort_right","name":"insort_right","type":{".class":"CallableType","arg_kinds":[0,0,1,1,3],"arg_names":["a","x","lo","hi","key"],"arg_types":[{".class":"Instance","args":[{".class":"TypeVarType","fullname":"_bisect._T","id":-1,"name":"_T","namespace":"","upper_bound":"builtins.object","values":[],"variance":0}],"type_ref":"typing.MutableSequence"},{".class":"TypeVarType","fullname":"_bisect._T","id":-1,"name":"_T","namespace":"","upper_bound":"builtins.object","values":[],"variance":0},"builtins.int",{".class":"UnionType","items":["builtins.int",{".class":"NoneType"}]},{".class":"CallableType","arg_kinds":[0],"arg_names":[null],"arg_types":[{".class":"TypeVarType","fullname":"_bisect._T","id":-1,"name":"_T","namespace":"","upper_bound":"builtins.object","values":[],"variance":0}],"bound_args":[],"def_extras":{},"fallback":"builtins.function","from_concatenate":false,"implicit":false,"is_ellipsis_args":false,"name":null,"ret_type":{".class":"TypeVarType","fullname":"_typeshed.SupportsRichComparisonT","id":-2,"name":"SupportsRichComparisonT","namespace":"","upper_bound":{".class":"UnionType","items":[{".class":"Instance","args":[{".class":"AnyType","missing_import_name":null,"source_any":null,"type_of_any":6}],"type_ref":"_typeshed.SupportsDunderLT"},{".class":"Instance","args":[{".class":"AnyType","missing_import_name":null,"source_any":null,"type_of_any":6}],"type_ref":"_typeshed.SupportsDunderGT"}]},"values":[],"variance":0},"type_guard":null,"unpack_kwargs":false,"variables":[]}],"bound_args":[],"def_extras":{"first_arg":null},"fallback":"builtins.function","from_concatenate":false,"implicit":false,"is_ellipsis_args":false,"name":"insort_right","ret_type":{".class":"NoneType"},"type_guard":null,"unpack_kwargs":false,"variables":[{".class":"TypeVarType","fullname":"_bisect._T","id":-1,"name":"_T","namespace":"","upper_bound":"builtins.object","values":[],"variance":0},{".class":"TypeVarType","fullname":"_typeshed.SupportsRichComparisonT","id":-2,"name":"SupportsRichComparisonT","namespace":"","upper_bound":{".class":"UnionType","items":[{".class":"Instance","args":[{".class":"AnyType","missing_import_name":null,"source_any":null,"type_of_any":6}],"type_ref":"_typeshed.SupportsDunderLT"},{".class":"Instance","args":[{".class":"AnyType","missing_import_name":null,"source_any":null,"type_of_any":6}],"type_ref":"_typeshed.SupportsDunderGT"}]},"values":[],"variance":0}]}},"is_overload":true,"var":{".class":"Var","flags":["is_inferred"],"fullname":"_bisect.insort_right","name":"insort_right","type":null}}],"type":{".class":"Overloaded","items":[{".class":"CallableType","arg_kinds":[0,0,1,1,5],"arg_names":["a","x","lo","hi","key"],"arg_types":[{".class":"Instance","args":[{".class":"TypeVarType","fullname":"_typeshed.SupportsRichComparisonT","id":-1,"name":"SupportsRichComparisonT","namespace":"","upper_bound":{".class":"UnionType","items":[{".class":"Instance","args":[{".class":"AnyType","missing_import_name":null,"source_any":null,"type_of_any":6}],"type_ref":"_typeshed.SupportsDunderLT"},{".class":"Instance","args":[{".class":"AnyType","missing_import_name":null,"source_any":null,"type_of_any":6}],"type_ref":"_typeshed.SupportsDunderGT"}]},"values":[],"variance":0}],"type_ref":"typing.MutableSequence"},{".class":"TypeVarType","fullname":"_typeshed.SupportsRichComparisonT","id":-1,"name":"SupportsRichComparisonT","namespace":"","upper_bound":{".class":"UnionType","items":[{".class":"Instance","args":[{".class":"AnyType","missing_import_name":null,"source_any":null,"type_of_any":6}],"type_ref":"_typeshed.SupportsDunderLT"},{".class":"Instance","args":[{".class":"AnyType","missing_import_name":null,"source_any":null,"type_of_any":6}],"type_ref":"_typeshed.SupportsDunderGT"}]},"values":[],"variance":0},"builtins.int",{".class":"UnionType","items":["builtins.int",{".class":"NoneType"}]},{".class":"NoneType"}],"bound_args":[],"def_extras":{"first_arg":null},"fallback":"builtins.function","from_concatenate":false,"implicit":false,"is_ellipsis_args":false,"name":"insort_right","ret_type":{".class":"NoneType"},"type_guard":null,"unpack_kwargs":false,"variables":[{".class":"TypeVarType","fullname":"_typeshed.SupportsRichComparisonT","id":-1,"name":"SupportsRichComparisonT","namespace":"","upper_bound":{".class":"UnionType","items":[{".class":"Instance","args":[{".class":"AnyType","missing_import_name":null,"source_any":null,"type_of_any":6}],"type_ref":"_typeshed.SupportsDunderLT"},{".class":"Instance","args":[{".class":"AnyType","missing_import_name":null,"source_any":null,"type_of_any":6}],"type_ref":"_typeshed.SupportsDunderGT"}]},"values":[],"variance":0}]},{".class":"CallableType","arg_kinds":[0,0,1,1,3],"arg_names":["a","x","lo","hi","key"],"arg_types":[{".class":"Instance","args":[{".class":"TypeVarType","fullname":"_bisect._T","id":-1,"name":"_T","namespace":"","upper_bound":"builtins.object","values":[],"variance":0}],"type_ref":"typing.MutableSequence"},{".class":"TypeVarType","fullname":"_bisect._T","id":-1,"name":"_T","namespace":"","upper_bound":"builtins.object","values":[],"variance":0},"builtins.int",{".class":"UnionType","items":["builtins.int",{".class":"NoneType"}]},{".class":"CallableType","arg_kinds":[0],"arg_names":[null],"arg_types":[{".class":"TypeVarType","fullname":"_bisect._T","id":-1,"name":"_T","namespace":"","upper_bound":"builtins.object","values":[],"variance":0}],"bound_args":[],"def_extras":{},"fallback":"builtins.function","from_concatenate":false,"implicit":false,"is_ellipsis_args":false,"name":null,"ret_type":{".class":"TypeVarType","fullname":"_typeshed.SupportsRichComparisonT","id":-2,"name":"SupportsRichComparisonT","namespace":"","upper_bound":{".class":"UnionType","items":[{".class":"Instance","args":[{".class":"AnyType","missing_import_name":null,"source_any":null,"type_of_any":6}],"type_ref":"_typeshed.SupportsDunderLT"},{".class":"Instance","args":[{".class":"AnyType","missing_import_name":null,"source_any":null,"type_of_any":6}],"type_ref":"_typeshed.SupportsDunderGT"}]},"values":[],"variance":0},"type_guard":null,"unpack_kwargs":false,"variables":[]}],"bound_args":[],"def_extras":{"first_arg":null},"fallback":"builtins.function","from_concatenate":false,"implicit":false,"is_ellipsis_args":false,"name":"insort_right","ret_type":{".class":"NoneType"},"type_guard":null,"unpack_kwargs":false,"variables":[{".class":"TypeVarType","fullname":"_bisect._T","id":-1,"name":"_T","namespace":"","upper_bound":"builtins.object","values":[],"variance":0},{".class":"TypeVarType","fullname":"_typeshed.SupportsRichComparisonT","id":-2,"name":"SupportsRichComparisonT","namespace":"","upper_bound":{".class":"UnionType","items":[{".class":"Instance","args":[{".class":"AnyType","missing_import_name":null,"source_any":null,"type_of_any":6}],"type_ref":"_typeshed.SupportsDunderLT"},{".class":"Instance","args":[{".class":"AnyType","missing_import_name":null,"source_any":null,"type_of_any":6}],"type_ref":"_typeshed.SupportsDunderGT"}]},"values":[],"variance":0}]}]}}},"overload":{".class":"SymbolTableNode","cross_ref":"typing.overload","kind":"Gdef","module_hidden":true,"module_public":false},"sys":{".class":"SymbolTableNode","cross_ref":"sys","kind":"Gdef","module_hidden":true,"module_public":false}},"path":"C:\\Users\\Vasilis\\AppData\\Local\\Programs\\Python\\Python313\\Lib\\site-packages\\mypy\\typeshed\\stdlib\\_bisect.pyi"}