{".class":"MypyFile","_fullname":"_blake2","future_import_flags":[],"is_partial_stub_package":false,"is_stub":true,"names":{".class":"SymbolTable","BLAKE2B_MAX_DIGEST_SIZE":{".class":"SymbolTableNode","kind":"Gdef","node":{".class":"Var","final_value":64,"flags":["is_final","is_ready","is_inferred","has_explicit_value"],"fullname":"_blake2.BLAKE2B_MAX_DIGEST_SIZE","name":"BLAKE2B_MAX_DIGEST_SIZE","setter_type":null,"type":{".class":"Instance","args":[],"extra_attrs":null,"last_known_value":{".class":"LiteralType","fallback":"builtins.int","value":64},"type_ref":"builtins.int"}}},"BLAKE2B_MAX_KEY_SIZE":{".class":"SymbolTableNode","kind":"Gdef","node":{".class":"Var","final_value":64,"flags":["is_final","is_ready","is_inferred","has_explicit_value"],"fullname":"_blake2.BLAKE2B_MAX_KEY_SIZE","name":"BLAKE2B_MAX_KEY_SIZE","setter_type":null,"type":{".class":"Instance","args":[],"extra_attrs":null,"last_known_value":{".class":"LiteralType","fallback":"builtins.int","value":64},"type_ref":"builtins.int"}}},"BLAKE2B_PERSON_SIZE":{".class":"SymbolTableNode","kind":"Gdef","node":{".class":"Var","final_value":16,"flags":["is_final","is_ready","is_inferred","has_explicit_value"],"fullname":"_blake2.BLAKE2B_PERSON_SIZE","name":"BLAKE2B_PERSON_SIZE","setter_type":null,"type":{".class":"Instance","args":[],"extra_attrs":null,"last_known_value":{".class":"LiteralType","fallback":"builtins.int","value":16},"type_ref":"builtins.int"}}},"BLAKE2B_SALT_SIZE":{".class":"SymbolTableNode","kind":"Gdef","node":{".class":"Var","final_value":16,"flags":["is_final","is_ready","is_inferred","has_explicit_value"],"fullname":"_blake2.BLAKE2B_SALT_SIZE","name":"BLAKE2B_SALT_SIZE","setter_type":null,"type":{".class":"Instance","args":[],"extra_attrs":null,"last_known_value":{".class":"LiteralType","fallback":"builtins.int","value":16},"type_ref":"builtins.int"}}},"BLAKE2S_MAX_DIGEST_SIZE":{".class":"SymbolTableNode","kind":"Gdef","node":{".class":"Var","final_value":32,"flags":["is_final","is_ready","is_inferred","has_explicit_value"],"fullname":"_blake2.BLAKE2S_MAX_DIGEST_SIZE","name":"BLAKE2S_MAX_DIGEST_SIZE","setter_type":null,"type":{".class":"Instance","args":[],"extra_attrs":null,"last_known_value":{".class":"LiteralType","fallback":"builtins.int","value":32},"type_ref":"builtins.int"}}},"BLAKE2S_MAX_KEY_SIZE":{".class":"SymbolTableNode","kind":"Gdef","node":{".class":"Var","final_value":32,"flags":["is_final","is_ready","is_inferred","has_explicit_value"],"fullname":"_blake2.BLAKE2S_MAX_KEY_SIZE","name":"BLAKE2S_MAX_KEY_SIZE","setter_type":null,"type":{".class":"Instance","args":[],"extra_attrs":null,"last_known_value":{".class":"LiteralType","fallback":"builtins.int","value":32},"type_ref":"builtins.int"}}},"BLAKE2S_PERSON_SIZE":{".class":"SymbolTableNode","kind":"Gdef","node":{".class":"Var","final_value":8,"flags":["is_final","is_ready","is_inferred","has_explicit_value"],"fullname":"_blake2.BLAKE2S_PERSON_SIZE","name":"BLAKE2S_PERSON_SIZE","setter_type":null,"type":{".class":"Instance","args":[],"extra_attrs":null,"last_known_value":{".class":"LiteralType","fallback":"builtins.int","value":8},"type_ref":"builtins.int"}}},"BLAKE2S_SALT_SIZE":{".class":"SymbolTableNode","kind":"Gdef","node":{".class":"Var","final_value":8,"flags":["is_final","is_ready","is_inferred","has_explicit_value"],"fullname":"_blake2.BLAKE2S_SALT_SIZE","name":"BLAKE2S_SALT_SIZE","setter_type":null,"type":{".class":"Instance","args":[],"extra_attrs":null,"last_known_value":{".class":"LiteralType","fallback":"builtins.int","value":8},"type_ref":"builtins.int"}}},"ClassVar":{".class":"SymbolTableNode","cross_ref":"typing.ClassVar","kind":"Gdef","module_hidden":true,"module_public":false},"Final":{".class":"SymbolTableNode","cross_ref":"typing.Final","kind":"Gdef","module_hidden":true,"module_public":false},"ReadableBuffer":{".class":"SymbolTableNode","cross_ref":"_typeshed.ReadableBuffer","kind":"Gdef","module_hidden":true,"module_public":false},"Self":{".class":"SymbolTableNode","cross_ref":"typing.Self","kind":"Gdef","module_hidden":true,"module_public":false},"__annotations__":{".class":"SymbolTableNode","kind":"Gdef","node":{".class":"Var","flags":["is_ready"],"fullname":"_blake2.__annotations__","name":"__annotations__","setter_type":null,"type":{".class":"Instance","args":["builtins.str",{".class":"AnyType","missing_import_name":null,"source_any":null,"type_of_any":6}],"extra_attrs":null,"type_ref":"builtins.dict"}}},"__doc__":{".class":"SymbolTableNode","kind":"Gdef","node":{".class":"Var","flags":["is_ready"],"fullname":"_blake2.__doc__","name":"__doc__","setter_type":null,"type":"builtins.str"}},"__file__":{".class":"SymbolTableNode","kind":"Gdef","node":{".class":"Var","flags":["is_ready"],"fullname":"_blake2.__file__","name":"__file__","setter_type":null,"type":"builtins.str"}},"__name__":{".class":"SymbolTableNode","kind":"Gdef","node":{".class":"Var","flags":["is_ready"],"fullname":"_blake2.__name__","name":"__name__","setter_type":null,"type":"builtins.str"}},"__package__":{".class":"SymbolTableNode","kind":"Gdef","node":{".class":"Var","flags":["is_ready"],"fullname":"_blake2.__package__","name":"__package__","setter_type":null,"type":"builtins.str"}},"__spec__":{".class":"SymbolTableNode","kind":"Gdef","node":{".class":"Var","flags":["is_ready"],"fullname":"_blake2.__spec__","name":"__spec__","setter_type":null,"type":"_frozen_importlib.ModuleSpec"}},"blake2b":{".class":"SymbolTableNode","kind":"Gdef","node":{".class":"TypeInfo","_promote":[],"abstract_attributes":[],"alt_promote":null,"bases":["builtins.object"],"dataclass_transform_spec":null,"declared_metaclass":null,"defn":{".class":"ClassDef","fullname":"_blake2.blake2b","name":"blake2b","type_vars":[]},"deletable_attributes":[],"deprecated":null,"flags":["is_final"],"fullname":"_blake2.blake2b","has_param_spec_type":false,"metaclass_type":null,"metadata":{},"module_name":"_blake2","mro":["_blake2.blake2b","builtins.object"],"names":{".class":"SymbolTable","MAX_DIGEST_SIZE":{".class":"SymbolTableNode","kind":"Mdef","node":{".class":"Var","flags":["is_initialized_in_class","is_classvar","is_ready","has_explicit_value"],"fullname":"_blake2.blake2b.MAX_DIGEST_SIZE","name":"MAX_DIGEST_SIZE","setter_type":null,"type":"builtins.int"}},"MAX_KEY_SIZE":{".class":"SymbolTableNode","kind":"Mdef","node":{".class":"Var","flags":["is_initialized_in_class","is_classvar","is_ready","has_explicit_value"],"fullname":"_blake2.blake2b.MAX_KEY_SIZE","name":"MAX_KEY_SIZE","setter_type":null,"type":"builtins.int"}},"PERSON_SIZE":{".class":"SymbolTableNode","kind":"Mdef","node":{".class":"Var","flags":["is_initialized_in_class","is_classvar","is_ready","has_explicit_value"],"fullname":"_blake2.blake2b.PERSON_SIZE","name":"PERSON_SIZE","setter_type":null,"type":"builtins.int"}},"SALT_SIZE":{".class":"SymbolTableNode","kind":"Mdef","node":{".class":"Var","flags":["is_initialized_in_class","is_classvar","is_ready","has_explicit_value"],"fullname":"_blake2.blake2b.SALT_SIZE","name":"SALT_SIZE","setter_type":null,"type":"builtins.int"}},"__new__":{".class":"SymbolTableNode","kind":"Mdef","node":{".class":"FuncDef","abstract_status":0,"arg_kinds":[0,1,5,5,5,5,5,5,5,5,5,5,5,5],"arg_names":[null,null,"digest_size","key","salt","person","fanout","depth","leaf_size","node_offset","node_depth","inner_size","last_node","usedforsecurity"],"dataclass_transform_spec":null,"deprecated":null,"flags":["is_static"],"fullname":"_blake2.blake2b.__new__","name":"__new__","original_first_arg":"cls","type":{".class":"CallableType","arg_kinds":[0,1,5,5,5,5,5,5,5,5,5,5,5,5],"arg_names":[null,null,"digest_size","key","salt","person","fanout","depth","leaf_size","node_offset","node_depth","inner_size","last_node","usedforsecurity"],"arg_types":[{".class":"TypeType","item":{".class":"TypeVarType","default":{".class":"AnyType","missing_import_name":null,"source_any":null,"type_of_any":4},"fullname":"_blake2.blake2b.Self","id":0,"name":"Self","namespace":"","upper_bound":"_blake2.blake2b","values":[],"variance":0}},"typing_extensions.Buffer","builtins.int","typing_extensions.Buffer","typing_extensions.Buffer","typing_extensions.Buffer","builtins.int","builtins.int","builtins.int","builtins.int","builtins.int","builtins.int","builtins.bool","builtins.bool"],"fallback":"builtins.function","from_concatenate":false,"implicit":false,"imprecise_arg_kinds":false,"is_bound":false,"is_ellipsis_args":false,"name":"__new__ of blake2b","ret_type":"_blake2.blake2b","type_guard":null,"type_is":null,"unpack_kwargs":false,"variables":[{".class":"TypeVarType","default":{".class":"AnyType","missing_import_name":null,"source_any":null,"type_of_any":4},"fullname":"_blake2.blake2b.Self","id":0,"name":"Self","namespace":"","upper_bound":"_blake2.blake2b","values":[],"variance":0}]}}},"block_size":{".class":"SymbolTableNode","kind":"Mdef","node":{".class":"Var","flags":["is_initialized_in_class","is_ready"],"fullname":"_blake2.blake2b.block_size","name":"block_size","setter_type":null,"type":"builtins.int"}},"copy":{".class":"SymbolTableNode","kind":"Mdef","node":{".class":"FuncDef","abstract_status":0,"arg_kinds":[0],"arg_names":["self"],"dataclass_transform_spec":null,"deprecated":null,"flags":[],"fullname":"_blake2.blake2b.copy","name":"copy","original_first_arg":"self","type":{".class":"CallableType","arg_kinds":[0],"arg_names":["self"],"arg_types":[{".class":"TypeVarType","default":{".class":"AnyType","missing_import_name":null,"source_any":null,"type_of_any":4},"fullname":"_blake2.blake2b.Self","id":0,"name":"Self","namespace":"","upper_bound":"_blake2.blake2b","values":[],"variance":0}],"fallback":"builtins.function","from_concatenate":false,"implicit":false,"imprecise_arg_kinds":false,"is_bound":false,"is_ellipsis_args":false,"name":"copy of blake2b","ret_type":"_blake2.blake2b","type_guard":null,"type_is":null,"unpack_kwargs":false,"variables":[{".class":"TypeVarType","default":{".class":"AnyType","missing_import_name":null,"source_any":null,"type_of_any":4},"fullname":"_blake2.blake2b.Self","id":0,"name":"Self","namespace":"","upper_bound":"_blake2.blake2b","values":[],"variance":0}]}}},"digest":{".class":"SymbolTableNode","kind":"Mdef","node":{".class":"FuncDef","abstract_status":0,"arg_kinds":[0],"arg_names":["self"],"dataclass_transform_spec":null,"deprecated":null,"flags":["is_trivial_self"],"fullname":"_blake2.blake2b.digest","name":"digest","original_first_arg":"self","type":{".class":"CallableType","arg_kinds":[0],"arg_names":["self"],"arg_types":["_blake2.blake2b"],"fallback":"builtins.function","from_concatenate":false,"implicit":false,"imprecise_arg_kinds":false,"is_bound":false,"is_ellipsis_args":false,"name":"digest of blake2b","ret_type":"builtins.bytes","type_guard":null,"type_is":null,"unpack_kwargs":false,"variables":[]}}},"digest_size":{".class":"SymbolTableNode","kind":"Mdef","node":{".class":"Var","flags":["is_initialized_in_class","is_ready"],"fullname":"_blake2.blake2b.digest_size","name":"digest_size","setter_type":null,"type":"builtins.int"}},"hexdigest":{".class":"SymbolTableNode","kind":"Mdef","node":{".class":"FuncDef","abstract_status":0,"arg_kinds":[0],"arg_names":["self"],"dataclass_transform_spec":null,"deprecated":null,"flags":["is_trivial_self"],"fullname":"_blake2.blake2b.hexdigest","name":"hexdigest","original_first_arg":"self","type":{".class":"CallableType","arg_kinds":[0],"arg_names":["self"],"arg_types":["_blake2.blake2b"],"fallback":"builtins.function","from_concatenate":false,"implicit":false,"imprecise_arg_kinds":false,"is_bound":false,"is_ellipsis_args":false,"name":"hexdigest of blake2b","ret_type":"builtins.str","type_guard":null,"type_is":null,"unpack_kwargs":false,"variables":[]}}},"name":{".class":"SymbolTableNode","kind":"Mdef","node":{".class":"Var","flags":["is_initialized_in_class","is_ready"],"fullname":"_blake2.blake2b.name","name":"name","setter_type":null,"type":"builtins.str"}},"update":{".class":"SymbolTableNode","kind":"Mdef","node":{".class":"FuncDef","abstract_status":0,"arg_kinds":[0,0],"arg_names":[null,null],"dataclass_transform_spec":null,"deprecated":null,"flags":["is_trivial_self"],"fullname":"_blake2.blake2b.update","name":"update","original_first_arg":"self","type":{".class":"CallableType","arg_kinds":[0,0],"arg_names":[null,null],"arg_types":["_blake2.blake2b","typing_extensions.Buffer"],"fallback":"builtins.function","from_concatenate":false,"implicit":false,"imprecise_arg_kinds":false,"is_bound":false,"is_ellipsis_args":false,"name":"update of blake2b","ret_type":{".class":"NoneType"},"type_guard":null,"type_is":null,"unpack_kwargs":false,"variables":[]}}}},"self_type":{".class":"TypeVarType","default":{".class":"AnyType","missing_import_name":null,"source_any":null,"type_of_any":4},"fullname":"_blake2.blake2b.Self","id":0,"name":"Self","namespace":"","upper_bound":"_blake2.blake2b","values":[],"variance":0},"slots":null,"tuple_type":null,"type_vars":[],"typeddict_type":null}},"blake2s":{".class":"SymbolTableNode","kind":"Gdef","node":{".class":"TypeInfo","_promote":[],"abstract_attributes":[],"alt_promote":null,"bases":["builtins.object"],"dataclass_transform_spec":null,"declared_metaclass":null,"defn":{".class":"ClassDef","fullname":"_blake2.blake2s","name":"blake2s","type_vars":[]},"deletable_attributes":[],"deprecated":null,"flags":["is_final"],"fullname":"_blake2.blake2s","has_param_spec_type":false,"metaclass_type":null,"metadata":{},"module_name":"_blake2","mro":["_blake2.blake2s","builtins.object"],"names":{".class":"SymbolTable","MAX_DIGEST_SIZE":{".class":"SymbolTableNode","kind":"Mdef","node":{".class":"Var","flags":["is_initialized_in_class","is_classvar","is_ready","has_explicit_value"],"fullname":"_blake2.blake2s.MAX_DIGEST_SIZE","name":"MAX_DIGEST_SIZE","setter_type":null,"type":"builtins.int"}},"MAX_KEY_SIZE":{".class":"SymbolTableNode","kind":"Mdef","node":{".class":"Var","flags":["is_initialized_in_class","is_classvar","is_ready","has_explicit_value"],"fullname":"_blake2.blake2s.MAX_KEY_SIZE","name":"MAX_KEY_SIZE","setter_type":null,"type":"builtins.int"}},"PERSON_SIZE":{".class":"SymbolTableNode","kind":"Mdef","node":{".class":"Var","flags":["is_initialized_in_class","is_classvar","is_ready","has_explicit_value"],"fullname":"_blake2.blake2s.PERSON_SIZE","name":"PERSON_SIZE","setter_type":null,"type":"builtins.int"}},"SALT_SIZE":{".class":"SymbolTableNode","kind":"Mdef","node":{".class":"Var","flags":["is_initialized_in_class","is_classvar","is_ready","has_explicit_value"],"fullname":"_blake2.blake2s.SALT_SIZE","name":"SALT_SIZE","setter_type":null,"type":"builtins.int"}},"__new__":{".class":"SymbolTableNode","kind":"Mdef","node":{".class":"FuncDef","abstract_status":0,"arg_kinds":[0,1,5,5,5,5,5,5,5,5,5,5,5,5],"arg_names":[null,null,"digest_size","key","salt","person","fanout","depth","leaf_size","node_offset","node_depth","inner_size","last_node","usedforsecurity"],"dataclass_transform_spec":null,"deprecated":null,"flags":["is_static"],"fullname":"_blake2.blake2s.__new__","name":"__new__","original_first_arg":"cls","type":{".class":"CallableType","arg_kinds":[0,1,5,5,5,5,5,5,5,5,5,5,5,5],"arg_names":[null,null,"digest_size","key","salt","person","fanout","depth","leaf_size","node_offset","node_depth","inner_size","last_node","usedforsecurity"],"arg_types":[{".class":"TypeType","item":{".class":"TypeVarType","default":{".class":"AnyType","missing_import_name":null,"source_any":null,"type_of_any":4},"fullname":"_blake2.blake2s.Self","id":0,"name":"Self","namespace":"","upper_bound":"_blake2.blake2s","values":[],"variance":0}},"typing_extensions.Buffer","builtins.int","typing_extensions.Buffer","typing_extensions.Buffer","typing_extensions.Buffer","builtins.int","builtins.int","builtins.int","builtins.int","builtins.int","builtins.int","builtins.bool","builtins.bool"],"fallback":"builtins.function","from_concatenate":false,"implicit":false,"imprecise_arg_kinds":false,"is_bound":false,"is_ellipsis_args":false,"name":"__new__ of blake2s","ret_type":"_blake2.blake2s","type_guard":null,"type_is":null,"unpack_kwargs":false,"variables":[{".class":"TypeVarType","default":{".class":"AnyType","missing_import_name":null,"source_any":null,"type_of_any":4},"fullname":"_blake2.blake2s.Self","id":0,"name":"Self","namespace":"","upper_bound":"_blake2.blake2s","values":[],"variance":0}]}}},"block_size":{".class":"SymbolTableNode","kind":"Mdef","node":{".class":"Var","flags":["is_initialized_in_class","is_ready"],"fullname":"_blake2.blake2s.block_size","name":"block_size","setter_type":null,"type":"builtins.int"}},"copy":{".class":"SymbolTableNode","kind":"Mdef","node":{".class":"FuncDef","abstract_status":0,"arg_kinds":[0],"arg_names":["self"],"dataclass_transform_spec":null,"deprecated":null,"flags":[],"fullname":"_blake2.blake2s.copy","name":"copy","original_first_arg":"self","type":{".class":"CallableType","arg_kinds":[0],"arg_names":["self"],"arg_types":[{".class":"TypeVarType","default":{".class":"AnyType","missing_import_name":null,"source_any":null,"type_of_any":4},"fullname":"_blake2.blake2s.Self","id":0,"name":"Self","namespace":"","upper_bound":"_blake2.blake2s","values":[],"variance":0}],"fallback":"builtins.function","from_concatenate":false,"implicit":false,"imprecise_arg_kinds":false,"is_bound":false,"is_ellipsis_args":false,"name":"copy of blake2s","ret_type":"_blake2.blake2s","type_guard":null,"type_is":null,"unpack_kwargs":false,"variables":[{".class":"TypeVarType","default":{".class":"AnyType","missing_import_name":null,"source_any":null,"type_of_any":4},"fullname":"_blake2.blake2s.Self","id":0,"name":"Self","namespace":"","upper_bound":"_blake2.blake2s","values":[],"variance":0}]}}},"digest":{".class":"SymbolTableNode","kind":"Mdef","node":{".class":"FuncDef","abstract_status":0,"arg_kinds":[0],"arg_names":["self"],"dataclass_transform_spec":null,"deprecated":null,"flags":["is_trivial_self"],"fullname":"_blake2.blake2s.digest","name":"digest","original_first_arg":"self","type":{".class":"CallableType","arg_kinds":[0],"arg_names":["self"],"arg_types":["_blake2.blake2s"],"fallback":"builtins.function","from_concatenate":false,"implicit":false,"imprecise_arg_kinds":false,"is_bound":false,"is_ellipsis_args":false,"name":"digest of blake2s","ret_type":"builtins.bytes","type_guard":null,"type_is":null,"unpack_kwargs":false,"variables":[]}}},"digest_size":{".class":"SymbolTableNode","kind":"Mdef","node":{".class":"Var","flags":["is_initialized_in_class","is_ready"],"fullname":"_blake2.blake2s.digest_size","name":"digest_size","setter_type":null,"type":"builtins.int"}},"hexdigest":{".class":"SymbolTableNode","kind":"Mdef","node":{".class":"FuncDef","abstract_status":0,"arg_kinds":[0],"arg_names":["self"],"dataclass_transform_spec":null,"deprecated":null,"flags":["is_trivial_self"],"fullname":"_blake2.blake2s.hexdigest","name":"hexdigest","original_first_arg":"self","type":{".class":"CallableType","arg_kinds":[0],"arg_names":["self"],"arg_types":["_blake2.blake2s"],"fallback":"builtins.function","from_concatenate":false,"implicit":false,"imprecise_arg_kinds":false,"is_bound":false,"is_ellipsis_args":false,"name":"hexdigest of blake2s","ret_type":"builtins.str","type_guard":null,"type_is":null,"unpack_kwargs":false,"variables":[]}}},"name":{".class":"SymbolTableNode","kind":"Mdef","node":{".class":"Var","flags":["is_initialized_in_class","is_ready"],"fullname":"_blake2.blake2s.name","name":"name","setter_type":null,"type":"builtins.str"}},"update":{".class":"SymbolTableNode","kind":"Mdef","node":{".class":"FuncDef","abstract_status":0,"arg_kinds":[0,0],"arg_names":[null,null],"dataclass_transform_spec":null,"deprecated":null,"flags":["is_trivial_self"],"fullname":"_blake2.blake2s.update","name":"update","original_first_arg":"self","type":{".class":"CallableType","arg_kinds":[0,0],"arg_names":[null,null],"arg_types":["_blake2.blake2s","typing_extensions.Buffer"],"fallback":"builtins.function","from_concatenate":false,"implicit":false,"imprecise_arg_kinds":false,"is_bound":false,"is_ellipsis_args":false,"name":"update of blake2s","ret_type":{".class":"NoneType"},"type_guard":null,"type_is":null,"unpack_kwargs":false,"variables":[]}}}},"self_type":{".class":"TypeVarType","default":{".class":"AnyType","missing_import_name":null,"source_any":null,"type_of_any":4},"fullname":"_blake2.blake2s.Self","id":0,"name":"Self","namespace":"","upper_bound":"_blake2.blake2s","values":[],"variance":0},"slots":null,"tuple_type":null,"type_vars":[],"typeddict_type":null}},"final":{".class":"SymbolTableNode","cross_ref":"typing.final","kind":"Gdef","module_hidden":true,"module_public":false},"sys":{".class":"SymbolTableNode","cross_ref":"sys","kind":"Gdef","module_hidden":true,"module_public":false}},"path":"C:\\Users\\Vasilis\\AppData\\Local\\Programs\\Python\\Python313\\Lib\\site-packages\\mypy\\typeshed\\stdlib\\_blake2.pyi"}