{"data_mtime":1762095518,"dep_lines":[4,1,2,3,5,6,1,1,1,1,1,1],"dep_prios":[5,10,10,5,5,5,5,30,30,30,30,30],"dependencies":["collections.abc","codecs","sys","_typeshed","typing","typing_extensions","builtins","abc","array","ctypes","mmap","pickle"],"hash":"70e3defc1875bd08c24cbe869d9c14280401dc8b591637db091aad6a71684e1d","id":"_codecs","ignore_all":true,"interface_hash":"150bfea372eb611c3f4d8b31d0bb649b77fc11508ac64e9b5eea18bf8d27268b","mtime":1762095442,"options":{"allow_redefinition":false,"allow_untyped_globals":false,"always_false":[],"always_true":[],"bazel":false,"check_untyped_defs":false,"disable_bytearray_promotion":false,"disable_error_code":[],"disable_memoryview_promotion":false,"disabled_error_codes":[],"disallow_any_decorated":false,"disallow_any_explicit":false,"disallow_any_expr":false,"disallow_any_generics":false,"disallow_any_unimported":false,"disallow_incomplete_defs":false,"disallow_subclassing_any":false,"disallow_untyped_calls":false,"disallow_untyped_decorators":false,"disallow_untyped_defs":false,"enable_error_code":[],"enabled_error_codes":[],"follow_imports":"silent","follow_imports_for_stubs":false,"ignore_errors":false,"ignore_missing_imports":true,"implicit_optional":true,"implicit_reexport":true,"local_partial_types":false,"mypyc":false,"platform":"win32","plugins":[],"strict_concatenate":false,"strict_equality":false,"strict_optional":true,"warn_no_return":true,"warn_return_any":false,"warn_unreachable":false,"warn_unused_ignores":false},"path":"C:\\Users\\Vasilis\\AppData\\Local\\Programs\\Python\\Python313\\Lib\\site-packages\\mypy\\typeshed\\stdlib\\_codecs.pyi","plugin_data":null,"size":7280,"suppressed":[],"version_id":"1.3.0"}