{"data_mtime":1762095518,"dep_lines":[1,2,3,32,1,1],"dep_prios":[10,5,5,5,5,30],"dependencies":["sys","types","typing","typing_extensions","builtins","abc"],"hash":"a1242071aa8e060f1cb055c8d542467362f026499a9139fbcf15943f854ffcf5","id":"_collections_abc","ignore_all":true,"interface_hash":"2e78c37f6c5499a5f5b6f026f7597f4bcc7635f1d20418c52f622badbe424f0f","mtime":1762095442,"options":{"allow_redefinition":false,"allow_untyped_globals":false,"always_false":[],"always_true":[],"bazel":false,"check_untyped_defs":false,"disable_bytearray_promotion":false,"disable_error_code":[],"disable_memoryview_promotion":false,"disabled_error_codes":[],"disallow_any_decorated":false,"disallow_any_explicit":false,"disallow_any_expr":false,"disallow_any_generics":false,"disallow_any_unimported":false,"disallow_incomplete_defs":false,"disallow_subclassing_any":false,"disallow_untyped_calls":false,"disallow_untyped_decorators":false,"disallow_untyped_defs":false,"enable_error_code":[],"enabled_error_codes":[],"follow_imports":"silent","follow_imports_for_stubs":false,"ignore_errors":false,"ignore_missing_imports":true,"implicit_optional":true,"implicit_reexport":true,"local_partial_types":false,"mypyc":false,"platform":"win32","plugins":[],"strict_concatenate":false,"strict_equality":false,"strict_optional":true,"warn_no_return":true,"warn_return_any":false,"warn_unreachable":false,"warn_unused_ignores":false},"path":"C:\\Users\\Vasilis\\AppData\\Local\\Programs\\Python\\Python313\\Lib\\site-packages\\mypy\\typeshed\\stdlib\\_collections_abc.pyi","plugin_data":null,"size":2123,"suppressed":[],"version_id":"1.3.0"}