{".class":"MypyFile","_fullname":"_compression","future_import_flags":[],"is_partial_stub_package":false,"is_stub":true,"names":{".class":"SymbolTable","Any":{".class":"SymbolTableNode","cross_ref":"typing.Any","kind":"Gdef","module_hidden":true,"module_public":false},"BUFFER_SIZE":{".class":"SymbolTableNode","kind":"Gdef","node":{".class":"Var","flags":["is_ready","is_inferred","has_explicit_value"],"fullname":"_compression.BUFFER_SIZE","name":"BUFFER_SIZE","setter_type":null,"type":"builtins.int"}},"BaseStream":{".class":"SymbolTableNode","kind":"Gdef","node":{".class":"TypeInfo","_promote":[],"abstract_attributes":[],"alt_promote":null,"bases":["io.BufferedIOBase"],"dataclass_transform_spec":null,"declared_metaclass":null,"defn":{".class":"ClassDef","fullname":"_compression.BaseStream","name":"BaseStream","type_vars":[]},"deletable_attributes":[],"deprecated":null,"flags":[],"fullname":"_compression.BaseStream","has_param_spec_type":false,"metaclass_type":"abc.ABCMeta","metadata":{},"module_name":"_compression","mro":["_compression.BaseStream","io.BufferedIOBase","_io._BufferedIOBase","io.IOBase","_io._IOBase","builtins.object"],"names":{".class":"SymbolTable"},"self_type":{".class":"TypeVarType","default":{".class":"AnyType","missing_import_name":null,"source_any":null,"type_of_any":4},"fullname":"_compression.BaseStream.Self","id":0,"name":"Self","namespace":"","upper_bound":"_compression.BaseStream","values":[],"variance":0},"slots":null,"tuple_type":null,"type_vars":[],"typeddict_type":null}},"BufferedIOBase":{".class":"SymbolTableNode","cross_ref":"io.BufferedIOBase","kind":"Gdef","module_hidden":true,"module_public":false},"Callable":{".class":"SymbolTableNode","cross_ref":"typing.Callable","kind":"Gdef","module_hidden":true,"module_public":false},"DEFAULT_BUFFER_SIZE":{".class":"SymbolTableNode","cross_ref":"_io.DEFAULT_BUFFER_SIZE","kind":"Gdef","module_hidden":true,"module_public":false},"DecompressReader":{".class":"SymbolTableNode","kind":"Gdef","node":{".class":"TypeInfo","_promote":[],"abstract_attributes":[],"alt_promote":null,"bases":["io.RawIOBase"],"dataclass_transform_spec":null,"declared_metaclass":null,"defn":{".class":"ClassDef","fullname":"_compression.DecompressReader","name":"DecompressReader","type_vars":[]},"deletable_attributes":[],"deprecated":null,"flags":[],"fullname":"_compression.DecompressReader","has_param_spec_type":false,"metaclass_type":"abc.ABCMeta","metadata":{},"module_name":"_compression","mro":["_compression.DecompressReader","io.RawIOBase","_io._RawIOBase","io.IOBase","_io._IOBase","builtins.object"],"names":{".class":"SymbolTable","__init__":{".class":"SymbolTableNode","kind":"Mdef","node":{".class":"FuncDef","abstract_status":0,"arg_kinds":[0,0,0,1,4],"arg_names":["self","fp","decomp_factory","trailing_error","decomp_args"],"dataclass_transform_spec":null,"deprecated":null,"flags":["is_trivial_self"],"fullname":"_compression.DecompressReader.__init__","name":"__init__","original_first_arg":"self","type":{".class":"CallableType","arg_kinds":[0,0,0,1,4],"arg_names":["self","fp","decomp_factory","trailing_error","decomp_args"],"arg_types":["_compression.DecompressReader","_compression._Reader",{".class":"CallableType","arg_kinds":[2,4],"arg_names":[null,null],"arg_types":[{".class":"AnyType","missing_import_name":null,"source_any":null,"type_of_any":2},{".class":"AnyType","missing_import_name":null,"source_any":null,"type_of_any":2}],"fallback":"builtins.function","from_concatenate":false,"implicit":false,"imprecise_arg_kinds":false,"is_bound":false,"is_ellipsis_args":true,"name":null,"ret_type":{".class":"TypeAliasType","args":[],"type_ref":"_typeshed.Incomplete"},"type_guard":null,"type_is":null,"unpack_kwargs":false,"variables":[]},{".class":"UnionType","items":[{".class":"TypeType","item":"builtins.Exception"},{".class":"Instance","args":[{".class":"TypeType","item":"builtins.Exception"}],"extra_attrs":null,"type_ref":"builtins.tuple"}],"uses_pep604_syntax":true},{".class":"AnyType","missing_import_name":null,"source_any":null,"type_of_any":2}],"fallback":"builtins.function","from_concatenate":false,"implicit":false,"imprecise_arg_kinds":false,"is_bound":false,"is_ellipsis_args":false,"name":"__init__ of DecompressReader","ret_type":{".class":"NoneType"},"type_guard":null,"type_is":null,"unpack_kwargs":false,"variables":[]}}},"read":{".class":"SymbolTableNode","kind":"Mdef","node":{".class":"FuncDef","abstract_status":0,"arg_kinds":[0,1],"arg_names":["self","size"],"dataclass_transform_spec":null,"deprecated":null,"flags":["is_trivial_self"],"fullname":"_compression.DecompressReader.read","name":"read","original_first_arg":"self","type":{".class":"CallableType","arg_kinds":[0,1],"arg_names":["self","size"],"arg_types":["_compression.DecompressReader","builtins.int"],"fallback":"builtins.function","from_concatenate":false,"implicit":false,"imprecise_arg_kinds":false,"is_bound":false,"is_ellipsis_args":false,"name":"read of DecompressReader","ret_type":"builtins.bytes","type_guard":null,"type_is":null,"unpack_kwargs":false,"variables":[]}}},"readinto":{".class":"SymbolTableNode","kind":"Mdef","node":{".class":"FuncDef","abstract_status":0,"arg_kinds":[0,0],"arg_names":["self","b"],"dataclass_transform_spec":null,"deprecated":null,"flags":["is_trivial_self"],"fullname":"_compression.DecompressReader.readinto","name":"readinto","original_first_arg":"self","type":{".class":"CallableType","arg_kinds":[0,0],"arg_names":["self","b"],"arg_types":["_compression.DecompressReader","typing_extensions.Buffer"],"fallback":"builtins.function","from_concatenate":false,"implicit":false,"imprecise_arg_kinds":false,"is_bound":false,"is_ellipsis_args":false,"name":"readinto of DecompressReader","ret_type":"builtins.int","type_guard":null,"type_is":null,"unpack_kwargs":false,"variables":[]}}},"seek":{".class":"SymbolTableNode","kind":"Mdef","node":{".class":"FuncDef","abstract_status":0,"arg_kinds":[0,0,1],"arg_names":["self","offset","whence"],"dataclass_transform_spec":null,"deprecated":null,"flags":["is_trivial_self"],"fullname":"_compression.DecompressReader.seek","name":"seek","original_first_arg":"self","type":{".class":"CallableType","arg_kinds":[0,0,1],"arg_names":["self","offset","whence"],"arg_types":["_compression.DecompressReader","builtins.int","builtins.int"],"fallback":"builtins.function","from_concatenate":false,"implicit":false,"imprecise_arg_kinds":false,"is_bound":false,"is_ellipsis_args":false,"name":"seek of DecompressReader","ret_type":"builtins.int","type_guard":null,"type_is":null,"unpack_kwargs":false,"variables":[]}}}},"self_type":{".class":"TypeVarType","default":{".class":"AnyType","missing_import_name":null,"source_any":null,"type_of_any":4},"fullname":"_compression.DecompressReader.Self","id":0,"name":"Self","namespace":"","upper_bound":"_compression.DecompressReader","values":[],"variance":0},"slots":null,"tuple_type":null,"type_vars":[],"typeddict_type":null}},"Incomplete":{".class":"SymbolTableNode","cross_ref":"_typeshed.Incomplete","kind":"Gdef","module_hidden":true,"module_public":false},"Protocol":{".class":"SymbolTableNode","cross_ref":"typing.Protocol","kind":"Gdef","module_hidden":true,"module_public":false},"RawIOBase":{".class":"SymbolTableNode","cross_ref":"io.RawIOBase","kind":"Gdef","module_hidden":true,"module_public":false},"WriteableBuffer":{".class":"SymbolTableNode","cross_ref":"_typeshed.WriteableBuffer","kind":"Gdef","module_hidden":true,"module_public":false},"_Reader":{".class":"SymbolTableNode","kind":"Gdef","node":{".class":"TypeInfo","_promote":[],"abstract_attributes":[],"alt_promote":null,"bases":["builtins.object"],"dataclass_transform_spec":null,"declared_metaclass":null,"defn":{".class":"ClassDef","fullname":"_compression._Reader","name":"_Reader","type_vars":[]},"deletable_attributes":[],"deprecated":null,"flags":["is_protocol"],"fullname":"_compression._Reader","has_param_spec_type":false,"metaclass_type":"abc.ABCMeta","metadata":{},"module_name":"_compression","mro":["_compression._Reader","builtins.object"],"names":{".class":"SymbolTable","read":{".class":"SymbolTableNode","kind":"Mdef","node":{".class":"FuncDef","abstract_status":0,"arg_kinds":[0,0],"arg_names":[null,null],"dataclass_transform_spec":null,"deprecated":null,"flags":["is_trivial_self"],"fullname":"_compression._Reader.read","name":"read","original_first_arg":"self","type":{".class":"CallableType","arg_kinds":[0,0],"arg_names":[null,null],"arg_types":["_compression._Reader","builtins.int"],"fallback":"builtins.function","from_concatenate":false,"implicit":false,"imprecise_arg_kinds":false,"is_bound":false,"is_ellipsis_args":false,"name":"read of _Reader","ret_type":"builtins.bytes","type_guard":null,"type_is":null,"unpack_kwargs":false,"variables":[]}}},"seek":{".class":"SymbolTableNode","kind":"Mdef","node":{".class":"FuncDef","abstract_status":0,"arg_kinds":[0,0],"arg_names":[null,null],"dataclass_transform_spec":null,"deprecated":null,"flags":["is_trivial_self"],"fullname":"_compression._Reader.seek","name":"seek","original_first_arg":"self","type":{".class":"CallableType","arg_kinds":[0,0],"arg_names":[null,null],"arg_types":["_compression._Reader","builtins.int"],"fallback":"builtins.function","from_concatenate":false,"implicit":false,"imprecise_arg_kinds":false,"is_bound":false,"is_ellipsis_args":false,"name":"seek of _Reader","ret_type":{".class":"AnyType","missing_import_name":null,"source_any":null,"type_of_any":2},"type_guard":null,"type_is":null,"unpack_kwargs":false,"variables":[]}}},"seekable":{".class":"SymbolTableNode","kind":"Mdef","node":{".class":"FuncDef","abstract_status":0,"arg_kinds":[0],"arg_names":["self"],"dataclass_transform_spec":null,"deprecated":null,"flags":["is_trivial_self"],"fullname":"_compression._Reader.seekable","name":"seekable","original_first_arg":"self","type":{".class":"CallableType","arg_kinds":[0],"arg_names":["self"],"arg_types":["_compression._Reader"],"fallback":"builtins.function","from_concatenate":false,"implicit":false,"imprecise_arg_kinds":false,"is_bound":false,"is_ellipsis_args":false,"name":"seekable of _Reader","ret_type":"builtins.bool","type_guard":null,"type_is":null,"unpack_kwargs":false,"variables":[]}}}},"self_type":{".class":"TypeVarType","default":{".class":"AnyType","missing_import_name":null,"source_any":null,"type_of_any":4},"fullname":"_compression._Reader.Self","id":0,"name":"Self","namespace":"","upper_bound":"_compression._Reader","values":[],"variance":0},"slots":null,"tuple_type":null,"type_vars":[],"typeddict_type":null}},"__annotations__":{".class":"SymbolTableNode","kind":"Gdef","node":{".class":"Var","flags":["is_ready"],"fullname":"_compression.__annotations__","name":"__annotations__","setter_type":null,"type":{".class":"Instance","args":["builtins.str",{".class":"AnyType","missing_import_name":null,"source_any":null,"type_of_any":6}],"extra_attrs":null,"type_ref":"builtins.dict"}}},"__doc__":{".class":"SymbolTableNode","kind":"Gdef","node":{".class":"Var","flags":["is_ready"],"fullname":"_compression.__doc__","name":"__doc__","setter_type":null,"type":"builtins.str"}},"__file__":{".class":"SymbolTableNode","kind":"Gdef","node":{".class":"Var","flags":["is_ready"],"fullname":"_compression.__file__","name":"__file__","setter_type":null,"type":"builtins.str"}},"__name__":{".class":"SymbolTableNode","kind":"Gdef","node":{".class":"Var","flags":["is_ready"],"fullname":"_compression.__name__","name":"__name__","setter_type":null,"type":"builtins.str"}},"__package__":{".class":"SymbolTableNode","kind":"Gdef","node":{".class":"Var","flags":["is_ready"],"fullname":"_compression.__package__","name":"__package__","setter_type":null,"type":"builtins.str"}},"__spec__":{".class":"SymbolTableNode","kind":"Gdef","node":{".class":"Var","flags":["is_ready"],"fullname":"_compression.__spec__","name":"__spec__","setter_type":null,"type":"_frozen_importlib.ModuleSpec"}},"type_check_only":{".class":"SymbolTableNode","cross_ref":"typing.type_check_only","kind":"Gdef","module_hidden":true,"module_public":false}},"path":"C:\\Users\\Vasilis\\AppData\\Local\\Programs\\Python\\Python313\\Lib\\site-packages\\mypy\\typeshed\\stdlib\\_compression.pyi"}