{".class":"MypyFile","_fullname":"_contextvars","future_import_flags":[],"is_partial_stub_package":false,"is_stub":true,"names":{".class":"SymbolTable","Any":{".class":"SymbolTableNode","cross_ref":"typing.Any","kind":"Gdef","module_hidden":true,"module_public":false},"Callable":{".class":"SymbolTableNode","cross_ref":"typing.Callable","kind":"Gdef","module_hidden":true,"module_public":false},"ClassVar":{".class":"SymbolTableNode","cross_ref":"typing.ClassVar","kind":"Gdef","module_hidden":true,"module_public":false},"Context":{".class":"SymbolTableNode","kind":"Gdef","node":{".class":"TypeInfo","_promote":[],"abstract_attributes":[],"alt_promote":null,"bases":[{".class":"Instance","args":[{".class":"Instance","args":[{".class":"AnyType","missing_import_name":null,"source_any":null,"type_of_any":2}],"extra_attrs":null,"type_ref":"_contextvars.ContextVar"},{".class":"AnyType","missing_import_name":null,"source_any":null,"type_of_any":2}],"extra_attrs":null,"type_ref":"typing.Mapping"}],"dataclass_transform_spec":null,"declared_metaclass":null,"defn":{".class":"ClassDef","fullname":"_contextvars.Context","name":"Context","type_vars":[]},"deletable_attributes":[],"deprecated":null,"flags":["is_final"],"fullname":"_contextvars.Context","has_param_spec_type":false,"metaclass_type":"abc.ABCMeta","metadata":{},"module_name":"_contextvars","mro":["_contextvars.Context","typing.Mapping","typing.Collection","typing.Iterable","typing.Container","builtins.object"],"names":{".class":"SymbolTable","__eq__":{".class":"SymbolTableNode","kind":"Mdef","node":{".class":"FuncDef","abstract_status":0,"arg_kinds":[0,0],"arg_names":[null,null],"dataclass_transform_spec":null,"deprecated":null,"flags":["is_trivial_self"],"fullname":"_contextvars.Context.__eq__","name":"__eq__","original_first_arg":"self","type":{".class":"CallableType","arg_kinds":[0,0],"arg_names":[null,null],"arg_types":["_contextvars.Context","builtins.object"],"fallback":"builtins.function","from_concatenate":false,"implicit":false,"imprecise_arg_kinds":false,"is_bound":false,"is_ellipsis_args":false,"name":"__eq__ of Context","ret_type":"builtins.bool","type_guard":null,"type_is":null,"unpack_kwargs":false,"variables":[]}}},"__getitem__":{".class":"SymbolTableNode","kind":"Mdef","node":{".class":"FuncDef","abstract_status":0,"arg_kinds":[0,0],"arg_names":[null,null],"dataclass_transform_spec":null,"deprecated":null,"flags":["is_trivial_self"],"fullname":"_contextvars.Context.__getitem__","name":"__getitem__","original_first_arg":"self","type":{".class":"CallableType","arg_kinds":[0,0],"arg_names":[null,null],"arg_types":["_contextvars.Context",{".class":"Instance","args":[{".class":"TypeVarType","default":{".class":"AnyType","missing_import_name":null,"source_any":null,"type_of_any":4},"fullname":"_contextvars._T","id":-1,"name":"_T","namespace":"_contextvars.Context.__getitem__","upper_bound":"builtins.object","values":[],"variance":0}],"extra_attrs":null,"type_ref":"_contextvars.ContextVar"}],"fallback":"builtins.function","from_concatenate":false,"implicit":false,"imprecise_arg_kinds":false,"is_bound":false,"is_ellipsis_args":false,"name":"__getitem__ of Context","ret_type":{".class":"TypeVarType","default":{".class":"AnyType","missing_import_name":null,"source_any":null,"type_of_any":4},"fullname":"_contextvars._T","id":-1,"name":"_T","namespace":"_contextvars.Context.__getitem__","upper_bound":"builtins.object","values":[],"variance":0},"type_guard":null,"type_is":null,"unpack_kwargs":false,"variables":[{".class":"TypeVarType","default":{".class":"AnyType","missing_import_name":null,"source_any":null,"type_of_any":4},"fullname":"_contextvars._T","id":-1,"name":"_T","namespace":"_contextvars.Context.__getitem__","upper_bound":"builtins.object","values":[],"variance":0}]}}},"__hash__":{".class":"SymbolTableNode","kind":"Mdef","node":{".class":"Var","flags":["is_initialized_in_class","is_classvar","is_ready"],"fullname":"_contextvars.Context.__hash__","name":"__hash__","setter_type":null,"type":{".class":"NoneType"}}},"__init__":{".class":"SymbolTableNode","kind":"Mdef","node":{".class":"FuncDef","abstract_status":0,"arg_kinds":[0],"arg_names":["self"],"dataclass_transform_spec":null,"deprecated":null,"flags":["is_trivial_self"],"fullname":"_contextvars.Context.__init__","name":"__init__","original_first_arg":"self","type":{".class":"CallableType","arg_kinds":[0],"arg_names":["self"],"arg_types":["_contextvars.Context"],"fallback":"builtins.function","from_concatenate":false,"implicit":false,"imprecise_arg_kinds":false,"is_bound":false,"is_ellipsis_args":false,"name":"__init__ of Context","ret_type":{".class":"NoneType"},"type_guard":null,"type_is":null,"unpack_kwargs":false,"variables":[]}}},"__iter__":{".class":"SymbolTableNode","kind":"Mdef","node":{".class":"FuncDef","abstract_status":0,"arg_kinds":[0],"arg_names":[null],"dataclass_transform_spec":null,"deprecated":null,"flags":["is_trivial_self"],"fullname":"_contextvars.Context.__iter__","name":"__iter__","original_first_arg":"self","type":{".class":"CallableType","arg_kinds":[0],"arg_names":[null],"arg_types":["_contextvars.Context"],"fallback":"builtins.function","from_concatenate":false,"implicit":false,"imprecise_arg_kinds":false,"is_bound":false,"is_ellipsis_args":false,"name":"__iter__ of Context","ret_type":{".class":"Instance","args":[{".class":"Instance","args":[{".class":"AnyType","missing_import_name":null,"source_any":null,"type_of_any":2}],"extra_attrs":null,"type_ref":"_contextvars.ContextVar"}],"extra_attrs":null,"type_ref":"typing.Iterator"},"type_guard":null,"type_is":null,"unpack_kwargs":false,"variables":[]}}},"__len__":{".class":"SymbolTableNode","kind":"Mdef","node":{".class":"FuncDef","abstract_status":0,"arg_kinds":[0],"arg_names":[null],"dataclass_transform_spec":null,"deprecated":null,"flags":["is_trivial_self"],"fullname":"_contextvars.Context.__len__","name":"__len__","original_first_arg":"self","type":{".class":"CallableType","arg_kinds":[0],"arg_names":[null],"arg_types":["_contextvars.Context"],"fallback":"builtins.function","from_concatenate":false,"implicit":false,"imprecise_arg_kinds":false,"is_bound":false,"is_ellipsis_args":false,"name":"__len__ of Context","ret_type":"builtins.int","type_guard":null,"type_is":null,"unpack_kwargs":false,"variables":[]}}},"copy":{".class":"SymbolTableNode","kind":"Mdef","node":{".class":"FuncDef","abstract_status":0,"arg_kinds":[0],"arg_names":["self"],"dataclass_transform_spec":null,"deprecated":null,"flags":["is_trivial_self"],"fullname":"_contextvars.Context.copy","name":"copy","original_first_arg":"self","type":{".class":"CallableType","arg_kinds":[0],"arg_names":["self"],"arg_types":["_contextvars.Context"],"fallback":"builtins.function","from_concatenate":false,"implicit":false,"imprecise_arg_kinds":false,"is_bound":false,"is_ellipsis_args":false,"name":"copy of Context","ret_type":"_contextvars.Context","type_guard":null,"type_is":null,"unpack_kwargs":false,"variables":[]}}},"get":{".class":"SymbolTableNode","kind":"Mdef","node":{".class":"OverloadedFuncDef","deprecated":null,"flags":[],"fullname":"_contextvars.Context.get","impl":null,"items":[{".class":"Decorator","func":{".class":"FuncDef","abstract_status":0,"arg_kinds":[0,0,1],"arg_names":[null,null,null],"dataclass_transform_spec":null,"deprecated":null,"flags":["is_overload","is_decorated","is_trivial_self"],"fullname":"_contextvars.Context.get","name":"get","original_first_arg":"self","type":{".class":"CallableType","arg_kinds":[0,0,1],"arg_names":[null,null,null],"arg_types":["_contextvars.Context",{".class":"Instance","args":[{".class":"TypeVarType","default":{".class":"AnyType","missing_import_name":null,"source_any":null,"type_of_any":4},"fullname":"_contextvars._T","id":-1,"name":"_T","namespace":"_contextvars.Context.get#0","upper_bound":"builtins.object","values":[],"variance":0}],"extra_attrs":null,"type_ref":"_contextvars.ContextVar"},{".class":"NoneType"}],"fallback":"builtins.function","from_concatenate":false,"implicit":false,"imprecise_arg_kinds":false,"is_bound":false,"is_ellipsis_args":false,"name":"get of Context","ret_type":{".class":"UnionType","items":[{".class":"TypeVarType","default":{".class":"AnyType","missing_import_name":null,"source_any":null,"type_of_any":4},"fullname":"_contextvars._T","id":-1,"name":"_T","namespace":"_contextvars.Context.get#0","upper_bound":"builtins.object","values":[],"variance":0},{".class":"NoneType"}],"uses_pep604_syntax":true},"type_guard":null,"type_is":null,"unpack_kwargs":false,"variables":[{".class":"TypeVarType","default":{".class":"AnyType","missing_import_name":null,"source_any":null,"type_of_any":4},"fullname":"_contextvars._T","id":-1,"name":"_T","namespace":"_contextvars.Context.get#0","upper_bound":"builtins.object","values":[],"variance":0}]}},"is_overload":true,"var":{".class":"Var","flags":["is_ready","is_inferred"],"fullname":"_contextvars.Context.get","name":"get","setter_type":null,"type":{".class":"CallableType","arg_kinds":[0,0,1],"arg_names":[null,null,null],"arg_types":["_contextvars.Context",{".class":"Instance","args":[{".class":"TypeVarType","default":{".class":"AnyType","missing_import_name":null,"source_any":null,"type_of_any":4},"fullname":"_contextvars._T","id":-1,"name":"_T","namespace":"_contextvars.Context.get#0","upper_bound":"builtins.object","values":[],"variance":0}],"extra_attrs":null,"type_ref":"_contextvars.ContextVar"},{".class":"NoneType"}],"fallback":"builtins.function","from_concatenate":false,"implicit":false,"imprecise_arg_kinds":false,"is_bound":false,"is_ellipsis_args":false,"name":"get of Context","ret_type":{".class":"UnionType","items":[{".class":"TypeVarType","default":{".class":"AnyType","missing_import_name":null,"source_any":null,"type_of_any":4},"fullname":"_contextvars._T","id":-1,"name":"_T","namespace":"_contextvars.Context.get#0","upper_bound":"builtins.object","values":[],"variance":0},{".class":"NoneType"}],"uses_pep604_syntax":true},"type_guard":null,"type_is":null,"unpack_kwargs":false,"variables":[{".class":"TypeVarType","default":{".class":"AnyType","missing_import_name":null,"source_any":null,"type_of_any":4},"fullname":"_contextvars._T","id":-1,"name":"_T","namespace":"_contextvars.Context.get#0","upper_bound":"builtins.object","values":[],"variance":0}]}}},{".class":"Decorator","func":{".class":"FuncDef","abstract_status":0,"arg_kinds":[0,0,0],"arg_names":[null,null,null],"dataclass_transform_spec":null,"deprecated":null,"flags":["is_overload","is_decorated","is_trivial_self"],"fullname":"_contextvars.Context.get","name":"get","original_first_arg":"self","type":{".class":"CallableType","arg_kinds":[0,0,0],"arg_names":[null,null,null],"arg_types":["_contextvars.Context",{".class":"Instance","args":[{".class":"TypeVarType","default":{".class":"AnyType","missing_import_name":null,"source_any":null,"type_of_any":4},"fullname":"_contextvars._T","id":-1,"name":"_T","namespace":"_contextvars.Context.get#1","upper_bound":"builtins.object","values":[],"variance":0}],"extra_attrs":null,"type_ref":"_contextvars.ContextVar"},{".class":"TypeVarType","default":{".class":"AnyType","missing_import_name":null,"source_any":null,"type_of_any":4},"fullname":"_contextvars._T","id":-1,"name":"_T","namespace":"_contextvars.Context.get#1","upper_bound":"builtins.object","values":[],"variance":0}],"fallback":"builtins.function","from_concatenate":false,"implicit":false,"imprecise_arg_kinds":false,"is_bound":false,"is_ellipsis_args":false,"name":"get of Context","ret_type":{".class":"TypeVarType","default":{".class":"AnyType","missing_import_name":null,"source_any":null,"type_of_any":4},"fullname":"_contextvars._T","id":-1,"name":"_T","namespace":"_contextvars.Context.get#1","upper_bound":"builtins.object","values":[],"variance":0},"type_guard":null,"type_is":null,"unpack_kwargs":false,"variables":[{".class":"TypeVarType","default":{".class":"AnyType","missing_import_name":null,"source_any":null,"type_of_any":4},"fullname":"_contextvars._T","id":-1,"name":"_T","namespace":"_contextvars.Context.get#1","upper_bound":"builtins.object","values":[],"variance":0}]}},"is_overload":true,"var":{".class":"Var","flags":["is_ready","is_inferred"],"fullname":"_contextvars.Context.get","name":"get","setter_type":null,"type":{".class":"CallableType","arg_kinds":[0,0,0],"arg_names":[null,null,null],"arg_types":["_contextvars.Context",{".class":"Instance","args":[{".class":"TypeVarType","default":{".class":"AnyType","missing_import_name":null,"source_any":null,"type_of_any":4},"fullname":"_contextvars._T","id":-1,"name":"_T","namespace":"_contextvars.Context.get#1","upper_bound":"builtins.object","values":[],"variance":0}],"extra_attrs":null,"type_ref":"_contextvars.ContextVar"},{".class":"TypeVarType","default":{".class":"AnyType","missing_import_name":null,"source_any":null,"type_of_any":4},"fullname":"_contextvars._T","id":-1,"name":"_T","namespace":"_contextvars.Context.get#1","upper_bound":"builtins.object","values":[],"variance":0}],"fallback":"builtins.function","from_concatenate":false,"implicit":false,"imprecise_arg_kinds":false,"is_bound":false,"is_ellipsis_args":false,"name":"get of Context","ret_type":{".class":"TypeVarType","default":{".class":"AnyType","missing_import_name":null,"source_any":null,"type_of_any":4},"fullname":"_contextvars._T","id":-1,"name":"_T","namespace":"_contextvars.Context.get#1","upper_bound":"builtins.object","values":[],"variance":0},"type_guard":null,"type_is":null,"unpack_kwargs":false,"variables":[{".class":"TypeVarType","default":{".class":"AnyType","missing_import_name":null,"source_any":null,"type_of_any":4},"fullname":"_contextvars._T","id":-1,"name":"_T","namespace":"_contextvars.Context.get#1","upper_bound":"builtins.object","values":[],"variance":0}]}}},{".class":"Decorator","func":{".class":"FuncDef","abstract_status":0,"arg_kinds":[0,0,0],"arg_names":[null,null,null],"dataclass_transform_spec":null,"deprecated":null,"flags":["is_overload","is_decorated","is_trivial_self"],"fullname":"_contextvars.Context.get","name":"get","original_first_arg":"self","type":{".class":"CallableType","arg_kinds":[0,0,0],"arg_names":[null,null,null],"arg_types":["_contextvars.Context",{".class":"Instance","args":[{".class":"TypeVarType","default":{".class":"AnyType","missing_import_name":null,"source_any":null,"type_of_any":4},"fullname":"_contextvars._T","id":-1,"name":"_T","namespace":"_contextvars.Context.get","upper_bound":"builtins.object","values":[],"variance":0}],"extra_attrs":null,"type_ref":"_contextvars.ContextVar"},{".class":"TypeVarType","default":{".class":"AnyType","missing_import_name":null,"source_any":null,"type_of_any":4},"fullname":"_contextvars._D","id":-2,"name":"_D","namespace":"_contextvars.Context.get","upper_bound":"builtins.object","values":[],"variance":0}],"fallback":"builtins.function","from_concatenate":false,"implicit":false,"imprecise_arg_kinds":false,"is_bound":false,"is_ellipsis_args":false,"name":"get of Context","ret_type":{".class":"UnionType","items":[{".class":"TypeVarType","default":{".class":"AnyType","missing_import_name":null,"source_any":null,"type_of_any":4},"fullname":"_contextvars._T","id":-1,"name":"_T","namespace":"_contextvars.Context.get","upper_bound":"builtins.object","values":[],"variance":0},{".class":"TypeVarType","default":{".class":"AnyType","missing_import_name":null,"source_any":null,"type_of_any":4},"fullname":"_contextvars._D","id":-2,"name":"_D","namespace":"_contextvars.Context.get","upper_bound":"builtins.object","values":[],"variance":0}],"uses_pep604_syntax":true},"type_guard":null,"type_is":null,"unpack_kwargs":false,"variables":[{".class":"TypeVarType","default":{".class":"AnyType","missing_import_name":null,"source_any":null,"type_of_any":4},"fullname":"_contextvars._T","id":-1,"name":"_T","namespace":"_contextvars.Context.get","upper_bound":"builtins.object","values":[],"variance":0},{".class":"TypeVarType","default":{".class":"AnyType","missing_import_name":null,"source_any":null,"type_of_any":4},"fullname":"_contextvars._D","id":-2,"name":"_D","namespace":"_contextvars.Context.get","upper_bound":"builtins.object","values":[],"variance":0}]}},"is_overload":true,"var":{".class":"Var","flags":["is_ready","is_inferred"],"fullname":"_contextvars.Context.get","name":"get","setter_type":null,"type":{".class":"CallableType","arg_kinds":[0,0,0],"arg_names":[null,null,null],"arg_types":["_contextvars.Context",{".class":"Instance","args":[{".class":"TypeVarType","default":{".class":"AnyType","missing_import_name":null,"source_any":null,"type_of_any":4},"fullname":"_contextvars._T","id":-1,"name":"_T","namespace":"_contextvars.Context.get","upper_bound":"builtins.object","values":[],"variance":0}],"extra_attrs":null,"type_ref":"_contextvars.ContextVar"},{".class":"TypeVarType","default":{".class":"AnyType","missing_import_name":null,"source_any":null,"type_of_any":4},"fullname":"_contextvars._D","id":-2,"name":"_D","namespace":"_contextvars.Context.get","upper_bound":"builtins.object","values":[],"variance":0}],"fallback":"builtins.function","from_concatenate":false,"implicit":false,"imprecise_arg_kinds":false,"is_bound":false,"is_ellipsis_args":false,"name":"get of Context","ret_type":{".class":"UnionType","items":[{".class":"TypeVarType","default":{".class":"AnyType","missing_import_name":null,"source_any":null,"type_of_any":4},"fullname":"_contextvars._T","id":-1,"name":"_T","namespace":"_contextvars.Context.get","upper_bound":"builtins.object","values":[],"variance":0},{".class":"TypeVarType","default":{".class":"AnyType","missing_import_name":null,"source_any":null,"type_of_any":4},"fullname":"_contextvars._D","id":-2,"name":"_D","namespace":"_contextvars.Context.get","upper_bound":"builtins.object","values":[],"variance":0}],"uses_pep604_syntax":true},"type_guard":null,"type_is":null,"unpack_kwargs":false,"variables":[{".class":"TypeVarType","default":{".class":"AnyType","missing_import_name":null,"source_any":null,"type_of_any":4},"fullname":"_contextvars._T","id":-1,"name":"_T","namespace":"_contextvars.Context.get","upper_bound":"builtins.object","values":[],"variance":0},{".class":"TypeVarType","default":{".class":"AnyType","missing_import_name":null,"source_any":null,"type_of_any":4},"fullname":"_contextvars._D","id":-2,"name":"_D","namespace":"_contextvars.Context.get","upper_bound":"builtins.object","values":[],"variance":0}]}}}],"setter_index":null,"type":{".class":"Overloaded","items":[{".class":"CallableType","arg_kinds":[0,0,1],"arg_names":[null,null,null],"arg_types":["_contextvars.Context",{".class":"Instance","args":[{".class":"TypeVarType","default":{".class":"AnyType","missing_import_name":null,"source_any":null,"type_of_any":4},"fullname":"_contextvars._T","id":-1,"name":"_T","namespace":"_contextvars.Context.get#0","upper_bound":"builtins.object","values":[],"variance":0}],"extra_attrs":null,"type_ref":"_contextvars.ContextVar"},{".class":"NoneType"}],"fallback":"builtins.function","from_concatenate":false,"implicit":false,"imprecise_arg_kinds":false,"is_bound":false,"is_ellipsis_args":false,"name":"get of Context","ret_type":{".class":"UnionType","items":[{".class":"TypeVarType","default":{".class":"AnyType","missing_import_name":null,"source_any":null,"type_of_any":4},"fullname":"_contextvars._T","id":-1,"name":"_T","namespace":"_contextvars.Context.get#0","upper_bound":"builtins.object","values":[],"variance":0},{".class":"NoneType"}],"uses_pep604_syntax":true},"type_guard":null,"type_is":null,"unpack_kwargs":false,"variables":[{".class":"TypeVarType","default":{".class":"AnyType","missing_import_name":null,"source_any":null,"type_of_any":4},"fullname":"_contextvars._T","id":-1,"name":"_T","namespace":"_contextvars.Context.get#0","upper_bound":"builtins.object","values":[],"variance":0}]},{".class":"CallableType","arg_kinds":[0,0,0],"arg_names":[null,null,null],"arg_types":["_contextvars.Context",{".class":"Instance","args":[{".class":"TypeVarType","default":{".class":"AnyType","missing_import_name":null,"source_any":null,"type_of_any":4},"fullname":"_contextvars._T","id":-1,"name":"_T","namespace":"_contextvars.Context.get#1","upper_bound":"builtins.object","values":[],"variance":0}],"extra_attrs":null,"type_ref":"_contextvars.ContextVar"},{".class":"TypeVarType","default":{".class":"AnyType","missing_import_name":null,"source_any":null,"type_of_any":4},"fullname":"_contextvars._T","id":-1,"name":"_T","namespace":"_contextvars.Context.get#1","upper_bound":"builtins.object","values":[],"variance":0}],"fallback":"builtins.function","from_concatenate":false,"implicit":false,"imprecise_arg_kinds":false,"is_bound":false,"is_ellipsis_args":false,"name":"get of Context","ret_type":{".class":"TypeVarType","default":{".class":"AnyType","missing_import_name":null,"source_any":null,"type_of_any":4},"fullname":"_contextvars._T","id":-1,"name":"_T","namespace":"_contextvars.Context.get#1","upper_bound":"builtins.object","values":[],"variance":0},"type_guard":null,"type_is":null,"unpack_kwargs":false,"variables":[{".class":"TypeVarType","default":{".class":"AnyType","missing_import_name":null,"source_any":null,"type_of_any":4},"fullname":"_contextvars._T","id":-1,"name":"_T","namespace":"_contextvars.Context.get#1","upper_bound":"builtins.object","values":[],"variance":0}]},{".class":"CallableType","arg_kinds":[0,0,0],"arg_names":[null,null,null],"arg_types":["_contextvars.Context",{".class":"Instance","args":[{".class":"TypeVarType","default":{".class":"AnyType","missing_import_name":null,"source_any":null,"type_of_any":4},"fullname":"_contextvars._T","id":-1,"name":"_T","namespace":"_contextvars.Context.get","upper_bound":"builtins.object","values":[],"variance":0}],"extra_attrs":null,"type_ref":"_contextvars.ContextVar"},{".class":"TypeVarType","default":{".class":"AnyType","missing_import_name":null,"source_any":null,"type_of_any":4},"fullname":"_contextvars._D","id":-2,"name":"_D","namespace":"_contextvars.Context.get","upper_bound":"builtins.object","values":[],"variance":0}],"fallback":"builtins.function","from_concatenate":false,"implicit":false,"imprecise_arg_kinds":false,"is_bound":false,"is_ellipsis_args":false,"name":"get of Context","ret_type":{".class":"UnionType","items":[{".class":"TypeVarType","default":{".class":"AnyType","missing_import_name":null,"source_any":null,"type_of_any":4},"fullname":"_contextvars._T","id":-1,"name":"_T","namespace":"_contextvars.Context.get","upper_bound":"builtins.object","values":[],"variance":0},{".class":"TypeVarType","default":{".class":"AnyType","missing_import_name":null,"source_any":null,"type_of_any":4},"fullname":"_contextvars._D","id":-2,"name":"_D","namespace":"_contextvars.Context.get","upper_bound":"builtins.object","values":[],"variance":0}],"uses_pep604_syntax":true},"type_guard":null,"type_is":null,"unpack_kwargs":false,"variables":[{".class":"TypeVarType","default":{".class":"AnyType","missing_import_name":null,"source_any":null,"type_of_any":4},"fullname":"_contextvars._T","id":-1,"name":"_T","namespace":"_contextvars.Context.get","upper_bound":"builtins.object","values":[],"variance":0},{".class":"TypeVarType","default":{".class":"AnyType","missing_import_name":null,"source_any":null,"type_of_any":4},"fullname":"_contextvars._D","id":-2,"name":"_D","namespace":"_contextvars.Context.get","upper_bound":"builtins.object","values":[],"variance":0}]}]}}},"run":{".class":"SymbolTableNode","kind":"Mdef","node":{".class":"FuncDef","abstract_status":0,"arg_kinds":[0,0,2,4],"arg_names":["self","callable","args","kwargs"],"dataclass_transform_spec":null,"deprecated":null,"flags":["is_trivial_self"],"fullname":"_contextvars.Context.run","name":"run","original_first_arg":"self","type":{".class":"CallableType","arg_kinds":[0,0,2,4],"arg_names":["self","callable","args","kwargs"],"arg_types":["_contextvars.Context",{".class":"CallableType","arg_kinds":[2,4],"arg_names":[null,null],"arg_types":[{".class":"ParamSpecType","default":{".class":"AnyType","missing_import_name":null,"source_any":null,"type_of_any":4},"flavor":1,"fullname":"_contextvars._P","id":-1,"name":"_P","namespace":"_contextvars.Context.run","prefix":{".class":"Parameters","arg_kinds":[],"arg_names":[],"arg_types":[],"imprecise_arg_kinds":false,"variables":[]},"upper_bound":{".class":"Instance","args":["builtins.object"],"extra_attrs":null,"type_ref":"builtins.tuple"}},{".class":"ParamSpecType","default":{".class":"AnyType","missing_import_name":null,"source_any":null,"type_of_any":4},"flavor":2,"fullname":"_contextvars._P","id":-1,"name":"_P","namespace":"_contextvars.Context.run","prefix":{".class":"Parameters","arg_kinds":[],"arg_names":[],"arg_types":[],"imprecise_arg_kinds":false,"variables":[]},"upper_bound":{".class":"Instance","args":["builtins.str","builtins.object"],"extra_attrs":null,"type_ref":"builtins.dict"}}],"fallback":"builtins.function","from_concatenate":false,"implicit":false,"imprecise_arg_kinds":false,"is_bound":false,"is_ellipsis_args":false,"name":null,"ret_type":{".class":"TypeVarType","default":{".class":"AnyType","missing_import_name":null,"source_any":null,"type_of_any":4},"fullname":"_contextvars._T","id":-2,"name":"_T","namespace":"_contextvars.Context.run","upper_bound":"builtins.object","values":[],"variance":0},"type_guard":null,"type_is":null,"unpack_kwargs":false,"variables":[]},{".class":"ParamSpecType","default":{".class":"AnyType","missing_import_name":null,"source_any":null,"type_of_any":4},"flavor":1,"fullname":"_contextvars._P","id":-1,"name":"_P","namespace":"_contextvars.Context.run","prefix":{".class":"Parameters","arg_kinds":[],"arg_names":[],"arg_types":[],"imprecise_arg_kinds":false,"variables":[]},"upper_bound":{".class":"Instance","args":["builtins.object"],"extra_attrs":null,"type_ref":"builtins.tuple"}},{".class":"ParamSpecType","default":{".class":"AnyType","missing_import_name":null,"source_any":null,"type_of_any":4},"flavor":2,"fullname":"_contextvars._P","id":-1,"name":"_P","namespace":"_contextvars.Context.run","prefix":{".class":"Parameters","arg_kinds":[],"arg_names":[],"arg_types":[],"imprecise_arg_kinds":false,"variables":[]},"upper_bound":{".class":"Instance","args":["builtins.str","builtins.object"],"extra_attrs":null,"type_ref":"builtins.dict"}}],"fallback":"builtins.function","from_concatenate":false,"implicit":false,"imprecise_arg_kinds":false,"is_bound":false,"is_ellipsis_args":false,"name":"run of Context","ret_type":{".class":"TypeVarType","default":{".class":"AnyType","missing_import_name":null,"source_any":null,"type_of_any":4},"fullname":"_contextvars._T","id":-2,"name":"_T","namespace":"_contextvars.Context.run","upper_bound":"builtins.object","values":[],"variance":0},"type_guard":null,"type_is":null,"unpack_kwargs":false,"variables":[{".class":"ParamSpecType","default":{".class":"AnyType","missing_import_name":null,"source_any":null,"type_of_any":4},"flavor":0,"fullname":"_contextvars._P","id":-1,"name":"_P","namespace":"_contextvars.Context.run","prefix":{".class":"Parameters","arg_kinds":[],"arg_names":[],"arg_types":[],"imprecise_arg_kinds":false,"variables":[]},"upper_bound":"builtins.object"},{".class":"TypeVarType","default":{".class":"AnyType","missing_import_name":null,"source_any":null,"type_of_any":4},"fullname":"_contextvars._T","id":-2,"name":"_T","namespace":"_contextvars.Context.run","upper_bound":"builtins.object","values":[],"variance":0}]}}}},"self_type":{".class":"TypeVarType","default":{".class":"AnyType","missing_import_name":null,"source_any":null,"type_of_any":4},"fullname":"_contextvars.Context.Self","id":0,"name":"Self","namespace":"","upper_bound":"_contextvars.Context","values":[],"variance":0},"slots":null,"tuple_type":null,"type_vars":[],"typeddict_type":null}},"ContextVar":{".class":"SymbolTableNode","kind":"Gdef","node":{".class":"TypeInfo","_promote":[],"abstract_attributes":[],"alt_promote":null,"bases":["builtins.object"],"dataclass_transform_spec":null,"declared_metaclass":null,"defn":{".class":"ClassDef","fullname":"_contextvars.ContextVar","name":"ContextVar","type_vars":[{".class":"TypeVarType","default":{".class":"AnyType","missing_import_name":null,"source_any":null,"type_of_any":4},"fullname":"_contextvars._T","id":1,"name":"_T","namespace":"_contextvars.ContextVar","upper_bound":"builtins.object","values":[],"variance":0}]},"deletable_attributes":[],"deprecated":null,"flags":["is_final"],"fullname":"_contextvars.ContextVar","has_param_spec_type":false,"metaclass_type":null,"metadata":{},"module_name":"_contextvars","mro":["_contextvars.ContextVar","builtins.object"],"names":{".class":"SymbolTable","__class_getitem__":{".class":"SymbolTableNode","kind":"Mdef","node":{".class":"FuncDef","abstract_status":0,"arg_kinds":[0,0],"arg_names":[null,null],"dataclass_transform_spec":null,"deprecated":null,"flags":["is_class","is_trivial_self"],"fullname":"_contextvars.ContextVar.__class_getitem__","name":"__class_getitem__","original_first_arg":"cls","type":{".class":"CallableType","arg_kinds":[0,0],"arg_names":[null,null],"arg_types":[{".class":"TypeType","item":{".class":"Instance","args":[{".class":"TypeVarType","default":{".class":"AnyType","missing_import_name":null,"source_any":null,"type_of_any":4},"fullname":"_contextvars._T","id":1,"name":"_T","namespace":"_contextvars.ContextVar","upper_bound":"builtins.object","values":[],"variance":0}],"extra_attrs":null,"type_ref":"_contextvars.ContextVar"}},{".class":"AnyType","missing_import_name":null,"source_any":null,"type_of_any":2}],"fallback":"builtins.function","from_concatenate":false,"implicit":false,"imprecise_arg_kinds":false,"is_bound":false,"is_ellipsis_args":false,"name":"__class_getitem__ of ContextVar","ret_type":"types.GenericAlias","type_guard":null,"type_is":null,"unpack_kwargs":false,"variables":[]}}},"__hash__":{".class":"SymbolTableNode","kind":"Mdef","node":{".class":"FuncDef","abstract_status":0,"arg_kinds":[0],"arg_names":["self"],"dataclass_transform_spec":null,"deprecated":null,"flags":["is_trivial_self"],"fullname":"_contextvars.ContextVar.__hash__","name":"__hash__","original_first_arg":"self","type":{".class":"CallableType","arg_kinds":[0],"arg_names":["self"],"arg_types":[{".class":"Instance","args":[{".class":"TypeVarType","default":{".class":"AnyType","missing_import_name":null,"source_any":null,"type_of_any":4},"fullname":"_contextvars._T","id":1,"name":"_T","namespace":"_contextvars.ContextVar","upper_bound":"builtins.object","values":[],"variance":0}],"extra_attrs":null,"type_ref":"_contextvars.ContextVar"}],"fallback":"builtins.function","from_concatenate":false,"implicit":false,"imprecise_arg_kinds":false,"is_bound":false,"is_ellipsis_args":false,"name":"__hash__ of ContextVar","ret_type":"builtins.int","type_guard":null,"type_is":null,"unpack_kwargs":false,"variables":[]}}},"__new__":{".class":"SymbolTableNode","kind":"Mdef","node":{".class":"OverloadedFuncDef","deprecated":null,"flags":["is_static"],"fullname":"_contextvars.ContextVar.__new__","impl":null,"items":[{".class":"Decorator","func":{".class":"FuncDef","abstract_status":0,"arg_kinds":[0,0],"arg_names":["cls","name"],"dataclass_transform_spec":null,"deprecated":null,"flags":["is_static","is_overload","is_decorated"],"fullname":"_contextvars.ContextVar.__new__","name":"__new__","original_first_arg":"cls","type":{".class":"CallableType","arg_kinds":[0,0],"arg_names":["cls","name"],"arg_types":[{".class":"TypeType","item":{".class":"TypeVarType","default":{".class":"AnyType","missing_import_name":null,"source_any":null,"type_of_any":4},"fullname":"_contextvars.ContextVar.Self","id":0,"name":"Self","namespace":"","upper_bound":{".class":"Instance","args":[{".class":"TypeVarType","default":{".class":"AnyType","missing_import_name":null,"source_any":null,"type_of_any":4},"fullname":"_contextvars._T","id":1,"name":"_T","namespace":"_contextvars.ContextVar","upper_bound":"builtins.object","values":[],"variance":0}],"extra_attrs":null,"type_ref":"_contextvars.ContextVar"},"values":[],"variance":0}},"builtins.str"],"fallback":"builtins.function","from_concatenate":false,"implicit":false,"imprecise_arg_kinds":false,"is_bound":false,"is_ellipsis_args":false,"name":"__new__ of ContextVar","ret_type":{".class":"Instance","args":[{".class":"TypeVarType","default":{".class":"AnyType","missing_import_name":null,"source_any":null,"type_of_any":4},"fullname":"_contextvars._T","id":1,"name":"_T","namespace":"_contextvars.ContextVar","upper_bound":"builtins.object","values":[],"variance":0}],"extra_attrs":null,"type_ref":"_contextvars.ContextVar"},"type_guard":null,"type_is":null,"unpack_kwargs":false,"variables":[{".class":"TypeVarType","default":{".class":"AnyType","missing_import_name":null,"source_any":null,"type_of_any":4},"fullname":"_contextvars.ContextVar.Self","id":0,"name":"Self","namespace":"","upper_bound":{".class":"Instance","args":[{".class":"TypeVarType","default":{".class":"AnyType","missing_import_name":null,"source_any":null,"type_of_any":4},"fullname":"_contextvars._T","id":1,"name":"_T","namespace":"_contextvars.ContextVar","upper_bound":"builtins.object","values":[],"variance":0}],"extra_attrs":null,"type_ref":"_contextvars.ContextVar"},"values":[],"variance":0}]}},"is_overload":true,"var":{".class":"Var","flags":["is_ready","is_inferred"],"fullname":"_contextvars.ContextVar.__new__","name":"__new__","setter_type":null,"type":{".class":"CallableType","arg_kinds":[0,0],"arg_names":["cls","name"],"arg_types":[{".class":"TypeType","item":{".class":"TypeVarType","default":{".class":"AnyType","missing_import_name":null,"source_any":null,"type_of_any":4},"fullname":"_contextvars.ContextVar.Self","id":0,"name":"Self","namespace":"","upper_bound":{".class":"Instance","args":[{".class":"TypeVarType","default":{".class":"AnyType","missing_import_name":null,"source_any":null,"type_of_any":4},"fullname":"_contextvars._T","id":1,"name":"_T","namespace":"_contextvars.ContextVar","upper_bound":"builtins.object","values":[],"variance":0}],"extra_attrs":null,"type_ref":"_contextvars.ContextVar"},"values":[],"variance":0}},"builtins.str"],"fallback":"builtins.function","from_concatenate":false,"implicit":false,"imprecise_arg_kinds":false,"is_bound":false,"is_ellipsis_args":false,"name":"__new__ of ContextVar","ret_type":{".class":"Instance","args":[{".class":"TypeVarType","default":{".class":"AnyType","missing_import_name":null,"source_any":null,"type_of_any":4},"fullname":"_contextvars._T","id":1,"name":"_T","namespace":"_contextvars.ContextVar","upper_bound":"builtins.object","values":[],"variance":0}],"extra_attrs":null,"type_ref":"_contextvars.ContextVar"},"type_guard":null,"type_is":null,"unpack_kwargs":false,"variables":[{".class":"TypeVarType","default":{".class":"AnyType","missing_import_name":null,"source_any":null,"type_of_any":4},"fullname":"_contextvars.ContextVar.Self","id":0,"name":"Self","namespace":"","upper_bound":{".class":"Instance","args":[{".class":"TypeVarType","default":{".class":"AnyType","missing_import_name":null,"source_any":null,"type_of_any":4},"fullname":"_contextvars._T","id":1,"name":"_T","namespace":"_contextvars.ContextVar","upper_bound":"builtins.object","values":[],"variance":0}],"extra_attrs":null,"type_ref":"_contextvars.ContextVar"},"values":[],"variance":0}]}}},{".class":"Decorator","func":{".class":"FuncDef","abstract_status":0,"arg_kinds":[0,0,3],"arg_names":["cls","name","default"],"dataclass_transform_spec":null,"deprecated":null,"flags":["is_static","is_overload","is_decorated"],"fullname":"_contextvars.ContextVar.__new__","name":"__new__","original_first_arg":"cls","type":{".class":"CallableType","arg_kinds":[0,0,3],"arg_names":["cls","name","default"],"arg_types":[{".class":"TypeType","item":{".class":"TypeVarType","default":{".class":"AnyType","missing_import_name":null,"source_any":null,"type_of_any":4},"fullname":"_contextvars.ContextVar.Self","id":0,"name":"Self","namespace":"","upper_bound":{".class":"Instance","args":[{".class":"TypeVarType","default":{".class":"AnyType","missing_import_name":null,"source_any":null,"type_of_any":4},"fullname":"_contextvars._T","id":1,"name":"_T","namespace":"_contextvars.ContextVar","upper_bound":"builtins.object","values":[],"variance":0}],"extra_attrs":null,"type_ref":"_contextvars.ContextVar"},"values":[],"variance":0}},"builtins.str",{".class":"TypeVarType","default":{".class":"AnyType","missing_import_name":null,"source_any":null,"type_of_any":4},"fullname":"_contextvars._T","id":1,"name":"_T","namespace":"_contextvars.ContextVar","upper_bound":"builtins.object","values":[],"variance":0}],"fallback":"builtins.function","from_concatenate":false,"implicit":false,"imprecise_arg_kinds":false,"is_bound":false,"is_ellipsis_args":false,"name":"__new__ of ContextVar","ret_type":{".class":"Instance","args":[{".class":"TypeVarType","default":{".class":"AnyType","missing_import_name":null,"source_any":null,"type_of_any":4},"fullname":"_contextvars._T","id":1,"name":"_T","namespace":"_contextvars.ContextVar","upper_bound":"builtins.object","values":[],"variance":0}],"extra_attrs":null,"type_ref":"_contextvars.ContextVar"},"type_guard":null,"type_is":null,"unpack_kwargs":false,"variables":[{".class":"TypeVarType","default":{".class":"AnyType","missing_import_name":null,"source_any":null,"type_of_any":4},"fullname":"_contextvars.ContextVar.Self","id":0,"name":"Self","namespace":"","upper_bound":{".class":"Instance","args":[{".class":"TypeVarType","default":{".class":"AnyType","missing_import_name":null,"source_any":null,"type_of_any":4},"fullname":"_contextvars._T","id":1,"name":"_T","namespace":"_contextvars.ContextVar","upper_bound":"builtins.object","values":[],"variance":0}],"extra_attrs":null,"type_ref":"_contextvars.ContextVar"},"values":[],"variance":0}]}},"is_overload":true,"var":{".class":"Var","flags":["is_ready","is_inferred"],"fullname":"_contextvars.ContextVar.__new__","name":"__new__","setter_type":null,"type":{".class":"CallableType","arg_kinds":[0,0,3],"arg_names":["cls","name","default"],"arg_types":[{".class":"TypeType","item":{".class":"TypeVarType","default":{".class":"AnyType","missing_import_name":null,"source_any":null,"type_of_any":4},"fullname":"_contextvars.ContextVar.Self","id":0,"name":"Self","namespace":"","upper_bound":{".class":"Instance","args":[{".class":"TypeVarType","default":{".class":"AnyType","missing_import_name":null,"source_any":null,"type_of_any":4},"fullname":"_contextvars._T","id":1,"name":"_T","namespace":"_contextvars.ContextVar","upper_bound":"builtins.object","values":[],"variance":0}],"extra_attrs":null,"type_ref":"_contextvars.ContextVar"},"values":[],"variance":0}},"builtins.str",{".class":"TypeVarType","default":{".class":"AnyType","missing_import_name":null,"source_any":null,"type_of_any":4},"fullname":"_contextvars._T","id":1,"name":"_T","namespace":"_contextvars.ContextVar","upper_bound":"builtins.object","values":[],"variance":0}],"fallback":"builtins.function","from_concatenate":false,"implicit":false,"imprecise_arg_kinds":false,"is_bound":false,"is_ellipsis_args":false,"name":"__new__ of ContextVar","ret_type":{".class":"Instance","args":[{".class":"TypeVarType","default":{".class":"AnyType","missing_import_name":null,"source_any":null,"type_of_any":4},"fullname":"_contextvars._T","id":1,"name":"_T","namespace":"_contextvars.ContextVar","upper_bound":"builtins.object","values":[],"variance":0}],"extra_attrs":null,"type_ref":"_contextvars.ContextVar"},"type_guard":null,"type_is":null,"unpack_kwargs":false,"variables":[{".class":"TypeVarType","default":{".class":"AnyType","missing_import_name":null,"source_any":null,"type_of_any":4},"fullname":"_contextvars.ContextVar.Self","id":0,"name":"Self","namespace":"","upper_bound":{".class":"Instance","args":[{".class":"TypeVarType","default":{".class":"AnyType","missing_import_name":null,"source_any":null,"type_of_any":4},"fullname":"_contextvars._T","id":1,"name":"_T","namespace":"_contextvars.ContextVar","upper_bound":"builtins.object","values":[],"variance":0}],"extra_attrs":null,"type_ref":"_contextvars.ContextVar"},"values":[],"variance":0}]}}}],"setter_index":null,"type":{".class":"Overloaded","items":[{".class":"CallableType","arg_kinds":[0,0],"arg_names":["cls","name"],"arg_types":[{".class":"TypeType","item":{".class":"TypeVarType","default":{".class":"AnyType","missing_import_name":null,"source_any":null,"type_of_any":4},"fullname":"_contextvars.ContextVar.Self","id":0,"name":"Self","namespace":"","upper_bound":{".class":"Instance","args":[{".class":"TypeVarType","default":{".class":"AnyType","missing_import_name":null,"source_any":null,"type_of_any":4},"fullname":"_contextvars._T","id":1,"name":"_T","namespace":"_contextvars.ContextVar","upper_bound":"builtins.object","values":[],"variance":0}],"extra_attrs":null,"type_ref":"_contextvars.ContextVar"},"values":[],"variance":0}},"builtins.str"],"fallback":"builtins.function","from_concatenate":false,"implicit":false,"imprecise_arg_kinds":false,"is_bound":false,"is_ellipsis_args":false,"name":"__new__ of ContextVar","ret_type":{".class":"Instance","args":[{".class":"TypeVarType","default":{".class":"AnyType","missing_import_name":null,"source_any":null,"type_of_any":4},"fullname":"_contextvars._T","id":1,"name":"_T","namespace":"_contextvars.ContextVar","upper_bound":"builtins.object","values":[],"variance":0}],"extra_attrs":null,"type_ref":"_contextvars.ContextVar"},"type_guard":null,"type_is":null,"unpack_kwargs":false,"variables":[{".class":"TypeVarType","default":{".class":"AnyType","missing_import_name":null,"source_any":null,"type_of_any":4},"fullname":"_contextvars.ContextVar.Self","id":0,"name":"Self","namespace":"","upper_bound":{".class":"Instance","args":[{".class":"TypeVarType","default":{".class":"AnyType","missing_import_name":null,"source_any":null,"type_of_any":4},"fullname":"_contextvars._T","id":1,"name":"_T","namespace":"_contextvars.ContextVar","upper_bound":"builtins.object","values":[],"variance":0}],"extra_attrs":null,"type_ref":"_contextvars.ContextVar"},"values":[],"variance":0}]},{".class":"CallableType","arg_kinds":[0,0,3],"arg_names":["cls","name","default"],"arg_types":[{".class":"TypeType","item":{".class":"TypeVarType","default":{".class":"AnyType","missing_import_name":null,"source_any":null,"type_of_any":4},"fullname":"_contextvars.ContextVar.Self","id":0,"name":"Self","namespace":"","upper_bound":{".class":"Instance","args":[{".class":"TypeVarType","default":{".class":"AnyType","missing_import_name":null,"source_any":null,"type_of_any":4},"fullname":"_contextvars._T","id":1,"name":"_T","namespace":"_contextvars.ContextVar","upper_bound":"builtins.object","values":[],"variance":0}],"extra_attrs":null,"type_ref":"_contextvars.ContextVar"},"values":[],"variance":0}},"builtins.str",{".class":"TypeVarType","default":{".class":"AnyType","missing_import_name":null,"source_any":null,"type_of_any":4},"fullname":"_contextvars._T","id":1,"name":"_T","namespace":"_contextvars.ContextVar","upper_bound":"builtins.object","values":[],"variance":0}],"fallback":"builtins.function","from_concatenate":false,"implicit":false,"imprecise_arg_kinds":false,"is_bound":false,"is_ellipsis_args":false,"name":"__new__ of ContextVar","ret_type":{".class":"Instance","args":[{".class":"TypeVarType","default":{".class":"AnyType","missing_import_name":null,"source_any":null,"type_of_any":4},"fullname":"_contextvars._T","id":1,"name":"_T","namespace":"_contextvars.ContextVar","upper_bound":"builtins.object","values":[],"variance":0}],"extra_attrs":null,"type_ref":"_contextvars.ContextVar"},"type_guard":null,"type_is":null,"unpack_kwargs":false,"variables":[{".class":"TypeVarType","default":{".class":"AnyType","missing_import_name":null,"source_any":null,"type_of_any":4},"fullname":"_contextvars.ContextVar.Self","id":0,"name":"Self","namespace":"","upper_bound":{".class":"Instance","args":[{".class":"TypeVarType","default":{".class":"AnyType","missing_import_name":null,"source_any":null,"type_of_any":4},"fullname":"_contextvars._T","id":1,"name":"_T","namespace":"_contextvars.ContextVar","upper_bound":"builtins.object","values":[],"variance":0}],"extra_attrs":null,"type_ref":"_contextvars.ContextVar"},"values":[],"variance":0}]}]}}},"get":{".class":"SymbolTableNode","kind":"Mdef","node":{".class":"OverloadedFuncDef","deprecated":null,"flags":[],"fullname":"_contextvars.ContextVar.get","impl":null,"items":[{".class":"Decorator","func":{".class":"FuncDef","abstract_status":0,"arg_kinds":[0],"arg_names":["self"],"dataclass_transform_spec":null,"deprecated":null,"flags":["is_overload","is_decorated","is_trivial_self"],"fullname":"_contextvars.ContextVar.get","name":"get","original_first_arg":"self","type":{".class":"CallableType","arg_kinds":[0],"arg_names":["self"],"arg_types":[{".class":"Instance","args":[{".class":"TypeVarType","default":{".class":"AnyType","missing_import_name":null,"source_any":null,"type_of_any":4},"fullname":"_contextvars._T","id":1,"name":"_T","namespace":"_contextvars.ContextVar","upper_bound":"builtins.object","values":[],"variance":0}],"extra_attrs":null,"type_ref":"_contextvars.ContextVar"}],"fallback":"builtins.function","from_concatenate":false,"implicit":false,"imprecise_arg_kinds":false,"is_bound":false,"is_ellipsis_args":false,"name":"get of ContextVar","ret_type":{".class":"TypeVarType","default":{".class":"AnyType","missing_import_name":null,"source_any":null,"type_of_any":4},"fullname":"_contextvars._T","id":1,"name":"_T","namespace":"_contextvars.ContextVar","upper_bound":"builtins.object","values":[],"variance":0},"type_guard":null,"type_is":null,"unpack_kwargs":false,"variables":[]}},"is_overload":true,"var":{".class":"Var","flags":["is_ready","is_inferred"],"fullname":"_contextvars.ContextVar.get","name":"get","setter_type":null,"type":{".class":"CallableType","arg_kinds":[0],"arg_names":["self"],"arg_types":[{".class":"Instance","args":[{".class":"TypeVarType","default":{".class":"AnyType","missing_import_name":null,"source_any":null,"type_of_any":4},"fullname":"_contextvars._T","id":1,"name":"_T","namespace":"_contextvars.ContextVar","upper_bound":"builtins.object","values":[],"variance":0}],"extra_attrs":null,"type_ref":"_contextvars.ContextVar"}],"fallback":"builtins.function","from_concatenate":false,"implicit":false,"imprecise_arg_kinds":false,"is_bound":false,"is_ellipsis_args":false,"name":"get of ContextVar","ret_type":{".class":"TypeVarType","default":{".class":"AnyType","missing_import_name":null,"source_any":null,"type_of_any":4},"fullname":"_contextvars._T","id":1,"name":"_T","namespace":"_contextvars.ContextVar","upper_bound":"builtins.object","values":[],"variance":0},"type_guard":null,"type_is":null,"unpack_kwargs":false,"variables":[]}}},{".class":"Decorator","func":{".class":"FuncDef","abstract_status":0,"arg_kinds":[0,0],"arg_names":[null,null],"dataclass_transform_spec":null,"deprecated":null,"flags":["is_overload","is_decorated","is_trivial_self"],"fullname":"_contextvars.ContextVar.get","name":"get","original_first_arg":"self","type":{".class":"CallableType","arg_kinds":[0,0],"arg_names":[null,null],"arg_types":[{".class":"Instance","args":[{".class":"TypeVarType","default":{".class":"AnyType","missing_import_name":null,"source_any":null,"type_of_any":4},"fullname":"_contextvars._T","id":1,"name":"_T","namespace":"_contextvars.ContextVar","upper_bound":"builtins.object","values":[],"variance":0}],"extra_attrs":null,"type_ref":"_contextvars.ContextVar"},{".class":"TypeVarType","default":{".class":"AnyType","missing_import_name":null,"source_any":null,"type_of_any":4},"fullname":"_contextvars._T","id":1,"name":"_T","namespace":"_contextvars.ContextVar","upper_bound":"builtins.object","values":[],"variance":0}],"fallback":"builtins.function","from_concatenate":false,"implicit":false,"imprecise_arg_kinds":false,"is_bound":false,"is_ellipsis_args":false,"name":"get of ContextVar","ret_type":{".class":"TypeVarType","default":{".class":"AnyType","missing_import_name":null,"source_any":null,"type_of_any":4},"fullname":"_contextvars._T","id":1,"name":"_T","namespace":"_contextvars.ContextVar","upper_bound":"builtins.object","values":[],"variance":0},"type_guard":null,"type_is":null,"unpack_kwargs":false,"variables":[]}},"is_overload":true,"var":{".class":"Var","flags":["is_ready","is_inferred"],"fullname":"_contextvars.ContextVar.get","name":"get","setter_type":null,"type":{".class":"CallableType","arg_kinds":[0,0],"arg_names":[null,null],"arg_types":[{".class":"Instance","args":[{".class":"TypeVarType","default":{".class":"AnyType","missing_import_name":null,"source_any":null,"type_of_any":4},"fullname":"_contextvars._T","id":1,"name":"_T","namespace":"_contextvars.ContextVar","upper_bound":"builtins.object","values":[],"variance":0}],"extra_attrs":null,"type_ref":"_contextvars.ContextVar"},{".class":"TypeVarType","default":{".class":"AnyType","missing_import_name":null,"source_any":null,"type_of_any":4},"fullname":"_contextvars._T","id":1,"name":"_T","namespace":"_contextvars.ContextVar","upper_bound":"builtins.object","values":[],"variance":0}],"fallback":"builtins.function","from_concatenate":false,"implicit":false,"imprecise_arg_kinds":false,"is_bound":false,"is_ellipsis_args":false,"name":"get of ContextVar","ret_type":{".class":"TypeVarType","default":{".class":"AnyType","missing_import_name":null,"source_any":null,"type_of_any":4},"fullname":"_contextvars._T","id":1,"name":"_T","namespace":"_contextvars.ContextVar","upper_bound":"builtins.object","values":[],"variance":0},"type_guard":null,"type_is":null,"unpack_kwargs":false,"variables":[]}}},{".class":"Decorator","func":{".class":"FuncDef","abstract_status":0,"arg_kinds":[0,0],"arg_names":[null,null],"dataclass_transform_spec":null,"deprecated":null,"flags":["is_overload","is_decorated","is_trivial_self"],"fullname":"_contextvars.ContextVar.get","name":"get","original_first_arg":"self","type":{".class":"CallableType","arg_kinds":[0,0],"arg_names":[null,null],"arg_types":[{".class":"Instance","args":[{".class":"TypeVarType","default":{".class":"AnyType","missing_import_name":null,"source_any":null,"type_of_any":4},"fullname":"_contextvars._T","id":1,"name":"_T","namespace":"_contextvars.ContextVar","upper_bound":"builtins.object","values":[],"variance":0}],"extra_attrs":null,"type_ref":"_contextvars.ContextVar"},{".class":"TypeVarType","default":{".class":"AnyType","missing_import_name":null,"source_any":null,"type_of_any":4},"fullname":"_contextvars._D","id":-1,"name":"_D","namespace":"_contextvars.ContextVar.get","upper_bound":"builtins.object","values":[],"variance":0}],"fallback":"builtins.function","from_concatenate":false,"implicit":false,"imprecise_arg_kinds":false,"is_bound":false,"is_ellipsis_args":false,"name":"get of ContextVar","ret_type":{".class":"UnionType","items":[{".class":"TypeVarType","default":{".class":"AnyType","missing_import_name":null,"source_any":null,"type_of_any":4},"fullname":"_contextvars._D","id":-1,"name":"_D","namespace":"_contextvars.ContextVar.get","upper_bound":"builtins.object","values":[],"variance":0},{".class":"TypeVarType","default":{".class":"AnyType","missing_import_name":null,"source_any":null,"type_of_any":4},"fullname":"_contextvars._T","id":1,"name":"_T","namespace":"_contextvars.ContextVar","upper_bound":"builtins.object","values":[],"variance":0}],"uses_pep604_syntax":true},"type_guard":null,"type_is":null,"unpack_kwargs":false,"variables":[{".class":"TypeVarType","default":{".class":"AnyType","missing_import_name":null,"source_any":null,"type_of_any":4},"fullname":"_contextvars._D","id":-1,"name":"_D","namespace":"_contextvars.ContextVar.get","upper_bound":"builtins.object","values":[],"variance":0}]}},"is_overload":true,"var":{".class":"Var","flags":["is_ready","is_inferred"],"fullname":"_contextvars.ContextVar.get","name":"get","setter_type":null,"type":{".class":"CallableType","arg_kinds":[0,0],"arg_names":[null,null],"arg_types":[{".class":"Instance","args":[{".class":"TypeVarType","default":{".class":"AnyType","missing_import_name":null,"source_any":null,"type_of_any":4},"fullname":"_contextvars._T","id":1,"name":"_T","namespace":"_contextvars.ContextVar","upper_bound":"builtins.object","values":[],"variance":0}],"extra_attrs":null,"type_ref":"_contextvars.ContextVar"},{".class":"TypeVarType","default":{".class":"AnyType","missing_import_name":null,"source_any":null,"type_of_any":4},"fullname":"_contextvars._D","id":-1,"name":"_D","namespace":"_contextvars.ContextVar.get","upper_bound":"builtins.object","values":[],"variance":0}],"fallback":"builtins.function","from_concatenate":false,"implicit":false,"imprecise_arg_kinds":false,"is_bound":false,"is_ellipsis_args":false,"name":"get of ContextVar","ret_type":{".class":"UnionType","items":[{".class":"TypeVarType","default":{".class":"AnyType","missing_import_name":null,"source_any":null,"type_of_any":4},"fullname":"_contextvars._D","id":-1,"name":"_D","namespace":"_contextvars.ContextVar.get","upper_bound":"builtins.object","values":[],"variance":0},{".class":"TypeVarType","default":{".class":"AnyType","missing_import_name":null,"source_any":null,"type_of_any":4},"fullname":"_contextvars._T","id":1,"name":"_T","namespace":"_contextvars.ContextVar","upper_bound":"builtins.object","values":[],"variance":0}],"uses_pep604_syntax":true},"type_guard":null,"type_is":null,"unpack_kwargs":false,"variables":[{".class":"TypeVarType","default":{".class":"AnyType","missing_import_name":null,"source_any":null,"type_of_any":4},"fullname":"_contextvars._D","id":-1,"name":"_D","namespace":"_contextvars.ContextVar.get","upper_bound":"builtins.object","values":[],"variance":0}]}}}],"setter_index":null,"type":{".class":"Overloaded","items":[{".class":"CallableType","arg_kinds":[0],"arg_names":["self"],"arg_types":[{".class":"Instance","args":[{".class":"TypeVarType","default":{".class":"AnyType","missing_import_name":null,"source_any":null,"type_of_any":4},"fullname":"_contextvars._T","id":1,"name":"_T","namespace":"_contextvars.ContextVar","upper_bound":"builtins.object","values":[],"variance":0}],"extra_attrs":null,"type_ref":"_contextvars.ContextVar"}],"fallback":"builtins.function","from_concatenate":false,"implicit":false,"imprecise_arg_kinds":false,"is_bound":false,"is_ellipsis_args":false,"name":"get of ContextVar","ret_type":{".class":"TypeVarType","default":{".class":"AnyType","missing_import_name":null,"source_any":null,"type_of_any":4},"fullname":"_contextvars._T","id":1,"name":"_T","namespace":"_contextvars.ContextVar","upper_bound":"builtins.object","values":[],"variance":0},"type_guard":null,"type_is":null,"unpack_kwargs":false,"variables":[]},{".class":"CallableType","arg_kinds":[0,0],"arg_names":[null,null],"arg_types":[{".class":"Instance","args":[{".class":"TypeVarType","default":{".class":"AnyType","missing_import_name":null,"source_any":null,"type_of_any":4},"fullname":"_contextvars._T","id":1,"name":"_T","namespace":"_contextvars.ContextVar","upper_bound":"builtins.object","values":[],"variance":0}],"extra_attrs":null,"type_ref":"_contextvars.ContextVar"},{".class":"TypeVarType","default":{".class":"AnyType","missing_import_name":null,"source_any":null,"type_of_any":4},"fullname":"_contextvars._T","id":1,"name":"_T","namespace":"_contextvars.ContextVar","upper_bound":"builtins.object","values":[],"variance":0}],"fallback":"builtins.function","from_concatenate":false,"implicit":false,"imprecise_arg_kinds":false,"is_bound":false,"is_ellipsis_args":false,"name":"get of ContextVar","ret_type":{".class":"TypeVarType","default":{".class":"AnyType","missing_import_name":null,"source_any":null,"type_of_any":4},"fullname":"_contextvars._T","id":1,"name":"_T","namespace":"_contextvars.ContextVar","upper_bound":"builtins.object","values":[],"variance":0},"type_guard":null,"type_is":null,"unpack_kwargs":false,"variables":[]},{".class":"CallableType","arg_kinds":[0,0],"arg_names":[null,null],"arg_types":[{".class":"Instance","args":[{".class":"TypeVarType","default":{".class":"AnyType","missing_import_name":null,"source_any":null,"type_of_any":4},"fullname":"_contextvars._T","id":1,"name":"_T","namespace":"_contextvars.ContextVar","upper_bound":"builtins.object","values":[],"variance":0}],"extra_attrs":null,"type_ref":"_contextvars.ContextVar"},{".class":"TypeVarType","default":{".class":"AnyType","missing_import_name":null,"source_any":null,"type_of_any":4},"fullname":"_contextvars._D","id":-1,"name":"_D","namespace":"_contextvars.ContextVar.get","upper_bound":"builtins.object","values":[],"variance":0}],"fallback":"builtins.function","from_concatenate":false,"implicit":false,"imprecise_arg_kinds":false,"is_bound":false,"is_ellipsis_args":false,"name":"get of ContextVar","ret_type":{".class":"UnionType","items":[{".class":"TypeVarType","default":{".class":"AnyType","missing_import_name":null,"source_any":null,"type_of_any":4},"fullname":"_contextvars._D","id":-1,"name":"_D","namespace":"_contextvars.ContextVar.get","upper_bound":"builtins.object","values":[],"variance":0},{".class":"TypeVarType","default":{".class":"AnyType","missing_import_name":null,"source_any":null,"type_of_any":4},"fullname":"_contextvars._T","id":1,"name":"_T","namespace":"_contextvars.ContextVar","upper_bound":"builtins.object","values":[],"variance":0}],"uses_pep604_syntax":true},"type_guard":null,"type_is":null,"unpack_kwargs":false,"variables":[{".class":"TypeVarType","default":{".class":"AnyType","missing_import_name":null,"source_any":null,"type_of_any":4},"fullname":"_contextvars._D","id":-1,"name":"_D","namespace":"_contextvars.ContextVar.get","upper_bound":"builtins.object","values":[],"variance":0}]}]}}},"name":{".class":"SymbolTableNode","kind":"Mdef","node":{".class":"Decorator","func":{".class":"FuncDef","abstract_status":0,"arg_kinds":[0],"arg_names":["self"],"dataclass_transform_spec":null,"deprecated":null,"flags":["is_property","is_decorated","is_trivial_self"],"fullname":"_contextvars.ContextVar.name","name":"name","original_first_arg":"self","type":{".class":"CallableType","arg_kinds":[0],"arg_names":["self"],"arg_types":[{".class":"Instance","args":[{".class":"TypeVarType","default":{".class":"AnyType","missing_import_name":null,"source_any":null,"type_of_any":4},"fullname":"_contextvars._T","id":1,"name":"_T","namespace":"_contextvars.ContextVar","upper_bound":"builtins.object","values":[],"variance":0}],"extra_attrs":null,"type_ref":"_contextvars.ContextVar"}],"fallback":"builtins.function","from_concatenate":false,"implicit":false,"imprecise_arg_kinds":false,"is_bound":false,"is_ellipsis_args":false,"name":"name of ContextVar","ret_type":"builtins.str","type_guard":null,"type_is":null,"unpack_kwargs":false,"variables":[]}},"is_overload":false,"var":{".class":"Var","flags":["is_initialized_in_class","is_property","is_ready","is_inferred"],"fullname":"_contextvars.ContextVar.name","name":"name","setter_type":null,"type":{".class":"CallableType","arg_kinds":[0],"arg_names":["self"],"arg_types":[{".class":"Instance","args":[{".class":"TypeVarType","default":{".class":"AnyType","missing_import_name":null,"source_any":null,"type_of_any":4},"fullname":"_contextvars._T","id":1,"name":"_T","namespace":"_contextvars.ContextVar","upper_bound":"builtins.object","values":[],"variance":0}],"extra_attrs":null,"type_ref":"_contextvars.ContextVar"}],"fallback":"builtins.function","from_concatenate":false,"implicit":false,"imprecise_arg_kinds":false,"is_bound":false,"is_ellipsis_args":false,"name":"name of ContextVar","ret_type":"builtins.str","type_guard":null,"type_is":null,"unpack_kwargs":false,"variables":[]}}}},"reset":{".class":"SymbolTableNode","kind":"Mdef","node":{".class":"FuncDef","abstract_status":0,"arg_kinds":[0,0],"arg_names":[null,null],"dataclass_transform_spec":null,"deprecated":null,"flags":["is_trivial_self"],"fullname":"_contextvars.ContextVar.reset","name":"reset","original_first_arg":"self","type":{".class":"CallableType","arg_kinds":[0,0],"arg_names":[null,null],"arg_types":[{".class":"Instance","args":[{".class":"TypeVarType","default":{".class":"AnyType","missing_import_name":null,"source_any":null,"type_of_any":4},"fullname":"_contextvars._T","id":1,"name":"_T","namespace":"_contextvars.ContextVar","upper_bound":"builtins.object","values":[],"variance":0}],"extra_attrs":null,"type_ref":"_contextvars.ContextVar"},{".class":"Instance","args":[{".class":"TypeVarType","default":{".class":"AnyType","missing_import_name":null,"source_any":null,"type_of_any":4},"fullname":"_contextvars._T","id":1,"name":"_T","namespace":"_contextvars.ContextVar","upper_bound":"builtins.object","values":[],"variance":0}],"extra_attrs":null,"type_ref":"_contextvars.Token"}],"fallback":"builtins.function","from_concatenate":false,"implicit":false,"imprecise_arg_kinds":false,"is_bound":false,"is_ellipsis_args":false,"name":"reset of ContextVar","ret_type":{".class":"NoneType"},"type_guard":null,"type_is":null,"unpack_kwargs":false,"variables":[]}}},"set":{".class":"SymbolTableNode","kind":"Mdef","node":{".class":"FuncDef","abstract_status":0,"arg_kinds":[0,0],"arg_names":[null,null],"dataclass_transform_spec":null,"deprecated":null,"flags":["is_trivial_self"],"fullname":"_contextvars.ContextVar.set","name":"set","original_first_arg":"self","type":{".class":"CallableType","arg_kinds":[0,0],"arg_names":[null,null],"arg_types":[{".class":"Instance","args":[{".class":"TypeVarType","default":{".class":"AnyType","missing_import_name":null,"source_any":null,"type_of_any":4},"fullname":"_contextvars._T","id":1,"name":"_T","namespace":"_contextvars.ContextVar","upper_bound":"builtins.object","values":[],"variance":0}],"extra_attrs":null,"type_ref":"_contextvars.ContextVar"},{".class":"TypeVarType","default":{".class":"AnyType","missing_import_name":null,"source_any":null,"type_of_any":4},"fullname":"_contextvars._T","id":1,"name":"_T","namespace":"_contextvars.ContextVar","upper_bound":"builtins.object","values":[],"variance":0}],"fallback":"builtins.function","from_concatenate":false,"implicit":false,"imprecise_arg_kinds":false,"is_bound":false,"is_ellipsis_args":false,"name":"set of ContextVar","ret_type":{".class":"Instance","args":[{".class":"TypeVarType","default":{".class":"AnyType","missing_import_name":null,"source_any":null,"type_of_any":4},"fullname":"_contextvars._T","id":1,"name":"_T","namespace":"_contextvars.ContextVar","upper_bound":"builtins.object","values":[],"variance":0}],"extra_attrs":null,"type_ref":"_contextvars.Token"},"type_guard":null,"type_is":null,"unpack_kwargs":false,"variables":[]}}}},"self_type":{".class":"TypeVarType","default":{".class":"AnyType","missing_import_name":null,"source_any":null,"type_of_any":4},"fullname":"_contextvars.ContextVar.Self","id":0,"name":"Self","namespace":"","upper_bound":{".class":"Instance","args":[{".class":"TypeVarType","default":{".class":"AnyType","missing_import_name":null,"source_any":null,"type_of_any":4},"fullname":"_contextvars._T","id":1,"name":"_T","namespace":"_contextvars.ContextVar","upper_bound":"builtins.object","values":[],"variance":0}],"extra_attrs":null,"type_ref":"_contextvars.ContextVar"},"values":[],"variance":0},"slots":null,"tuple_type":null,"type_vars":["_T"],"typeddict_type":null}},"Generic":{".class":"SymbolTableNode","cross_ref":"typing.Generic","kind":"Gdef","module_hidden":true,"module_public":false},"GenericAlias":{".class":"SymbolTableNode","cross_ref":"types.GenericAlias","kind":"Gdef","module_hidden":true,"module_public":false},"Iterator":{".class":"SymbolTableNode","cross_ref":"typing.Iterator","kind":"Gdef","module_hidden":true,"module_public":false},"Mapping":{".class":"SymbolTableNode","cross_ref":"typing.Mapping","kind":"Gdef","module_hidden":true,"module_public":false},"ParamSpec":{".class":"SymbolTableNode","cross_ref":"typing_extensions.ParamSpec","kind":"Gdef","module_hidden":true,"module_public":false},"Self":{".class":"SymbolTableNode","cross_ref":"typing.Self","kind":"Gdef","module_hidden":true,"module_public":false},"Token":{".class":"SymbolTableNode","kind":"Gdef","node":{".class":"TypeInfo","_promote":[],"abstract_attributes":[],"alt_promote":null,"bases":["builtins.object"],"dataclass_transform_spec":null,"declared_metaclass":null,"defn":{".class":"ClassDef","fullname":"_contextvars.Token","name":"Token","type_vars":[{".class":"TypeVarType","default":{".class":"AnyType","missing_import_name":null,"source_any":null,"type_of_any":4},"fullname":"_contextvars._T","id":1,"name":"_T","namespace":"_contextvars.Token","upper_bound":"builtins.object","values":[],"variance":0}]},"deletable_attributes":[],"deprecated":null,"flags":["is_final"],"fullname":"_contextvars.Token","has_param_spec_type":false,"metaclass_type":null,"metadata":{},"module_name":"_contextvars","mro":["_contextvars.Token","builtins.object"],"names":{".class":"SymbolTable","MISSING":{".class":"SymbolTableNode","kind":"Mdef","node":{".class":"Var","flags":["is_initialized_in_class","is_classvar","is_ready"],"fullname":"_contextvars.Token.MISSING","name":"MISSING","setter_type":null,"type":"builtins.object"}},"__class_getitem__":{".class":"SymbolTableNode","kind":"Mdef","node":{".class":"FuncDef","abstract_status":0,"arg_kinds":[0,0],"arg_names":[null,null],"dataclass_transform_spec":null,"deprecated":null,"flags":["is_class","is_trivial_self"],"fullname":"_contextvars.Token.__class_getitem__","name":"__class_getitem__","original_first_arg":"cls","type":{".class":"CallableType","arg_kinds":[0,0],"arg_names":[null,null],"arg_types":[{".class":"TypeType","item":{".class":"Instance","args":[{".class":"TypeVarType","default":{".class":"AnyType","missing_import_name":null,"source_any":null,"type_of_any":4},"fullname":"_contextvars._T","id":1,"name":"_T","namespace":"_contextvars.Token","upper_bound":"builtins.object","values":[],"variance":0}],"extra_attrs":null,"type_ref":"_contextvars.Token"}},{".class":"AnyType","missing_import_name":null,"source_any":null,"type_of_any":2}],"fallback":"builtins.function","from_concatenate":false,"implicit":false,"imprecise_arg_kinds":false,"is_bound":false,"is_ellipsis_args":false,"name":"__class_getitem__ of Token","ret_type":"types.GenericAlias","type_guard":null,"type_is":null,"unpack_kwargs":false,"variables":[]}}},"__hash__":{".class":"SymbolTableNode","kind":"Mdef","node":{".class":"Var","flags":["is_initialized_in_class","is_classvar","is_ready"],"fullname":"_contextvars.Token.__hash__","name":"__hash__","setter_type":null,"type":{".class":"NoneType"}}},"old_value":{".class":"SymbolTableNode","kind":"Mdef","node":{".class":"Decorator","func":{".class":"FuncDef","abstract_status":0,"arg_kinds":[0],"arg_names":["self"],"dataclass_transform_spec":null,"deprecated":null,"flags":["is_property","is_decorated","is_trivial_self"],"fullname":"_contextvars.Token.old_value","name":"old_value","original_first_arg":"self","type":{".class":"CallableType","arg_kinds":[0],"arg_names":["self"],"arg_types":[{".class":"Instance","args":[{".class":"TypeVarType","default":{".class":"AnyType","missing_import_name":null,"source_any":null,"type_of_any":4},"fullname":"_contextvars._T","id":1,"name":"_T","namespace":"_contextvars.Token","upper_bound":"builtins.object","values":[],"variance":0}],"extra_attrs":null,"type_ref":"_contextvars.Token"}],"fallback":"builtins.function","from_concatenate":false,"implicit":false,"imprecise_arg_kinds":false,"is_bound":false,"is_ellipsis_args":false,"name":"old_value of Token","ret_type":{".class":"AnyType","missing_import_name":null,"source_any":null,"type_of_any":2},"type_guard":null,"type_is":null,"unpack_kwargs":false,"variables":[]}},"is_overload":false,"var":{".class":"Var","flags":["is_initialized_in_class","is_property","is_ready","is_inferred"],"fullname":"_contextvars.Token.old_value","name":"old_value","setter_type":null,"type":{".class":"CallableType","arg_kinds":[0],"arg_names":["self"],"arg_types":[{".class":"Instance","args":[{".class":"TypeVarType","default":{".class":"AnyType","missing_import_name":null,"source_any":null,"type_of_any":4},"fullname":"_contextvars._T","id":1,"name":"_T","namespace":"_contextvars.Token","upper_bound":"builtins.object","values":[],"variance":0}],"extra_attrs":null,"type_ref":"_contextvars.Token"}],"fallback":"builtins.function","from_concatenate":false,"implicit":false,"imprecise_arg_kinds":false,"is_bound":false,"is_ellipsis_args":false,"name":"old_value of Token","ret_type":{".class":"AnyType","missing_import_name":null,"source_any":null,"type_of_any":2},"type_guard":null,"type_is":null,"unpack_kwargs":false,"variables":[]}}}},"var":{".class":"SymbolTableNode","kind":"Mdef","node":{".class":"Decorator","func":{".class":"FuncDef","abstract_status":0,"arg_kinds":[0],"arg_names":["self"],"dataclass_transform_spec":null,"deprecated":null,"flags":["is_property","is_decorated","is_trivial_self"],"fullname":"_contextvars.Token.var","name":"var","original_first_arg":"self","type":{".class":"CallableType","arg_kinds":[0],"arg_names":["self"],"arg_types":[{".class":"Instance","args":[{".class":"TypeVarType","default":{".class":"AnyType","missing_import_name":null,"source_any":null,"type_of_any":4},"fullname":"_contextvars._T","id":1,"name":"_T","namespace":"_contextvars.Token","upper_bound":"builtins.object","values":[],"variance":0}],"extra_attrs":null,"type_ref":"_contextvars.Token"}],"fallback":"builtins.function","from_concatenate":false,"implicit":false,"imprecise_arg_kinds":false,"is_bound":false,"is_ellipsis_args":false,"name":"var of Token","ret_type":{".class":"Instance","args":[{".class":"TypeVarType","default":{".class":"AnyType","missing_import_name":null,"source_any":null,"type_of_any":4},"fullname":"_contextvars._T","id":1,"name":"_T","namespace":"_contextvars.Token","upper_bound":"builtins.object","values":[],"variance":0}],"extra_attrs":null,"type_ref":"_contextvars.ContextVar"},"type_guard":null,"type_is":null,"unpack_kwargs":false,"variables":[]}},"is_overload":false,"var":{".class":"Var","flags":["is_initialized_in_class","is_property","is_ready","is_inferred"],"fullname":"_contextvars.Token.var","name":"var","setter_type":null,"type":{".class":"CallableType","arg_kinds":[0],"arg_names":["self"],"arg_types":[{".class":"Instance","args":[{".class":"TypeVarType","default":{".class":"AnyType","missing_import_name":null,"source_any":null,"type_of_any":4},"fullname":"_contextvars._T","id":1,"name":"_T","namespace":"_contextvars.Token","upper_bound":"builtins.object","values":[],"variance":0}],"extra_attrs":null,"type_ref":"_contextvars.Token"}],"fallback":"builtins.function","from_concatenate":false,"implicit":false,"imprecise_arg_kinds":false,"is_bound":false,"is_ellipsis_args":false,"name":"var of Token","ret_type":{".class":"Instance","args":[{".class":"TypeVarType","default":{".class":"AnyType","missing_import_name":null,"source_any":null,"type_of_any":4},"fullname":"_contextvars._T","id":1,"name":"_T","namespace":"_contextvars.Token","upper_bound":"builtins.object","values":[],"variance":0}],"extra_attrs":null,"type_ref":"_contextvars.ContextVar"},"type_guard":null,"type_is":null,"unpack_kwargs":false,"variables":[]}}}}},"self_type":{".class":"TypeVarType","default":{".class":"AnyType","missing_import_name":null,"source_any":null,"type_of_any":4},"fullname":"_contextvars.Token.Self","id":0,"name":"Self","namespace":"","upper_bound":{".class":"Instance","args":[{".class":"TypeVarType","default":{".class":"AnyType","missing_import_name":null,"source_any":null,"type_of_any":4},"fullname":"_contextvars._T","id":1,"name":"_T","namespace":"_contextvars.Token","upper_bound":"builtins.object","values":[],"variance":0}],"extra_attrs":null,"type_ref":"_contextvars.Token"},"values":[],"variance":0},"slots":null,"tuple_type":null,"type_vars":["_T"],"typeddict_type":null}},"TracebackType":{".class":"SymbolTableNode","cross_ref":"types.TracebackType","kind":"Gdef","module_hidden":true,"module_public":false},"TypeVar":{".class":"SymbolTableNode","cross_ref":"typing.TypeVar","kind":"Gdef","module_hidden":true,"module_public":false},"_D":{".class":"SymbolTableNode","kind":"Gdef","node":{".class":"TypeVarExpr","default":{".class":"AnyType","missing_import_name":null,"source_any":null,"type_of_any":4},"fullname":"_contextvars._D","name":"_D","upper_bound":"builtins.object","values":[],"variance":0}},"_P":{".class":"SymbolTableNode","kind":"Gdef","node":{".class":"ParamSpecExpr","default":{".class":"AnyType","missing_import_name":null,"source_any":null,"type_of_any":4},"fullname":"_contextvars._P","name":"_P","upper_bound":"builtins.object","variance":0}},"_T":{".class":"SymbolTableNode","kind":"Gdef","node":{".class":"TypeVarExpr","default":{".class":"AnyType","missing_import_name":null,"source_any":null,"type_of_any":4},"fullname":"_contextvars._T","name":"_T","upper_bound":"builtins.object","values":[],"variance":0}},"__annotations__":{".class":"SymbolTableNode","kind":"Gdef","node":{".class":"Var","flags":["is_ready"],"fullname":"_contextvars.__annotations__","name":"__annotations__","setter_type":null,"type":{".class":"Instance","args":["builtins.str",{".class":"AnyType","missing_import_name":null,"source_any":null,"type_of_any":6}],"extra_attrs":null,"type_ref":"builtins.dict"}}},"__doc__":{".class":"SymbolTableNode","kind":"Gdef","node":{".class":"Var","flags":["is_ready"],"fullname":"_contextvars.__doc__","name":"__doc__","setter_type":null,"type":"builtins.str"}},"__file__":{".class":"SymbolTableNode","kind":"Gdef","node":{".class":"Var","flags":["is_ready"],"fullname":"_contextvars.__file__","name":"__file__","setter_type":null,"type":"builtins.str"}},"__name__":{".class":"SymbolTableNode","kind":"Gdef","node":{".class":"Var","flags":["is_ready"],"fullname":"_contextvars.__name__","name":"__name__","setter_type":null,"type":"builtins.str"}},"__package__":{".class":"SymbolTableNode","kind":"Gdef","node":{".class":"Var","flags":["is_ready"],"fullname":"_contextvars.__package__","name":"__package__","setter_type":null,"type":"builtins.str"}},"__spec__":{".class":"SymbolTableNode","kind":"Gdef","node":{".class":"Var","flags":["is_ready"],"fullname":"_contextvars.__spec__","name":"__spec__","setter_type":null,"type":"_frozen_importlib.ModuleSpec"}},"copy_context":{".class":"SymbolTableNode","kind":"Gdef","node":{".class":"FuncDef","abstract_status":0,"arg_kinds":[],"arg_names":[],"dataclass_transform_spec":null,"deprecated":null,"flags":[],"fullname":"_contextvars.copy_context","name":"copy_context","original_first_arg":null,"type":{".class":"CallableType","arg_kinds":[],"arg_names":[],"arg_types":[],"fallback":"builtins.function","from_concatenate":false,"implicit":false,"imprecise_arg_kinds":false,"is_bound":false,"is_ellipsis_args":false,"name":"copy_context","ret_type":"_contextvars.Context","type_guard":null,"type_is":null,"unpack_kwargs":false,"variables":[]}}},"final":{".class":"SymbolTableNode","cross_ref":"typing.final","kind":"Gdef","module_hidden":true,"module_public":false},"overload":{".class":"SymbolTableNode","cross_ref":"typing.overload","kind":"Gdef","module_hidden":true,"module_public":false},"sys":{".class":"SymbolTableNode","cross_ref":"sys","kind":"Gdef","module_hidden":true,"module_public":false}},"path":"C:\\Users\\Vasilis\\AppData\\Local\\Programs\\Python\\Python313\\Lib\\site-packages\\mypy\\typeshed\\stdlib\\_contextvars.pyi"}