{"data_mtime":1762095530,"dep_lines":[1,3,4,5,6,7,1],"dep_prios":[5,5,5,5,5,5,5],"dependencies":["__future__","abc","contextlib","inspect","types","typing","builtins"],"hash":"6089c109a6e211e4be51a3ff25dc5ad426850bbd444cf5bc1d94c720cf11b1cf","id":"anyio._core._contextmanagers","ignore_all":true,"interface_hash":"797f5b3d716574742d8243ef1ee35f250f7b7b76b43e4b7cd98e6b01a8bcc1e6","mtime":1758060734,"options":{"allow_redefinition":false,"allow_untyped_globals":false,"always_false":[],"always_true":[],"bazel":false,"check_untyped_defs":false,"disable_bytearray_promotion":false,"disable_error_code":[],"disable_memoryview_promotion":false,"disabled_error_codes":[],"disallow_any_decorated":false,"disallow_any_explicit":false,"disallow_any_expr":false,"disallow_any_generics":false,"disallow_any_unimported":false,"disallow_incomplete_defs":false,"disallow_subclassing_any":false,"disallow_untyped_calls":false,"disallow_untyped_decorators":false,"disallow_untyped_defs":false,"enable_error_code":[],"enabled_error_codes":[],"follow_imports":"silent","follow_imports_for_stubs":false,"ignore_errors":false,"ignore_missing_imports":true,"implicit_optional":true,"implicit_reexport":true,"local_partial_types":false,"mypyc":false,"platform":"win32","plugins":[],"strict_concatenate":false,"strict_equality":false,"strict_optional":true,"warn_no_return":true,"warn_return_any":false,"warn_unreachable":false,"warn_unused_ignores":false},"path":"C:\\Users\\Vasilis\\AppData\\Local\\Programs\\Python\\Python313\\Lib\\site-packages\\anyio\\_core\\_contextmanagers.py","plugin_data":null,"size":7215,"suppressed":[],"version_id":"1.3.0"}