{"data_mtime":1762095526,"dep_lines":[3,1,2,4,5,6,1,1,1],"dep_prios":[5,10,10,5,5,5,5,30,30],"dependencies":["collections.abc","numbers","sys","types","typing","typing_extensions","builtins","_typeshed","abc"],"hash":"48f8deddc79e8ef4fb7dfd0456d1de03d7cd794ec47739eea4b21ccef910976c","id":"_decimal","ignore_all":true,"interface_hash":"da711af956cb79b6edd50b99f9803e7b5151284a7f6e817dbad160f9fe0eec61","mtime":1762095442,"options":{"allow_redefinition":false,"allow_untyped_globals":false,"always_false":[],"always_true":[],"bazel":false,"check_untyped_defs":false,"disable_bytearray_promotion":false,"disable_error_code":[],"disable_memoryview_promotion":false,"disabled_error_codes":[],"disallow_any_decorated":false,"disallow_any_explicit":false,"disallow_any_expr":false,"disallow_any_generics":false,"disallow_any_unimported":false,"disallow_incomplete_defs":false,"disallow_subclassing_any":false,"disallow_untyped_calls":false,"disallow_untyped_decorators":false,"disallow_untyped_defs":false,"enable_error_code":[],"enabled_error_codes":[],"follow_imports":"silent","follow_imports_for_stubs":false,"ignore_errors":false,"ignore_missing_imports":true,"implicit_optional":true,"implicit_reexport":true,"local_partial_types":false,"mypyc":false,"platform":"win32","plugins":[],"strict_concatenate":false,"strict_equality":false,"strict_optional":true,"warn_no_return":true,"warn_return_any":false,"warn_unreachable":false,"warn_unused_ignores":false},"path":"C:\\Users\\Vasilis\\AppData\\Local\\Programs\\Python\\Python313\\Lib\\site-packages\\mypy\\typeshed\\stdlib\\_decimal.pyi","plugin_data":null,"size":13741,"suppressed":[],"version_id":"1.3.0"}