{"data_mtime":1762095554,"dep_lines":[33,34,35,37,47,48,49,6,36,1,3,4,5,7,8,9,10,11,31,1,1,1,1,1,1,1],"dep_prios":[25,25,25,25,25,25,25,5,25,5,10,10,5,5,5,5,5,5,25,5,30,30,30,30,30,30],"dependencies":["anyio._core._synchronization","anyio._core._tasks","anyio._core._testing","anyio.abc._sockets","anyio.abc._subprocesses","anyio.abc._tasks","anyio.abc._testing","collections.abc","anyio.from_thread","__future__","math","sys","abc","contextlib","os","signal","socket","typing","_typeshed","builtins","_socket","anyio._core","anyio._core._typedattr","anyio.abc._resources","anyio.abc._streams","enum"],"hash":"febad50e83404bdc8816f484ef47b0a29a5877ff7335b4633c597950f31247c2","id":"anyio.abc._eventloop","ignore_all":true,"interface_hash":"6178ec3e89a5e17d64b220efb0bb57009bc69e6cd1b62d7f9b5786cab9eaac4b","mtime":1758060734,"options":{"allow_redefinition":false,"allow_untyped_globals":false,"always_false":[],"always_true":[],"bazel":false,"check_untyped_defs":false,"disable_bytearray_promotion":false,"disable_error_code":[],"disable_memoryview_promotion":false,"disabled_error_codes":[],"disallow_any_decorated":false,"disallow_any_explicit":false,"disallow_any_expr":false,"disallow_any_generics":false,"disallow_any_unimported":false,"disallow_incomplete_defs":false,"disallow_subclassing_any":false,"disallow_untyped_calls":false,"disallow_untyped_decorators":false,"disallow_untyped_defs":false,"enable_error_code":[],"enabled_error_codes":[],"follow_imports":"silent","follow_imports_for_stubs":false,"ignore_errors":false,"ignore_missing_imports":true,"implicit_optional":true,"implicit_reexport":true,"local_partial_types":false,"mypyc":false,"platform":"win32","plugins":[],"strict_concatenate":false,"strict_equality":false,"strict_optional":true,"warn_no_return":true,"warn_return_any":false,"warn_unreachable":false,"warn_unused_ignores":false},"path":"C:\\Users\\Vasilis\\AppData\\Local\\Programs\\Python\\Python313\\Lib\\site-packages\\anyio\\abc\\_eventloop.py","plugin_data":null,"size":10729,"suppressed":[],"version_id":"1.3.0"}