{"data_mtime":1762095554,"dep_lines":[6,19,1,3,4,5,7,8,9,11,1,1,1,1,1,1,1,1,1],"dep_prios":[5,25,5,10,10,10,5,5,5,10,5,30,30,30,30,30,30,30,30],"dependencies":["collections.abc","anyio.abc","__future__","math","sys","threading","contextlib","importlib","typing","sniffio","builtins","_typeshed","abc","anyio.abc._eventloop","asyncio","asyncio.tasks","contextvars","sniffio._impl","types"],"hash":"b7fb40c0114f8c5f23ad91a3949e9b6d8cba280ddb8ec6d9c55f66be1f6dd62d","id":"anyio._core._eventloop","ignore_all":true,"interface_hash":"f18fca32b9709dc92c9b5149d99fdae7531e97ee26be34b1bf469ebec986d6fc","mtime":1758060734,"options":{"allow_redefinition":false,"allow_untyped_globals":false,"always_false":[],"always_true":[],"bazel":false,"check_untyped_defs":false,"disable_bytearray_promotion":false,"disable_error_code":[],"disable_memoryview_promotion":false,"disabled_error_codes":[],"disallow_any_decorated":false,"disallow_any_explicit":false,"disallow_any_expr":false,"disallow_any_generics":false,"disallow_any_unimported":false,"disallow_incomplete_defs":false,"disallow_subclassing_any":false,"disallow_untyped_calls":false,"disallow_untyped_decorators":false,"disallow_untyped_defs":false,"enable_error_code":[],"enabled_error_codes":[],"follow_imports":"silent","follow_imports_for_stubs":false,"ignore_errors":false,"ignore_missing_imports":true,"implicit_optional":true,"implicit_reexport":true,"local_partial_types":false,"mypyc":false,"platform":"win32","plugins":[],"strict_concatenate":false,"strict_equality":false,"strict_optional":true,"warn_no_return":true,"warn_return_any":false,"warn_unreachable":false,"warn_unused_ignores":false},"path":"C:\\Users\\Vasilis\\AppData\\Local\\Programs\\Python\\Python313\\Lib\\site-packages\\anyio\\_core\\_eventloop.py","plugin_data":null,"size":4695,"suppressed":[],"version_id":"1.3.0"}