{"data_mtime":1762095526,"dep_lines":[4,1,3,5,6,1,1,1],"dep_prios":[5,5,10,5,5,5,30,30],"dependencies":["collections.abc","__future__","sys","textwrap","typing","builtins","_typeshed","abc"],"hash":"b90f725ecde04608598aec625ad6ef5651c1e82bc246dc4e6ca31617e327cf5f","id":"anyio._core._exceptions","ignore_all":true,"interface_hash":"6939ee887d365ab5ba392170cf6eedada07a6eec9c3637d4a15e392e5a5abb12","mtime":1758060734,"options":{"allow_redefinition":false,"allow_untyped_globals":false,"always_false":[],"always_true":[],"bazel":false,"check_untyped_defs":false,"disable_bytearray_promotion":false,"disable_error_code":[],"disable_memoryview_promotion":false,"disabled_error_codes":[],"disallow_any_decorated":false,"disallow_any_explicit":false,"disallow_any_expr":false,"disallow_any_generics":false,"disallow_any_unimported":false,"disallow_incomplete_defs":false,"disallow_subclassing_any":false,"disallow_untyped_calls":false,"disallow_untyped_decorators":false,"disallow_untyped_defs":false,"enable_error_code":[],"enabled_error_codes":[],"follow_imports":"silent","follow_imports_for_stubs":false,"ignore_errors":false,"ignore_missing_imports":true,"implicit_optional":true,"implicit_reexport":true,"local_partial_types":false,"mypyc":false,"platform":"win32","plugins":[],"strict_concatenate":false,"strict_equality":false,"strict_optional":true,"warn_no_return":true,"warn_return_any":false,"warn_unreachable":false,"warn_unused_ignores":false},"path":"C:\\Users\\Vasilis\\AppData\\Local\\Programs\\Python\\Python313\\Lib\\site-packages\\anyio\\_core\\_exceptions.py","plugin_data":null,"size":3683,"suppressed":[],"version_id":"1.3.0"}