{"data_mtime":1762095554,"dep_lines":[6,27,28,1,3,4,5,13,14,16,27,31,33,1,1,1,1,1,1,1,1,1,1],"dep_prios":[5,10,5,5,5,10,10,5,5,5,20,25,25,5,30,30,30,30,30,30,30,30,30],"dependencies":["collections.abc","anyio.to_thread","anyio.abc","__future__","os","pathlib","sys","dataclasses","functools","typing","anyio","types","_typeshed","builtins","abc","anyio._core._synchronization","anyio.abc._resources","array","ctypes","io","mmap","pickle","posixpath"],"hash":"2804f2b0364fedbbf0c23a54c0468601cd311a8b898003ea355a6704c4ec4e86","id":"anyio._core._fileio","ignore_all":true,"interface_hash":"2feb2d538c0f646cd9478a8c2f67b3c85767709744b2bb7ab410885010246a52","mtime":1758060734,"options":{"allow_redefinition":false,"allow_untyped_globals":false,"always_false":[],"always_true":[],"bazel":false,"check_untyped_defs":false,"disable_bytearray_promotion":false,"disable_error_code":[],"disable_memoryview_promotion":false,"disabled_error_codes":[],"disallow_any_decorated":false,"disallow_any_explicit":false,"disallow_any_expr":false,"disallow_any_generics":false,"disallow_any_unimported":false,"disallow_incomplete_defs":false,"disallow_subclassing_any":false,"disallow_untyped_calls":false,"disallow_untyped_decorators":false,"disallow_untyped_defs":false,"enable_error_code":[],"enabled_error_codes":[],"follow_imports":"silent","follow_imports_for_stubs":false,"ignore_errors":false,"ignore_missing_imports":true,"implicit_optional":true,"implicit_reexport":true,"local_partial_types":false,"mypyc":false,"platform":"win32","plugins":[],"strict_concatenate":false,"strict_equality":false,"strict_optional":true,"warn_no_return":true,"warn_return_any":false,"warn_unreachable":false,"warn_unused_ignores":false},"path":"C:\\Users\\Vasilis\\AppData\\Local\\Programs\\Python\\Python313\\Lib\\site-packages\\anyio\\_core\\_fileio.py","plugin_data":null,"size":23332,"suppressed":[],"version_id":"1.3.0"}