{"data_mtime":1762026314,"dep_lines":[3,4,8,9,11,16,1,2,3,5,6,7,12,13,1,1,1,1,1,1,1,1],"dep_prios":[10,5,5,5,5,10,10,10,20,10,10,5,5,5,5,30,30,30,30,30,30,30],"dependencies":["importlib.abc","importlib.machinery","_typeshed.importlib","collections.abc","importlib.metadata","importlib.readers","_ast","_io","importlib","sys","types","_typeshed","typing","typing_extensions","builtins","_frozen_importlib","abc","ast","importlib._abc","importlib.resources","importlib.resources.abc","os"],"hash":"35ddcd1848c582d4b29ea04966ddbbbc2376f3aa","id":"_frozen_importlib_external","ignore_all":true,"interface_hash":"ab1daa33b584e1e0eb83139a5fbe48e450339c0f","mtime":1762026304,"options":{"allow_redefinition":false,"allow_redefinition_new":false,"allow_untyped_globals":false,"always_false":[],"always_true":[],"bazel":false,"check_untyped_defs":false,"disable_bytearray_promotion":false,"disable_error_code":[],"disable_memoryview_promotion":false,"disabled_error_codes":[],"disallow_any_decorated":false,"disallow_any_explicit":false,"disallow_any_expr":false,"disallow_any_generics":false,"disallow_any_unimported":false,"disallow_incomplete_defs":false,"disallow_subclassing_any":false,"disallow_untyped_calls":false,"disallow_untyped_decorators":false,"disallow_untyped_defs":false,"enable_error_code":[],"enabled_error_codes":[],"extra_checks":false,"fixed_format_cache":false,"follow_imports":"silent","follow_imports_for_stubs":false,"follow_untyped_imports":false,"ignore_errors":false,"ignore_missing_imports":true,"implicit_optional":true,"implicit_reexport":true,"local_partial_types":false,"mypyc":false,"old_type_inference":false,"platform":"win32","plugins":[],"strict_bytes":false,"strict_concatenate":false,"strict_equality":false,"strict_equality_for_none":false,"strict_optional":true,"warn_no_return":true,"warn_return_any":false,"warn_unreachable":false,"warn_unused_ignores":false},"path":"C:\\Users\\Vasilis\\AppData\\Local\\Programs\\Python\\Python313\\Lib\\site-packages\\mypy\\typeshed\\stdlib\\_frozen_importlib_external.pyi","plugin_data":null,"size":9545,"suppressed":[],"version_id":"1.18.2"}