{"data_mtime":1762026314,"dep_lines":[1,2,5,6,1,3,4,8,9,1,1,1,1],"dep_prios":[10,10,5,5,20,10,5,5,5,5,30,30,30],"dependencies":["importlib.abc","importlib.machinery","_typeshed.importlib","collections.abc","importlib","sys","types","typing","typing_extensions","builtins","_typeshed","abc","importlib._abc"],"hash":"94779635ed6a4cc90d1364988a0f619d082db062","id":"_frozen_importlib","ignore_all":true,"interface_hash":"1480a1a00fb1ea63a3dc32db9f8677b3706c7562","mtime":1762026304,"options":{"allow_redefinition":false,"allow_redefinition_new":false,"allow_untyped_globals":false,"always_false":[],"always_true":[],"bazel":false,"check_untyped_defs":false,"disable_bytearray_promotion":false,"disable_error_code":[],"disable_memoryview_promotion":false,"disabled_error_codes":[],"disallow_any_decorated":false,"disallow_any_explicit":false,"disallow_any_expr":false,"disallow_any_generics":false,"disallow_any_unimported":false,"disallow_incomplete_defs":false,"disallow_subclassing_any":false,"disallow_untyped_calls":false,"disallow_untyped_decorators":false,"disallow_untyped_defs":false,"enable_error_code":[],"enabled_error_codes":[],"extra_checks":false,"fixed_format_cache":false,"follow_imports":"silent","follow_imports_for_stubs":false,"follow_untyped_imports":false,"ignore_errors":false,"ignore_missing_imports":true,"implicit_optional":true,"implicit_reexport":true,"local_partial_types":false,"mypyc":false,"old_type_inference":false,"platform":"win32","plugins":[],"strict_bytes":false,"strict_concatenate":false,"strict_equality":false,"strict_equality_for_none":false,"strict_optional":true,"warn_no_return":true,"warn_return_any":false,"warn_unreachable":false,"warn_unused_ignores":false},"path":"C:\\Users\\Vasilis\\AppData\\Local\\Programs\\Python\\Python313\\Lib\\site-packages\\mypy\\typeshed\\stdlib\\_frozen_importlib.pyi","plugin_data":null,"size":4796,"suppressed":[],"version_id":"1.18.2"}