{".class":"MypyFile","_fullname":"_frozen_importlib_external","future_import_flags":[],"is_partial_stub_package":false,"is_stub":true,"names":{".class":"SymbolTable","Any":{".class":"SymbolTableNode","cross_ref":"typing.Any","kind":"Gdef","module_hidden":true,"module_public":false},"BYTECODE_SUFFIXES":{".class":"SymbolTableNode","kind":"Gdef","node":{".class":"Var","flags":["is_final","is_ready","is_inferred","has_explicit_value"],"fullname":"_frozen_importlib_external.BYTECODE_SUFFIXES","name":"BYTECODE_SUFFIXES","setter_type":null,"type":{".class":"Instance","args":["builtins.str"],"extra_attrs":null,"type_ref":"builtins.list"}}},"Callable":{".class":"SymbolTableNode","cross_ref":"typing.Callable","kind":"Gdef","module_hidden":true,"module_public":false},"DEBUG_BYTECODE_SUFFIXES":{".class":"SymbolTableNode","kind":"Gdef","node":{".class":"Var","flags":["is_final","is_ready","is_inferred","has_explicit_value"],"fullname":"_frozen_importlib_external.DEBUG_BYTECODE_SUFFIXES","name":"DEBUG_BYTECODE_SUFFIXES","setter_type":null,"type":{".class":"Instance","args":["builtins.str"],"extra_attrs":null,"type_ref":"builtins.list"}}},"DistributionFinder":{".class":"SymbolTableNode","cross_ref":"importlib.metadata.DistributionFinder","kind":"Gdef","module_hidden":true,"module_public":false},"EXTENSION_SUFFIXES":{".class":"SymbolTableNode","kind":"Gdef","node":{".class":"Var","flags":["is_final","is_ready"],"fullname":"_frozen_importlib_external.EXTENSION_SUFFIXES","name":"EXTENSION_SUFFIXES","setter_type":null,"type":{".class":"Instance","args":["builtins.str"],"extra_attrs":null,"type_ref":"builtins.list"}}},"ExtensionFileLoader":{".class":"SymbolTableNode","kind":"Gdef","node":{".class":"TypeInfo","_promote":[],"abstract_attributes":[],"alt_promote":null,"bases":["_frozen_importlib_external.FileLoader","_frozen_importlib_external._LoaderBasics","importlib.abc.ExecutionLoader"],"dataclass_transform_spec":null,"declared_metaclass":null,"defn":{".class":"ClassDef","fullname":"_frozen_importlib_external.ExtensionFileLoader","name":"ExtensionFileLoader","type_vars":[]},"deletable_attributes":[],"deprecated":null,"flags":[],"fullname":"_frozen_importlib_external.ExtensionFileLoader","has_param_spec_type":false,"metaclass_type":"abc.ABCMeta","metadata":{},"module_name":"_frozen_importlib_external","mro":["_frozen_importlib_external.ExtensionFileLoader","_frozen_importlib_external.FileLoader","_frozen_importlib_external._LoaderBasics","importlib.abc.ExecutionLoader","importlib.abc.InspectLoader","importlib._abc.Loader","builtins.object"],"names":{".class":"SymbolTable","__eq__":{".class":"SymbolTableNode","kind":"Mdef","node":{".class":"FuncDef","abstract_status":0,"arg_kinds":[0,0],"arg_names":[null,null],"dataclass_transform_spec":null,"deprecated":null,"flags":["is_trivial_self"],"fullname":"_frozen_importlib_external.ExtensionFileLoader.__eq__","name":"__eq__","original_first_arg":"self","type":{".class":"CallableType","arg_kinds":[0,0],"arg_names":[null,null],"arg_types":["_frozen_importlib_external.ExtensionFileLoader","builtins.object"],"fallback":"builtins.function","from_concatenate":false,"implicit":false,"imprecise_arg_kinds":false,"is_bound":false,"is_ellipsis_args":false,"name":"__eq__ of ExtensionFileLoader","ret_type":"builtins.bool","type_guard":null,"type_is":null,"unpack_kwargs":false,"variables":[]}}},"__hash__":{".class":"SymbolTableNode","kind":"Mdef","node":{".class":"FuncDef","abstract_status":0,"arg_kinds":[0],"arg_names":["self"],"dataclass_transform_spec":null,"deprecated":null,"flags":["is_trivial_self"],"fullname":"_frozen_importlib_external.ExtensionFileLoader.__hash__","name":"__hash__","original_first_arg":"self","type":{".class":"CallableType","arg_kinds":[0],"arg_names":["self"],"arg_types":["_frozen_importlib_external.ExtensionFileLoader"],"fallback":"builtins.function","from_concatenate":false,"implicit":false,"imprecise_arg_kinds":false,"is_bound":false,"is_ellipsis_args":false,"name":"__hash__ of ExtensionFileLoader","ret_type":"builtins.int","type_guard":null,"type_is":null,"unpack_kwargs":false,"variables":[]}}},"__init__":{".class":"SymbolTableNode","kind":"Mdef","node":{".class":"FuncDef","abstract_status":0,"arg_kinds":[0,0,0],"arg_names":["self","name","path"],"dataclass_transform_spec":null,"deprecated":null,"flags":["is_trivial_self"],"fullname":"_frozen_importlib_external.ExtensionFileLoader.__init__","name":"__init__","original_first_arg":"self","type":{".class":"CallableType","arg_kinds":[0,0,0],"arg_names":["self","name","path"],"arg_types":["_frozen_importlib_external.ExtensionFileLoader","builtins.str","builtins.str"],"fallback":"builtins.function","from_concatenate":false,"implicit":false,"imprecise_arg_kinds":false,"is_bound":false,"is_ellipsis_args":false,"name":"__init__ of ExtensionFileLoader","ret_type":{".class":"NoneType"},"type_guard":null,"type_is":null,"unpack_kwargs":false,"variables":[]}}},"create_module":{".class":"SymbolTableNode","kind":"Mdef","node":{".class":"FuncDef","abstract_status":0,"arg_kinds":[0,0],"arg_names":["self","spec"],"dataclass_transform_spec":null,"deprecated":null,"flags":["is_trivial_self"],"fullname":"_frozen_importlib_external.ExtensionFileLoader.create_module","name":"create_module","original_first_arg":"self","type":{".class":"CallableType","arg_kinds":[0,0],"arg_names":["self","spec"],"arg_types":["_frozen_importlib_external.ExtensionFileLoader","_frozen_importlib.ModuleSpec"],"fallback":"builtins.function","from_concatenate":false,"implicit":false,"imprecise_arg_kinds":false,"is_bound":false,"is_ellipsis_args":false,"name":"create_module of ExtensionFileLoader","ret_type":"types.ModuleType","type_guard":null,"type_is":null,"unpack_kwargs":false,"variables":[]}}},"exec_module":{".class":"SymbolTableNode","kind":"Mdef","node":{".class":"FuncDef","abstract_status":0,"arg_kinds":[0,0],"arg_names":["self","module"],"dataclass_transform_spec":null,"deprecated":null,"flags":["is_trivial_self"],"fullname":"_frozen_importlib_external.ExtensionFileLoader.exec_module","name":"exec_module","original_first_arg":"self","type":{".class":"CallableType","arg_kinds":[0,0],"arg_names":["self","module"],"arg_types":["_frozen_importlib_external.ExtensionFileLoader","types.ModuleType"],"fallback":"builtins.function","from_concatenate":false,"implicit":false,"imprecise_arg_kinds":false,"is_bound":false,"is_ellipsis_args":false,"name":"exec_module of ExtensionFileLoader","ret_type":{".class":"NoneType"},"type_guard":null,"type_is":null,"unpack_kwargs":false,"variables":[]}}},"get_code":{".class":"SymbolTableNode","kind":"Mdef","node":{".class":"FuncDef","abstract_status":0,"arg_kinds":[0,0],"arg_names":["self","fullname"],"dataclass_transform_spec":null,"deprecated":null,"flags":["is_trivial_self"],"fullname":"_frozen_importlib_external.ExtensionFileLoader.get_code","name":"get_code","original_first_arg":"self","type":{".class":"CallableType","arg_kinds":[0,0],"arg_names":["self","fullname"],"arg_types":["_frozen_importlib_external.ExtensionFileLoader","builtins.str"],"fallback":"builtins.function","from_concatenate":false,"implicit":false,"imprecise_arg_kinds":false,"is_bound":false,"is_ellipsis_args":false,"name":"get_code of ExtensionFileLoader","ret_type":{".class":"NoneType"},"type_guard":null,"type_is":null,"unpack_kwargs":false,"variables":[]}}},"get_filename":{".class":"SymbolTableNode","kind":"Mdef","node":{".class":"FuncDef","abstract_status":0,"arg_kinds":[0,1],"arg_names":["self","name"],"dataclass_transform_spec":null,"deprecated":null,"flags":["is_trivial_self"],"fullname":"_frozen_importlib_external.ExtensionFileLoader.get_filename","name":"get_filename","original_first_arg":"self","type":{".class":"CallableType","arg_kinds":[0,1],"arg_names":["self","name"],"arg_types":["_frozen_importlib_external.ExtensionFileLoader",{".class":"UnionType","items":["builtins.str",{".class":"NoneType"}],"uses_pep604_syntax":true}],"fallback":"builtins.function","from_concatenate":false,"implicit":false,"imprecise_arg_kinds":false,"is_bound":false,"is_ellipsis_args":false,"name":"get_filename of ExtensionFileLoader","ret_type":"builtins.str","type_guard":null,"type_is":null,"unpack_kwargs":false,"variables":[]}}},"get_source":{".class":"SymbolTableNode","kind":"Mdef","node":{".class":"FuncDef","abstract_status":0,"arg_kinds":[0,0],"arg_names":["self","fullname"],"dataclass_transform_spec":null,"deprecated":null,"flags":["is_trivial_self"],"fullname":"_frozen_importlib_external.ExtensionFileLoader.get_source","name":"get_source","original_first_arg":"self","type":{".class":"CallableType","arg_kinds":[0,0],"arg_names":["self","fullname"],"arg_types":["_frozen_importlib_external.ExtensionFileLoader","builtins.str"],"fallback":"builtins.function","from_concatenate":false,"implicit":false,"imprecise_arg_kinds":false,"is_bound":false,"is_ellipsis_args":false,"name":"get_source of ExtensionFileLoader","ret_type":{".class":"NoneType"},"type_guard":null,"type_is":null,"unpack_kwargs":false,"variables":[]}}}},"self_type":null,"slots":null,"tuple_type":null,"type_vars":[],"typeddict_type":null}},"FileFinder":{".class":"SymbolTableNode","kind":"Gdef","node":{".class":"TypeInfo","_promote":[],"abstract_attributes":[],"alt_promote":null,"bases":["importlib.abc.PathEntryFinder"],"dataclass_transform_spec":null,"declared_metaclass":null,"defn":{".class":"ClassDef","fullname":"_frozen_importlib_external.FileFinder","name":"FileFinder","type_vars":[]},"deletable_attributes":[],"deprecated":null,"flags":[],"fullname":"_frozen_importlib_external.FileFinder","has_param_spec_type":false,"metaclass_type":"abc.ABCMeta","metadata":{},"module_name":"_frozen_importlib_external","mro":["_frozen_importlib_external.FileFinder","importlib.abc.PathEntryFinder","builtins.object"],"names":{".class":"SymbolTable","__init__":{".class":"SymbolTableNode","kind":"Mdef","node":{".class":"FuncDef","abstract_status":0,"arg_kinds":[0,0,2],"arg_names":["self","path","loader_details"],"dataclass_transform_spec":null,"deprecated":null,"flags":["is_trivial_self"],"fullname":"_frozen_importlib_external.FileFinder.__init__","name":"__init__","original_first_arg":"self","type":{".class":"CallableType","arg_kinds":[0,0,2],"arg_names":["self","path","loader_details"],"arg_types":["_frozen_importlib_external.FileFinder","builtins.str",{".class":"TupleType","implicit":false,"items":[{".class":"TypeType","item":"importlib._abc.Loader"},{".class":"Instance","args":["builtins.str"],"extra_attrs":null,"type_ref":"builtins.list"}],"partial_fallback":{".class":"Instance","args":[{".class":"AnyType","missing_import_name":null,"source_any":null,"type_of_any":6}],"extra_attrs":null,"type_ref":"builtins.tuple"}}],"fallback":"builtins.function","from_concatenate":false,"implicit":false,"imprecise_arg_kinds":false,"is_bound":false,"is_ellipsis_args":false,"name":"__init__ of FileFinder","ret_type":{".class":"NoneType"},"type_guard":null,"type_is":null,"unpack_kwargs":false,"variables":[]}}},"path":{".class":"SymbolTableNode","kind":"Mdef","node":{".class":"Var","flags":["is_initialized_in_class","is_ready"],"fullname":"_frozen_importlib_external.FileFinder.path","name":"path","setter_type":null,"type":"builtins.str"}},"path_hook":{".class":"SymbolTableNode","kind":"Mdef","node":{".class":"Decorator","func":{".class":"FuncDef","abstract_status":0,"arg_kinds":[0,2],"arg_names":["cls","loader_details"],"dataclass_transform_spec":null,"deprecated":null,"flags":["is_class","is_decorated","is_trivial_self"],"fullname":"_frozen_importlib_external.FileFinder.path_hook","name":"path_hook","original_first_arg":"cls","type":{".class":"CallableType","arg_kinds":[0,2],"arg_names":["cls","loader_details"],"arg_types":[{".class":"TypeType","item":"_frozen_importlib_external.FileFinder"},{".class":"TupleType","implicit":false,"items":[{".class":"TypeType","item":"importlib._abc.Loader"},{".class":"Instance","args":["builtins.str"],"extra_attrs":null,"type_ref":"builtins.list"}],"partial_fallback":{".class":"Instance","args":[{".class":"AnyType","missing_import_name":null,"source_any":null,"type_of_any":6}],"extra_attrs":null,"type_ref":"builtins.tuple"}}],"fallback":"builtins.function","from_concatenate":false,"implicit":false,"imprecise_arg_kinds":false,"is_bound":false,"is_ellipsis_args":false,"name":"path_hook of FileFinder","ret_type":{".class":"CallableType","arg_kinds":[0],"arg_names":[null],"arg_types":["builtins.str"],"fallback":"builtins.function","from_concatenate":false,"implicit":false,"imprecise_arg_kinds":false,"is_bound":false,"is_ellipsis_args":false,"name":null,"ret_type":"importlib.abc.PathEntryFinder","type_guard":null,"type_is":null,"unpack_kwargs":false,"variables":[]},"type_guard":null,"type_is":null,"unpack_kwargs":false,"variables":[]}},"is_overload":false,"var":{".class":"Var","flags":["is_initialized_in_class","is_classmethod","is_ready","is_inferred"],"fullname":"_frozen_importlib_external.FileFinder.path_hook","name":"path_hook","setter_type":null,"type":{".class":"CallableType","arg_kinds":[0,2],"arg_names":["cls","loader_details"],"arg_types":[{".class":"TypeType","item":"_frozen_importlib_external.FileFinder"},{".class":"TupleType","implicit":false,"items":[{".class":"TypeType","item":"importlib._abc.Loader"},{".class":"Instance","args":["builtins.str"],"extra_attrs":null,"type_ref":"builtins.list"}],"partial_fallback":{".class":"Instance","args":[{".class":"AnyType","missing_import_name":null,"source_any":null,"type_of_any":6}],"extra_attrs":null,"type_ref":"builtins.tuple"}}],"fallback":"builtins.function","from_concatenate":false,"implicit":false,"imprecise_arg_kinds":false,"is_bound":false,"is_ellipsis_args":false,"name":"path_hook of FileFinder","ret_type":{".class":"CallableType","arg_kinds":[0],"arg_names":[null],"arg_types":["builtins.str"],"fallback":"builtins.function","from_concatenate":false,"implicit":false,"imprecise_arg_kinds":false,"is_bound":false,"is_ellipsis_args":false,"name":null,"ret_type":"importlib.abc.PathEntryFinder","type_guard":null,"type_is":null,"unpack_kwargs":false,"variables":[]},"type_guard":null,"type_is":null,"unpack_kwargs":false,"variables":[]}}}}},"self_type":null,"slots":null,"tuple_type":null,"type_vars":[],"typeddict_type":null}},"FileLoader":{".class":"SymbolTableNode","kind":"Gdef","node":{".class":"TypeInfo","_promote":[],"abstract_attributes":[],"alt_promote":null,"bases":["builtins.object"],"dataclass_transform_spec":null,"declared_metaclass":null,"defn":{".class":"ClassDef","fullname":"_frozen_importlib_external.FileLoader","name":"FileLoader","type_vars":[]},"deletable_attributes":[],"deprecated":null,"flags":[],"fullname":"_frozen_importlib_external.FileLoader","has_param_spec_type":false,"metaclass_type":null,"metadata":{},"module_name":"_frozen_importlib_external","mro":["_frozen_importlib_external.FileLoader","builtins.object"],"names":{".class":"SymbolTable","__init__":{".class":"SymbolTableNode","kind":"Mdef","node":{".class":"FuncDef","abstract_status":0,"arg_kinds":[0,0,0],"arg_names":["self","fullname","path"],"dataclass_transform_spec":null,"deprecated":null,"flags":["is_trivial_self"],"fullname":"_frozen_importlib_external.FileLoader.__init__","name":"__init__","original_first_arg":"self","type":{".class":"CallableType","arg_kinds":[0,0,0],"arg_names":["self","fullname","path"],"arg_types":["_frozen_importlib_external.FileLoader","builtins.str","builtins.str"],"fallback":"builtins.function","from_concatenate":false,"implicit":false,"imprecise_arg_kinds":false,"is_bound":false,"is_ellipsis_args":false,"name":"__init__ of FileLoader","ret_type":{".class":"NoneType"},"type_guard":null,"type_is":null,"unpack_kwargs":false,"variables":[]}}},"get_data":{".class":"SymbolTableNode","kind":"Mdef","node":{".class":"FuncDef","abstract_status":0,"arg_kinds":[0,0],"arg_names":["self","path"],"dataclass_transform_spec":null,"deprecated":null,"flags":["is_trivial_self"],"fullname":"_frozen_importlib_external.FileLoader.get_data","name":"get_data","original_first_arg":"self","type":{".class":"CallableType","arg_kinds":[0,0],"arg_names":["self","path"],"arg_types":["_frozen_importlib_external.FileLoader","builtins.str"],"fallback":"builtins.function","from_concatenate":false,"implicit":false,"imprecise_arg_kinds":false,"is_bound":false,"is_ellipsis_args":false,"name":"get_data of FileLoader","ret_type":"builtins.bytes","type_guard":null,"type_is":null,"unpack_kwargs":false,"variables":[]}}},"get_filename":{".class":"SymbolTableNode","kind":"Mdef","node":{".class":"FuncDef","abstract_status":0,"arg_kinds":[0,1],"arg_names":["self","name"],"dataclass_transform_spec":null,"deprecated":null,"flags":["is_trivial_self"],"fullname":"_frozen_importlib_external.FileLoader.get_filename","name":"get_filename","original_first_arg":"self","type":{".class":"CallableType","arg_kinds":[0,1],"arg_names":["self","name"],"arg_types":["_frozen_importlib_external.FileLoader",{".class":"UnionType","items":["builtins.str",{".class":"NoneType"}],"uses_pep604_syntax":true}],"fallback":"builtins.function","from_concatenate":false,"implicit":false,"imprecise_arg_kinds":false,"is_bound":false,"is_ellipsis_args":false,"name":"get_filename of FileLoader","ret_type":"builtins.str","type_guard":null,"type_is":null,"unpack_kwargs":false,"variables":[]}}},"get_resource_reader":{".class":"SymbolTableNode","kind":"Mdef","node":{".class":"FuncDef","abstract_status":0,"arg_kinds":[0,1],"arg_names":["self","name"],"dataclass_transform_spec":null,"deprecated":null,"flags":["is_trivial_self"],"fullname":"_frozen_importlib_external.FileLoader.get_resource_reader","name":"get_resource_reader","original_first_arg":"self","type":{".class":"CallableType","arg_kinds":[0,1],"arg_names":["self","name"],"arg_types":["_frozen_importlib_external.FileLoader",{".class":"UnionType","items":["builtins.str",{".class":"NoneType"}],"uses_pep604_syntax":true}],"fallback":"builtins.function","from_concatenate":false,"implicit":false,"imprecise_arg_kinds":false,"is_bound":false,"is_ellipsis_args":false,"name":"get_resource_reader of FileLoader","ret_type":"importlib.readers.FileReader","type_guard":null,"type_is":null,"unpack_kwargs":false,"variables":[]}}},"load_module":{".class":"SymbolTableNode","kind":"Mdef","node":{".class":"FuncDef","abstract_status":0,"arg_kinds":[0,1],"arg_names":["self","name"],"dataclass_transform_spec":null,"deprecated":null,"flags":["is_trivial_self"],"fullname":"_frozen_importlib_external.FileLoader.load_module","name":"load_module","original_first_arg":"self","type":{".class":"CallableType","arg_kinds":[0,1],"arg_names":["self","name"],"arg_types":["_frozen_importlib_external.FileLoader",{".class":"UnionType","items":["builtins.str",{".class":"NoneType"}],"uses_pep604_syntax":true}],"fallback":"builtins.function","from_concatenate":false,"implicit":false,"imprecise_arg_kinds":false,"is_bound":false,"is_ellipsis_args":false,"name":"load_module of FileLoader","ret_type":"types.ModuleType","type_guard":null,"type_is":null,"unpack_kwargs":false,"variables":[]}}},"name":{".class":"SymbolTableNode","kind":"Mdef","node":{".class":"Var","flags":["is_initialized_in_class","is_ready"],"fullname":"_frozen_importlib_external.FileLoader.name","name":"name","setter_type":null,"type":"builtins.str"}},"path":{".class":"SymbolTableNode","kind":"Mdef","node":{".class":"Var","flags":["is_initialized_in_class","is_ready"],"fullname":"_frozen_importlib_external.FileLoader.path","name":"path","setter_type":null,"type":"builtins.str"}}},"self_type":null,"slots":null,"tuple_type":null,"type_vars":[],"typeddict_type":null}},"Final":{".class":"SymbolTableNode","cross_ref":"typing.Final","kind":"Gdef","module_hidden":true,"module_public":false},"Iterable":{".class":"SymbolTableNode","cross_ref":"typing.Iterable","kind":"Gdef","module_hidden":true,"module_public":false},"Iterator":{".class":"SymbolTableNode","cross_ref":"typing.Iterator","kind":"Gdef","module_hidden":true,"module_public":false},"Literal":{".class":"SymbolTableNode","cross_ref":"typing.Literal","kind":"Gdef","module_hidden":true,"module_public":false},"LoaderProtocol":{".class":"SymbolTableNode","cross_ref":"_typeshed.importlib.LoaderProtocol","kind":"Gdef","module_hidden":true,"module_public":false},"MAGIC_NUMBER":{".class":"SymbolTableNode","kind":"Gdef","node":{".class":"Var","flags":["is_final","is_ready"],"fullname":"_frozen_importlib_external.MAGIC_NUMBER","name":"MAGIC_NUMBER","setter_type":null,"type":"builtins.bytes"}},"Mapping":{".class":"SymbolTableNode","cross_ref":"typing.Mapping","kind":"Gdef","module_hidden":true,"module_public":false},"ModuleSpec":{".class":"SymbolTableNode","cross_ref":"_frozen_importlib.ModuleSpec","kind":"Gdef","module_hidden":true,"module_public":false},"MutableSequence":{".class":"SymbolTableNode","cross_ref":"typing.MutableSequence","kind":"Gdef","module_hidden":true,"module_public":false},"NamespaceLoader":{".class":"SymbolTableNode","kind":"Gdef","node":{".class":"TypeInfo","_promote":[],"abstract_attributes":[],"alt_promote":null,"bases":["importlib.abc.InspectLoader"],"dataclass_transform_spec":null,"declared_metaclass":null,"defn":{".class":"ClassDef","fullname":"_frozen_importlib_external.NamespaceLoader","name":"NamespaceLoader","type_vars":[]},"deletable_attributes":[],"deprecated":null,"flags":[],"fullname":"_frozen_importlib_external.NamespaceLoader","has_param_spec_type":false,"metaclass_type":"abc.ABCMeta","metadata":{},"module_name":"_frozen_importlib_external","mro":["_frozen_importlib_external.NamespaceLoader","importlib.abc.InspectLoader","importlib._abc.Loader","builtins.object"],"names":{".class":"SymbolTable","__init__":{".class":"SymbolTableNode","kind":"Mdef","node":{".class":"FuncDef","abstract_status":0,"arg_kinds":[0,0,0,0],"arg_names":["self","name","path","path_finder"],"dataclass_transform_spec":null,"deprecated":null,"flags":["is_trivial_self"],"fullname":"_frozen_importlib_external.NamespaceLoader.__init__","name":"__init__","original_first_arg":"self","type":{".class":"CallableType","arg_kinds":[0,0,0,0],"arg_names":["self","name","path","path_finder"],"arg_types":["_frozen_importlib_external.NamespaceLoader","builtins.str",{".class":"Instance","args":["builtins.str"],"extra_attrs":null,"type_ref":"typing.MutableSequence"},{".class":"CallableType","arg_kinds":[0,0],"arg_names":[null,null],"arg_types":["builtins.str",{".class":"Instance","args":["builtins.str"],"extra_attrs":null,"type_ref":"builtins.tuple"}],"fallback":"builtins.function","from_concatenate":false,"implicit":false,"imprecise_arg_kinds":false,"is_bound":false,"is_ellipsis_args":false,"name":null,"ret_type":"_frozen_importlib.ModuleSpec","type_guard":null,"type_is":null,"unpack_kwargs":false,"variables":[]}],"fallback":"builtins.function","from_concatenate":false,"implicit":false,"imprecise_arg_kinds":false,"is_bound":false,"is_ellipsis_args":false,"name":"__init__ of NamespaceLoader","ret_type":{".class":"NoneType"},"type_guard":null,"type_is":null,"unpack_kwargs":false,"variables":[]}}},"create_module":{".class":"SymbolTableNode","kind":"Mdef","node":{".class":"FuncDef","abstract_status":0,"arg_kinds":[0,0],"arg_names":["self","spec"],"dataclass_transform_spec":null,"deprecated":null,"flags":["is_trivial_self"],"fullname":"_frozen_importlib_external.NamespaceLoader.create_module","name":"create_module","original_first_arg":"self","type":{".class":"CallableType","arg_kinds":[0,0],"arg_names":["self","spec"],"arg_types":["_frozen_importlib_external.NamespaceLoader","_frozen_importlib.ModuleSpec"],"fallback":"builtins.function","from_concatenate":false,"implicit":false,"imprecise_arg_kinds":false,"is_bound":false,"is_ellipsis_args":false,"name":"create_module of NamespaceLoader","ret_type":{".class":"NoneType"},"type_guard":null,"type_is":null,"unpack_kwargs":false,"variables":[]}}},"exec_module":{".class":"SymbolTableNode","kind":"Mdef","node":{".class":"FuncDef","abstract_status":0,"arg_kinds":[0,0],"arg_names":["self","module"],"dataclass_transform_spec":null,"deprecated":null,"flags":["is_trivial_self"],"fullname":"_frozen_importlib_external.NamespaceLoader.exec_module","name":"exec_module","original_first_arg":"self","type":{".class":"CallableType","arg_kinds":[0,0],"arg_names":["self","module"],"arg_types":["_frozen_importlib_external.NamespaceLoader","types.ModuleType"],"fallback":"builtins.function","from_concatenate":false,"implicit":false,"imprecise_arg_kinds":false,"is_bound":false,"is_ellipsis_args":false,"name":"exec_module of NamespaceLoader","ret_type":{".class":"NoneType"},"type_guard":null,"type_is":null,"unpack_kwargs":false,"variables":[]}}},"get_code":{".class":"SymbolTableNode","kind":"Mdef","node":{".class":"FuncDef","abstract_status":0,"arg_kinds":[0,0],"arg_names":["self","fullname"],"dataclass_transform_spec":null,"deprecated":null,"flags":["is_trivial_self"],"fullname":"_frozen_importlib_external.NamespaceLoader.get_code","name":"get_code","original_first_arg":"self","type":{".class":"CallableType","arg_kinds":[0,0],"arg_names":["self","fullname"],"arg_types":["_frozen_importlib_external.NamespaceLoader","builtins.str"],"fallback":"builtins.function","from_concatenate":false,"implicit":false,"imprecise_arg_kinds":false,"is_bound":false,"is_ellipsis_args":false,"name":"get_code of NamespaceLoader","ret_type":"types.CodeType","type_guard":null,"type_is":null,"unpack_kwargs":false,"variables":[]}}},"get_resource_reader":{".class":"SymbolTableNode","kind":"Mdef","node":{".class":"FuncDef","abstract_status":0,"arg_kinds":[0,0],"arg_names":["self","module"],"dataclass_transform_spec":null,"deprecated":null,"flags":["is_trivial_self"],"fullname":"_frozen_importlib_external.NamespaceLoader.get_resource_reader","name":"get_resource_reader","original_first_arg":"self","type":{".class":"CallableType","arg_kinds":[0,0],"arg_names":["self","module"],"arg_types":["_frozen_importlib_external.NamespaceLoader","types.ModuleType"],"fallback":"builtins.function","from_concatenate":false,"implicit":false,"imprecise_arg_kinds":false,"is_bound":false,"is_ellipsis_args":false,"name":"get_resource_reader of NamespaceLoader","ret_type":"importlib.readers.NamespaceReader","type_guard":null,"type_is":null,"unpack_kwargs":false,"variables":[]}}},"get_source":{".class":"SymbolTableNode","kind":"Mdef","node":{".class":"FuncDef","abstract_status":0,"arg_kinds":[0,0],"arg_names":["self","fullname"],"dataclass_transform_spec":null,"deprecated":null,"flags":["is_trivial_self"],"fullname":"_frozen_importlib_external.NamespaceLoader.get_source","name":"get_source","original_first_arg":"self","type":{".class":"CallableType","arg_kinds":[0,0],"arg_names":["self","fullname"],"arg_types":["_frozen_importlib_external.NamespaceLoader","builtins.str"],"fallback":"builtins.function","from_concatenate":false,"implicit":false,"imprecise_arg_kinds":false,"is_bound":false,"is_ellipsis_args":false,"name":"get_source of NamespaceLoader","ret_type":{".class":"LiteralType","fallback":"builtins.str","value":""},"type_guard":null,"type_is":null,"unpack_kwargs":false,"variables":[]}}},"is_package":{".class":"SymbolTableNode","kind":"Mdef","node":{".class":"FuncDef","abstract_status":0,"arg_kinds":[0,0],"arg_names":["self","fullname"],"dataclass_transform_spec":null,"deprecated":null,"flags":["is_trivial_self"],"fullname":"_frozen_importlib_external.NamespaceLoader.is_package","name":"is_package","original_first_arg":"self","type":{".class":"CallableType","arg_kinds":[0,0],"arg_names":["self","fullname"],"arg_types":["_frozen_importlib_external.NamespaceLoader","builtins.str"],"fallback":"builtins.function","from_concatenate":false,"implicit":false,"imprecise_arg_kinds":false,"is_bound":false,"is_ellipsis_args":false,"name":"is_package of NamespaceLoader","ret_type":{".class":"LiteralType","fallback":"builtins.bool","value":true},"type_guard":null,"type_is":null,"unpack_kwargs":false,"variables":[]}}},"load_module":{".class":"SymbolTableNode","kind":"Mdef","node":{".class":"Decorator","func":{".class":"FuncDef","abstract_status":0,"arg_kinds":[0,0],"arg_names":["self","fullname"],"dataclass_transform_spec":null,"deprecated":"function _frozen_importlib_external.NamespaceLoader.load_module is deprecated: Deprecated since Python 3.10; will be removed in Python 3.15. Use `exec_module()` instead.","flags":["is_decorated","is_trivial_self"],"fullname":"_frozen_importlib_external.NamespaceLoader.load_module","name":"load_module","original_first_arg":"self","type":{".class":"CallableType","arg_kinds":[0,0],"arg_names":["self","fullname"],"arg_types":["_frozen_importlib_external.NamespaceLoader","builtins.str"],"fallback":"builtins.function","from_concatenate":false,"implicit":false,"imprecise_arg_kinds":false,"is_bound":false,"is_ellipsis_args":false,"name":"load_module of NamespaceLoader","ret_type":"types.ModuleType","type_guard":null,"type_is":null,"unpack_kwargs":false,"variables":[]}},"is_overload":false,"var":{".class":"Var","flags":["is_initialized_in_class","is_ready","is_inferred"],"fullname":"_frozen_importlib_external.NamespaceLoader.load_module","name":"load_module","setter_type":null,"type":{".class":"CallableType","arg_kinds":[0,0],"arg_names":["self","fullname"],"arg_types":["_frozen_importlib_external.NamespaceLoader","builtins.str"],"fallback":"builtins.function","from_concatenate":false,"implicit":false,"imprecise_arg_kinds":false,"is_bound":false,"is_ellipsis_args":false,"name":"load_module of NamespaceLoader","ret_type":"types.ModuleType","type_guard":null,"type_is":null,"unpack_kwargs":false,"variables":[]}}}},"module_repr":{".class":"SymbolTableNode","kind":"Mdef","node":{".class":"Decorator","func":{".class":"FuncDef","abstract_status":0,"arg_kinds":[0],"arg_names":["module"],"dataclass_transform_spec":null,"deprecated":"function _frozen_importlib_external.NamespaceLoader.module_repr is deprecated: Deprecated since Python 3.4; removed in Python 3.12. The module spec is now used by the import machinery to generate a module repr.","flags":["is_static","is_decorated"],"fullname":"_frozen_importlib_external.NamespaceLoader.module_repr","name":"module_repr","original_first_arg":"module","type":{".class":"CallableType","arg_kinds":[0],"arg_names":["module"],"arg_types":["types.ModuleType"],"fallback":"builtins.function","from_concatenate":false,"implicit":false,"imprecise_arg_kinds":false,"is_bound":false,"is_ellipsis_args":false,"name":"module_repr of NamespaceLoader","ret_type":"builtins.str","type_guard":null,"type_is":null,"unpack_kwargs":false,"variables":[]}},"is_overload":false,"var":{".class":"Var","flags":["is_initialized_in_class","is_staticmethod","is_ready","is_inferred"],"fullname":"_frozen_importlib_external.NamespaceLoader.module_repr","name":"module_repr","setter_type":null,"type":{".class":"CallableType","arg_kinds":[0],"arg_names":["module"],"arg_types":["types.ModuleType"],"fallback":"builtins.function","from_concatenate":false,"implicit":false,"imprecise_arg_kinds":false,"is_bound":false,"is_ellipsis_args":false,"name":"module_repr of NamespaceLoader","ret_type":"builtins.str","type_guard":null,"type_is":null,"unpack_kwargs":false,"variables":[]}}}}},"self_type":null,"slots":null,"tuple_type":null,"type_vars":[],"typeddict_type":null}},"OPTIMIZED_BYTECODE_SUFFIXES":{".class":"SymbolTableNode","kind":"Gdef","node":{".class":"Var","flags":["is_final","is_ready","is_inferred","has_explicit_value"],"fullname":"_frozen_importlib_external.OPTIMIZED_BYTECODE_SUFFIXES","name":"OPTIMIZED_BYTECODE_SUFFIXES","setter_type":null,"type":{".class":"Instance","args":["builtins.str"],"extra_attrs":null,"type_ref":"builtins.list"}}},"PathDistribution":{".class":"SymbolTableNode","cross_ref":"importlib.metadata.PathDistribution","kind":"Gdef","module_hidden":true,"module_public":false},"PathFinder":{".class":"SymbolTableNode","kind":"Gdef","node":{".class":"TypeInfo","_promote":[],"abstract_attributes":[],"alt_promote":null,"bases":["importlib.abc.MetaPathFinder"],"dataclass_transform_spec":null,"declared_metaclass":null,"defn":{".class":"ClassDef","fullname":"_frozen_importlib_external.PathFinder","name":"PathFinder","type_vars":[]},"deletable_attributes":[],"deprecated":null,"flags":[],"fullname":"_frozen_importlib_external.PathFinder","has_param_spec_type":false,"metaclass_type":"abc.ABCMeta","metadata":{},"module_name":"_frozen_importlib_external","mro":["_frozen_importlib_external.PathFinder","importlib.abc.MetaPathFinder","builtins.object"],"names":{".class":"SymbolTable","find_distributions":{".class":"SymbolTableNode","kind":"Mdef","node":{".class":"Decorator","func":{".class":"FuncDef","abstract_status":0,"arg_kinds":[1],"arg_names":["context"],"dataclass_transform_spec":null,"deprecated":null,"flags":["is_static","is_decorated"],"fullname":"_frozen_importlib_external.PathFinder.find_distributions","name":"find_distributions","original_first_arg":"context","type":{".class":"CallableType","arg_kinds":[1],"arg_names":["context"],"arg_types":["importlib.metadata.DistributionFinder.Context"],"fallback":"builtins.function","from_concatenate":false,"implicit":false,"imprecise_arg_kinds":false,"is_bound":false,"is_ellipsis_args":false,"name":"find_distributions of PathFinder","ret_type":{".class":"Instance","args":["importlib.metadata.PathDistribution"],"extra_attrs":null,"type_ref":"typing.Iterable"},"type_guard":null,"type_is":null,"unpack_kwargs":false,"variables":[]}},"is_overload":false,"var":{".class":"Var","flags":["is_initialized_in_class","is_staticmethod","is_ready","is_inferred"],"fullname":"_frozen_importlib_external.PathFinder.find_distributions","name":"find_distributions","setter_type":null,"type":{".class":"CallableType","arg_kinds":[1],"arg_names":["context"],"arg_types":["importlib.metadata.DistributionFinder.Context"],"fallback":"builtins.function","from_concatenate":false,"implicit":false,"imprecise_arg_kinds":false,"is_bound":false,"is_ellipsis_args":false,"name":"find_distributions of PathFinder","ret_type":{".class":"Instance","args":["importlib.metadata.PathDistribution"],"extra_attrs":null,"type_ref":"typing.Iterable"},"type_guard":null,"type_is":null,"unpack_kwargs":false,"variables":[]}}}},"find_module":{".class":"SymbolTableNode","kind":"Mdef","node":{".class":"Decorator","func":{".class":"FuncDef","abstract_status":0,"arg_kinds":[0,0,1],"arg_names":["cls","fullname","path"],"dataclass_transform_spec":null,"deprecated":"function _frozen_importlib_external.PathFinder.find_module is deprecated: Deprecated since Python 3.4; removed in Python 3.12. Use `find_spec()` instead.","flags":["is_class","is_decorated","is_trivial_self"],"fullname":"_frozen_importlib_external.PathFinder.find_module","name":"find_module","original_first_arg":"cls","type":{".class":"CallableType","arg_kinds":[0,0,1],"arg_names":["cls","fullname","path"],"arg_types":[{".class":"TypeType","item":"_frozen_importlib_external.PathFinder"},"builtins.str",{".class":"UnionType","items":[{".class":"Instance","args":["builtins.str"],"extra_attrs":null,"type_ref":"typing.Sequence"},{".class":"NoneType"}],"uses_pep604_syntax":true}],"fallback":"builtins.function","from_concatenate":false,"implicit":false,"imprecise_arg_kinds":false,"is_bound":false,"is_ellipsis_args":false,"name":"find_module of PathFinder","ret_type":{".class":"UnionType","items":["importlib._abc.Loader",{".class":"NoneType"}],"uses_pep604_syntax":true},"type_guard":null,"type_is":null,"unpack_kwargs":false,"variables":[]}},"is_overload":false,"var":{".class":"Var","flags":["is_initialized_in_class","is_classmethod","is_ready","is_inferred"],"fullname":"_frozen_importlib_external.PathFinder.find_module","name":"find_module","setter_type":null,"type":{".class":"CallableType","arg_kinds":[0,0,1],"arg_names":["cls","fullname","path"],"arg_types":[{".class":"TypeType","item":"_frozen_importlib_external.PathFinder"},"builtins.str",{".class":"UnionType","items":[{".class":"Instance","args":["builtins.str"],"extra_attrs":null,"type_ref":"typing.Sequence"},{".class":"NoneType"}],"uses_pep604_syntax":true}],"fallback":"builtins.function","from_concatenate":false,"implicit":false,"imprecise_arg_kinds":false,"is_bound":false,"is_ellipsis_args":false,"name":"find_module of PathFinder","ret_type":{".class":"UnionType","items":["importlib._abc.Loader",{".class":"NoneType"}],"uses_pep604_syntax":true},"type_guard":null,"type_is":null,"unpack_kwargs":false,"variables":[]}}}},"find_spec":{".class":"SymbolTableNode","kind":"Mdef","node":{".class":"Decorator","func":{".class":"FuncDef","abstract_status":0,"arg_kinds":[0,0,1,1],"arg_names":["cls","fullname","path","target"],"dataclass_transform_spec":null,"deprecated":null,"flags":["is_class","is_decorated","is_trivial_self"],"fullname":"_frozen_importlib_external.PathFinder.find_spec","name":"find_spec","original_first_arg":"cls","type":{".class":"CallableType","arg_kinds":[0,0,1,1],"arg_names":["cls","fullname","path","target"],"arg_types":[{".class":"TypeType","item":"_frozen_importlib_external.PathFinder"},"builtins.str",{".class":"UnionType","items":[{".class":"Instance","args":["builtins.str"],"extra_attrs":null,"type_ref":"typing.Sequence"},{".class":"NoneType"}],"uses_pep604_syntax":true},{".class":"UnionType","items":["types.ModuleType",{".class":"NoneType"}],"uses_pep604_syntax":true}],"fallback":"builtins.function","from_concatenate":false,"implicit":false,"imprecise_arg_kinds":false,"is_bound":false,"is_ellipsis_args":false,"name":"find_spec of PathFinder","ret_type":{".class":"UnionType","items":["_frozen_importlib.ModuleSpec",{".class":"NoneType"}],"uses_pep604_syntax":true},"type_guard":null,"type_is":null,"unpack_kwargs":false,"variables":[]}},"is_overload":false,"var":{".class":"Var","flags":["is_initialized_in_class","is_classmethod","is_ready","is_inferred"],"fullname":"_frozen_importlib_external.PathFinder.find_spec","name":"find_spec","setter_type":null,"type":{".class":"CallableType","arg_kinds":[0,0,1,1],"arg_names":["cls","fullname","path","target"],"arg_types":[{".class":"TypeType","item":"_frozen_importlib_external.PathFinder"},"builtins.str",{".class":"UnionType","items":[{".class":"Instance","args":["builtins.str"],"extra_attrs":null,"type_ref":"typing.Sequence"},{".class":"NoneType"}],"uses_pep604_syntax":true},{".class":"UnionType","items":["types.ModuleType",{".class":"NoneType"}],"uses_pep604_syntax":true}],"fallback":"builtins.function","from_concatenate":false,"implicit":false,"imprecise_arg_kinds":false,"is_bound":false,"is_ellipsis_args":false,"name":"find_spec of PathFinder","ret_type":{".class":"UnionType","items":["_frozen_importlib.ModuleSpec",{".class":"NoneType"}],"uses_pep604_syntax":true},"type_guard":null,"type_is":null,"unpack_kwargs":false,"variables":[]}}}},"invalidate_caches":{".class":"SymbolTableNode","kind":"Mdef","node":{".class":"Decorator","func":{".class":"FuncDef","abstract_status":0,"arg_kinds":[],"arg_names":[],"dataclass_transform_spec":null,"deprecated":null,"flags":["is_static","is_decorated"],"fullname":"_frozen_importlib_external.PathFinder.invalidate_caches","name":"invalidate_caches","original_first_arg":null,"type":{".class":"CallableType","arg_kinds":[],"arg_names":[],"arg_types":[],"fallback":"builtins.function","from_concatenate":false,"implicit":false,"imprecise_arg_kinds":false,"is_bound":false,"is_ellipsis_args":false,"name":"invalidate_caches of PathFinder","ret_type":{".class":"NoneType"},"type_guard":null,"type_is":null,"unpack_kwargs":false,"variables":[]}},"is_overload":false,"var":{".class":"Var","flags":["is_initialized_in_class","is_staticmethod","is_ready","is_inferred"],"fullname":"_frozen_importlib_external.PathFinder.invalidate_caches","name":"invalidate_caches","setter_type":null,"type":{".class":"CallableType","arg_kinds":[],"arg_names":[],"arg_types":[],"fallback":"builtins.function","from_concatenate":false,"implicit":false,"imprecise_arg_kinds":false,"is_bound":false,"is_ellipsis_args":false,"name":"invalidate_caches of PathFinder","ret_type":{".class":"NoneType"},"type_guard":null,"type_is":null,"unpack_kwargs":false,"variables":[]}}}}},"self_type":null,"slots":null,"tuple_type":null,"type_vars":[],"typeddict_type":null}},"ReadableBuffer":{".class":"SymbolTableNode","cross_ref":"_typeshed.ReadableBuffer","kind":"Gdef","module_hidden":true,"module_public":false},"SOURCE_SUFFIXES":{".class":"SymbolTableNode","kind":"Gdef","node":{".class":"Var","flags":["is_final","is_ready"],"fullname":"_frozen_importlib_external.SOURCE_SUFFIXES","name":"SOURCE_SUFFIXES","setter_type":null,"type":{".class":"Instance","args":["builtins.str"],"extra_attrs":null,"type_ref":"builtins.list"}}},"Self":{".class":"SymbolTableNode","cross_ref":"typing.Self","kind":"Gdef","module_hidden":true,"module_public":false},"Sequence":{".class":"SymbolTableNode","cross_ref":"typing.Sequence","kind":"Gdef","module_hidden":true,"module_public":false},"SourceFileLoader":{".class":"SymbolTableNode","kind":"Gdef","node":{".class":"TypeInfo","_promote":[],"abstract_attributes":[],"alt_promote":null,"bases":["importlib.abc.FileLoader","_frozen_importlib_external.FileLoader","importlib.abc.SourceLoader","_frozen_importlib_external.SourceLoader"],"dataclass_transform_spec":null,"declared_metaclass":null,"defn":{".class":"ClassDef","fullname":"_frozen_importlib_external.SourceFileLoader","name":"SourceFileLoader","type_vars":[]},"deletable_attributes":[],"deprecated":null,"flags":[],"fullname":"_frozen_importlib_external.SourceFileLoader","has_param_spec_type":false,"metaclass_type":"abc.ABCMeta","metadata":{},"module_name":"_frozen_importlib_external","mro":["_frozen_importlib_external.SourceFileLoader","importlib.abc.FileLoader","_frozen_importlib_external.FileLoader","importlib.abc.SourceLoader","_frozen_importlib_external.SourceLoader","_frozen_importlib_external._LoaderBasics","importlib.abc.ResourceLoader","importlib.abc.ExecutionLoader","importlib.abc.InspectLoader","importlib._abc.Loader","builtins.object"],"names":{".class":"SymbolTable","path_stats":{".class":"SymbolTableNode","kind":"Mdef","node":{".class":"FuncDef","abstract_status":0,"arg_kinds":[0,0],"arg_names":["self","path"],"dataclass_transform_spec":null,"deprecated":null,"flags":["is_trivial_self"],"fullname":"_frozen_importlib_external.SourceFileLoader.path_stats","name":"path_stats","original_first_arg":"self","type":{".class":"CallableType","arg_kinds":[0,0],"arg_names":["self","path"],"arg_types":["_frozen_importlib_external.SourceFileLoader","builtins.str"],"fallback":"builtins.function","from_concatenate":false,"implicit":false,"imprecise_arg_kinds":false,"is_bound":false,"is_ellipsis_args":false,"name":"path_stats of SourceFileLoader","ret_type":{".class":"Instance","args":["builtins.str",{".class":"AnyType","missing_import_name":null,"source_any":null,"type_of_any":2}],"extra_attrs":null,"type_ref":"typing.Mapping"},"type_guard":null,"type_is":null,"unpack_kwargs":false,"variables":[]}}},"set_data":{".class":"SymbolTableNode","kind":"Mdef","node":{".class":"FuncDef","abstract_status":0,"arg_kinds":[0,0,0,5],"arg_names":["self","path","data","_mode"],"dataclass_transform_spec":null,"deprecated":null,"flags":["is_trivial_self"],"fullname":"_frozen_importlib_external.SourceFileLoader.set_data","name":"set_data","original_first_arg":"self","type":{".class":"CallableType","arg_kinds":[0,0,0,5],"arg_names":["self","path","data","_mode"],"arg_types":["_frozen_importlib_external.SourceFileLoader","builtins.str","typing_extensions.Buffer","builtins.int"],"fallback":"builtins.function","from_concatenate":false,"implicit":false,"imprecise_arg_kinds":false,"is_bound":false,"is_ellipsis_args":false,"name":"set_data of SourceFileLoader","ret_type":{".class":"NoneType"},"type_guard":null,"type_is":null,"unpack_kwargs":false,"variables":[]}}},"source_to_code":{".class":"SymbolTableNode","kind":"Mdef","node":{".class":"FuncDef","abstract_status":0,"arg_kinds":[0,0,0,5],"arg_names":["self","data","path","_optimize"],"dataclass_transform_spec":null,"deprecated":null,"flags":["is_trivial_self"],"fullname":"_frozen_importlib_external.SourceFileLoader.source_to_code","name":"source_to_code","original_first_arg":"self","type":{".class":"CallableType","arg_kinds":[0,0,0,5],"arg_names":["self","data","path","_optimize"],"arg_types":["_frozen_importlib_external.SourceFileLoader",{".class":"UnionType","items":["typing_extensions.Buffer","builtins.str","ast.Module","ast.Expression","ast.Interactive"],"uses_pep604_syntax":true},{".class":"UnionType","items":["typing_extensions.Buffer",{".class":"TypeAliasType","args":[],"type_ref":"_typeshed.StrPath"}],"uses_pep604_syntax":true},"builtins.int"],"fallback":"builtins.function","from_concatenate":false,"implicit":false,"imprecise_arg_kinds":false,"is_bound":false,"is_ellipsis_args":false,"name":"source_to_code of SourceFileLoader","ret_type":"types.CodeType","type_guard":null,"type_is":null,"unpack_kwargs":false,"variables":[]}}}},"self_type":null,"slots":null,"tuple_type":null,"type_vars":[],"typeddict_type":null}},"SourceLoader":{".class":"SymbolTableNode","kind":"Gdef","node":{".class":"TypeInfo","_promote":[],"abstract_attributes":[],"alt_promote":null,"bases":["_frozen_importlib_external._LoaderBasics"],"dataclass_transform_spec":null,"declared_metaclass":null,"defn":{".class":"ClassDef","fullname":"_frozen_importlib_external.SourceLoader","name":"SourceLoader","type_vars":[]},"deletable_attributes":[],"deprecated":null,"flags":[],"fullname":"_frozen_importlib_external.SourceLoader","has_param_spec_type":false,"metaclass_type":null,"metadata":{},"module_name":"_frozen_importlib_external","mro":["_frozen_importlib_external.SourceLoader","_frozen_importlib_external._LoaderBasics","builtins.object"],"names":{".class":"SymbolTable","get_code":{".class":"SymbolTableNode","kind":"Mdef","node":{".class":"FuncDef","abstract_status":0,"arg_kinds":[0,0],"arg_names":["self","fullname"],"dataclass_transform_spec":null,"deprecated":null,"flags":["is_trivial_self"],"fullname":"_frozen_importlib_external.SourceLoader.get_code","name":"get_code","original_first_arg":"self","type":{".class":"CallableType","arg_kinds":[0,0],"arg_names":["self","fullname"],"arg_types":["_frozen_importlib_external.SourceLoader","builtins.str"],"fallback":"builtins.function","from_concatenate":false,"implicit":false,"imprecise_arg_kinds":false,"is_bound":false,"is_ellipsis_args":false,"name":"get_code of SourceLoader","ret_type":{".class":"UnionType","items":["types.CodeType",{".class":"NoneType"}],"uses_pep604_syntax":true},"type_guard":null,"type_is":null,"unpack_kwargs":false,"variables":[]}}},"get_source":{".class":"SymbolTableNode","kind":"Mdef","node":{".class":"FuncDef","abstract_status":0,"arg_kinds":[0,0],"arg_names":["self","fullname"],"dataclass_transform_spec":null,"deprecated":null,"flags":["is_trivial_self"],"fullname":"_frozen_importlib_external.SourceLoader.get_source","name":"get_source","original_first_arg":"self","type":{".class":"CallableType","arg_kinds":[0,0],"arg_names":["self","fullname"],"arg_types":["_frozen_importlib_external.SourceLoader","builtins.str"],"fallback":"builtins.function","from_concatenate":false,"implicit":false,"imprecise_arg_kinds":false,"is_bound":false,"is_ellipsis_args":false,"name":"get_source of SourceLoader","ret_type":{".class":"UnionType","items":["builtins.str",{".class":"NoneType"}],"uses_pep604_syntax":true},"type_guard":null,"type_is":null,"unpack_kwargs":false,"variables":[]}}},"path_mtime":{".class":"SymbolTableNode","kind":"Mdef","node":{".class":"FuncDef","abstract_status":0,"arg_kinds":[0,0],"arg_names":["self","path"],"dataclass_transform_spec":null,"deprecated":null,"flags":["is_trivial_self"],"fullname":"_frozen_importlib_external.SourceLoader.path_mtime","name":"path_mtime","original_first_arg":"self","type":{".class":"CallableType","arg_kinds":[0,0],"arg_names":["self","path"],"arg_types":["_frozen_importlib_external.SourceLoader","builtins.str"],"fallback":"builtins.function","from_concatenate":false,"implicit":false,"imprecise_arg_kinds":false,"is_bound":false,"is_ellipsis_args":false,"name":"path_mtime of SourceLoader","ret_type":"builtins.float","type_guard":null,"type_is":null,"unpack_kwargs":false,"variables":[]}}},"path_stats":{".class":"SymbolTableNode","kind":"Mdef","node":{".class":"FuncDef","abstract_status":0,"arg_kinds":[0,0],"arg_names":["self","path"],"dataclass_transform_spec":null,"deprecated":null,"flags":["is_trivial_self"],"fullname":"_frozen_importlib_external.SourceLoader.path_stats","name":"path_stats","original_first_arg":"self","type":{".class":"CallableType","arg_kinds":[0,0],"arg_names":["self","path"],"arg_types":["_frozen_importlib_external.SourceLoader","builtins.str"],"fallback":"builtins.function","from_concatenate":false,"implicit":false,"imprecise_arg_kinds":false,"is_bound":false,"is_ellipsis_args":false,"name":"path_stats of SourceLoader","ret_type":{".class":"Instance","args":["builtins.str",{".class":"AnyType","missing_import_name":null,"source_any":null,"type_of_any":2}],"extra_attrs":null,"type_ref":"typing.Mapping"},"type_guard":null,"type_is":null,"unpack_kwargs":false,"variables":[]}}},"set_data":{".class":"SymbolTableNode","kind":"Mdef","node":{".class":"FuncDef","abstract_status":0,"arg_kinds":[0,0,0],"arg_names":["self","path","data"],"dataclass_transform_spec":null,"deprecated":null,"flags":["is_trivial_self"],"fullname":"_frozen_importlib_external.SourceLoader.set_data","name":"set_data","original_first_arg":"self","type":{".class":"CallableType","arg_kinds":[0,0,0],"arg_names":["self","path","data"],"arg_types":["_frozen_importlib_external.SourceLoader","builtins.str","builtins.bytes"],"fallback":"builtins.function","from_concatenate":false,"implicit":false,"imprecise_arg_kinds":false,"is_bound":false,"is_ellipsis_args":false,"name":"set_data of SourceLoader","ret_type":{".class":"NoneType"},"type_guard":null,"type_is":null,"unpack_kwargs":false,"variables":[]}}},"source_to_code":{".class":"SymbolTableNode","kind":"Mdef","node":{".class":"FuncDef","abstract_status":0,"arg_kinds":[0,0,0],"arg_names":["self","data","path"],"dataclass_transform_spec":null,"deprecated":null,"flags":["is_trivial_self"],"fullname":"_frozen_importlib_external.SourceLoader.source_to_code","name":"source_to_code","original_first_arg":"self","type":{".class":"CallableType","arg_kinds":[0,0,0],"arg_names":["self","data","path"],"arg_types":["_frozen_importlib_external.SourceLoader",{".class":"UnionType","items":["typing_extensions.Buffer","builtins.str","ast.Module","ast.Expression","ast.Interactive"],"uses_pep604_syntax":true},{".class":"UnionType","items":["typing_extensions.Buffer",{".class":"TypeAliasType","args":[],"type_ref":"_typeshed.StrPath"}],"uses_pep604_syntax":true}],"fallback":"builtins.function","from_concatenate":false,"implicit":false,"imprecise_arg_kinds":false,"is_bound":false,"is_ellipsis_args":false,"name":"source_to_code of SourceLoader","ret_type":"types.CodeType","type_guard":null,"type_is":null,"unpack_kwargs":false,"variables":[]}}}},"self_type":null,"slots":null,"tuple_type":null,"type_vars":[],"typeddict_type":null}},"SourcelessFileLoader":{".class":"SymbolTableNode","kind":"Gdef","node":{".class":"TypeInfo","_promote":[],"abstract_attributes":[],"alt_promote":null,"bases":["importlib.abc.FileLoader","_frozen_importlib_external.FileLoader","_frozen_importlib_external._LoaderBasics"],"dataclass_transform_spec":null,"declared_metaclass":null,"defn":{".class":"ClassDef","fullname":"_frozen_importlib_external.SourcelessFileLoader","name":"SourcelessFileLoader","type_vars":[]},"deletable_attributes":[],"deprecated":null,"flags":[],"fullname":"_frozen_importlib_external.SourcelessFileLoader","has_param_spec_type":false,"metaclass_type":"abc.ABCMeta","metadata":{},"module_name":"_frozen_importlib_external","mro":["_frozen_importlib_external.SourcelessFileLoader","importlib.abc.FileLoader","_frozen_importlib_external.FileLoader","importlib.abc.ResourceLoader","importlib.abc.ExecutionLoader","importlib.abc.InspectLoader","importlib._abc.Loader","_frozen_importlib_external._LoaderBasics","builtins.object"],"names":{".class":"SymbolTable","get_code":{".class":"SymbolTableNode","kind":"Mdef","node":{".class":"FuncDef","abstract_status":0,"arg_kinds":[0,0],"arg_names":["self","fullname"],"dataclass_transform_spec":null,"deprecated":null,"flags":["is_trivial_self"],"fullname":"_frozen_importlib_external.SourcelessFileLoader.get_code","name":"get_code","original_first_arg":"self","type":{".class":"CallableType","arg_kinds":[0,0],"arg_names":["self","fullname"],"arg_types":["_frozen_importlib_external.SourcelessFileLoader","builtins.str"],"fallback":"builtins.function","from_concatenate":false,"implicit":false,"imprecise_arg_kinds":false,"is_bound":false,"is_ellipsis_args":false,"name":"get_code of SourcelessFileLoader","ret_type":{".class":"UnionType","items":["types.CodeType",{".class":"NoneType"}],"uses_pep604_syntax":true},"type_guard":null,"type_is":null,"unpack_kwargs":false,"variables":[]}}},"get_source":{".class":"SymbolTableNode","kind":"Mdef","node":{".class":"FuncDef","abstract_status":0,"arg_kinds":[0,0],"arg_names":["self","fullname"],"dataclass_transform_spec":null,"deprecated":null,"flags":["is_trivial_self"],"fullname":"_frozen_importlib_external.SourcelessFileLoader.get_source","name":"get_source","original_first_arg":"self","type":{".class":"CallableType","arg_kinds":[0,0],"arg_names":["self","fullname"],"arg_types":["_frozen_importlib_external.SourcelessFileLoader","builtins.str"],"fallback":"builtins.function","from_concatenate":false,"implicit":false,"imprecise_arg_kinds":false,"is_bound":false,"is_ellipsis_args":false,"name":"get_source of SourcelessFileLoader","ret_type":{".class":"NoneType"},"type_guard":null,"type_is":null,"unpack_kwargs":false,"variables":[]}}}},"self_type":null,"slots":null,"tuple_type":null,"type_vars":[],"typeddict_type":null}},"StrOrBytesPath":{".class":"SymbolTableNode","cross_ref":"_typeshed.StrOrBytesPath","kind":"Gdef","module_hidden":true,"module_public":false},"StrPath":{".class":"SymbolTableNode","cross_ref":"_typeshed.StrPath","kind":"Gdef","module_hidden":true,"module_public":false},"WindowsRegistryFinder":{".class":"SymbolTableNode","kind":"Gdef","node":{".class":"TypeInfo","_promote":[],"abstract_attributes":[],"alt_promote":null,"bases":["importlib.abc.MetaPathFinder"],"dataclass_transform_spec":null,"declared_metaclass":null,"defn":{".class":"ClassDef","fullname":"_frozen_importlib_external.WindowsRegistryFinder","name":"WindowsRegistryFinder","type_vars":[]},"deletable_attributes":[],"deprecated":"class _frozen_importlib_external.WindowsRegistryFinder is deprecated: Deprecated since Python 3.6. Use site configuration instead. Future versions of Python may not enable this finder by default.","flags":[],"fullname":"_frozen_importlib_external.WindowsRegistryFinder","has_param_spec_type":false,"metaclass_type":"abc.ABCMeta","metadata":{},"module_name":"_frozen_importlib_external","mro":["_frozen_importlib_external.WindowsRegistryFinder","importlib.abc.MetaPathFinder","builtins.object"],"names":{".class":"SymbolTable","find_module":{".class":"SymbolTableNode","kind":"Mdef","node":{".class":"Decorator","func":{".class":"FuncDef","abstract_status":0,"arg_kinds":[0,0,1],"arg_names":["cls","fullname","path"],"dataclass_transform_spec":null,"deprecated":"function _frozen_importlib_external.WindowsRegistryFinder.find_module is deprecated: Deprecated since Python 3.4; removed in Python 3.12. Use `find_spec()` instead.","flags":["is_class","is_decorated","is_trivial_self"],"fullname":"_frozen_importlib_external.WindowsRegistryFinder.find_module","name":"find_module","original_first_arg":"cls","type":{".class":"CallableType","arg_kinds":[0,0,1],"arg_names":["cls","fullname","path"],"arg_types":[{".class":"TypeType","item":"_frozen_importlib_external.WindowsRegistryFinder"},"builtins.str",{".class":"UnionType","items":[{".class":"Instance","args":["builtins.str"],"extra_attrs":null,"type_ref":"typing.Sequence"},{".class":"NoneType"}],"uses_pep604_syntax":true}],"fallback":"builtins.function","from_concatenate":false,"implicit":false,"imprecise_arg_kinds":false,"is_bound":false,"is_ellipsis_args":false,"name":"find_module of WindowsRegistryFinder","ret_type":{".class":"UnionType","items":["importlib._abc.Loader",{".class":"NoneType"}],"uses_pep604_syntax":true},"type_guard":null,"type_is":null,"unpack_kwargs":false,"variables":[]}},"is_overload":false,"var":{".class":"Var","flags":["is_initialized_in_class","is_classmethod","is_ready","is_inferred"],"fullname":"_frozen_importlib_external.WindowsRegistryFinder.find_module","name":"find_module","setter_type":null,"type":{".class":"CallableType","arg_kinds":[0,0,1],"arg_names":["cls","fullname","path"],"arg_types":[{".class":"TypeType","item":"_frozen_importlib_external.WindowsRegistryFinder"},"builtins.str",{".class":"UnionType","items":[{".class":"Instance","args":["builtins.str"],"extra_attrs":null,"type_ref":"typing.Sequence"},{".class":"NoneType"}],"uses_pep604_syntax":true}],"fallback":"builtins.function","from_concatenate":false,"implicit":false,"imprecise_arg_kinds":false,"is_bound":false,"is_ellipsis_args":false,"name":"find_module of WindowsRegistryFinder","ret_type":{".class":"UnionType","items":["importlib._abc.Loader",{".class":"NoneType"}],"uses_pep604_syntax":true},"type_guard":null,"type_is":null,"unpack_kwargs":false,"variables":[]}}}},"find_spec":{".class":"SymbolTableNode","kind":"Mdef","node":{".class":"Decorator","func":{".class":"FuncDef","abstract_status":0,"arg_kinds":[0,0,1,1],"arg_names":["cls","fullname","path","target"],"dataclass_transform_spec":null,"deprecated":null,"flags":["is_class","is_decorated","is_trivial_self"],"fullname":"_frozen_importlib_external.WindowsRegistryFinder.find_spec","name":"find_spec","original_first_arg":"cls","type":{".class":"CallableType","arg_kinds":[0,0,1,1],"arg_names":["cls","fullname","path","target"],"arg_types":[{".class":"TypeType","item":"_frozen_importlib_external.WindowsRegistryFinder"},"builtins.str",{".class":"UnionType","items":[{".class":"Instance","args":["builtins.str"],"extra_attrs":null,"type_ref":"typing.Sequence"},{".class":"NoneType"}],"uses_pep604_syntax":true},{".class":"UnionType","items":["types.ModuleType",{".class":"NoneType"}],"uses_pep604_syntax":true}],"fallback":"builtins.function","from_concatenate":false,"implicit":false,"imprecise_arg_kinds":false,"is_bound":false,"is_ellipsis_args":false,"name":"find_spec of WindowsRegistryFinder","ret_type":{".class":"UnionType","items":["_frozen_importlib.ModuleSpec",{".class":"NoneType"}],"uses_pep604_syntax":true},"type_guard":null,"type_is":null,"unpack_kwargs":false,"variables":[]}},"is_overload":false,"var":{".class":"Var","flags":["is_initialized_in_class","is_classmethod","is_ready","is_inferred"],"fullname":"_frozen_importlib_external.WindowsRegistryFinder.find_spec","name":"find_spec","setter_type":null,"type":{".class":"CallableType","arg_kinds":[0,0,1,1],"arg_names":["cls","fullname","path","target"],"arg_types":[{".class":"TypeType","item":"_frozen_importlib_external.WindowsRegistryFinder"},"builtins.str",{".class":"UnionType","items":[{".class":"Instance","args":["builtins.str"],"extra_attrs":null,"type_ref":"typing.Sequence"},{".class":"NoneType"}],"uses_pep604_syntax":true},{".class":"UnionType","items":["types.ModuleType",{".class":"NoneType"}],"uses_pep604_syntax":true}],"fallback":"builtins.function","from_concatenate":false,"implicit":false,"imprecise_arg_kinds":false,"is_bound":false,"is_ellipsis_args":false,"name":"find_spec of WindowsRegistryFinder","ret_type":{".class":"UnionType","items":["_frozen_importlib.ModuleSpec",{".class":"NoneType"}],"uses_pep604_syntax":true},"type_guard":null,"type_is":null,"unpack_kwargs":false,"variables":[]}}}}},"self_type":null,"slots":null,"tuple_type":null,"type_vars":[],"typeddict_type":null}},"_LoaderBasics":{".class":"SymbolTableNode","kind":"Gdef","node":{".class":"TypeInfo","_promote":[],"abstract_attributes":[],"alt_promote":null,"bases":["builtins.object"],"dataclass_transform_spec":null,"declared_metaclass":null,"defn":{".class":"ClassDef","fullname":"_frozen_importlib_external._LoaderBasics","name":"_LoaderBasics","type_vars":[]},"deletable_attributes":[],"deprecated":null,"flags":[],"fullname":"_frozen_importlib_external._LoaderBasics","has_param_spec_type":false,"metaclass_type":null,"metadata":{},"module_name":"_frozen_importlib_external","mro":["_frozen_importlib_external._LoaderBasics","builtins.object"],"names":{".class":"SymbolTable","create_module":{".class":"SymbolTableNode","kind":"Mdef","node":{".class":"FuncDef","abstract_status":0,"arg_kinds":[0,0],"arg_names":["self","spec"],"dataclass_transform_spec":null,"deprecated":null,"flags":["is_trivial_self"],"fullname":"_frozen_importlib_external._LoaderBasics.create_module","name":"create_module","original_first_arg":"self","type":{".class":"CallableType","arg_kinds":[0,0],"arg_names":["self","spec"],"arg_types":["_frozen_importlib_external._LoaderBasics","_frozen_importlib.ModuleSpec"],"fallback":"builtins.function","from_concatenate":false,"implicit":false,"imprecise_arg_kinds":false,"is_bound":false,"is_ellipsis_args":false,"name":"create_module of _LoaderBasics","ret_type":{".class":"UnionType","items":["types.ModuleType",{".class":"NoneType"}],"uses_pep604_syntax":true},"type_guard":null,"type_is":null,"unpack_kwargs":false,"variables":[]}}},"exec_module":{".class":"SymbolTableNode","kind":"Mdef","node":{".class":"FuncDef","abstract_status":0,"arg_kinds":[0,0],"arg_names":["self","module"],"dataclass_transform_spec":null,"deprecated":null,"flags":["is_trivial_self"],"fullname":"_frozen_importlib_external._LoaderBasics.exec_module","name":"exec_module","original_first_arg":"self","type":{".class":"CallableType","arg_kinds":[0,0],"arg_names":["self","module"],"arg_types":["_frozen_importlib_external._LoaderBasics","types.ModuleType"],"fallback":"builtins.function","from_concatenate":false,"implicit":false,"imprecise_arg_kinds":false,"is_bound":false,"is_ellipsis_args":false,"name":"exec_module of _LoaderBasics","ret_type":{".class":"NoneType"},"type_guard":null,"type_is":null,"unpack_kwargs":false,"variables":[]}}},"is_package":{".class":"SymbolTableNode","kind":"Mdef","node":{".class":"FuncDef","abstract_status":0,"arg_kinds":[0,0],"arg_names":["self","fullname"],"dataclass_transform_spec":null,"deprecated":null,"flags":["is_trivial_self"],"fullname":"_frozen_importlib_external._LoaderBasics.is_package","name":"is_package","original_first_arg":"self","type":{".class":"CallableType","arg_kinds":[0,0],"arg_names":["self","fullname"],"arg_types":["_frozen_importlib_external._LoaderBasics","builtins.str"],"fallback":"builtins.function","from_concatenate":false,"implicit":false,"imprecise_arg_kinds":false,"is_bound":false,"is_ellipsis_args":false,"name":"is_package of _LoaderBasics","ret_type":"builtins.bool","type_guard":null,"type_is":null,"unpack_kwargs":false,"variables":[]}}},"load_module":{".class":"SymbolTableNode","kind":"Mdef","node":{".class":"FuncDef","abstract_status":0,"arg_kinds":[0,0],"arg_names":["self","fullname"],"dataclass_transform_spec":null,"deprecated":null,"flags":["is_trivial_self"],"fullname":"_frozen_importlib_external._LoaderBasics.load_module","name":"load_module","original_first_arg":"self","type":{".class":"CallableType","arg_kinds":[0,0],"arg_names":["self","fullname"],"arg_types":["_frozen_importlib_external._LoaderBasics","builtins.str"],"fallback":"builtins.function","from_concatenate":false,"implicit":false,"imprecise_arg_kinds":false,"is_bound":false,"is_ellipsis_args":false,"name":"load_module of _LoaderBasics","ret_type":"types.ModuleType","type_guard":null,"type_is":null,"unpack_kwargs":false,"variables":[]}}}},"self_type":null,"slots":null,"tuple_type":null,"type_vars":[],"typeddict_type":null}},"_NamespaceLoader":{".class":"SymbolTableNode","kind":"Gdef","node":{".class":"TypeAlias","alias_tvars":[],"column":4,"fullname":"_frozen_importlib_external._NamespaceLoader","line":169,"no_args":true,"normalized":false,"python_3_12_type_alias":false,"target":"_frozen_importlib_external.NamespaceLoader"}},"__annotations__":{".class":"SymbolTableNode","kind":"Gdef","node":{".class":"Var","flags":["is_ready"],"fullname":"_frozen_importlib_external.__annotations__","name":"__annotations__","setter_type":null,"type":{".class":"Instance","args":["builtins.str",{".class":"AnyType","missing_import_name":null,"source_any":null,"type_of_any":6}],"extra_attrs":null,"type_ref":"builtins.dict"}}},"__doc__":{".class":"SymbolTableNode","kind":"Gdef","node":{".class":"Var","flags":["is_ready"],"fullname":"_frozen_importlib_external.__doc__","name":"__doc__","setter_type":null,"type":"builtins.str"}},"__file__":{".class":"SymbolTableNode","kind":"Gdef","node":{".class":"Var","flags":["is_ready"],"fullname":"_frozen_importlib_external.__file__","name":"__file__","setter_type":null,"type":"builtins.str"}},"__name__":{".class":"SymbolTableNode","kind":"Gdef","node":{".class":"Var","flags":["is_ready"],"fullname":"_frozen_importlib_external.__name__","name":"__name__","setter_type":null,"type":"builtins.str"}},"__package__":{".class":"SymbolTableNode","kind":"Gdef","node":{".class":"Var","flags":["is_ready"],"fullname":"_frozen_importlib_external.__package__","name":"__package__","setter_type":null,"type":"builtins.str"}},"__spec__":{".class":"SymbolTableNode","kind":"Gdef","node":{".class":"Var","flags":["is_ready"],"fullname":"_frozen_importlib_external.__spec__","name":"__spec__","setter_type":null,"type":"_frozen_importlib.ModuleSpec"}},"_ast":{".class":"SymbolTableNode","cross_ref":"_ast","kind":"Gdef","module_hidden":true,"module_public":false},"_io":{".class":"SymbolTableNode","cross_ref":"_io","kind":"Gdef","module_hidden":true,"module_public":false},"cache_from_source":{".class":"SymbolTableNode","kind":"Gdef","node":{".class":"FuncDef","abstract_status":0,"arg_kinds":[0,1,5],"arg_names":["path","debug_override","optimization"],"dataclass_transform_spec":null,"deprecated":null,"flags":[],"fullname":"_frozen_importlib_external.cache_from_source","name":"cache_from_source","original_first_arg":"path","type":{".class":"CallableType","arg_kinds":[0,1,5],"arg_names":["path","debug_override","optimization"],"arg_types":[{".class":"TypeAliasType","args":[],"type_ref":"_typeshed.StrPath"},{".class":"UnionType","items":["builtins.bool",{".class":"NoneType"}],"uses_pep604_syntax":true},{".class":"UnionType","items":[{".class":"AnyType","missing_import_name":null,"source_any":null,"type_of_any":2},{".class":"NoneType"}],"uses_pep604_syntax":true}],"fallback":"builtins.function","from_concatenate":false,"implicit":false,"imprecise_arg_kinds":false,"is_bound":false,"is_ellipsis_args":false,"name":"cache_from_source","ret_type":"builtins.str","type_guard":null,"type_is":null,"unpack_kwargs":false,"variables":[]}}},"decode_source":{".class":"SymbolTableNode","kind":"Gdef","node":{".class":"FuncDef","abstract_status":0,"arg_kinds":[0],"arg_names":["source_bytes"],"dataclass_transform_spec":null,"deprecated":null,"flags":[],"fullname":"_frozen_importlib_external.decode_source","name":"decode_source","original_first_arg":"source_bytes","type":{".class":"CallableType","arg_kinds":[0],"arg_names":["source_bytes"],"arg_types":["typing_extensions.Buffer"],"fallback":"builtins.function","from_concatenate":false,"implicit":false,"imprecise_arg_kinds":false,"is_bound":false,"is_ellipsis_args":false,"name":"decode_source","ret_type":"builtins.str","type_guard":null,"type_is":null,"unpack_kwargs":false,"variables":[]}}},"deprecated":{".class":"SymbolTableNode","cross_ref":"typing_extensions.deprecated","kind":"Gdef","module_hidden":true,"module_public":false},"importlib":{".class":"SymbolTableNode","cross_ref":"importlib","kind":"Gdef","module_hidden":true,"module_public":false},"path_sep":{".class":"SymbolTableNode","kind":"Gdef","node":{".class":"Var","flags":["is_ready"],"fullname":"_frozen_importlib_external.path_sep","name":"path_sep","setter_type":null,"type":{".class":"LiteralType","fallback":"builtins.str","value":"\\"}}},"path_sep_tuple":{".class":"SymbolTableNode","kind":"Gdef","node":{".class":"Var","flags":["is_ready"],"fullname":"_frozen_importlib_external.path_sep_tuple","name":"path_sep_tuple","setter_type":null,"type":{".class":"TupleType","implicit":false,"items":[{".class":"LiteralType","fallback":"builtins.str","value":"\\"},{".class":"LiteralType","fallback":"builtins.str","value":"/"}],"partial_fallback":{".class":"Instance","args":[{".class":"AnyType","missing_import_name":null,"source_any":null,"type_of_any":6}],"extra_attrs":null,"type_ref":"builtins.tuple"}}}},"path_separators":{".class":"SymbolTableNode","kind":"Gdef","node":{".class":"Var","flags":["is_ready"],"fullname":"_frozen_importlib_external.path_separators","name":"path_separators","setter_type":null,"type":{".class":"LiteralType","fallback":"builtins.str","value":"\\/"}}},"source_from_cache":{".class":"SymbolTableNode","kind":"Gdef","node":{".class":"FuncDef","abstract_status":0,"arg_kinds":[0],"arg_names":["path"],"dataclass_transform_spec":null,"deprecated":null,"flags":[],"fullname":"_frozen_importlib_external.source_from_cache","name":"source_from_cache","original_first_arg":"path","type":{".class":"CallableType","arg_kinds":[0],"arg_names":["path"],"arg_types":[{".class":"TypeAliasType","args":[],"type_ref":"_typeshed.StrPath"}],"fallback":"builtins.function","from_concatenate":false,"implicit":false,"imprecise_arg_kinds":false,"is_bound":false,"is_ellipsis_args":false,"name":"source_from_cache","ret_type":"builtins.str","type_guard":null,"type_is":null,"unpack_kwargs":false,"variables":[]}}},"spec_from_file_location":{".class":"SymbolTableNode","kind":"Gdef","node":{".class":"FuncDef","abstract_status":0,"arg_kinds":[0,1,5,5],"arg_names":["name","location","loader","submodule_search_locations"],"dataclass_transform_spec":null,"deprecated":null,"flags":[],"fullname":"_frozen_importlib_external.spec_from_file_location","name":"spec_from_file_location","original_first_arg":"name","type":{".class":"CallableType","arg_kinds":[0,1,5,5],"arg_names":["name","location","loader","submodule_search_locations"],"arg_types":["builtins.str",{".class":"UnionType","items":[{".class":"TypeAliasType","args":[],"type_ref":"_typeshed.StrOrBytesPath"},{".class":"NoneType"}],"uses_pep604_syntax":true},{".class":"UnionType","items":["_typeshed.importlib.LoaderProtocol",{".class":"NoneType"}],"uses_pep604_syntax":true},{".class":"UnionType","items":[{".class":"Instance","args":["builtins.str"],"extra_attrs":null,"type_ref":"builtins.list"},{".class":"NoneType"}],"uses_pep604_syntax":true}],"fallback":"builtins.function","from_concatenate":false,"implicit":false,"imprecise_arg_kinds":false,"is_bound":false,"is_ellipsis_args":false,"name":"spec_from_file_location","ret_type":{".class":"UnionType","items":["_frozen_importlib.ModuleSpec",{".class":"NoneType"}],"uses_pep604_syntax":true},"type_guard":null,"type_is":null,"unpack_kwargs":false,"variables":[]}}},"sys":{".class":"SymbolTableNode","cross_ref":"sys","kind":"Gdef","module_hidden":true,"module_public":false},"types":{".class":"SymbolTableNode","cross_ref":"types","kind":"Gdef","module_hidden":true,"module_public":false}},"path":"C:\\Users\\Vasilis\\AppData\\Local\\Programs\\Python\\Python313\\Lib\\site-packages\\mypy\\typeshed\\stdlib\\_frozen_importlib_external.pyi"}