{".class":"MypyFile","_fullname":"_hashlib","future_import_flags":[],"is_partial_stub_package":false,"is_stub":true,"names":{".class":"SymbolTable","AnyStr":{".class":"SymbolTableNode","cross_ref":"typing.AnyStr","kind":"Gdef","module_hidden":true,"module_public":false},"Callable":{".class":"SymbolTableNode","cross_ref":"typing.Callable","kind":"Gdef","module_hidden":true,"module_public":false},"HASH":{".class":"SymbolTableNode","kind":"Gdef","node":{".class":"TypeInfo","_promote":[],"abstract_attributes":[],"alt_promote":null,"bases":["builtins.object"],"dataclass_transform_spec":null,"declared_metaclass":null,"defn":{".class":"ClassDef","fullname":"_hashlib.HASH","name":"HASH","type_vars":[]},"deletable_attributes":[],"deprecated":null,"flags":["is_disjoint_base"],"fullname":"_hashlib.HASH","has_param_spec_type":false,"metaclass_type":null,"metadata":{},"module_name":"_hashlib","mro":["_hashlib.HASH","builtins.object"],"names":{".class":"SymbolTable","block_size":{".class":"SymbolTableNode","kind":"Mdef","node":{".class":"Decorator","func":{".class":"FuncDef","abstract_status":0,"arg_kinds":[0],"arg_names":["self"],"dataclass_transform_spec":null,"deprecated":null,"flags":["is_property","is_decorated","is_trivial_self"],"fullname":"_hashlib.HASH.block_size","name":"block_size","original_first_arg":"self","type":{".class":"CallableType","arg_kinds":[0],"arg_names":["self"],"arg_types":["_hashlib.HASH"],"fallback":"builtins.function","from_concatenate":false,"implicit":false,"imprecise_arg_kinds":false,"is_bound":false,"is_ellipsis_args":false,"name":"block_size of HASH","ret_type":"builtins.int","type_guard":null,"type_is":null,"unpack_kwargs":false,"variables":[]}},"is_overload":false,"var":{".class":"Var","flags":["is_initialized_in_class","is_property","is_ready","is_inferred"],"fullname":"_hashlib.HASH.block_size","name":"block_size","setter_type":null,"type":{".class":"CallableType","arg_kinds":[0],"arg_names":["self"],"arg_types":["_hashlib.HASH"],"fallback":"builtins.function","from_concatenate":false,"implicit":false,"imprecise_arg_kinds":false,"is_bound":false,"is_ellipsis_args":false,"name":"block_size of HASH","ret_type":"builtins.int","type_guard":null,"type_is":null,"unpack_kwargs":false,"variables":[]}}}},"copy":{".class":"SymbolTableNode","kind":"Mdef","node":{".class":"FuncDef","abstract_status":0,"arg_kinds":[0],"arg_names":["self"],"dataclass_transform_spec":null,"deprecated":null,"flags":[],"fullname":"_hashlib.HASH.copy","name":"copy","original_first_arg":"self","type":{".class":"CallableType","arg_kinds":[0],"arg_names":["self"],"arg_types":[{".class":"TypeVarType","default":{".class":"AnyType","missing_import_name":null,"source_any":null,"type_of_any":4},"fullname":"_hashlib.HASH.Self","id":0,"name":"Self","namespace":"","upper_bound":"_hashlib.HASH","values":[],"variance":0}],"fallback":"builtins.function","from_concatenate":false,"implicit":false,"imprecise_arg_kinds":false,"is_bound":false,"is_ellipsis_args":false,"name":"copy of HASH","ret_type":{".class":"TypeVarType","default":{".class":"AnyType","missing_import_name":null,"source_any":null,"type_of_any":4},"fullname":"_hashlib.HASH.Self","id":0,"name":"Self","namespace":"","upper_bound":"_hashlib.HASH","values":[],"variance":0},"type_guard":null,"type_is":null,"unpack_kwargs":false,"variables":[{".class":"TypeVarType","default":{".class":"AnyType","missing_import_name":null,"source_any":null,"type_of_any":4},"fullname":"_hashlib.HASH.Self","id":0,"name":"Self","namespace":"","upper_bound":"_hashlib.HASH","values":[],"variance":0}]}}},"digest":{".class":"SymbolTableNode","kind":"Mdef","node":{".class":"FuncDef","abstract_status":0,"arg_kinds":[0],"arg_names":["self"],"dataclass_transform_spec":null,"deprecated":null,"flags":["is_trivial_self"],"fullname":"_hashlib.HASH.digest","name":"digest","original_first_arg":"self","type":{".class":"CallableType","arg_kinds":[0],"arg_names":["self"],"arg_types":["_hashlib.HASH"],"fallback":"builtins.function","from_concatenate":false,"implicit":false,"imprecise_arg_kinds":false,"is_bound":false,"is_ellipsis_args":false,"name":"digest of HASH","ret_type":"builtins.bytes","type_guard":null,"type_is":null,"unpack_kwargs":false,"variables":[]}}},"digest_size":{".class":"SymbolTableNode","kind":"Mdef","node":{".class":"Decorator","func":{".class":"FuncDef","abstract_status":0,"arg_kinds":[0],"arg_names":["self"],"dataclass_transform_spec":null,"deprecated":null,"flags":["is_property","is_decorated","is_trivial_self"],"fullname":"_hashlib.HASH.digest_size","name":"digest_size","original_first_arg":"self","type":{".class":"CallableType","arg_kinds":[0],"arg_names":["self"],"arg_types":["_hashlib.HASH"],"fallback":"builtins.function","from_concatenate":false,"implicit":false,"imprecise_arg_kinds":false,"is_bound":false,"is_ellipsis_args":false,"name":"digest_size of HASH","ret_type":"builtins.int","type_guard":null,"type_is":null,"unpack_kwargs":false,"variables":[]}},"is_overload":false,"var":{".class":"Var","flags":["is_initialized_in_class","is_property","is_ready","is_inferred"],"fullname":"_hashlib.HASH.digest_size","name":"digest_size","setter_type":null,"type":{".class":"CallableType","arg_kinds":[0],"arg_names":["self"],"arg_types":["_hashlib.HASH"],"fallback":"builtins.function","from_concatenate":false,"implicit":false,"imprecise_arg_kinds":false,"is_bound":false,"is_ellipsis_args":false,"name":"digest_size of HASH","ret_type":"builtins.int","type_guard":null,"type_is":null,"unpack_kwargs":false,"variables":[]}}}},"hexdigest":{".class":"SymbolTableNode","kind":"Mdef","node":{".class":"FuncDef","abstract_status":0,"arg_kinds":[0],"arg_names":["self"],"dataclass_transform_spec":null,"deprecated":null,"flags":["is_trivial_self"],"fullname":"_hashlib.HASH.hexdigest","name":"hexdigest","original_first_arg":"self","type":{".class":"CallableType","arg_kinds":[0],"arg_names":["self"],"arg_types":["_hashlib.HASH"],"fallback":"builtins.function","from_concatenate":false,"implicit":false,"imprecise_arg_kinds":false,"is_bound":false,"is_ellipsis_args":false,"name":"hexdigest of HASH","ret_type":"builtins.str","type_guard":null,"type_is":null,"unpack_kwargs":false,"variables":[]}}},"name":{".class":"SymbolTableNode","kind":"Mdef","node":{".class":"Decorator","func":{".class":"FuncDef","abstract_status":0,"arg_kinds":[0],"arg_names":["self"],"dataclass_transform_spec":null,"deprecated":null,"flags":["is_property","is_decorated","is_trivial_self"],"fullname":"_hashlib.HASH.name","name":"name","original_first_arg":"self","type":{".class":"CallableType","arg_kinds":[0],"arg_names":["self"],"arg_types":["_hashlib.HASH"],"fallback":"builtins.function","from_concatenate":false,"implicit":false,"imprecise_arg_kinds":false,"is_bound":false,"is_ellipsis_args":false,"name":"name of HASH","ret_type":"builtins.str","type_guard":null,"type_is":null,"unpack_kwargs":false,"variables":[]}},"is_overload":false,"var":{".class":"Var","flags":["is_initialized_in_class","is_property","is_ready","is_inferred"],"fullname":"_hashlib.HASH.name","name":"name","setter_type":null,"type":{".class":"CallableType","arg_kinds":[0],"arg_names":["self"],"arg_types":["_hashlib.HASH"],"fallback":"builtins.function","from_concatenate":false,"implicit":false,"imprecise_arg_kinds":false,"is_bound":false,"is_ellipsis_args":false,"name":"name of HASH","ret_type":"builtins.str","type_guard":null,"type_is":null,"unpack_kwargs":false,"variables":[]}}}},"update":{".class":"SymbolTableNode","kind":"Mdef","node":{".class":"FuncDef","abstract_status":0,"arg_kinds":[0,0],"arg_names":[null,null],"dataclass_transform_spec":null,"deprecated":null,"flags":["is_trivial_self"],"fullname":"_hashlib.HASH.update","name":"update","original_first_arg":"self","type":{".class":"CallableType","arg_kinds":[0,0],"arg_names":[null,null],"arg_types":["_hashlib.HASH","typing_extensions.Buffer"],"fallback":"builtins.function","from_concatenate":false,"implicit":false,"imprecise_arg_kinds":false,"is_bound":false,"is_ellipsis_args":false,"name":"update of HASH","ret_type":{".class":"NoneType"},"type_guard":null,"type_is":null,"unpack_kwargs":false,"variables":[]}}}},"self_type":{".class":"TypeVarType","default":{".class":"AnyType","missing_import_name":null,"source_any":null,"type_of_any":4},"fullname":"_hashlib.HASH.Self","id":0,"name":"Self","namespace":"","upper_bound":"_hashlib.HASH","values":[],"variance":0},"slots":null,"tuple_type":null,"type_vars":[],"typeddict_type":null}},"HASHXOF":{".class":"SymbolTableNode","kind":"Gdef","node":{".class":"TypeInfo","_promote":[],"abstract_attributes":[],"alt_promote":null,"bases":["_hashlib.HASH"],"dataclass_transform_spec":null,"declared_metaclass":null,"defn":{".class":"ClassDef","fullname":"_hashlib.HASHXOF","name":"HASHXOF","type_vars":[]},"deletable_attributes":[],"deprecated":null,"flags":[],"fullname":"_hashlib.HASHXOF","has_param_spec_type":false,"metaclass_type":null,"metadata":{},"module_name":"_hashlib","mro":["_hashlib.HASHXOF","_hashlib.HASH","builtins.object"],"names":{".class":"SymbolTable","digest":{".class":"SymbolTableNode","kind":"Mdef","node":{".class":"FuncDef","abstract_status":0,"arg_kinds":[0,0],"arg_names":["self","length"],"dataclass_transform_spec":null,"deprecated":null,"flags":["is_trivial_self"],"fullname":"_hashlib.HASHXOF.digest","name":"digest","original_first_arg":"self","type":{".class":"CallableType","arg_kinds":[0,0],"arg_names":["self","length"],"arg_types":["_hashlib.HASHXOF","builtins.int"],"fallback":"builtins.function","from_concatenate":false,"implicit":false,"imprecise_arg_kinds":false,"is_bound":false,"is_ellipsis_args":false,"name":"digest of HASHXOF","ret_type":"builtins.bytes","type_guard":null,"type_is":null,"unpack_kwargs":false,"variables":[]}}},"hexdigest":{".class":"SymbolTableNode","kind":"Mdef","node":{".class":"FuncDef","abstract_status":0,"arg_kinds":[0,0],"arg_names":["self","length"],"dataclass_transform_spec":null,"deprecated":null,"flags":["is_trivial_self"],"fullname":"_hashlib.HASHXOF.hexdigest","name":"hexdigest","original_first_arg":"self","type":{".class":"CallableType","arg_kinds":[0,0],"arg_names":["self","length"],"arg_types":["_hashlib.HASHXOF","builtins.int"],"fallback":"builtins.function","from_concatenate":false,"implicit":false,"imprecise_arg_kinds":false,"is_bound":false,"is_ellipsis_args":false,"name":"hexdigest of HASHXOF","ret_type":"builtins.str","type_guard":null,"type_is":null,"unpack_kwargs":false,"variables":[]}}}},"self_type":{".class":"TypeVarType","default":{".class":"AnyType","missing_import_name":null,"source_any":null,"type_of_any":4},"fullname":"_hashlib.HASHXOF.Self","id":0,"name":"Self","namespace":"","upper_bound":"_hashlib.HASHXOF","values":[],"variance":0},"slots":null,"tuple_type":null,"type_vars":[],"typeddict_type":null}},"HMAC":{".class":"SymbolTableNode","kind":"Gdef","node":{".class":"TypeInfo","_promote":[],"abstract_attributes":[],"alt_promote":null,"bases":["builtins.object"],"dataclass_transform_spec":null,"declared_metaclass":null,"defn":{".class":"ClassDef","fullname":"_hashlib.HMAC","name":"HMAC","type_vars":[]},"deletable_attributes":[],"deprecated":null,"flags":["is_final"],"fullname":"_hashlib.HMAC","has_param_spec_type":false,"metaclass_type":null,"metadata":{},"module_name":"_hashlib","mro":["_hashlib.HMAC","builtins.object"],"names":{".class":"SymbolTable","block_size":{".class":"SymbolTableNode","kind":"Mdef","node":{".class":"Decorator","func":{".class":"FuncDef","abstract_status":0,"arg_kinds":[0],"arg_names":["self"],"dataclass_transform_spec":null,"deprecated":null,"flags":["is_property","is_decorated","is_trivial_self"],"fullname":"_hashlib.HMAC.block_size","name":"block_size","original_first_arg":"self","type":{".class":"CallableType","arg_kinds":[0],"arg_names":["self"],"arg_types":["_hashlib.HMAC"],"fallback":"builtins.function","from_concatenate":false,"implicit":false,"imprecise_arg_kinds":false,"is_bound":false,"is_ellipsis_args":false,"name":"block_size of HMAC","ret_type":"builtins.int","type_guard":null,"type_is":null,"unpack_kwargs":false,"variables":[]}},"is_overload":false,"var":{".class":"Var","flags":["is_initialized_in_class","is_property","is_ready","is_inferred"],"fullname":"_hashlib.HMAC.block_size","name":"block_size","setter_type":null,"type":{".class":"CallableType","arg_kinds":[0],"arg_names":["self"],"arg_types":["_hashlib.HMAC"],"fallback":"builtins.function","from_concatenate":false,"implicit":false,"imprecise_arg_kinds":false,"is_bound":false,"is_ellipsis_args":false,"name":"block_size of HMAC","ret_type":"builtins.int","type_guard":null,"type_is":null,"unpack_kwargs":false,"variables":[]}}}},"copy":{".class":"SymbolTableNode","kind":"Mdef","node":{".class":"FuncDef","abstract_status":0,"arg_kinds":[0],"arg_names":["self"],"dataclass_transform_spec":null,"deprecated":null,"flags":[],"fullname":"_hashlib.HMAC.copy","name":"copy","original_first_arg":"self","type":{".class":"CallableType","arg_kinds":[0],"arg_names":["self"],"arg_types":[{".class":"TypeVarType","default":{".class":"AnyType","missing_import_name":null,"source_any":null,"type_of_any":4},"fullname":"_hashlib.HMAC.Self","id":0,"name":"Self","namespace":"","upper_bound":"_hashlib.HMAC","values":[],"variance":0}],"fallback":"builtins.function","from_concatenate":false,"implicit":false,"imprecise_arg_kinds":false,"is_bound":false,"is_ellipsis_args":false,"name":"copy of HMAC","ret_type":"_hashlib.HMAC","type_guard":null,"type_is":null,"unpack_kwargs":false,"variables":[{".class":"TypeVarType","default":{".class":"AnyType","missing_import_name":null,"source_any":null,"type_of_any":4},"fullname":"_hashlib.HMAC.Self","id":0,"name":"Self","namespace":"","upper_bound":"_hashlib.HMAC","values":[],"variance":0}]}}},"digest":{".class":"SymbolTableNode","kind":"Mdef","node":{".class":"FuncDef","abstract_status":0,"arg_kinds":[0],"arg_names":["self"],"dataclass_transform_spec":null,"deprecated":null,"flags":["is_trivial_self"],"fullname":"_hashlib.HMAC.digest","name":"digest","original_first_arg":"self","type":{".class":"CallableType","arg_kinds":[0],"arg_names":["self"],"arg_types":["_hashlib.HMAC"],"fallback":"builtins.function","from_concatenate":false,"implicit":false,"imprecise_arg_kinds":false,"is_bound":false,"is_ellipsis_args":false,"name":"digest of HMAC","ret_type":"builtins.bytes","type_guard":null,"type_is":null,"unpack_kwargs":false,"variables":[]}}},"digest_size":{".class":"SymbolTableNode","kind":"Mdef","node":{".class":"Decorator","func":{".class":"FuncDef","abstract_status":0,"arg_kinds":[0],"arg_names":["self"],"dataclass_transform_spec":null,"deprecated":null,"flags":["is_property","is_decorated","is_trivial_self"],"fullname":"_hashlib.HMAC.digest_size","name":"digest_size","original_first_arg":"self","type":{".class":"CallableType","arg_kinds":[0],"arg_names":["self"],"arg_types":["_hashlib.HMAC"],"fallback":"builtins.function","from_concatenate":false,"implicit":false,"imprecise_arg_kinds":false,"is_bound":false,"is_ellipsis_args":false,"name":"digest_size of HMAC","ret_type":"builtins.int","type_guard":null,"type_is":null,"unpack_kwargs":false,"variables":[]}},"is_overload":false,"var":{".class":"Var","flags":["is_initialized_in_class","is_property","is_ready","is_inferred"],"fullname":"_hashlib.HMAC.digest_size","name":"digest_size","setter_type":null,"type":{".class":"CallableType","arg_kinds":[0],"arg_names":["self"],"arg_types":["_hashlib.HMAC"],"fallback":"builtins.function","from_concatenate":false,"implicit":false,"imprecise_arg_kinds":false,"is_bound":false,"is_ellipsis_args":false,"name":"digest_size of HMAC","ret_type":"builtins.int","type_guard":null,"type_is":null,"unpack_kwargs":false,"variables":[]}}}},"hexdigest":{".class":"SymbolTableNode","kind":"Mdef","node":{".class":"FuncDef","abstract_status":0,"arg_kinds":[0],"arg_names":["self"],"dataclass_transform_spec":null,"deprecated":null,"flags":["is_trivial_self"],"fullname":"_hashlib.HMAC.hexdigest","name":"hexdigest","original_first_arg":"self","type":{".class":"CallableType","arg_kinds":[0],"arg_names":["self"],"arg_types":["_hashlib.HMAC"],"fallback":"builtins.function","from_concatenate":false,"implicit":false,"imprecise_arg_kinds":false,"is_bound":false,"is_ellipsis_args":false,"name":"hexdigest of HMAC","ret_type":"builtins.str","type_guard":null,"type_is":null,"unpack_kwargs":false,"variables":[]}}},"name":{".class":"SymbolTableNode","kind":"Mdef","node":{".class":"Decorator","func":{".class":"FuncDef","abstract_status":0,"arg_kinds":[0],"arg_names":["self"],"dataclass_transform_spec":null,"deprecated":null,"flags":["is_property","is_decorated","is_trivial_self"],"fullname":"_hashlib.HMAC.name","name":"name","original_first_arg":"self","type":{".class":"CallableType","arg_kinds":[0],"arg_names":["self"],"arg_types":["_hashlib.HMAC"],"fallback":"builtins.function","from_concatenate":false,"implicit":false,"imprecise_arg_kinds":false,"is_bound":false,"is_ellipsis_args":false,"name":"name of HMAC","ret_type":"builtins.str","type_guard":null,"type_is":null,"unpack_kwargs":false,"variables":[]}},"is_overload":false,"var":{".class":"Var","flags":["is_initialized_in_class","is_property","is_ready","is_inferred"],"fullname":"_hashlib.HMAC.name","name":"name","setter_type":null,"type":{".class":"CallableType","arg_kinds":[0],"arg_names":["self"],"arg_types":["_hashlib.HMAC"],"fallback":"builtins.function","from_concatenate":false,"implicit":false,"imprecise_arg_kinds":false,"is_bound":false,"is_ellipsis_args":false,"name":"name of HMAC","ret_type":"builtins.str","type_guard":null,"type_is":null,"unpack_kwargs":false,"variables":[]}}}},"update":{".class":"SymbolTableNode","kind":"Mdef","node":{".class":"FuncDef","abstract_status":0,"arg_kinds":[0,0],"arg_names":["self","msg"],"dataclass_transform_spec":null,"deprecated":null,"flags":["is_trivial_self"],"fullname":"_hashlib.HMAC.update","name":"update","original_first_arg":"self","type":{".class":"CallableType","arg_kinds":[0,0],"arg_names":["self","msg"],"arg_types":["_hashlib.HMAC","typing_extensions.Buffer"],"fallback":"builtins.function","from_concatenate":false,"implicit":false,"imprecise_arg_kinds":false,"is_bound":false,"is_ellipsis_args":false,"name":"update of HMAC","ret_type":{".class":"NoneType"},"type_guard":null,"type_is":null,"unpack_kwargs":false,"variables":[]}}}},"self_type":{".class":"TypeVarType","default":{".class":"AnyType","missing_import_name":null,"source_any":null,"type_of_any":4},"fullname":"_hashlib.HMAC.Self","id":0,"name":"Self","namespace":"","upper_bound":"_hashlib.HMAC","values":[],"variance":0},"slots":null,"tuple_type":null,"type_vars":[],"typeddict_type":null}},"ModuleType":{".class":"SymbolTableNode","cross_ref":"types.ModuleType","kind":"Gdef","module_hidden":true,"module_public":false},"Protocol":{".class":"SymbolTableNode","cross_ref":"typing.Protocol","kind":"Gdef","module_hidden":true,"module_public":false},"ReadableBuffer":{".class":"SymbolTableNode","cross_ref":"_typeshed.ReadableBuffer","kind":"Gdef","module_hidden":true,"module_public":false},"Self":{".class":"SymbolTableNode","cross_ref":"typing.Self","kind":"Gdef","module_hidden":true,"module_public":false},"TypeAlias":{".class":"SymbolTableNode","cross_ref":"typing.TypeAlias","kind":"Gdef","module_hidden":true,"module_public":false},"UnsupportedDigestmodError":{".class":"SymbolTableNode","kind":"Gdef","node":{".class":"TypeInfo","_promote":[],"abstract_attributes":[],"alt_promote":null,"bases":["builtins.ValueError"],"dataclass_transform_spec":null,"declared_metaclass":null,"defn":{".class":"ClassDef","fullname":"_hashlib.UnsupportedDigestmodError","name":"UnsupportedDigestmodError","type_vars":[]},"deletable_attributes":[],"deprecated":null,"flags":[],"fullname":"_hashlib.UnsupportedDigestmodError","has_param_spec_type":false,"metaclass_type":null,"metadata":{},"module_name":"_hashlib","mro":["_hashlib.UnsupportedDigestmodError","builtins.ValueError","builtins.Exception","builtins.BaseException","builtins.object"],"names":{".class":"SymbolTable"},"self_type":{".class":"TypeVarType","default":{".class":"AnyType","missing_import_name":null,"source_any":null,"type_of_any":4},"fullname":"_hashlib.UnsupportedDigestmodError.Self","id":0,"name":"Self","namespace":"","upper_bound":"_hashlib.UnsupportedDigestmodError","values":[],"variance":0},"slots":null,"tuple_type":null,"type_vars":[],"typeddict_type":null}},"_DigestMod":{".class":"SymbolTableNode","kind":"Gdef","node":{".class":"TypeAlias","alias_tvars":[],"column":0,"fullname":"_hashlib._DigestMod","line":8,"no_args":false,"normalized":false,"python_3_12_type_alias":false,"target":{".class":"UnionType","items":["builtins.str",{".class":"CallableType","arg_kinds":[],"arg_names":[],"arg_types":[],"fallback":"builtins.function","from_concatenate":false,"implicit":false,"imprecise_arg_kinds":false,"is_bound":false,"is_ellipsis_args":false,"name":null,"ret_type":"_hashlib._HashObject","type_guard":null,"type_is":null,"unpack_kwargs":false,"variables":[]},"types.ModuleType",{".class":"NoneType"}],"uses_pep604_syntax":true}}},"_HashObject":{".class":"SymbolTableNode","kind":"Gdef","node":{".class":"TypeInfo","_promote":[],"abstract_attributes":[],"alt_promote":null,"bases":["builtins.object"],"dataclass_transform_spec":null,"declared_metaclass":null,"defn":{".class":"ClassDef","fullname":"_hashlib._HashObject","name":"_HashObject","type_vars":[]},"deletable_attributes":[],"deprecated":null,"flags":["is_protocol"],"fullname":"_hashlib._HashObject","has_param_spec_type":false,"metaclass_type":"abc.ABCMeta","metadata":{},"module_name":"_hashlib","mro":["_hashlib._HashObject","builtins.object"],"names":{".class":"SymbolTable","block_size":{".class":"SymbolTableNode","kind":"Mdef","node":{".class":"Decorator","func":{".class":"FuncDef","abstract_status":0,"arg_kinds":[0],"arg_names":["self"],"dataclass_transform_spec":null,"deprecated":null,"flags":["is_property","is_decorated","is_trivial_self"],"fullname":"_hashlib._HashObject.block_size","name":"block_size","original_first_arg":"self","type":{".class":"CallableType","arg_kinds":[0],"arg_names":["self"],"arg_types":["_hashlib._HashObject"],"fallback":"builtins.function","from_concatenate":false,"implicit":false,"imprecise_arg_kinds":false,"is_bound":false,"is_ellipsis_args":false,"name":"block_size of _HashObject","ret_type":"builtins.int","type_guard":null,"type_is":null,"unpack_kwargs":false,"variables":[]}},"is_overload":false,"var":{".class":"Var","flags":["is_initialized_in_class","is_property","is_ready","is_inferred"],"fullname":"_hashlib._HashObject.block_size","name":"block_size","setter_type":null,"type":{".class":"CallableType","arg_kinds":[0],"arg_names":["self"],"arg_types":["_hashlib._HashObject"],"fallback":"builtins.function","from_concatenate":false,"implicit":false,"imprecise_arg_kinds":false,"is_bound":false,"is_ellipsis_args":false,"name":"block_size of _HashObject","ret_type":"builtins.int","type_guard":null,"type_is":null,"unpack_kwargs":false,"variables":[]}}}},"copy":{".class":"SymbolTableNode","kind":"Mdef","node":{".class":"FuncDef","abstract_status":0,"arg_kinds":[0],"arg_names":["self"],"dataclass_transform_spec":null,"deprecated":null,"flags":[],"fullname":"_hashlib._HashObject.copy","name":"copy","original_first_arg":"self","type":{".class":"CallableType","arg_kinds":[0],"arg_names":["self"],"arg_types":[{".class":"TypeVarType","default":{".class":"AnyType","missing_import_name":null,"source_any":null,"type_of_any":4},"fullname":"_hashlib._HashObject.Self","id":0,"name":"Self","namespace":"","upper_bound":"_hashlib._HashObject","values":[],"variance":0}],"fallback":"builtins.function","from_concatenate":false,"implicit":false,"imprecise_arg_kinds":false,"is_bound":false,"is_ellipsis_args":false,"name":"copy of _HashObject","ret_type":{".class":"TypeVarType","default":{".class":"AnyType","missing_import_name":null,"source_any":null,"type_of_any":4},"fullname":"_hashlib._HashObject.Self","id":0,"name":"Self","namespace":"","upper_bound":"_hashlib._HashObject","values":[],"variance":0},"type_guard":null,"type_is":null,"unpack_kwargs":false,"variables":[{".class":"TypeVarType","default":{".class":"AnyType","missing_import_name":null,"source_any":null,"type_of_any":4},"fullname":"_hashlib._HashObject.Self","id":0,"name":"Self","namespace":"","upper_bound":"_hashlib._HashObject","values":[],"variance":0}]}}},"digest":{".class":"SymbolTableNode","kind":"Mdef","node":{".class":"FuncDef","abstract_status":0,"arg_kinds":[0],"arg_names":["self"],"dataclass_transform_spec":null,"deprecated":null,"flags":["is_trivial_self"],"fullname":"_hashlib._HashObject.digest","name":"digest","original_first_arg":"self","type":{".class":"CallableType","arg_kinds":[0],"arg_names":["self"],"arg_types":["_hashlib._HashObject"],"fallback":"builtins.function","from_concatenate":false,"implicit":false,"imprecise_arg_kinds":false,"is_bound":false,"is_ellipsis_args":false,"name":"digest of _HashObject","ret_type":"builtins.bytes","type_guard":null,"type_is":null,"unpack_kwargs":false,"variables":[]}}},"digest_size":{".class":"SymbolTableNode","kind":"Mdef","node":{".class":"Decorator","func":{".class":"FuncDef","abstract_status":0,"arg_kinds":[0],"arg_names":["self"],"dataclass_transform_spec":null,"deprecated":null,"flags":["is_property","is_decorated","is_trivial_self"],"fullname":"_hashlib._HashObject.digest_size","name":"digest_size","original_first_arg":"self","type":{".class":"CallableType","arg_kinds":[0],"arg_names":["self"],"arg_types":["_hashlib._HashObject"],"fallback":"builtins.function","from_concatenate":false,"implicit":false,"imprecise_arg_kinds":false,"is_bound":false,"is_ellipsis_args":false,"name":"digest_size of _HashObject","ret_type":"builtins.int","type_guard":null,"type_is":null,"unpack_kwargs":false,"variables":[]}},"is_overload":false,"var":{".class":"Var","flags":["is_initialized_in_class","is_property","is_ready","is_inferred"],"fullname":"_hashlib._HashObject.digest_size","name":"digest_size","setter_type":null,"type":{".class":"CallableType","arg_kinds":[0],"arg_names":["self"],"arg_types":["_hashlib._HashObject"],"fallback":"builtins.function","from_concatenate":false,"implicit":false,"imprecise_arg_kinds":false,"is_bound":false,"is_ellipsis_args":false,"name":"digest_size of _HashObject","ret_type":"builtins.int","type_guard":null,"type_is":null,"unpack_kwargs":false,"variables":[]}}}},"hexdigest":{".class":"SymbolTableNode","kind":"Mdef","node":{".class":"FuncDef","abstract_status":0,"arg_kinds":[0],"arg_names":["self"],"dataclass_transform_spec":null,"deprecated":null,"flags":["is_trivial_self"],"fullname":"_hashlib._HashObject.hexdigest","name":"hexdigest","original_first_arg":"self","type":{".class":"CallableType","arg_kinds":[0],"arg_names":["self"],"arg_types":["_hashlib._HashObject"],"fallback":"builtins.function","from_concatenate":false,"implicit":false,"imprecise_arg_kinds":false,"is_bound":false,"is_ellipsis_args":false,"name":"hexdigest of _HashObject","ret_type":"builtins.str","type_guard":null,"type_is":null,"unpack_kwargs":false,"variables":[]}}},"name":{".class":"SymbolTableNode","kind":"Mdef","node":{".class":"Decorator","func":{".class":"FuncDef","abstract_status":0,"arg_kinds":[0],"arg_names":["self"],"dataclass_transform_spec":null,"deprecated":null,"flags":["is_property","is_decorated","is_trivial_self"],"fullname":"_hashlib._HashObject.name","name":"name","original_first_arg":"self","type":{".class":"CallableType","arg_kinds":[0],"arg_names":["self"],"arg_types":["_hashlib._HashObject"],"fallback":"builtins.function","from_concatenate":false,"implicit":false,"imprecise_arg_kinds":false,"is_bound":false,"is_ellipsis_args":false,"name":"name of _HashObject","ret_type":"builtins.str","type_guard":null,"type_is":null,"unpack_kwargs":false,"variables":[]}},"is_overload":false,"var":{".class":"Var","flags":["is_initialized_in_class","is_property","is_ready","is_inferred"],"fullname":"_hashlib._HashObject.name","name":"name","setter_type":null,"type":{".class":"CallableType","arg_kinds":[0],"arg_names":["self"],"arg_types":["_hashlib._HashObject"],"fallback":"builtins.function","from_concatenate":false,"implicit":false,"imprecise_arg_kinds":false,"is_bound":false,"is_ellipsis_args":false,"name":"name of _HashObject","ret_type":"builtins.str","type_guard":null,"type_is":null,"unpack_kwargs":false,"variables":[]}}}},"update":{".class":"SymbolTableNode","kind":"Mdef","node":{".class":"FuncDef","abstract_status":0,"arg_kinds":[0,0],"arg_names":[null,null],"dataclass_transform_spec":null,"deprecated":null,"flags":["is_trivial_self"],"fullname":"_hashlib._HashObject.update","name":"update","original_first_arg":"self","type":{".class":"CallableType","arg_kinds":[0,0],"arg_names":[null,null],"arg_types":["_hashlib._HashObject","typing_extensions.Buffer"],"fallback":"builtins.function","from_concatenate":false,"implicit":false,"imprecise_arg_kinds":false,"is_bound":false,"is_ellipsis_args":false,"name":"update of _HashObject","ret_type":{".class":"NoneType"},"type_guard":null,"type_is":null,"unpack_kwargs":false,"variables":[]}}}},"self_type":{".class":"TypeVarType","default":{".class":"AnyType","missing_import_name":null,"source_any":null,"type_of_any":4},"fullname":"_hashlib._HashObject.Self","id":0,"name":"Self","namespace":"","upper_bound":"_hashlib._HashObject","values":[],"variance":0},"slots":null,"tuple_type":null,"type_vars":[],"typeddict_type":null}},"__annotations__":{".class":"SymbolTableNode","kind":"Gdef","node":{".class":"Var","flags":["is_ready"],"fullname":"_hashlib.__annotations__","name":"__annotations__","setter_type":null,"type":{".class":"Instance","args":["builtins.str",{".class":"AnyType","missing_import_name":null,"source_any":null,"type_of_any":6}],"extra_attrs":null,"type_ref":"builtins.dict"}}},"__doc__":{".class":"SymbolTableNode","kind":"Gdef","node":{".class":"Var","flags":["is_ready"],"fullname":"_hashlib.__doc__","name":"__doc__","setter_type":null,"type":"builtins.str"}},"__file__":{".class":"SymbolTableNode","kind":"Gdef","node":{".class":"Var","flags":["is_ready"],"fullname":"_hashlib.__file__","name":"__file__","setter_type":null,"type":"builtins.str"}},"__name__":{".class":"SymbolTableNode","kind":"Gdef","node":{".class":"Var","flags":["is_ready"],"fullname":"_hashlib.__name__","name":"__name__","setter_type":null,"type":"builtins.str"}},"__package__":{".class":"SymbolTableNode","kind":"Gdef","node":{".class":"Var","flags":["is_ready"],"fullname":"_hashlib.__package__","name":"__package__","setter_type":null,"type":"builtins.str"}},"__spec__":{".class":"SymbolTableNode","kind":"Gdef","node":{".class":"Var","flags":["is_ready"],"fullname":"_hashlib.__spec__","name":"__spec__","setter_type":null,"type":"_frozen_importlib.ModuleSpec"}},"compare_digest":{".class":"SymbolTableNode","kind":"Gdef","node":{".class":"OverloadedFuncDef","deprecated":null,"flags":[],"fullname":"_hashlib.compare_digest","impl":null,"items":[{".class":"Decorator","func":{".class":"FuncDef","abstract_status":0,"arg_kinds":[0,0],"arg_names":[null,null],"dataclass_transform_spec":null,"deprecated":null,"flags":["is_overload","is_decorated"],"fullname":"_hashlib.compare_digest","name":"compare_digest","original_first_arg":"a","type":{".class":"CallableType","arg_kinds":[0,0],"arg_names":[null,null],"arg_types":["typing_extensions.Buffer","typing_extensions.Buffer"],"fallback":"builtins.function","from_concatenate":false,"implicit":false,"imprecise_arg_kinds":false,"is_bound":false,"is_ellipsis_args":false,"name":"compare_digest","ret_type":"builtins.bool","type_guard":null,"type_is":null,"unpack_kwargs":false,"variables":[]}},"is_overload":true,"var":{".class":"Var","flags":["is_ready","is_inferred"],"fullname":"_hashlib.compare_digest","name":"compare_digest","setter_type":null,"type":{".class":"CallableType","arg_kinds":[0,0],"arg_names":[null,null],"arg_types":["typing_extensions.Buffer","typing_extensions.Buffer"],"fallback":"builtins.function","from_concatenate":false,"implicit":false,"imprecise_arg_kinds":false,"is_bound":false,"is_ellipsis_args":false,"name":"compare_digest","ret_type":"builtins.bool","type_guard":null,"type_is":null,"unpack_kwargs":false,"variables":[]}}},{".class":"Decorator","func":{".class":"FuncDef","abstract_status":0,"arg_kinds":[0,0],"arg_names":[null,null],"dataclass_transform_spec":null,"deprecated":null,"flags":["is_overload","is_decorated"],"fullname":"_hashlib.compare_digest","name":"compare_digest","original_first_arg":"a","type":{".class":"CallableType","arg_kinds":[0,0],"arg_names":[null,null],"arg_types":[{".class":"TypeVarType","default":{".class":"AnyType","missing_import_name":null,"source_any":null,"type_of_any":4},"fullname":"typing.AnyStr","id":-1,"name":"AnyStr","namespace":"_hashlib.compare_digest","upper_bound":"builtins.object","values":["builtins.str","builtins.bytes"],"variance":0},{".class":"TypeVarType","default":{".class":"AnyType","missing_import_name":null,"source_any":null,"type_of_any":4},"fullname":"typing.AnyStr","id":-1,"name":"AnyStr","namespace":"_hashlib.compare_digest","upper_bound":"builtins.object","values":["builtins.str","builtins.bytes"],"variance":0}],"fallback":"builtins.function","from_concatenate":false,"implicit":false,"imprecise_arg_kinds":false,"is_bound":false,"is_ellipsis_args":false,"name":"compare_digest","ret_type":"builtins.bool","type_guard":null,"type_is":null,"unpack_kwargs":false,"variables":[{".class":"TypeVarType","default":{".class":"AnyType","missing_import_name":null,"source_any":null,"type_of_any":4},"fullname":"typing.AnyStr","id":-1,"name":"AnyStr","namespace":"_hashlib.compare_digest","upper_bound":"builtins.object","values":["builtins.str","builtins.bytes"],"variance":0}]}},"is_overload":true,"var":{".class":"Var","flags":["is_ready","is_inferred"],"fullname":"_hashlib.compare_digest","name":"compare_digest","setter_type":null,"type":{".class":"CallableType","arg_kinds":[0,0],"arg_names":[null,null],"arg_types":[{".class":"TypeVarType","default":{".class":"AnyType","missing_import_name":null,"source_any":null,"type_of_any":4},"fullname":"typing.AnyStr","id":-1,"name":"AnyStr","namespace":"_hashlib.compare_digest","upper_bound":"builtins.object","values":["builtins.str","builtins.bytes"],"variance":0},{".class":"TypeVarType","default":{".class":"AnyType","missing_import_name":null,"source_any":null,"type_of_any":4},"fullname":"typing.AnyStr","id":-1,"name":"AnyStr","namespace":"_hashlib.compare_digest","upper_bound":"builtins.object","values":["builtins.str","builtins.bytes"],"variance":0}],"fallback":"builtins.function","from_concatenate":false,"implicit":false,"imprecise_arg_kinds":false,"is_bound":false,"is_ellipsis_args":false,"name":"compare_digest","ret_type":"builtins.bool","type_guard":null,"type_is":null,"unpack_kwargs":false,"variables":[{".class":"TypeVarType","default":{".class":"AnyType","missing_import_name":null,"source_any":null,"type_of_any":4},"fullname":"typing.AnyStr","id":-1,"name":"AnyStr","namespace":"_hashlib.compare_digest","upper_bound":"builtins.object","values":["builtins.str","builtins.bytes"],"variance":0}]}}}],"setter_index":null,"type":{".class":"Overloaded","items":[{".class":"CallableType","arg_kinds":[0,0],"arg_names":[null,null],"arg_types":["typing_extensions.Buffer","typing_extensions.Buffer"],"fallback":"builtins.function","from_concatenate":false,"implicit":false,"imprecise_arg_kinds":false,"is_bound":false,"is_ellipsis_args":false,"name":"compare_digest","ret_type":"builtins.bool","type_guard":null,"type_is":null,"unpack_kwargs":false,"variables":[]},{".class":"CallableType","arg_kinds":[0,0],"arg_names":[null,null],"arg_types":[{".class":"TypeVarType","default":{".class":"AnyType","missing_import_name":null,"source_any":null,"type_of_any":4},"fullname":"typing.AnyStr","id":-1,"name":"AnyStr","namespace":"_hashlib.compare_digest","upper_bound":"builtins.object","values":["builtins.str","builtins.bytes"],"variance":0},{".class":"TypeVarType","default":{".class":"AnyType","missing_import_name":null,"source_any":null,"type_of_any":4},"fullname":"typing.AnyStr","id":-1,"name":"AnyStr","namespace":"_hashlib.compare_digest","upper_bound":"builtins.object","values":["builtins.str","builtins.bytes"],"variance":0}],"fallback":"builtins.function","from_concatenate":false,"implicit":false,"imprecise_arg_kinds":false,"is_bound":false,"is_ellipsis_args":false,"name":"compare_digest","ret_type":"builtins.bool","type_guard":null,"type_is":null,"unpack_kwargs":false,"variables":[{".class":"TypeVarType","default":{".class":"AnyType","missing_import_name":null,"source_any":null,"type_of_any":4},"fullname":"typing.AnyStr","id":-1,"name":"AnyStr","namespace":"_hashlib.compare_digest","upper_bound":"builtins.object","values":["builtins.str","builtins.bytes"],"variance":0}]}]}}},"disjoint_base":{".class":"SymbolTableNode","cross_ref":"typing_extensions.disjoint_base","kind":"Gdef","module_hidden":true,"module_public":false},"final":{".class":"SymbolTableNode","cross_ref":"typing.final","kind":"Gdef","module_hidden":true,"module_public":false},"get_fips_mode":{".class":"SymbolTableNode","kind":"Gdef","node":{".class":"FuncDef","abstract_status":0,"arg_kinds":[],"arg_names":[],"dataclass_transform_spec":null,"deprecated":null,"flags":[],"fullname":"_hashlib.get_fips_mode","name":"get_fips_mode","original_first_arg":null,"type":{".class":"CallableType","arg_kinds":[],"arg_names":[],"arg_types":[],"fallback":"builtins.function","from_concatenate":false,"implicit":false,"imprecise_arg_kinds":false,"is_bound":false,"is_ellipsis_args":false,"name":"get_fips_mode","ret_type":"builtins.int","type_guard":null,"type_is":null,"unpack_kwargs":false,"variables":[]}}},"hmac_digest":{".class":"SymbolTableNode","kind":"Gdef","node":{".class":"FuncDef","abstract_status":0,"arg_kinds":[0,0,0],"arg_names":["key","msg","digest"],"dataclass_transform_spec":null,"deprecated":null,"flags":[],"fullname":"_hashlib.hmac_digest","name":"hmac_digest","original_first_arg":"key","type":{".class":"CallableType","arg_kinds":[0,0,0],"arg_names":["key","msg","digest"],"arg_types":[{".class":"UnionType","items":["builtins.bytes","builtins.bytearray"],"uses_pep604_syntax":true},"typing_extensions.Buffer","builtins.str"],"fallback":"builtins.function","from_concatenate":false,"implicit":false,"imprecise_arg_kinds":false,"is_bound":false,"is_ellipsis_args":false,"name":"hmac_digest","ret_type":"builtins.bytes","type_guard":null,"type_is":null,"unpack_kwargs":false,"variables":[]}}},"hmac_new":{".class":"SymbolTableNode","kind":"Gdef","node":{".class":"FuncDef","abstract_status":0,"arg_kinds":[0,1,1],"arg_names":["key","msg","digestmod"],"dataclass_transform_spec":null,"deprecated":null,"flags":[],"fullname":"_hashlib.hmac_new","name":"hmac_new","original_first_arg":"key","type":{".class":"CallableType","arg_kinds":[0,1,1],"arg_names":["key","msg","digestmod"],"arg_types":[{".class":"UnionType","items":["builtins.bytes","builtins.bytearray"],"uses_pep604_syntax":true},"typing_extensions.Buffer",{".class":"UnionType","items":[{".class":"TypeAliasType","args":[],"type_ref":"_hashlib._DigestMod"},{".class":"NoneType"}],"uses_pep604_syntax":false}],"fallback":"builtins.function","from_concatenate":false,"implicit":false,"imprecise_arg_kinds":false,"is_bound":false,"is_ellipsis_args":false,"name":"hmac_new","ret_type":"_hashlib.HMAC","type_guard":null,"type_is":null,"unpack_kwargs":false,"variables":[]}}},"new":{".class":"SymbolTableNode","kind":"Gdef","node":{".class":"FuncDef","abstract_status":0,"arg_kinds":[0,1,5],"arg_names":["name","string","usedforsecurity"],"dataclass_transform_spec":null,"deprecated":null,"flags":[],"fullname":"_hashlib.new","name":"new","original_first_arg":"name","type":{".class":"CallableType","arg_kinds":[0,1,5],"arg_names":["name","string","usedforsecurity"],"arg_types":["builtins.str","typing_extensions.Buffer","builtins.bool"],"fallback":"builtins.function","from_concatenate":false,"implicit":false,"imprecise_arg_kinds":false,"is_bound":false,"is_ellipsis_args":false,"name":"new","ret_type":"_hashlib.HASH","type_guard":null,"type_is":null,"unpack_kwargs":false,"variables":[]}}},"openssl_md5":{".class":"SymbolTableNode","kind":"Gdef","node":{".class":"FuncDef","abstract_status":0,"arg_kinds":[1,5],"arg_names":["string","usedforsecurity"],"dataclass_transform_spec":null,"deprecated":null,"flags":[],"fullname":"_hashlib.openssl_md5","name":"openssl_md5","original_first_arg":"string","type":{".class":"CallableType","arg_kinds":[1,5],"arg_names":["string","usedforsecurity"],"arg_types":["typing_extensions.Buffer","builtins.bool"],"fallback":"builtins.function","from_concatenate":false,"implicit":false,"imprecise_arg_kinds":false,"is_bound":false,"is_ellipsis_args":false,"name":"openssl_md5","ret_type":"_hashlib.HASH","type_guard":null,"type_is":null,"unpack_kwargs":false,"variables":[]}}},"openssl_md_meth_names":{".class":"SymbolTableNode","kind":"Gdef","node":{".class":"Var","flags":["is_ready"],"fullname":"_hashlib.openssl_md_meth_names","name":"openssl_md_meth_names","setter_type":null,"type":{".class":"Instance","args":["builtins.str"],"extra_attrs":null,"type_ref":"builtins.frozenset"}}},"openssl_sha1":{".class":"SymbolTableNode","kind":"Gdef","node":{".class":"FuncDef","abstract_status":0,"arg_kinds":[1,5],"arg_names":["string","usedforsecurity"],"dataclass_transform_spec":null,"deprecated":null,"flags":[],"fullname":"_hashlib.openssl_sha1","name":"openssl_sha1","original_first_arg":"string","type":{".class":"CallableType","arg_kinds":[1,5],"arg_names":["string","usedforsecurity"],"arg_types":["typing_extensions.Buffer","builtins.bool"],"fallback":"builtins.function","from_concatenate":false,"implicit":false,"imprecise_arg_kinds":false,"is_bound":false,"is_ellipsis_args":false,"name":"openssl_sha1","ret_type":"_hashlib.HASH","type_guard":null,"type_is":null,"unpack_kwargs":false,"variables":[]}}},"openssl_sha224":{".class":"SymbolTableNode","kind":"Gdef","node":{".class":"FuncDef","abstract_status":0,"arg_kinds":[1,5],"arg_names":["string","usedforsecurity"],"dataclass_transform_spec":null,"deprecated":null,"flags":[],"fullname":"_hashlib.openssl_sha224","name":"openssl_sha224","original_first_arg":"string","type":{".class":"CallableType","arg_kinds":[1,5],"arg_names":["string","usedforsecurity"],"arg_types":["typing_extensions.Buffer","builtins.bool"],"fallback":"builtins.function","from_concatenate":false,"implicit":false,"imprecise_arg_kinds":false,"is_bound":false,"is_ellipsis_args":false,"name":"openssl_sha224","ret_type":"_hashlib.HASH","type_guard":null,"type_is":null,"unpack_kwargs":false,"variables":[]}}},"openssl_sha256":{".class":"SymbolTableNode","kind":"Gdef","node":{".class":"FuncDef","abstract_status":0,"arg_kinds":[1,5],"arg_names":["string","usedforsecurity"],"dataclass_transform_spec":null,"deprecated":null,"flags":[],"fullname":"_hashlib.openssl_sha256","name":"openssl_sha256","original_first_arg":"string","type":{".class":"CallableType","arg_kinds":[1,5],"arg_names":["string","usedforsecurity"],"arg_types":["typing_extensions.Buffer","builtins.bool"],"fallback":"builtins.function","from_concatenate":false,"implicit":false,"imprecise_arg_kinds":false,"is_bound":false,"is_ellipsis_args":false,"name":"openssl_sha256","ret_type":"_hashlib.HASH","type_guard":null,"type_is":null,"unpack_kwargs":false,"variables":[]}}},"openssl_sha384":{".class":"SymbolTableNode","kind":"Gdef","node":{".class":"FuncDef","abstract_status":0,"arg_kinds":[1,5],"arg_names":["string","usedforsecurity"],"dataclass_transform_spec":null,"deprecated":null,"flags":[],"fullname":"_hashlib.openssl_sha384","name":"openssl_sha384","original_first_arg":"string","type":{".class":"CallableType","arg_kinds":[1,5],"arg_names":["string","usedforsecurity"],"arg_types":["typing_extensions.Buffer","builtins.bool"],"fallback":"builtins.function","from_concatenate":false,"implicit":false,"imprecise_arg_kinds":false,"is_bound":false,"is_ellipsis_args":false,"name":"openssl_sha384","ret_type":"_hashlib.HASH","type_guard":null,"type_is":null,"unpack_kwargs":false,"variables":[]}}},"openssl_sha3_224":{".class":"SymbolTableNode","kind":"Gdef","node":{".class":"FuncDef","abstract_status":0,"arg_kinds":[1,5],"arg_names":["string","usedforsecurity"],"dataclass_transform_spec":null,"deprecated":null,"flags":[],"fullname":"_hashlib.openssl_sha3_224","name":"openssl_sha3_224","original_first_arg":"string","type":{".class":"CallableType","arg_kinds":[1,5],"arg_names":["string","usedforsecurity"],"arg_types":["typing_extensions.Buffer","builtins.bool"],"fallback":"builtins.function","from_concatenate":false,"implicit":false,"imprecise_arg_kinds":false,"is_bound":false,"is_ellipsis_args":false,"name":"openssl_sha3_224","ret_type":"_hashlib.HASH","type_guard":null,"type_is":null,"unpack_kwargs":false,"variables":[]}}},"openssl_sha3_256":{".class":"SymbolTableNode","kind":"Gdef","node":{".class":"FuncDef","abstract_status":0,"arg_kinds":[1,5],"arg_names":["string","usedforsecurity"],"dataclass_transform_spec":null,"deprecated":null,"flags":[],"fullname":"_hashlib.openssl_sha3_256","name":"openssl_sha3_256","original_first_arg":"string","type":{".class":"CallableType","arg_kinds":[1,5],"arg_names":["string","usedforsecurity"],"arg_types":["typing_extensions.Buffer","builtins.bool"],"fallback":"builtins.function","from_concatenate":false,"implicit":false,"imprecise_arg_kinds":false,"is_bound":false,"is_ellipsis_args":false,"name":"openssl_sha3_256","ret_type":"_hashlib.HASH","type_guard":null,"type_is":null,"unpack_kwargs":false,"variables":[]}}},"openssl_sha3_384":{".class":"SymbolTableNode","kind":"Gdef","node":{".class":"FuncDef","abstract_status":0,"arg_kinds":[1,5],"arg_names":["string","usedforsecurity"],"dataclass_transform_spec":null,"deprecated":null,"flags":[],"fullname":"_hashlib.openssl_sha3_384","name":"openssl_sha3_384","original_first_arg":"string","type":{".class":"CallableType","arg_kinds":[1,5],"arg_names":["string","usedforsecurity"],"arg_types":["typing_extensions.Buffer","builtins.bool"],"fallback":"builtins.function","from_concatenate":false,"implicit":false,"imprecise_arg_kinds":false,"is_bound":false,"is_ellipsis_args":false,"name":"openssl_sha3_384","ret_type":"_hashlib.HASH","type_guard":null,"type_is":null,"unpack_kwargs":false,"variables":[]}}},"openssl_sha3_512":{".class":"SymbolTableNode","kind":"Gdef","node":{".class":"FuncDef","abstract_status":0,"arg_kinds":[1,5],"arg_names":["string","usedforsecurity"],"dataclass_transform_spec":null,"deprecated":null,"flags":[],"fullname":"_hashlib.openssl_sha3_512","name":"openssl_sha3_512","original_first_arg":"string","type":{".class":"CallableType","arg_kinds":[1,5],"arg_names":["string","usedforsecurity"],"arg_types":["typing_extensions.Buffer","builtins.bool"],"fallback":"builtins.function","from_concatenate":false,"implicit":false,"imprecise_arg_kinds":false,"is_bound":false,"is_ellipsis_args":false,"name":"openssl_sha3_512","ret_type":"_hashlib.HASH","type_guard":null,"type_is":null,"unpack_kwargs":false,"variables":[]}}},"openssl_sha512":{".class":"SymbolTableNode","kind":"Gdef","node":{".class":"FuncDef","abstract_status":0,"arg_kinds":[1,5],"arg_names":["string","usedforsecurity"],"dataclass_transform_spec":null,"deprecated":null,"flags":[],"fullname":"_hashlib.openssl_sha512","name":"openssl_sha512","original_first_arg":"string","type":{".class":"CallableType","arg_kinds":[1,5],"arg_names":["string","usedforsecurity"],"arg_types":["typing_extensions.Buffer","builtins.bool"],"fallback":"builtins.function","from_concatenate":false,"implicit":false,"imprecise_arg_kinds":false,"is_bound":false,"is_ellipsis_args":false,"name":"openssl_sha512","ret_type":"_hashlib.HASH","type_guard":null,"type_is":null,"unpack_kwargs":false,"variables":[]}}},"openssl_shake_128":{".class":"SymbolTableNode","kind":"Gdef","node":{".class":"FuncDef","abstract_status":0,"arg_kinds":[1,5],"arg_names":["string","usedforsecurity"],"dataclass_transform_spec":null,"deprecated":null,"flags":[],"fullname":"_hashlib.openssl_shake_128","name":"openssl_shake_128","original_first_arg":"string","type":{".class":"CallableType","arg_kinds":[1,5],"arg_names":["string","usedforsecurity"],"arg_types":["typing_extensions.Buffer","builtins.bool"],"fallback":"builtins.function","from_concatenate":false,"implicit":false,"imprecise_arg_kinds":false,"is_bound":false,"is_ellipsis_args":false,"name":"openssl_shake_128","ret_type":"_hashlib.HASHXOF","type_guard":null,"type_is":null,"unpack_kwargs":false,"variables":[]}}},"openssl_shake_256":{".class":"SymbolTableNode","kind":"Gdef","node":{".class":"FuncDef","abstract_status":0,"arg_kinds":[1,5],"arg_names":["string","usedforsecurity"],"dataclass_transform_spec":null,"deprecated":null,"flags":[],"fullname":"_hashlib.openssl_shake_256","name":"openssl_shake_256","original_first_arg":"string","type":{".class":"CallableType","arg_kinds":[1,5],"arg_names":["string","usedforsecurity"],"arg_types":["typing_extensions.Buffer","builtins.bool"],"fallback":"builtins.function","from_concatenate":false,"implicit":false,"imprecise_arg_kinds":false,"is_bound":false,"is_ellipsis_args":false,"name":"openssl_shake_256","ret_type":"_hashlib.HASHXOF","type_guard":null,"type_is":null,"unpack_kwargs":false,"variables":[]}}},"overload":{".class":"SymbolTableNode","cross_ref":"typing.overload","kind":"Gdef","module_hidden":true,"module_public":false},"pbkdf2_hmac":{".class":"SymbolTableNode","kind":"Gdef","node":{".class":"FuncDef","abstract_status":0,"arg_kinds":[0,0,0,0,1],"arg_names":["hash_name","password","salt","iterations","dklen"],"dataclass_transform_spec":null,"deprecated":null,"flags":[],"fullname":"_hashlib.pbkdf2_hmac","name":"pbkdf2_hmac","original_first_arg":"hash_name","type":{".class":"CallableType","arg_kinds":[0,0,0,0,1],"arg_names":["hash_name","password","salt","iterations","dklen"],"arg_types":["builtins.str","typing_extensions.Buffer","typing_extensions.Buffer","builtins.int",{".class":"UnionType","items":["builtins.int",{".class":"NoneType"}],"uses_pep604_syntax":true}],"fallback":"builtins.function","from_concatenate":false,"implicit":false,"imprecise_arg_kinds":false,"is_bound":false,"is_ellipsis_args":false,"name":"pbkdf2_hmac","ret_type":"builtins.bytes","type_guard":null,"type_is":null,"unpack_kwargs":false,"variables":[]}}},"scrypt":{".class":"SymbolTableNode","kind":"Gdef","node":{".class":"FuncDef","abstract_status":0,"arg_kinds":[0,3,3,3,3,5,5],"arg_names":["password","salt","n","r","p","maxmem","dklen"],"dataclass_transform_spec":null,"deprecated":null,"flags":[],"fullname":"_hashlib.scrypt","name":"scrypt","original_first_arg":"password","type":{".class":"CallableType","arg_kinds":[0,3,3,3,3,5,5],"arg_names":["password","salt","n","r","p","maxmem","dklen"],"arg_types":["typing_extensions.Buffer","typing_extensions.Buffer","builtins.int","builtins.int","builtins.int","builtins.int","builtins.int"],"fallback":"builtins.function","from_concatenate":false,"implicit":false,"imprecise_arg_kinds":false,"is_bound":false,"is_ellipsis_args":false,"name":"scrypt","ret_type":"builtins.bytes","type_guard":null,"type_is":null,"unpack_kwargs":false,"variables":[]}}},"sys":{".class":"SymbolTableNode","cross_ref":"sys","kind":"Gdef","module_hidden":true,"module_public":false},"type_check_only":{".class":"SymbolTableNode","cross_ref":"typing.type_check_only","kind":"Gdef","module_hidden":true,"module_public":false}},"path":"C:\\Users\\Vasilis\\AppData\\Local\\Programs\\Python\\Python313\\Lib\\site-packages\\mypy\\typeshed\\stdlib\\_hashlib.pyi"}