{"data_mtime":1762095524,"dep_lines":[4,1,2,3,5,1,1,1,1,1,1,1],"dep_prios":[5,10,10,5,5,5,30,30,30,30,30,30],"dependencies":["importlib.machinery","sys","types","_typeshed","typing","builtins","abc","array","ctypes","importlib","mmap","pickle"],"hash":"6ab8fb2321d38eed3f703123f8c3434ce44c9708c21319b0c4ec9995bf978e85","id":"_imp","ignore_all":true,"interface_hash":"e7235e187818b44c14672611047970c451a55feda278150cf596578e51ab0cb6","mtime":1762095442,"options":{"allow_redefinition":false,"allow_untyped_globals":false,"always_false":[],"always_true":[],"bazel":false,"check_untyped_defs":false,"disable_bytearray_promotion":false,"disable_error_code":[],"disable_memoryview_promotion":false,"disabled_error_codes":[],"disallow_any_decorated":false,"disallow_any_explicit":false,"disallow_any_expr":false,"disallow_any_generics":false,"disallow_any_unimported":false,"disallow_incomplete_defs":false,"disallow_subclassing_any":false,"disallow_untyped_calls":false,"disallow_untyped_decorators":false,"disallow_untyped_defs":false,"enable_error_code":[],"enabled_error_codes":[],"follow_imports":"silent","follow_imports_for_stubs":false,"ignore_errors":false,"ignore_missing_imports":true,"implicit_optional":true,"implicit_reexport":true,"local_partial_types":false,"mypyc":false,"platform":"win32","plugins":[],"strict_concatenate":false,"strict_equality":false,"strict_optional":true,"warn_no_return":true,"warn_return_any":false,"warn_unreachable":false,"warn_unused_ignores":false},"path":"C:\\Users\\Vasilis\\AppData\\Local\\Programs\\Python\\Python313\\Lib\\site-packages\\mypy\\typeshed\\stdlib\\_imp.pyi","plugin_data":null,"size":1114,"suppressed":[],"version_id":"1.3.0"}