{".class":"MypyFile","_fullname":"_imp","future_import_flags":[],"is_partial_stub_package":false,"is_stub":true,"names":{".class":"SymbolTable","Any":{".class":"SymbolTableNode","cross_ref":"typing.Any","kind":"Gdef","module_hidden":true,"module_public":false},"ModuleSpec":{".class":"SymbolTableNode","cross_ref":"importlib.machinery.ModuleSpec","kind":"Gdef","module_hidden":true,"module_public":false},"ReadableBuffer":{".class":"SymbolTableNode","cross_ref":"_typeshed.ReadableBuffer","kind":"Gdef","module_hidden":true,"module_public":false},"__annotations__":{".class":"SymbolTableNode","kind":"Gdef","node":{".class":"Var","flags":["is_ready"],"fullname":"_imp.__annotations__","name":"__annotations__","type":{".class":"Instance","args":["builtins.str",{".class":"AnyType","missing_import_name":null,"source_any":null,"type_of_any":6}],"type_ref":"builtins.dict"}}},"__doc__":{".class":"SymbolTableNode","kind":"Gdef","node":{".class":"Var","flags":["is_ready"],"fullname":"_imp.__doc__","name":"__doc__","type":"builtins.str"}},"__file__":{".class":"SymbolTableNode","kind":"Gdef","node":{".class":"Var","flags":["is_ready"],"fullname":"_imp.__file__","name":"__file__","type":"builtins.str"}},"__name__":{".class":"SymbolTableNode","kind":"Gdef","node":{".class":"Var","flags":["is_ready"],"fullname":"_imp.__name__","name":"__name__","type":"builtins.str"}},"__package__":{".class":"SymbolTableNode","kind":"Gdef","node":{".class":"Var","flags":["is_ready"],"fullname":"_imp.__package__","name":"__package__","type":"builtins.str"}},"acquire_lock":{".class":"SymbolTableNode","kind":"Gdef","node":{".class":"FuncDef","abstract_status":0,"arg_kinds":[],"arg_names":[],"dataclass_transform_spec":null,"flags":[],"fullname":"_imp.acquire_lock","name":"acquire_lock","type":{".class":"CallableType","arg_kinds":[],"arg_names":[],"arg_types":[],"bound_args":[],"def_extras":{"first_arg":null},"fallback":"builtins.function","from_concatenate":false,"implicit":false,"is_ellipsis_args":false,"name":"acquire_lock","ret_type":{".class":"NoneType"},"type_guard":null,"unpack_kwargs":false,"variables":[]}}},"check_hash_based_pycs":{".class":"SymbolTableNode","kind":"Gdef","node":{".class":"Var","flags":["is_ready"],"fullname":"_imp.check_hash_based_pycs","name":"check_hash_based_pycs","type":"builtins.str"}},"create_builtin":{".class":"SymbolTableNode","kind":"Gdef","node":{".class":"FuncDef","abstract_status":0,"arg_kinds":[0],"arg_names":[null],"dataclass_transform_spec":null,"flags":[],"fullname":"_imp.create_builtin","name":"create_builtin","type":{".class":"CallableType","arg_kinds":[0],"arg_names":[null],"arg_types":["importlib.machinery.ModuleSpec"],"bound_args":[],"def_extras":{"first_arg":null},"fallback":"builtins.function","from_concatenate":false,"implicit":false,"is_ellipsis_args":false,"name":"create_builtin","ret_type":"types.ModuleType","type_guard":null,"unpack_kwargs":false,"variables":[]}}},"create_dynamic":{".class":"SymbolTableNode","kind":"Gdef","node":{".class":"FuncDef","abstract_status":0,"arg_kinds":[0,1],"arg_names":[null,null],"dataclass_transform_spec":null,"flags":[],"fullname":"_imp.create_dynamic","name":"create_dynamic","type":{".class":"CallableType","arg_kinds":[0,1],"arg_names":[null,null],"arg_types":["importlib.machinery.ModuleSpec",{".class":"UnionType","items":[{".class":"AnyType","missing_import_name":null,"source_any":null,"type_of_any":2},{".class":"NoneType"}]}],"bound_args":[],"def_extras":{"first_arg":null},"fallback":"builtins.function","from_concatenate":false,"implicit":false,"is_ellipsis_args":false,"name":"create_dynamic","ret_type":"types.ModuleType","type_guard":null,"unpack_kwargs":false,"variables":[]}}},"exec_builtin":{".class":"SymbolTableNode","kind":"Gdef","node":{".class":"FuncDef","abstract_status":0,"arg_kinds":[0],"arg_names":[null],"dataclass_transform_spec":null,"flags":[],"fullname":"_imp.exec_builtin","name":"exec_builtin","type":{".class":"CallableType","arg_kinds":[0],"arg_names":[null],"arg_types":["types.ModuleType"],"bound_args":[],"def_extras":{"first_arg":null},"fallback":"builtins.function","from_concatenate":false,"implicit":false,"is_ellipsis_args":false,"name":"exec_builtin","ret_type":"builtins.int","type_guard":null,"unpack_kwargs":false,"variables":[]}}},"exec_dynamic":{".class":"SymbolTableNode","kind":"Gdef","node":{".class":"FuncDef","abstract_status":0,"arg_kinds":[0],"arg_names":[null],"dataclass_transform_spec":null,"flags":[],"fullname":"_imp.exec_dynamic","name":"exec_dynamic","type":{".class":"CallableType","arg_kinds":[0],"arg_names":[null],"arg_types":["types.ModuleType"],"bound_args":[],"def_extras":{"first_arg":null},"fallback":"builtins.function","from_concatenate":false,"implicit":false,"is_ellipsis_args":false,"name":"exec_dynamic","ret_type":"builtins.int","type_guard":null,"unpack_kwargs":false,"variables":[]}}},"extension_suffixes":{".class":"SymbolTableNode","kind":"Gdef","node":{".class":"FuncDef","abstract_status":0,"arg_kinds":[],"arg_names":[],"dataclass_transform_spec":null,"flags":[],"fullname":"_imp.extension_suffixes","name":"extension_suffixes","type":{".class":"CallableType","arg_kinds":[],"arg_names":[],"arg_types":[],"bound_args":[],"def_extras":{"first_arg":null},"fallback":"builtins.function","from_concatenate":false,"implicit":false,"is_ellipsis_args":false,"name":"extension_suffixes","ret_type":{".class":"Instance","args":["builtins.str"],"type_ref":"builtins.list"},"type_guard":null,"unpack_kwargs":false,"variables":[]}}},"find_frozen":{".class":"SymbolTableNode","kind":"Gdef","node":{".class":"FuncDef","abstract_status":0,"arg_kinds":[0,5],"arg_names":[null,"withdata"],"dataclass_transform_spec":null,"flags":[],"fullname":"_imp.find_frozen","name":"find_frozen","type":{".class":"CallableType","arg_kinds":[0,5],"arg_names":[null,"withdata"],"arg_types":["builtins.str","builtins.bool"],"bound_args":[],"def_extras":{"first_arg":null},"fallback":"builtins.function","from_concatenate":false,"implicit":false,"is_ellipsis_args":false,"name":"find_frozen","ret_type":{".class":"UnionType","items":[{".class":"TupleType","implicit":false,"items":[{".class":"UnionType","items":["builtins.memoryview",{".class":"NoneType"}]},"builtins.bool",{".class":"UnionType","items":["builtins.str",{".class":"NoneType"}]}],"partial_fallback":{".class":"Instance","args":[{".class":"AnyType","missing_import_name":null,"source_any":null,"type_of_any":6}],"type_ref":"builtins.tuple"}},{".class":"NoneType"}]},"type_guard":null,"unpack_kwargs":false,"variables":[]}}},"get_frozen_object":{".class":"SymbolTableNode","kind":"Gdef","node":{".class":"FuncDef","abstract_status":0,"arg_kinds":[0,1],"arg_names":[null,null],"dataclass_transform_spec":null,"flags":[],"fullname":"_imp.get_frozen_object","name":"get_frozen_object","type":{".class":"CallableType","arg_kinds":[0,1],"arg_names":[null,null],"arg_types":["builtins.str",{".class":"UnionType","items":[{".class":"TypeAliasType","args":[],"type_ref":"_typeshed.ReadableBuffer"},{".class":"NoneType"}]}],"bound_args":[],"def_extras":{"first_arg":null},"fallback":"builtins.function","from_concatenate":false,"implicit":false,"is_ellipsis_args":false,"name":"get_frozen_object","ret_type":"types.CodeType","type_guard":null,"unpack_kwargs":false,"variables":[]}}},"init_frozen":{".class":"SymbolTableNode","kind":"Gdef","node":{".class":"FuncDef","abstract_status":0,"arg_kinds":[0],"arg_names":[null],"dataclass_transform_spec":null,"flags":[],"fullname":"_imp.init_frozen","name":"init_frozen","type":{".class":"CallableType","arg_kinds":[0],"arg_names":[null],"arg_types":["builtins.str"],"bound_args":[],"def_extras":{"first_arg":null},"fallback":"builtins.function","from_concatenate":false,"implicit":false,"is_ellipsis_args":false,"name":"init_frozen","ret_type":"types.ModuleType","type_guard":null,"unpack_kwargs":false,"variables":[]}}},"is_builtin":{".class":"SymbolTableNode","kind":"Gdef","node":{".class":"FuncDef","abstract_status":0,"arg_kinds":[0],"arg_names":[null],"dataclass_transform_spec":null,"flags":[],"fullname":"_imp.is_builtin","name":"is_builtin","type":{".class":"CallableType","arg_kinds":[0],"arg_names":[null],"arg_types":["builtins.str"],"bound_args":[],"def_extras":{"first_arg":null},"fallback":"builtins.function","from_concatenate":false,"implicit":false,"is_ellipsis_args":false,"name":"is_builtin","ret_type":"builtins.int","type_guard":null,"unpack_kwargs":false,"variables":[]}}},"is_frozen":{".class":"SymbolTableNode","kind":"Gdef","node":{".class":"FuncDef","abstract_status":0,"arg_kinds":[0],"arg_names":[null],"dataclass_transform_spec":null,"flags":[],"fullname":"_imp.is_frozen","name":"is_frozen","type":{".class":"CallableType","arg_kinds":[0],"arg_names":[null],"arg_types":["builtins.str"],"bound_args":[],"def_extras":{"first_arg":null},"fallback":"builtins.function","from_concatenate":false,"implicit":false,"is_ellipsis_args":false,"name":"is_frozen","ret_type":"builtins.bool","type_guard":null,"unpack_kwargs":false,"variables":[]}}},"is_frozen_package":{".class":"SymbolTableNode","kind":"Gdef","node":{".class":"FuncDef","abstract_status":0,"arg_kinds":[0],"arg_names":[null],"dataclass_transform_spec":null,"flags":[],"fullname":"_imp.is_frozen_package","name":"is_frozen_package","type":{".class":"CallableType","arg_kinds":[0],"arg_names":[null],"arg_types":["builtins.str"],"bound_args":[],"def_extras":{"first_arg":null},"fallback":"builtins.function","from_concatenate":false,"implicit":false,"is_ellipsis_args":false,"name":"is_frozen_package","ret_type":"builtins.bool","type_guard":null,"unpack_kwargs":false,"variables":[]}}},"lock_held":{".class":"SymbolTableNode","kind":"Gdef","node":{".class":"FuncDef","abstract_status":0,"arg_kinds":[],"arg_names":[],"dataclass_transform_spec":null,"flags":[],"fullname":"_imp.lock_held","name":"lock_held","type":{".class":"CallableType","arg_kinds":[],"arg_names":[],"arg_types":[],"bound_args":[],"def_extras":{"first_arg":null},"fallback":"builtins.function","from_concatenate":false,"implicit":false,"is_ellipsis_args":false,"name":"lock_held","ret_type":"builtins.bool","type_guard":null,"unpack_kwargs":false,"variables":[]}}},"release_lock":{".class":"SymbolTableNode","kind":"Gdef","node":{".class":"FuncDef","abstract_status":0,"arg_kinds":[],"arg_names":[],"dataclass_transform_spec":null,"flags":[],"fullname":"_imp.release_lock","name":"release_lock","type":{".class":"CallableType","arg_kinds":[],"arg_names":[],"arg_types":[],"bound_args":[],"def_extras":{"first_arg":null},"fallback":"builtins.function","from_concatenate":false,"implicit":false,"is_ellipsis_args":false,"name":"release_lock","ret_type":{".class":"NoneType"},"type_guard":null,"unpack_kwargs":false,"variables":[]}}},"source_hash":{".class":"SymbolTableNode","kind":"Gdef","node":{".class":"FuncDef","abstract_status":0,"arg_kinds":[0,0],"arg_names":["key","source"],"dataclass_transform_spec":null,"flags":[],"fullname":"_imp.source_hash","name":"source_hash","type":{".class":"CallableType","arg_kinds":[0,0],"arg_names":["key","source"],"arg_types":["builtins.int",{".class":"TypeAliasType","args":[],"type_ref":"_typeshed.ReadableBuffer"}],"bound_args":[],"def_extras":{"first_arg":null},"fallback":"builtins.function","from_concatenate":false,"implicit":false,"is_ellipsis_args":false,"name":"source_hash","ret_type":"builtins.bytes","type_guard":null,"unpack_kwargs":false,"variables":[]}}},"sys":{".class":"SymbolTableNode","cross_ref":"sys","kind":"Gdef","module_hidden":true,"module_public":false},"types":{".class":"SymbolTableNode","cross_ref":"types","kind":"Gdef","module_hidden":true,"module_public":false}},"path":"C:\\Users\\Vasilis\\AppData\\Local\\Programs\\Python\\Python313\\Lib\\site-packages\\mypy\\typeshed\\stdlib\\_imp.pyi"}