{".class":"MypyFile","_fullname":"_locale","future_import_flags":[],"is_partial_stub_package":false,"is_stub":true,"names":{".class":"SymbolTable","CHAR_MAX":{".class":"SymbolTableNode","kind":"Gdef","node":{".class":"Var","final_value":127,"flags":["is_final","is_ready","is_inferred","has_explicit_value"],"fullname":"_locale.CHAR_MAX","name":"CHAR_MAX","setter_type":null,"type":{".class":"Instance","args":[],"extra_attrs":null,"last_known_value":{".class":"LiteralType","fallback":"builtins.int","value":127},"type_ref":"builtins.int"}}},"Final":{".class":"SymbolTableNode","cross_ref":"typing.Final","kind":"Gdef","module_hidden":true,"module_public":false},"LC_ALL":{".class":"SymbolTableNode","kind":"Gdef","node":{".class":"Var","flags":["is_final","is_ready"],"fullname":"_locale.LC_ALL","name":"LC_ALL","setter_type":null,"type":"builtins.int"}},"LC_COLLATE":{".class":"SymbolTableNode","kind":"Gdef","node":{".class":"Var","flags":["is_final","is_ready"],"fullname":"_locale.LC_COLLATE","name":"LC_COLLATE","setter_type":null,"type":"builtins.int"}},"LC_CTYPE":{".class":"SymbolTableNode","kind":"Gdef","node":{".class":"Var","flags":["is_final","is_ready"],"fullname":"_locale.LC_CTYPE","name":"LC_CTYPE","setter_type":null,"type":"builtins.int"}},"LC_MONETARY":{".class":"SymbolTableNode","kind":"Gdef","node":{".class":"Var","flags":["is_final","is_ready"],"fullname":"_locale.LC_MONETARY","name":"LC_MONETARY","setter_type":null,"type":"builtins.int"}},"LC_NUMERIC":{".class":"SymbolTableNode","kind":"Gdef","node":{".class":"Var","flags":["is_final","is_ready"],"fullname":"_locale.LC_NUMERIC","name":"LC_NUMERIC","setter_type":null,"type":"builtins.int"}},"LC_TIME":{".class":"SymbolTableNode","kind":"Gdef","node":{".class":"Var","flags":["is_final","is_ready"],"fullname":"_locale.LC_TIME","name":"LC_TIME","setter_type":null,"type":"builtins.int"}},"Literal":{".class":"SymbolTableNode","cross_ref":"typing.Literal","kind":"Gdef","module_hidden":true,"module_public":false},"StrPath":{".class":"SymbolTableNode","cross_ref":"_typeshed.StrPath","kind":"Gdef","module_hidden":true,"module_public":false},"TypedDict":{".class":"SymbolTableNode","cross_ref":"typing.TypedDict","kind":"Gdef","module_hidden":true,"module_public":false},"_LocaleConv":{".class":"SymbolTableNode","kind":"Gdef","node":{".class":"TypeInfo","_promote":[],"abstract_attributes":[],"alt_promote":null,"bases":["typing._TypedDict"],"dataclass_transform_spec":null,"declared_metaclass":null,"defn":{".class":"ClassDef","fullname":"_locale._LocaleConv","name":"_LocaleConv","type_vars":[]},"deletable_attributes":[],"deprecated":null,"flags":[],"fullname":"_locale._LocaleConv","has_param_spec_type":false,"metaclass_type":null,"metadata":{},"module_name":"_locale","mro":["_locale._LocaleConv","typing._TypedDict","typing.Mapping","typing.Collection","typing.Iterable","typing.Container","builtins.object"],"names":{".class":"SymbolTable"},"self_type":null,"slots":null,"tuple_type":null,"type_vars":[],"typeddict_type":{".class":"TypedDictType","fallback":"typing._TypedDict","items":[["decimal_point","builtins.str"],["grouping",{".class":"Instance","args":["builtins.int"],"extra_attrs":null,"type_ref":"builtins.list"}],["thousands_sep","builtins.str"],["int_curr_symbol","builtins.str"],["currency_symbol","builtins.str"],["p_cs_precedes",{".class":"UnionType","items":[{".class":"LiteralType","fallback":"builtins.int","value":0},{".class":"LiteralType","fallback":"builtins.int","value":1},{".class":"LiteralType","fallback":"builtins.int","value":127}],"uses_pep604_syntax":false}],["n_cs_precedes",{".class":"UnionType","items":[{".class":"LiteralType","fallback":"builtins.int","value":0},{".class":"LiteralType","fallback":"builtins.int","value":1},{".class":"LiteralType","fallback":"builtins.int","value":127}],"uses_pep604_syntax":false}],["p_sep_by_space",{".class":"UnionType","items":[{".class":"LiteralType","fallback":"builtins.int","value":0},{".class":"LiteralType","fallback":"builtins.int","value":1},{".class":"LiteralType","fallback":"builtins.int","value":127}],"uses_pep604_syntax":false}],["n_sep_by_space",{".class":"UnionType","items":[{".class":"LiteralType","fallback":"builtins.int","value":0},{".class":"LiteralType","fallback":"builtins.int","value":1},{".class":"LiteralType","fallback":"builtins.int","value":127}],"uses_pep604_syntax":false}],["mon_decimal_point","builtins.str"],["frac_digits","builtins.int"],["int_frac_digits","builtins.int"],["mon_thousands_sep","builtins.str"],["mon_grouping",{".class":"Instance","args":["builtins.int"],"extra_attrs":null,"type_ref":"builtins.list"}],["positive_sign","builtins.str"],["negative_sign","builtins.str"],["p_sign_posn",{".class":"UnionType","items":[{".class":"LiteralType","fallback":"builtins.int","value":0},{".class":"LiteralType","fallback":"builtins.int","value":1},{".class":"LiteralType","fallback":"builtins.int","value":2},{".class":"LiteralType","fallback":"builtins.int","value":3},{".class":"LiteralType","fallback":"builtins.int","value":4},{".class":"LiteralType","fallback":"builtins.int","value":127}],"uses_pep604_syntax":false}],["n_sign_posn",{".class":"UnionType","items":[{".class":"LiteralType","fallback":"builtins.int","value":0},{".class":"LiteralType","fallback":"builtins.int","value":1},{".class":"LiteralType","fallback":"builtins.int","value":2},{".class":"LiteralType","fallback":"builtins.int","value":3},{".class":"LiteralType","fallback":"builtins.int","value":4},{".class":"LiteralType","fallback":"builtins.int","value":127}],"uses_pep604_syntax":false}]],"readonly_keys":[],"required_keys":["currency_symbol","decimal_point","frac_digits","grouping","int_curr_symbol","int_frac_digits","mon_decimal_point","mon_grouping","mon_thousands_sep","n_cs_precedes","n_sep_by_space","n_sign_posn","negative_sign","p_cs_precedes","p_sep_by_space","p_sign_posn","positive_sign","thousands_sep"]}}},"__annotations__":{".class":"SymbolTableNode","kind":"Gdef","node":{".class":"Var","flags":["is_ready"],"fullname":"_locale.__annotations__","name":"__annotations__","setter_type":null,"type":{".class":"Instance","args":["builtins.str",{".class":"AnyType","missing_import_name":null,"source_any":null,"type_of_any":6}],"extra_attrs":null,"type_ref":"builtins.dict"}}},"__doc__":{".class":"SymbolTableNode","kind":"Gdef","node":{".class":"Var","flags":["is_ready"],"fullname":"_locale.__doc__","name":"__doc__","setter_type":null,"type":"builtins.str"}},"__file__":{".class":"SymbolTableNode","kind":"Gdef","node":{".class":"Var","flags":["is_ready"],"fullname":"_locale.__file__","name":"__file__","setter_type":null,"type":"builtins.str"}},"__name__":{".class":"SymbolTableNode","kind":"Gdef","node":{".class":"Var","flags":["is_ready"],"fullname":"_locale.__name__","name":"__name__","setter_type":null,"type":"builtins.str"}},"__package__":{".class":"SymbolTableNode","kind":"Gdef","node":{".class":"Var","flags":["is_ready"],"fullname":"_locale.__package__","name":"__package__","setter_type":null,"type":"builtins.str"}},"__spec__":{".class":"SymbolTableNode","kind":"Gdef","node":{".class":"Var","flags":["is_ready"],"fullname":"_locale.__spec__","name":"__spec__","setter_type":null,"type":"_frozen_importlib.ModuleSpec"}},"getencoding":{".class":"SymbolTableNode","kind":"Gdef","node":{".class":"FuncDef","abstract_status":0,"arg_kinds":[],"arg_names":[],"dataclass_transform_spec":null,"deprecated":null,"flags":[],"fullname":"_locale.getencoding","name":"getencoding","original_first_arg":null,"type":{".class":"CallableType","arg_kinds":[],"arg_names":[],"arg_types":[],"fallback":"builtins.function","from_concatenate":false,"implicit":false,"imprecise_arg_kinds":false,"is_bound":false,"is_ellipsis_args":false,"name":"getencoding","ret_type":"builtins.str","type_guard":null,"type_is":null,"unpack_kwargs":false,"variables":[]}}},"localeconv":{".class":"SymbolTableNode","kind":"Gdef","node":{".class":"FuncDef","abstract_status":0,"arg_kinds":[],"arg_names":[],"dataclass_transform_spec":null,"deprecated":null,"flags":[],"fullname":"_locale.localeconv","name":"localeconv","original_first_arg":null,"type":{".class":"CallableType","arg_kinds":[],"arg_names":[],"arg_types":[],"fallback":"builtins.function","from_concatenate":false,"implicit":false,"imprecise_arg_kinds":false,"is_bound":false,"is_ellipsis_args":false,"name":"localeconv","ret_type":{".class":"TypeAliasType","args":[],"type_ref":"_locale._LocaleConv"},"type_guard":null,"type_is":null,"unpack_kwargs":false,"variables":[]}}},"setlocale":{".class":"SymbolTableNode","kind":"Gdef","node":{".class":"FuncDef","abstract_status":0,"arg_kinds":[0,1],"arg_names":[null,null],"dataclass_transform_spec":null,"deprecated":null,"flags":[],"fullname":"_locale.setlocale","name":"setlocale","original_first_arg":"category","type":{".class":"CallableType","arg_kinds":[0,1],"arg_names":[null,null],"arg_types":["builtins.int",{".class":"UnionType","items":["builtins.str",{".class":"NoneType"}],"uses_pep604_syntax":true}],"fallback":"builtins.function","from_concatenate":false,"implicit":false,"imprecise_arg_kinds":false,"is_bound":false,"is_ellipsis_args":false,"name":"setlocale","ret_type":"builtins.str","type_guard":null,"type_is":null,"unpack_kwargs":false,"variables":[]}}},"strcoll":{".class":"SymbolTableNode","kind":"Gdef","node":{".class":"FuncDef","abstract_status":0,"arg_kinds":[0,0],"arg_names":[null,null],"dataclass_transform_spec":null,"deprecated":null,"flags":[],"fullname":"_locale.strcoll","name":"strcoll","original_first_arg":"os1","type":{".class":"CallableType","arg_kinds":[0,0],"arg_names":[null,null],"arg_types":["builtins.str","builtins.str"],"fallback":"builtins.function","from_concatenate":false,"implicit":false,"imprecise_arg_kinds":false,"is_bound":false,"is_ellipsis_args":false,"name":"strcoll","ret_type":"builtins.int","type_guard":null,"type_is":null,"unpack_kwargs":false,"variables":[]}}},"strxfrm":{".class":"SymbolTableNode","kind":"Gdef","node":{".class":"FuncDef","abstract_status":0,"arg_kinds":[0],"arg_names":[null],"dataclass_transform_spec":null,"deprecated":null,"flags":[],"fullname":"_locale.strxfrm","name":"strxfrm","original_first_arg":"string","type":{".class":"CallableType","arg_kinds":[0],"arg_names":[null],"arg_types":["builtins.str"],"fallback":"builtins.function","from_concatenate":false,"implicit":false,"imprecise_arg_kinds":false,"is_bound":false,"is_ellipsis_args":false,"name":"strxfrm","ret_type":"builtins.str","type_guard":null,"type_is":null,"unpack_kwargs":false,"variables":[]}}},"sys":{".class":"SymbolTableNode","cross_ref":"sys","kind":"Gdef","module_hidden":true,"module_public":false},"type_check_only":{".class":"SymbolTableNode","cross_ref":"typing.type_check_only","kind":"Gdef","module_hidden":true,"module_public":false}},"path":"C:\\Users\\Vasilis\\AppData\\Local\\Programs\\Python\\Python313\\Lib\\site-packages\\mypy\\typeshed\\stdlib\\_locale.pyi"}