{"data_mtime":1762095524,"dep_lines":[3,1,2,4,5,1,1],"dep_prios":[5,10,5,5,5,5,30],"dependencies":["collections.abc","sys","_typeshed","typing","typing_extensions","builtins","abc"],"hash":"6af6cdd45bab26f05bd668e6a9adf75595caa87cbfb531af9addb4e0dd18636a","id":"_operator","ignore_all":true,"interface_hash":"358c63b55db2625a5debb77b806f804dc5b8fb53eb17acd08816932456f43dc6","mtime":1762095442,"options":{"allow_redefinition":false,"allow_untyped_globals":false,"always_false":[],"always_true":[],"bazel":false,"check_untyped_defs":false,"disable_bytearray_promotion":false,"disable_error_code":[],"disable_memoryview_promotion":false,"disabled_error_codes":[],"disallow_any_decorated":false,"disallow_any_explicit":false,"disallow_any_expr":false,"disallow_any_generics":false,"disallow_any_unimported":false,"disallow_incomplete_defs":false,"disallow_subclassing_any":false,"disallow_untyped_calls":false,"disallow_untyped_decorators":false,"disallow_untyped_defs":false,"enable_error_code":[],"enabled_error_codes":[],"follow_imports":"silent","follow_imports_for_stubs":false,"ignore_errors":false,"ignore_missing_imports":true,"implicit_optional":true,"implicit_reexport":true,"local_partial_types":false,"mypyc":false,"platform":"win32","plugins":[],"strict_concatenate":false,"strict_equality":false,"strict_optional":true,"warn_no_return":true,"warn_return_any":false,"warn_unreachable":false,"warn_unused_ignores":false},"path":"C:\\Users\\Vasilis\\AppData\\Local\\Programs\\Python\\Python313\\Lib\\site-packages\\mypy\\typeshed\\stdlib\\_operator.pyi","plugin_data":null,"size":6585,"suppressed":[],"version_id":"1.3.0"}