{"data_mtime":1762095524,"dep_lines":[1,1,1,1],"dep_prios":[5,5,30,30],"dependencies":["typing_extensions","builtins","abc","typing"],"hash":"fdcf346a4f5cf1e59ed16298d1a44114f183d1641e67553a52691ba2bd17c788","id":"_random","ignore_all":true,"interface_hash":"b5719a6a489c8f7d3308c6e034f2ce76102baae81e3b84b56a8cb927ebe29b08","mtime":1762095442,"options":{"allow_redefinition":false,"allow_untyped_globals":false,"always_false":[],"always_true":[],"bazel":false,"check_untyped_defs":false,"disable_bytearray_promotion":false,"disable_error_code":[],"disable_memoryview_promotion":false,"disabled_error_codes":[],"disallow_any_decorated":false,"disallow_any_explicit":false,"disallow_any_expr":false,"disallow_any_generics":false,"disallow_any_unimported":false,"disallow_incomplete_defs":false,"disallow_subclassing_any":false,"disallow_untyped_calls":false,"disallow_untyped_decorators":false,"disallow_untyped_defs":false,"enable_error_code":[],"enabled_error_codes":[],"follow_imports":"silent","follow_imports_for_stubs":false,"ignore_errors":false,"ignore_missing_imports":true,"implicit_optional":true,"implicit_reexport":true,"local_partial_types":false,"mypyc":false,"platform":"win32","plugins":[],"strict_concatenate":false,"strict_equality":false,"strict_optional":true,"warn_no_return":true,"warn_return_any":false,"warn_unreachable":false,"warn_unused_ignores":false},"path":"C:\\Users\\Vasilis\\AppData\\Local\\Programs\\Python\\Python313\\Lib\\site-packages\\mypy\\typeshed\\stdlib\\_random.pyi","plugin_data":null,"size":405,"suppressed":[],"version_id":"1.3.0"}