{".class":"MypyFile","_fullname":"anyio.abc._resources","future_import_flags":["annotations"],"is_partial_stub_package":false,"is_stub":false,"names":{".class":"SymbolTable","ABCMeta":{".class":"SymbolTableNode","cross_ref":"abc.ABCMeta","kind":"Gdef"},"AsyncResource":{".class":"SymbolTableNode","kind":"Gdef","node":{".class":"TypeInfo","_promote":[],"abstract_attributes":[["aclose",1]],"alt_promote":null,"bases":["builtins.object"],"dataclass_transform_spec":null,"declared_metaclass":"abc.ABCMeta","defn":{".class":"ClassDef","fullname":"anyio.abc._resources.AsyncResource","name":"AsyncResource","type_vars":[]},"deletable_attributes":[],"flags":["is_abstract"],"fullname":"anyio.abc._resources.AsyncResource","has_param_spec_type":false,"metaclass_type":"abc.ABCMeta","metadata":{},"module_name":"anyio.abc._resources","mro":["anyio.abc._resources.AsyncResource","builtins.object"],"names":{".class":"SymbolTable","__aenter__":{".class":"SymbolTableNode","kind":"Mdef","node":{".class":"FuncDef","abstract_status":0,"arg_kinds":[0],"arg_names":["self"],"dataclass_transform_spec":null,"flags":["is_coroutine"],"fullname":"anyio.abc._resources.AsyncResource.__aenter__","name":"__aenter__","type":{".class":"CallableType","arg_kinds":[0],"arg_names":["self"],"arg_types":[{".class":"TypeVarType","fullname":"anyio.abc._resources.T","id":-1,"name":"T","namespace":"","upper_bound":"builtins.object","values":[],"variance":0}],"bound_args":[],"def_extras":{"first_arg":"self"},"fallback":"builtins.function","from_concatenate":false,"implicit":false,"is_ellipsis_args":false,"name":"__aenter__ of AsyncResource","ret_type":{".class":"Instance","args":[{".class":"AnyType","missing_import_name":null,"source_any":null,"type_of_any":6},{".class":"AnyType","missing_import_name":null,"source_any":null,"type_of_any":6},{".class":"TypeVarType","fullname":"anyio.abc._resources.T","id":-1,"name":"T","namespace":"","upper_bound":"builtins.object","values":[],"variance":0}],"type_ref":"typing.Coroutine"},"type_guard":null,"unpack_kwargs":false,"variables":[{".class":"TypeVarType","fullname":"anyio.abc._resources.T","id":-1,"name":"T","namespace":"","upper_bound":"builtins.object","values":[],"variance":0}]}}},"__aexit__":{".class":"SymbolTableNode","kind":"Mdef","node":{".class":"FuncDef","abstract_status":0,"arg_kinds":[0,0,0,0],"arg_names":["self","exc_type","exc_val","exc_tb"],"dataclass_transform_spec":null,"flags":["is_coroutine"],"fullname":"anyio.abc._resources.AsyncResource.__aexit__","name":"__aexit__","type":{".class":"CallableType","arg_kinds":[0,0,0,0],"arg_names":["self","exc_type","exc_val","exc_tb"],"arg_types":["anyio.abc._resources.AsyncResource",{".class":"UnionType","items":[{".class":"TypeType","item":"builtins.BaseException"},{".class":"NoneType"}]},{".class":"UnionType","items":["builtins.BaseException",{".class":"NoneType"}]},{".class":"UnionType","items":["types.TracebackType",{".class":"NoneType"}]}],"bound_args":[],"def_extras":{"first_arg":"self"},"fallback":"builtins.function","from_concatenate":false,"implicit":false,"is_ellipsis_args":false,"name":"__aexit__ of AsyncResource","ret_type":{".class":"Instance","args":[{".class":"AnyType","missing_import_name":null,"source_any":null,"type_of_any":6},{".class":"AnyType","missing_import_name":null,"source_any":null,"type_of_any":6},{".class":"NoneType"}],"type_ref":"typing.Coroutine"},"type_guard":null,"unpack_kwargs":false,"variables":[]}}},"__slots__":{".class":"SymbolTableNode","kind":"Mdef","node":{".class":"Var","flags":["is_initialized_in_class","is_inferred","has_explicit_value","allow_incompatible_override"],"fullname":"anyio.abc._resources.AsyncResource.__slots__","name":"__slots__","type":{".class":"TupleType","implicit":false,"items":[],"partial_fallback":{".class":"Instance","args":[{".class":"AnyType","missing_import_name":null,"source_any":null,"type_of_any":6}],"type_ref":"builtins.tuple"}}}},"aclose":{".class":"SymbolTableNode","kind":"Mdef","node":{".class":"Decorator","func":{".class":"FuncDef","abstract_status":1,"arg_kinds":[0],"arg_names":["self"],"dataclass_transform_spec":null,"flags":["is_coroutine","is_decorated","is_trivial_body"],"fullname":"anyio.abc._resources.AsyncResource.aclose","name":"aclose","type":{".class":"CallableType","arg_kinds":[0],"arg_names":["self"],"arg_types":["anyio.abc._resources.AsyncResource"],"bound_args":[],"def_extras":{"first_arg":"self"},"fallback":"builtins.function","from_concatenate":false,"implicit":false,"is_ellipsis_args":false,"name":"aclose of AsyncResource","ret_type":{".class":"Instance","args":[{".class":"AnyType","missing_import_name":null,"source_any":null,"type_of_any":6},{".class":"AnyType","missing_import_name":null,"source_any":null,"type_of_any":6},{".class":"NoneType"}],"type_ref":"typing.Coroutine"},"type_guard":null,"unpack_kwargs":false,"variables":[]}},"is_overload":false,"var":{".class":"Var","flags":["is_initialized_in_class","is_ready","is_inferred"],"fullname":"anyio.abc._resources.AsyncResource.aclose","name":"aclose","type":{".class":"CallableType","arg_kinds":[0],"arg_names":["self"],"arg_types":["anyio.abc._resources.AsyncResource"],"bound_args":[],"def_extras":{"first_arg":"self"},"fallback":"builtins.function","from_concatenate":false,"implicit":false,"is_ellipsis_args":false,"name":"aclose of AsyncResource","ret_type":{".class":"Instance","args":[{".class":"AnyType","missing_import_name":null,"source_any":null,"type_of_any":6},{".class":"AnyType","missing_import_name":null,"source_any":null,"type_of_any":6},{".class":"NoneType"}],"type_ref":"typing.Coroutine"},"type_guard":null,"unpack_kwargs":false,"variables":[]}}}}},"self_type":null,"slots":[],"tuple_type":null,"type_vars":[],"typeddict_type":null}},"T":{".class":"SymbolTableNode","kind":"Gdef","node":{".class":"TypeVarExpr","fullname":"anyio.abc._resources.T","name":"T","upper_bound":"builtins.object","values":[],"variance":0}},"TracebackType":{".class":"SymbolTableNode","cross_ref":"types.TracebackType","kind":"Gdef"},"TypeVar":{".class":"SymbolTableNode","cross_ref":"typing.TypeVar","kind":"Gdef"},"__annotations__":{".class":"SymbolTableNode","kind":"Gdef","node":{".class":"Var","flags":["is_ready"],"fullname":"anyio.abc._resources.__annotations__","name":"__annotations__","type":{".class":"Instance","args":["builtins.str",{".class":"AnyType","missing_import_name":null,"source_any":null,"type_of_any":6}],"type_ref":"builtins.dict"}}},"__doc__":{".class":"SymbolTableNode","kind":"Gdef","node":{".class":"Var","flags":["is_ready"],"fullname":"anyio.abc._resources.__doc__","name":"__doc__","type":"builtins.str"}},"__file__":{".class":"SymbolTableNode","kind":"Gdef","node":{".class":"Var","flags":["is_ready"],"fullname":"anyio.abc._resources.__file__","name":"__file__","type":"builtins.str"}},"__name__":{".class":"SymbolTableNode","kind":"Gdef","node":{".class":"Var","flags":["is_ready"],"fullname":"anyio.abc._resources.__name__","name":"__name__","type":"builtins.str"}},"__package__":{".class":"SymbolTableNode","kind":"Gdef","node":{".class":"Var","flags":["is_ready"],"fullname":"anyio.abc._resources.__package__","name":"__package__","type":"builtins.str"}},"abstractmethod":{".class":"SymbolTableNode","cross_ref":"abc.abstractmethod","kind":"Gdef"},"annotations":{".class":"SymbolTableNode","cross_ref":"__future__.annotations","kind":"Gdef"}},"path":"C:\\Users\\Vasilis\\AppData\\Local\\Programs\\Python\\Python313\\Lib\\site-packages\\anyio\\abc\\_resources.py"}