{"data_mtime":1762095526,"dep_lines":[1,3,4,5,1],"dep_prios":[5,5,5,5,5],"dependencies":["__future__","abc","types","typing","builtins"],"hash":"0eb62f90d375847e94befe7fe6e2b24af0ec9e49c65437bc14229f928d15b4df","id":"anyio.abc._resources","ignore_all":true,"interface_hash":"00541ff7a03ff9dd8999926303f18e7e4e59b1c2b889e3092a4ddef1b7e13fcc","mtime":1758060734,"options":{"allow_redefinition":false,"allow_untyped_globals":false,"always_false":[],"always_true":[],"bazel":false,"check_untyped_defs":false,"disable_bytearray_promotion":false,"disable_error_code":[],"disable_memoryview_promotion":false,"disabled_error_codes":[],"disallow_any_decorated":false,"disallow_any_explicit":false,"disallow_any_expr":false,"disallow_any_generics":false,"disallow_any_unimported":false,"disallow_incomplete_defs":false,"disallow_subclassing_any":false,"disallow_untyped_calls":false,"disallow_untyped_decorators":false,"disallow_untyped_defs":false,"enable_error_code":[],"enabled_error_codes":[],"follow_imports":"silent","follow_imports_for_stubs":false,"ignore_errors":false,"ignore_missing_imports":true,"implicit_optional":true,"implicit_reexport":true,"local_partial_types":false,"mypyc":false,"platform":"win32","plugins":[],"strict_concatenate":false,"strict_equality":false,"strict_optional":true,"warn_no_return":true,"warn_return_any":false,"warn_unreachable":false,"warn_unused_ignores":false},"path":"C:\\Users\\Vasilis\\AppData\\Local\\Programs\\Python\\Python313\\Lib\\site-packages\\anyio\\abc\\_resources.py","plugin_data":null,"size":783,"suppressed":[],"version_id":"1.3.0"}