{"data_mtime":1762095554,"dep_lines":[4,3,1,1,1,1,1],"dep_prios":[5,5,5,5,30,30,30],"dependencies":["anyio._core._tasks","anyio.abc","__future__","builtins","abc","anyio.abc._resources","typing"],"hash":"35b994e4ee545f7c44c800a7926617dbc166c1d97e7fe9f2d2d1f29b6e9ed30d","id":"anyio._core._resources","ignore_all":true,"interface_hash":"d7911635859198c1cdb85d8be86e937d7297beb2ab00f203075f528e54ac4b4e","mtime":1758060734,"options":{"allow_redefinition":false,"allow_untyped_globals":false,"always_false":[],"always_true":[],"bazel":false,"check_untyped_defs":false,"disable_bytearray_promotion":false,"disable_error_code":[],"disable_memoryview_promotion":false,"disabled_error_codes":[],"disallow_any_decorated":false,"disallow_any_explicit":false,"disallow_any_expr":false,"disallow_any_generics":false,"disallow_any_unimported":false,"disallow_incomplete_defs":false,"disallow_subclassing_any":false,"disallow_untyped_calls":false,"disallow_untyped_decorators":false,"disallow_untyped_defs":false,"enable_error_code":[],"enabled_error_codes":[],"follow_imports":"silent","follow_imports_for_stubs":false,"ignore_errors":false,"ignore_missing_imports":true,"implicit_optional":true,"implicit_reexport":true,"local_partial_types":false,"mypyc":false,"platform":"win32","plugins":[],"strict_concatenate":false,"strict_equality":false,"strict_optional":true,"warn_no_return":true,"warn_return_any":false,"warn_unreachable":false,"warn_unused_ignores":false},"path":"C:\\Users\\Vasilis\\AppData\\Local\\Programs\\Python\\Python313\\Lib\\site-packages\\anyio\\_core\\_resources.py","plugin_data":null,"size":435,"suppressed":[],"version_id":"1.3.0"}