{"data_mtime":1762095554,"dep_lines":[7,3,1,4,5,1,1,1,1,1,1],"dep_prios":[5,5,5,5,5,5,30,30,30,30,30],"dependencies":["anyio._core._eventloop","collections.abc","__future__","contextlib","signal","builtins","abc","anyio.abc","anyio.abc._eventloop","enum","typing"],"hash":"bee953d4cd7174b62d011f9e6394da98881a7f559394ec0eacc1b0b309534ebf","id":"anyio._core._signals","ignore_all":true,"interface_hash":"9244b9256328f0df303c422eccdcb41c6d3423eee8792972fea0da28584795cb","mtime":1758060734,"options":{"allow_redefinition":false,"allow_untyped_globals":false,"always_false":[],"always_true":[],"bazel":false,"check_untyped_defs":false,"disable_bytearray_promotion":false,"disable_error_code":[],"disable_memoryview_promotion":false,"disabled_error_codes":[],"disallow_any_decorated":false,"disallow_any_explicit":false,"disallow_any_expr":false,"disallow_any_generics":false,"disallow_any_unimported":false,"disallow_incomplete_defs":false,"disallow_subclassing_any":false,"disallow_untyped_calls":false,"disallow_untyped_decorators":false,"disallow_untyped_defs":false,"enable_error_code":[],"enabled_error_codes":[],"follow_imports":"silent","follow_imports_for_stubs":false,"ignore_errors":false,"ignore_missing_imports":true,"implicit_optional":true,"implicit_reexport":true,"local_partial_types":false,"mypyc":false,"platform":"win32","plugins":[],"strict_concatenate":false,"strict_equality":false,"strict_optional":true,"warn_no_return":true,"warn_return_any":false,"warn_unreachable":false,"warn_unused_ignores":false},"path":"C:\\Users\\Vasilis\\AppData\\Local\\Programs\\Python\\Python313\\Lib\\site-packages\\anyio\\_core\\_signals.py","plugin_data":null,"size":905,"suppressed":[],"version_id":"1.3.0"}