{".class":"MypyFile","_fullname":"_sitebuiltins","future_import_flags":[],"is_partial_stub_package":false,"is_stub":true,"names":{".class":"SymbolTable","ClassVar":{".class":"SymbolTableNode","cross_ref":"typing.ClassVar","kind":"Gdef","module_hidden":true,"module_public":false},"Iterable":{".class":"SymbolTableNode","cross_ref":"typing.Iterable","kind":"Gdef","module_hidden":true,"module_public":false},"Literal":{".class":"SymbolTableNode","cross_ref":"typing.Literal","kind":"Gdef","module_hidden":true,"module_public":false},"NoReturn":{".class":"SymbolTableNode","cross_ref":"typing.NoReturn","kind":"Gdef","module_hidden":true,"module_public":false},"Quitter":{".class":"SymbolTableNode","kind":"Gdef","node":{".class":"TypeInfo","_promote":[],"abstract_attributes":[],"alt_promote":null,"bases":["builtins.object"],"dataclass_transform_spec":null,"declared_metaclass":null,"defn":{".class":"ClassDef","fullname":"_sitebuiltins.Quitter","name":"Quitter","type_vars":[]},"deletable_attributes":[],"deprecated":null,"flags":[],"fullname":"_sitebuiltins.Quitter","has_param_spec_type":false,"metaclass_type":null,"metadata":{},"module_name":"_sitebuiltins","mro":["_sitebuiltins.Quitter","builtins.object"],"names":{".class":"SymbolTable","__call__":{".class":"SymbolTableNode","kind":"Mdef","node":{".class":"FuncDef","abstract_status":0,"arg_kinds":[0,1],"arg_names":["self","code"],"dataclass_transform_spec":null,"deprecated":null,"flags":["is_trivial_self"],"fullname":"_sitebuiltins.Quitter.__call__","name":"__call__","original_first_arg":"self","type":{".class":"CallableType","arg_kinds":[0,1],"arg_names":["self","code"],"arg_types":["_sitebuiltins.Quitter",{".class":"UnionType","items":[{".class":"TypeAliasType","args":[],"type_ref":"sys._ExitCode"},{".class":"NoneType"}],"uses_pep604_syntax":false}],"fallback":"builtins.function","from_concatenate":false,"implicit":false,"imprecise_arg_kinds":false,"is_bound":false,"is_ellipsis_args":false,"name":"__call__ of Quitter","ret_type":{".class":"UninhabitedType"},"type_guard":null,"type_is":null,"unpack_kwargs":false,"variables":[]}}},"__init__":{".class":"SymbolTableNode","kind":"Mdef","node":{".class":"FuncDef","abstract_status":0,"arg_kinds":[0,0,0],"arg_names":["self","name","eof"],"dataclass_transform_spec":null,"deprecated":null,"flags":["is_trivial_self"],"fullname":"_sitebuiltins.Quitter.__init__","name":"__init__","original_first_arg":"self","type":{".class":"CallableType","arg_kinds":[0,0,0],"arg_names":["self","name","eof"],"arg_types":["_sitebuiltins.Quitter","builtins.str","builtins.str"],"fallback":"builtins.function","from_concatenate":false,"implicit":false,"imprecise_arg_kinds":false,"is_bound":false,"is_ellipsis_args":false,"name":"__init__ of Quitter","ret_type":{".class":"NoneType"},"type_guard":null,"type_is":null,"unpack_kwargs":false,"variables":[]}}},"eof":{".class":"SymbolTableNode","kind":"Mdef","node":{".class":"Var","flags":["is_initialized_in_class","is_ready"],"fullname":"_sitebuiltins.Quitter.eof","name":"eof","setter_type":null,"type":"builtins.str"}},"name":{".class":"SymbolTableNode","kind":"Mdef","node":{".class":"Var","flags":["is_initialized_in_class","is_ready"],"fullname":"_sitebuiltins.Quitter.name","name":"name","setter_type":null,"type":"builtins.str"}}},"self_type":null,"slots":null,"tuple_type":null,"type_vars":[],"typeddict_type":null}},"_Helper":{".class":"SymbolTableNode","kind":"Gdef","node":{".class":"TypeInfo","_promote":[],"abstract_attributes":[],"alt_promote":null,"bases":["builtins.object"],"dataclass_transform_spec":null,"declared_metaclass":null,"defn":{".class":"ClassDef","fullname":"_sitebuiltins._Helper","name":"_Helper","type_vars":[]},"deletable_attributes":[],"deprecated":null,"flags":[],"fullname":"_sitebuiltins._Helper","has_param_spec_type":false,"metaclass_type":null,"metadata":{},"module_name":"_sitebuiltins","mro":["_sitebuiltins._Helper","builtins.object"],"names":{".class":"SymbolTable","__call__":{".class":"SymbolTableNode","kind":"Mdef","node":{".class":"FuncDef","abstract_status":0,"arg_kinds":[0,1],"arg_names":["self","request"],"dataclass_transform_spec":null,"deprecated":null,"flags":["is_trivial_self"],"fullname":"_sitebuiltins._Helper.__call__","name":"__call__","original_first_arg":"self","type":{".class":"CallableType","arg_kinds":[0,1],"arg_names":["self","request"],"arg_types":["_sitebuiltins._Helper","builtins.object"],"fallback":"builtins.function","from_concatenate":false,"implicit":false,"imprecise_arg_kinds":false,"is_bound":false,"is_ellipsis_args":false,"name":"__call__ of _Helper","ret_type":{".class":"NoneType"},"type_guard":null,"type_is":null,"unpack_kwargs":false,"variables":[]}}}},"self_type":null,"slots":null,"tuple_type":null,"type_vars":[],"typeddict_type":null}},"_Printer":{".class":"SymbolTableNode","kind":"Gdef","node":{".class":"TypeInfo","_promote":[],"abstract_attributes":[],"alt_promote":null,"bases":["builtins.object"],"dataclass_transform_spec":null,"declared_metaclass":null,"defn":{".class":"ClassDef","fullname":"_sitebuiltins._Printer","name":"_Printer","type_vars":[]},"deletable_attributes":[],"deprecated":null,"flags":[],"fullname":"_sitebuiltins._Printer","has_param_spec_type":false,"metaclass_type":null,"metadata":{},"module_name":"_sitebuiltins","mro":["_sitebuiltins._Printer","builtins.object"],"names":{".class":"SymbolTable","MAXLINES":{".class":"SymbolTableNode","kind":"Mdef","node":{".class":"Var","flags":["is_initialized_in_class","is_classvar","is_ready"],"fullname":"_sitebuiltins._Printer.MAXLINES","name":"MAXLINES","setter_type":null,"type":{".class":"LiteralType","fallback":"builtins.int","value":23}}},"__call__":{".class":"SymbolTableNode","kind":"Mdef","node":{".class":"FuncDef","abstract_status":0,"arg_kinds":[0],"arg_names":["self"],"dataclass_transform_spec":null,"deprecated":null,"flags":["is_trivial_self"],"fullname":"_sitebuiltins._Printer.__call__","name":"__call__","original_first_arg":"self","type":{".class":"CallableType","arg_kinds":[0],"arg_names":["self"],"arg_types":["_sitebuiltins._Printer"],"fallback":"builtins.function","from_concatenate":false,"implicit":false,"imprecise_arg_kinds":false,"is_bound":false,"is_ellipsis_args":false,"name":"__call__ of _Printer","ret_type":{".class":"NoneType"},"type_guard":null,"type_is":null,"unpack_kwargs":false,"variables":[]}}},"__init__":{".class":"SymbolTableNode","kind":"Mdef","node":{".class":"FuncDef","abstract_status":0,"arg_kinds":[0,0,0,1,1],"arg_names":["self","name","data","files","dirs"],"dataclass_transform_spec":null,"deprecated":null,"flags":["is_trivial_self"],"fullname":"_sitebuiltins._Printer.__init__","name":"__init__","original_first_arg":"self","type":{".class":"CallableType","arg_kinds":[0,0,0,1,1],"arg_names":["self","name","data","files","dirs"],"arg_types":["_sitebuiltins._Printer","builtins.str","builtins.str",{".class":"Instance","args":["builtins.str"],"extra_attrs":null,"type_ref":"typing.Iterable"},{".class":"Instance","args":["builtins.str"],"extra_attrs":null,"type_ref":"typing.Iterable"}],"fallback":"builtins.function","from_concatenate":false,"implicit":false,"imprecise_arg_kinds":false,"is_bound":false,"is_ellipsis_args":false,"name":"__init__ of _Printer","ret_type":{".class":"NoneType"},"type_guard":null,"type_is":null,"unpack_kwargs":false,"variables":[]}}}},"self_type":null,"slots":null,"tuple_type":null,"type_vars":[],"typeddict_type":null}},"__annotations__":{".class":"SymbolTableNode","kind":"Gdef","node":{".class":"Var","flags":["is_ready"],"fullname":"_sitebuiltins.__annotations__","name":"__annotations__","setter_type":null,"type":{".class":"Instance","args":["builtins.str",{".class":"AnyType","missing_import_name":null,"source_any":null,"type_of_any":6}],"extra_attrs":null,"type_ref":"builtins.dict"}}},"__doc__":{".class":"SymbolTableNode","kind":"Gdef","node":{".class":"Var","flags":["is_ready"],"fullname":"_sitebuiltins.__doc__","name":"__doc__","setter_type":null,"type":"builtins.str"}},"__file__":{".class":"SymbolTableNode","kind":"Gdef","node":{".class":"Var","flags":["is_ready"],"fullname":"_sitebuiltins.__file__","name":"__file__","setter_type":null,"type":"builtins.str"}},"__name__":{".class":"SymbolTableNode","kind":"Gdef","node":{".class":"Var","flags":["is_ready"],"fullname":"_sitebuiltins.__name__","name":"__name__","setter_type":null,"type":"builtins.str"}},"__package__":{".class":"SymbolTableNode","kind":"Gdef","node":{".class":"Var","flags":["is_ready"],"fullname":"_sitebuiltins.__package__","name":"__package__","setter_type":null,"type":"builtins.str"}},"__spec__":{".class":"SymbolTableNode","kind":"Gdef","node":{".class":"Var","flags":["is_ready"],"fullname":"_sitebuiltins.__spec__","name":"__spec__","setter_type":null,"type":"_frozen_importlib.ModuleSpec"}},"sys":{".class":"SymbolTableNode","cross_ref":"sys","kind":"Gdef","module_hidden":true,"module_public":false}},"path":"C:\\Users\\Vasilis\\AppData\\Local\\Programs\\Python\\Python313\\Lib\\site-packages\\mypy\\typeshed\\stdlib\\_sitebuiltins.pyi"}