{"data_mtime":1762095525,"dep_lines":[3,1,2,4,5,1,1,1,1,1,1],"dep_prios":[5,10,5,5,5,5,30,30,30,30,30],"dependencies":["collections.abc","sys","_typeshed","typing","typing_extensions","builtins","abc","array","ctypes","mmap","pickle"],"hash":"6dc2de8ab4e2e4262299a8d64d6835c2915eb0003a1c1378f457eee99f595bd0","id":"_socket","ignore_all":true,"interface_hash":"fa90b0aa9ada8236f8db3a7c19d711085b7c0efbd037fd9aa7bb3d275bf1f6af","mtime":1762095442,"options":{"allow_redefinition":false,"allow_untyped_globals":false,"always_false":[],"always_true":[],"bazel":false,"check_untyped_defs":false,"disable_bytearray_promotion":false,"disable_error_code":[],"disable_memoryview_promotion":false,"disabled_error_codes":[],"disallow_any_decorated":false,"disallow_any_explicit":false,"disallow_any_expr":false,"disallow_any_generics":false,"disallow_any_unimported":false,"disallow_incomplete_defs":false,"disallow_subclassing_any":false,"disallow_untyped_calls":false,"disallow_untyped_decorators":false,"disallow_untyped_defs":false,"enable_error_code":[],"enabled_error_codes":[],"follow_imports":"silent","follow_imports_for_stubs":false,"ignore_errors":false,"ignore_missing_imports":true,"implicit_optional":true,"implicit_reexport":true,"local_partial_types":false,"mypyc":false,"platform":"win32","plugins":[],"strict_concatenate":false,"strict_equality":false,"strict_optional":true,"warn_no_return":true,"warn_return_any":false,"warn_unreachable":false,"warn_unused_ignores":false},"path":"C:\\Users\\Vasilis\\AppData\\Local\\Programs\\Python\\Python313\\Lib\\site-packages\\mypy\\typeshed\\stdlib\\_socket.pyi","plugin_data":null,"size":18578,"suppressed":[],"version_id":"1.3.0"}