{"data_mtime":1762095554,"dep_lines":[14,15,20,21,149,7,1,3,4,5,6,8,9,10,12,279,1,1,1,1,1,1,1,1,1,1,1,1,1,1],"dep_prios":[5,5,5,5,20,5,5,10,5,10,5,5,5,5,5,20,5,30,30,30,30,30,30,30,30,30,30,30,30,30],"dependencies":["anyio._core._eventloop","anyio._core._typedattr","anyio.abc._streams","anyio.abc._tasks","anyio._core._sockets","collections.abc","__future__","errno","socket","sys","abc","contextlib","io","ipaddress","typing","anyio","builtins","_socket","_typeshed","anyio._core","anyio._core._tasks","anyio.abc._eventloop","anyio.abc._resources","array","ctypes","enum","mmap","pickle","types","typing_extensions"],"hash":"1024d8d232c4175f20af200d1d1def1735f319d67ec4fc042ead5076039bd09a","id":"anyio.abc._sockets","ignore_all":true,"interface_hash":"e99ffbcdc45e9a82eb4b4cba3d1d9f79e60a738c2a7d69369d7b5d606193229b","mtime":1758060734,"options":{"allow_redefinition":false,"allow_untyped_globals":false,"always_false":[],"always_true":[],"bazel":false,"check_untyped_defs":false,"disable_bytearray_promotion":false,"disable_error_code":[],"disable_memoryview_promotion":false,"disabled_error_codes":[],"disallow_any_decorated":false,"disallow_any_explicit":false,"disallow_any_expr":false,"disallow_any_generics":false,"disallow_any_unimported":false,"disallow_incomplete_defs":false,"disallow_subclassing_any":false,"disallow_untyped_calls":false,"disallow_untyped_decorators":false,"disallow_untyped_defs":false,"enable_error_code":[],"enabled_error_codes":[],"follow_imports":"silent","follow_imports_for_stubs":false,"ignore_errors":false,"ignore_missing_imports":true,"implicit_optional":true,"implicit_reexport":true,"local_partial_types":false,"mypyc":false,"platform":"win32","plugins":[],"strict_concatenate":false,"strict_equality":false,"strict_optional":true,"warn_no_return":true,"warn_return_any":false,"warn_unreachable":false,"warn_unused_ignores":false},"path":"C:\\Users\\Vasilis\\AppData\\Local\\Programs\\Python\\Python313\\Lib\\site-packages\\anyio\\abc\\_sockets.py","plugin_data":null,"size":13258,"suppressed":[],"version_id":"1.3.0"}