{".class":"MypyFile","_fullname":"anyio.abc._sockets","future_import_flags":["annotations"],"is_partial_stub_package":false,"is_stub":false,"names":{".class":"SymbolTable","AddressFamily":{".class":"SymbolTableNode","cross_ref":"socket.AddressFamily","kind":"Gdef"},"Any":{".class":"SymbolTableNode","cross_ref":"typing.Any","kind":"Gdef"},"AsyncExitStack":{".class":"SymbolTableNode","cross_ref":"contextlib.AsyncExitStack","kind":"Gdef"},"ByteStream":{".class":"SymbolTableNode","cross_ref":"anyio.abc._streams.ByteStream","kind":"Gdef"},"Callable":{".class":"SymbolTableNode","cross_ref":"typing.Callable","kind":"Gdef"},"Collection":{".class":"SymbolTableNode","cross_ref":"typing.Collection","kind":"Gdef"},"ConnectedUDPSocket":{".class":"SymbolTableNode","kind":"Gdef","node":{".class":"TypeInfo","_promote":[],"abstract_attributes":[["_raw_socket",1],["aclose",1],["receive",1],["send",1]],"alt_promote":null,"bases":[{".class":"Instance","args":["builtins.bytes"],"type_ref":"anyio.abc._streams.UnreliableObjectStream"},"anyio.abc._sockets._SocketProvider"],"dataclass_transform_spec":null,"declared_metaclass":null,"defn":{".class":"ClassDef","fullname":"anyio.abc._sockets.ConnectedUDPSocket","name":"ConnectedUDPSocket","type_vars":[]},"deletable_attributes":[],"flags":["is_abstract"],"fullname":"anyio.abc._sockets.ConnectedUDPSocket","has_param_spec_type":false,"metaclass_type":"abc.ABCMeta","metadata":{},"module_name":"anyio.abc._sockets","mro":["anyio.abc._sockets.ConnectedUDPSocket","anyio.abc._streams.UnreliableObjectStream","anyio.abc._streams.UnreliableObjectReceiveStream","anyio.abc._streams.UnreliableObjectSendStream","anyio.abc._resources.AsyncResource","anyio.abc._sockets._SocketProvider","anyio._core._typedattr.TypedAttributeProvider","builtins.object"],"names":{".class":"SymbolTable","from_socket":{".class":"SymbolTableNode","kind":"Mdef","node":{".class":"Decorator","func":{".class":"FuncDef","abstract_status":0,"arg_kinds":[0,0],"arg_names":["cls","sock_or_fd"],"dataclass_transform_spec":null,"flags":["is_class","is_coroutine","is_decorated"],"fullname":"anyio.abc._sockets.ConnectedUDPSocket.from_socket","name":"from_socket","type":{".class":"CallableType","arg_kinds":[0,0],"arg_names":["cls","sock_or_fd"],"arg_types":[{".class":"TypeType","item":"anyio.abc._sockets.ConnectedUDPSocket"},{".class":"UnionType","items":["socket.socket","builtins.int"]}],"bound_args":[],"def_extras":{"first_arg":"cls"},"fallback":"builtins.function","from_concatenate":false,"implicit":false,"is_ellipsis_args":false,"name":"from_socket of ConnectedUDPSocket","ret_type":{".class":"Instance","args":[{".class":"AnyType","missing_import_name":null,"source_any":null,"type_of_any":6},{".class":"AnyType","missing_import_name":null,"source_any":null,"type_of_any":6},"anyio.abc._sockets.ConnectedUDPSocket"],"type_ref":"typing.Coroutine"},"type_guard":null,"unpack_kwargs":false,"variables":[]}},"is_overload":false,"var":{".class":"Var","flags":["is_initialized_in_class","is_classmethod","is_ready","is_inferred"],"fullname":"anyio.abc._sockets.ConnectedUDPSocket.from_socket","name":"from_socket","type":{".class":"CallableType","arg_kinds":[0,0],"arg_names":["cls","sock_or_fd"],"arg_types":[{".class":"TypeType","item":"anyio.abc._sockets.ConnectedUDPSocket"},{".class":"UnionType","items":["socket.socket","builtins.int"]}],"bound_args":[],"def_extras":{"first_arg":"cls"},"fallback":"builtins.function","from_concatenate":false,"implicit":false,"is_ellipsis_args":false,"name":"from_socket of ConnectedUDPSocket","ret_type":{".class":"Instance","args":[{".class":"AnyType","missing_import_name":null,"source_any":null,"type_of_any":6},{".class":"AnyType","missing_import_name":null,"source_any":null,"type_of_any":6},"anyio.abc._sockets.ConnectedUDPSocket"],"type_ref":"typing.Coroutine"},"type_guard":null,"unpack_kwargs":false,"variables":[]}}}}},"self_type":null,"slots":null,"tuple_type":null,"type_vars":[],"typeddict_type":null}},"ConnectedUNIXDatagramSocket":{".class":"SymbolTableNode","kind":"Gdef","node":{".class":"TypeInfo","_promote":[],"abstract_attributes":[["_raw_socket",1],["aclose",1],["receive",1],["send",1]],"alt_promote":null,"bases":[{".class":"Instance","args":["builtins.bytes"],"type_ref":"anyio.abc._streams.UnreliableObjectStream"},"anyio.abc._sockets._SocketProvider"],"dataclass_transform_spec":null,"declared_metaclass":null,"defn":{".class":"ClassDef","fullname":"anyio.abc._sockets.ConnectedUNIXDatagramSocket","name":"ConnectedUNIXDatagramSocket","type_vars":[]},"deletable_attributes":[],"flags":["is_abstract"],"fullname":"anyio.abc._sockets.ConnectedUNIXDatagramSocket","has_param_spec_type":false,"metaclass_type":"abc.ABCMeta","metadata":{},"module_name":"anyio.abc._sockets","mro":["anyio.abc._sockets.ConnectedUNIXDatagramSocket","anyio.abc._streams.UnreliableObjectStream","anyio.abc._streams.UnreliableObjectReceiveStream","anyio.abc._streams.UnreliableObjectSendStream","anyio.abc._resources.AsyncResource","anyio.abc._sockets._SocketProvider","anyio._core._typedattr.TypedAttributeProvider","builtins.object"],"names":{".class":"SymbolTable","from_socket":{".class":"SymbolTableNode","kind":"Mdef","node":{".class":"Decorator","func":{".class":"FuncDef","abstract_status":0,"arg_kinds":[0,0],"arg_names":["cls","sock_or_fd"],"dataclass_transform_spec":null,"flags":["is_class","is_coroutine","is_decorated"],"fullname":"anyio.abc._sockets.ConnectedUNIXDatagramSocket.from_socket","name":"from_socket","type":{".class":"CallableType","arg_kinds":[0,0],"arg_names":["cls","sock_or_fd"],"arg_types":[{".class":"TypeType","item":"anyio.abc._sockets.ConnectedUNIXDatagramSocket"},{".class":"UnionType","items":["socket.socket","builtins.int"]}],"bound_args":[],"def_extras":{"first_arg":"cls"},"fallback":"builtins.function","from_concatenate":false,"implicit":false,"is_ellipsis_args":false,"name":"from_socket of ConnectedUNIXDatagramSocket","ret_type":{".class":"Instance","args":[{".class":"AnyType","missing_import_name":null,"source_any":null,"type_of_any":6},{".class":"AnyType","missing_import_name":null,"source_any":null,"type_of_any":6},"anyio.abc._sockets.ConnectedUNIXDatagramSocket"],"type_ref":"typing.Coroutine"},"type_guard":null,"unpack_kwargs":false,"variables":[]}},"is_overload":false,"var":{".class":"Var","flags":["is_initialized_in_class","is_classmethod","is_ready","is_inferred"],"fullname":"anyio.abc._sockets.ConnectedUNIXDatagramSocket.from_socket","name":"from_socket","type":{".class":"CallableType","arg_kinds":[0,0],"arg_names":["cls","sock_or_fd"],"arg_types":[{".class":"TypeType","item":"anyio.abc._sockets.ConnectedUNIXDatagramSocket"},{".class":"UnionType","items":["socket.socket","builtins.int"]}],"bound_args":[],"def_extras":{"first_arg":"cls"},"fallback":"builtins.function","from_concatenate":false,"implicit":false,"is_ellipsis_args":false,"name":"from_socket of ConnectedUNIXDatagramSocket","ret_type":{".class":"Instance","args":[{".class":"AnyType","missing_import_name":null,"source_any":null,"type_of_any":6},{".class":"AnyType","missing_import_name":null,"source_any":null,"type_of_any":6},"anyio.abc._sockets.ConnectedUNIXDatagramSocket"],"type_ref":"typing.Coroutine"},"type_guard":null,"unpack_kwargs":false,"variables":[]}}}}},"self_type":null,"slots":null,"tuple_type":null,"type_vars":[],"typeddict_type":null}},"IOBase":{".class":"SymbolTableNode","cross_ref":"io.IOBase","kind":"Gdef"},"IPAddressType":{".class":"SymbolTableNode","kind":"Gdef","node":{".class":"TypeAlias","alias_tvars":[],"column":0,"fullname":"anyio.abc._sockets.IPAddressType","line":28,"no_args":false,"normalized":false,"target":{".class":"UnionType","items":["builtins.str","ipaddress.IPv4Address","ipaddress.IPv6Address"]}}},"IPSockAddrType":{".class":"SymbolTableNode","kind":"Gdef","node":{".class":"TypeAlias","alias_tvars":[],"column":0,"fullname":"anyio.abc._sockets.IPSockAddrType","line":29,"no_args":false,"normalized":false,"target":{".class":"TupleType","implicit":false,"items":["builtins.str","builtins.int"],"partial_fallback":{".class":"Instance","args":[{".class":"AnyType","missing_import_name":null,"source_any":null,"type_of_any":6}],"type_ref":"builtins.tuple"}}}},"IPv4Address":{".class":"SymbolTableNode","cross_ref":"ipaddress.IPv4Address","kind":"Gdef"},"IPv6Address":{".class":"SymbolTableNode","cross_ref":"ipaddress.IPv6Address","kind":"Gdef"},"Listener":{".class":"SymbolTableNode","cross_ref":"anyio.abc._streams.Listener","kind":"Gdef"},"Mapping":{".class":"SymbolTableNode","cross_ref":"typing.Mapping","kind":"Gdef"},"SockAddrType":{".class":"SymbolTableNode","kind":"Gdef","node":{".class":"TypeAlias","alias_tvars":[],"column":0,"fullname":"anyio.abc._sockets.SockAddrType","line":30,"no_args":false,"normalized":false,"target":{".class":"UnionType","items":[{".class":"TypeAliasType","args":[],"type_ref":"anyio.abc._sockets.IPSockAddrType"},"builtins.str"]}}},"SocketAttribute":{".class":"SymbolTableNode","kind":"Gdef","node":{".class":"TypeInfo","_promote":[],"abstract_attributes":[],"alt_promote":null,"bases":["anyio._core._typedattr.TypedAttributeSet"],"dataclass_transform_spec":null,"declared_metaclass":null,"defn":{".class":"ClassDef","fullname":"anyio.abc._sockets.SocketAttribute","name":"SocketAttribute","type_vars":[]},"deletable_attributes":[],"flags":[],"fullname":"anyio.abc._sockets.SocketAttribute","has_param_spec_type":false,"metaclass_type":null,"metadata":{},"module_name":"anyio.abc._sockets","mro":["anyio.abc._sockets.SocketAttribute","anyio._core._typedattr.TypedAttributeSet","builtins.object"],"names":{".class":"SymbolTable","family":{".class":"SymbolTableNode","kind":"Mdef","node":{".class":"Var","flags":["is_initialized_in_class","is_ready","has_explicit_value"],"fullname":"anyio.abc._sockets.SocketAttribute.family","name":"family","type":"socket.AddressFamily"}},"local_address":{".class":"SymbolTableNode","kind":"Mdef","node":{".class":"Var","flags":["is_initialized_in_class","is_ready","has_explicit_value"],"fullname":"anyio.abc._sockets.SocketAttribute.local_address","name":"local_address","type":{".class":"TypeAliasType","args":[],"type_ref":"anyio.abc._sockets.SockAddrType"}}},"local_port":{".class":"SymbolTableNode","kind":"Mdef","node":{".class":"Var","flags":["is_initialized_in_class","is_ready","has_explicit_value"],"fullname":"anyio.abc._sockets.SocketAttribute.local_port","name":"local_port","type":"builtins.int"}},"raw_socket":{".class":"SymbolTableNode","kind":"Mdef","node":{".class":"Var","flags":["is_initialized_in_class","is_ready","has_explicit_value"],"fullname":"anyio.abc._sockets.SocketAttribute.raw_socket","name":"raw_socket","type":"socket.socket"}},"remote_address":{".class":"SymbolTableNode","kind":"Mdef","node":{".class":"Var","flags":["is_initialized_in_class","is_ready","has_explicit_value"],"fullname":"anyio.abc._sockets.SocketAttribute.remote_address","name":"remote_address","type":{".class":"TypeAliasType","args":[],"type_ref":"anyio.abc._sockets.SockAddrType"}}},"remote_port":{".class":"SymbolTableNode","kind":"Mdef","node":{".class":"Var","flags":["is_initialized_in_class","is_ready","has_explicit_value"],"fullname":"anyio.abc._sockets.SocketAttribute.remote_port","name":"remote_port","type":"builtins.int"}}},"self_type":null,"slots":null,"tuple_type":null,"type_vars":[],"typeddict_type":null}},"SocketListener":{".class":"SymbolTableNode","kind":"Gdef","node":{".class":"TypeInfo","_promote":[],"abstract_attributes":[["_raw_socket",1],["accept",1],["aclose",1]],"alt_promote":null,"bases":[{".class":"Instance","args":["anyio.abc._sockets.SocketStream"],"type_ref":"anyio.abc._streams.Listener"},"anyio.abc._sockets._SocketProvider"],"dataclass_transform_spec":null,"declared_metaclass":null,"defn":{".class":"ClassDef","fullname":"anyio.abc._sockets.SocketListener","name":"SocketListener","type_vars":[]},"deletable_attributes":[],"flags":["is_abstract"],"fullname":"anyio.abc._sockets.SocketListener","has_param_spec_type":false,"metaclass_type":"abc.ABCMeta","metadata":{},"module_name":"anyio.abc._sockets","mro":["anyio.abc._sockets.SocketListener","anyio.abc._streams.Listener","anyio.abc._resources.AsyncResource","anyio.abc._sockets._SocketProvider","anyio._core._typedattr.TypedAttributeProvider","builtins.object"],"names":{".class":"SymbolTable","accept":{".class":"SymbolTableNode","kind":"Mdef","node":{".class":"Decorator","func":{".class":"FuncDef","abstract_status":1,"arg_kinds":[0],"arg_names":["self"],"dataclass_transform_spec":null,"flags":["is_coroutine","is_decorated","is_trivial_body"],"fullname":"anyio.abc._sockets.SocketListener.accept","name":"accept","type":{".class":"CallableType","arg_kinds":[0],"arg_names":["self"],"arg_types":["anyio.abc._sockets.SocketListener"],"bound_args":[],"def_extras":{"first_arg":"self"},"fallback":"builtins.function","from_concatenate":false,"implicit":false,"is_ellipsis_args":false,"name":"accept of SocketListener","ret_type":{".class":"Instance","args":[{".class":"AnyType","missing_import_name":null,"source_any":null,"type_of_any":6},{".class":"AnyType","missing_import_name":null,"source_any":null,"type_of_any":6},"anyio.abc._sockets.SocketStream"],"type_ref":"typing.Coroutine"},"type_guard":null,"unpack_kwargs":false,"variables":[]}},"is_overload":false,"var":{".class":"Var","flags":["is_initialized_in_class","is_ready","is_inferred"],"fullname":"anyio.abc._sockets.SocketListener.accept","name":"accept","type":{".class":"CallableType","arg_kinds":[0],"arg_names":["self"],"arg_types":["anyio.abc._sockets.SocketListener"],"bound_args":[],"def_extras":{"first_arg":"self"},"fallback":"builtins.function","from_concatenate":false,"implicit":false,"is_ellipsis_args":false,"name":"accept of SocketListener","ret_type":{".class":"Instance","args":[{".class":"AnyType","missing_import_name":null,"source_any":null,"type_of_any":6},{".class":"AnyType","missing_import_name":null,"source_any":null,"type_of_any":6},"anyio.abc._sockets.SocketStream"],"type_ref":"typing.Coroutine"},"type_guard":null,"unpack_kwargs":false,"variables":[]}}}},"from_socket":{".class":"SymbolTableNode","kind":"Mdef","node":{".class":"Decorator","func":{".class":"FuncDef","abstract_status":0,"arg_kinds":[0,0],"arg_names":["cls","sock_or_fd"],"dataclass_transform_spec":null,"flags":["is_class","is_coroutine","is_decorated"],"fullname":"anyio.abc._sockets.SocketListener.from_socket","name":"from_socket","type":{".class":"CallableType","arg_kinds":[0,0],"arg_names":["cls","sock_or_fd"],"arg_types":[{".class":"TypeType","item":"anyio.abc._sockets.SocketListener"},{".class":"UnionType","items":["socket.socket","builtins.int"]}],"bound_args":[],"def_extras":{"first_arg":"cls"},"fallback":"builtins.function","from_concatenate":false,"implicit":false,"is_ellipsis_args":false,"name":"from_socket of SocketListener","ret_type":{".class":"Instance","args":[{".class":"AnyType","missing_import_name":null,"source_any":null,"type_of_any":6},{".class":"AnyType","missing_import_name":null,"source_any":null,"type_of_any":6},"anyio.abc._sockets.SocketListener"],"type_ref":"typing.Coroutine"},"type_guard":null,"unpack_kwargs":false,"variables":[]}},"is_overload":false,"var":{".class":"Var","flags":["is_initialized_in_class","is_classmethod","is_ready","is_inferred"],"fullname":"anyio.abc._sockets.SocketListener.from_socket","name":"from_socket","type":{".class":"CallableType","arg_kinds":[0,0],"arg_names":["cls","sock_or_fd"],"arg_types":[{".class":"TypeType","item":"anyio.abc._sockets.SocketListener"},{".class":"UnionType","items":["socket.socket","builtins.int"]}],"bound_args":[],"def_extras":{"first_arg":"cls"},"fallback":"builtins.function","from_concatenate":false,"implicit":false,"is_ellipsis_args":false,"name":"from_socket of SocketListener","ret_type":{".class":"Instance","args":[{".class":"AnyType","missing_import_name":null,"source_any":null,"type_of_any":6},{".class":"AnyType","missing_import_name":null,"source_any":null,"type_of_any":6},"anyio.abc._sockets.SocketListener"],"type_ref":"typing.Coroutine"},"type_guard":null,"unpack_kwargs":false,"variables":[]}}}},"serve":{".class":"SymbolTableNode","kind":"Mdef","node":{".class":"FuncDef","abstract_status":0,"arg_kinds":[0,0,1],"arg_names":["self","handler","task_group"],"dataclass_transform_spec":null,"flags":["is_coroutine"],"fullname":"anyio.abc._sockets.SocketListener.serve","name":"serve","type":{".class":"CallableType","arg_kinds":[0,0,1],"arg_names":["self","handler","task_group"],"arg_types":["anyio.abc._sockets.SocketListener",{".class":"CallableType","arg_kinds":[0],"arg_names":[null],"arg_types":["anyio.abc._sockets.SocketStream"],"bound_args":[],"def_extras":{},"fallback":"builtins.function","from_concatenate":false,"implicit":false,"is_ellipsis_args":false,"name":null,"ret_type":{".class":"AnyType","missing_import_name":null,"source_any":null,"type_of_any":2},"type_guard":null,"unpack_kwargs":false,"variables":[]},{".class":"UnionType","items":["anyio.abc._tasks.TaskGroup",{".class":"NoneType"}]}],"bound_args":[],"def_extras":{"first_arg":"self"},"fallback":"builtins.function","from_concatenate":false,"implicit":false,"is_ellipsis_args":false,"name":"serve of SocketListener","ret_type":{".class":"Instance","args":[{".class":"AnyType","missing_import_name":null,"source_any":null,"type_of_any":6},{".class":"AnyType","missing_import_name":null,"source_any":null,"type_of_any":6},{".class":"NoneType"}],"type_ref":"typing.Coroutine"},"type_guard":null,"unpack_kwargs":false,"variables":[]}}}},"self_type":null,"slots":null,"tuple_type":null,"type_vars":[],"typeddict_type":null}},"SocketStream":{".class":"SymbolTableNode","kind":"Gdef","node":{".class":"TypeInfo","_promote":[],"abstract_attributes":[["_raw_socket",1],["aclose",1],["receive",1],["send",1],["send_eof",1]],"alt_promote":null,"bases":["anyio.abc._streams.ByteStream","anyio.abc._sockets._SocketProvider"],"dataclass_transform_spec":null,"declared_metaclass":null,"defn":{".class":"ClassDef","fullname":"anyio.abc._sockets.SocketStream","name":"SocketStream","type_vars":[]},"deletable_attributes":[],"flags":["is_abstract"],"fullname":"anyio.abc._sockets.SocketStream","has_param_spec_type":false,"metaclass_type":"abc.ABCMeta","metadata":{},"module_name":"anyio.abc._sockets","mro":["anyio.abc._sockets.SocketStream","anyio.abc._streams.ByteStream","anyio.abc._streams.ByteReceiveStream","anyio.abc._streams.ByteSendStream","anyio.abc._resources.AsyncResource","anyio.abc._sockets._SocketProvider","anyio._core._typedattr.TypedAttributeProvider","builtins.object"],"names":{".class":"SymbolTable","from_socket":{".class":"SymbolTableNode","kind":"Mdef","node":{".class":"Decorator","func":{".class":"FuncDef","abstract_status":0,"arg_kinds":[0,0],"arg_names":["cls","sock_or_fd"],"dataclass_transform_spec":null,"flags":["is_class","is_coroutine","is_decorated"],"fullname":"anyio.abc._sockets.SocketStream.from_socket","name":"from_socket","type":{".class":"CallableType","arg_kinds":[0,0],"arg_names":["cls","sock_or_fd"],"arg_types":[{".class":"TypeType","item":"anyio.abc._sockets.SocketStream"},{".class":"UnionType","items":["socket.socket","builtins.int"]}],"bound_args":[],"def_extras":{"first_arg":"cls"},"fallback":"builtins.function","from_concatenate":false,"implicit":false,"is_ellipsis_args":false,"name":"from_socket of SocketStream","ret_type":{".class":"Instance","args":[{".class":"AnyType","missing_import_name":null,"source_any":null,"type_of_any":6},{".class":"AnyType","missing_import_name":null,"source_any":null,"type_of_any":6},"anyio.abc._sockets.SocketStream"],"type_ref":"typing.Coroutine"},"type_guard":null,"unpack_kwargs":false,"variables":[]}},"is_overload":false,"var":{".class":"Var","flags":["is_initialized_in_class","is_classmethod","is_ready","is_inferred"],"fullname":"anyio.abc._sockets.SocketStream.from_socket","name":"from_socket","type":{".class":"CallableType","arg_kinds":[0,0],"arg_names":["cls","sock_or_fd"],"arg_types":[{".class":"TypeType","item":"anyio.abc._sockets.SocketStream"},{".class":"UnionType","items":["socket.socket","builtins.int"]}],"bound_args":[],"def_extras":{"first_arg":"cls"},"fallback":"builtins.function","from_concatenate":false,"implicit":false,"is_ellipsis_args":false,"name":"from_socket of SocketStream","ret_type":{".class":"Instance","args":[{".class":"AnyType","missing_import_name":null,"source_any":null,"type_of_any":6},{".class":"AnyType","missing_import_name":null,"source_any":null,"type_of_any":6},"anyio.abc._sockets.SocketStream"],"type_ref":"typing.Coroutine"},"type_guard":null,"unpack_kwargs":false,"variables":[]}}}}},"self_type":null,"slots":null,"tuple_type":null,"type_vars":[],"typeddict_type":null}},"T_Retval":{".class":"SymbolTableNode","kind":"Gdef","node":{".class":"TypeVarExpr","fullname":"anyio.abc._sockets.T_Retval","name":"T_Retval","upper_bound":"builtins.object","values":[],"variance":0}},"TaskGroup":{".class":"SymbolTableNode","cross_ref":"anyio.abc._tasks.TaskGroup","kind":"Gdef"},"TypeAlias":{".class":"SymbolTableNode","cross_ref":"typing.TypeAlias","kind":"Gdef"},"TypeVar":{".class":"SymbolTableNode","cross_ref":"typing.TypeVar","kind":"Gdef"},"TypedAttributeProvider":{".class":"SymbolTableNode","cross_ref":"anyio._core._typedattr.TypedAttributeProvider","kind":"Gdef"},"TypedAttributeSet":{".class":"SymbolTableNode","cross_ref":"anyio._core._typedattr.TypedAttributeSet","kind":"Gdef"},"UDPPacketType":{".class":"SymbolTableNode","kind":"Gdef","node":{".class":"TypeAlias","alias_tvars":[],"column":0,"fullname":"anyio.abc._sockets.UDPPacketType","line":31,"no_args":false,"normalized":false,"target":{".class":"TupleType","implicit":false,"items":["builtins.bytes",{".class":"TypeAliasType","args":[],"type_ref":"anyio.abc._sockets.IPSockAddrType"}],"partial_fallback":{".class":"Instance","args":[{".class":"AnyType","missing_import_name":null,"source_any":null,"type_of_any":6}],"type_ref":"builtins.tuple"}}}},"UDPSocket":{".class":"SymbolTableNode","kind":"Gdef","node":{".class":"TypeInfo","_promote":[],"abstract_attributes":[["_raw_socket",1],["aclose",1],["receive",1],["send",1]],"alt_promote":null,"bases":[{".class":"Instance","args":[{".class":"TypeAliasType","args":[],"type_ref":"anyio.abc._sockets.UDPPacketType"}],"type_ref":"anyio.abc._streams.UnreliableObjectStream"},"anyio.abc._sockets._SocketProvider"],"dataclass_transform_spec":null,"declared_metaclass":null,"defn":{".class":"ClassDef","fullname":"anyio.abc._sockets.UDPSocket","name":"UDPSocket","type_vars":[]},"deletable_attributes":[],"flags":["is_abstract"],"fullname":"anyio.abc._sockets.UDPSocket","has_param_spec_type":false,"metaclass_type":"abc.ABCMeta","metadata":{},"module_name":"anyio.abc._sockets","mro":["anyio.abc._sockets.UDPSocket","anyio.abc._streams.UnreliableObjectStream","anyio.abc._streams.UnreliableObjectReceiveStream","anyio.abc._streams.UnreliableObjectSendStream","anyio.abc._resources.AsyncResource","anyio.abc._sockets._SocketProvider","anyio._core._typedattr.TypedAttributeProvider","builtins.object"],"names":{".class":"SymbolTable","from_socket":{".class":"SymbolTableNode","kind":"Mdef","node":{".class":"Decorator","func":{".class":"FuncDef","abstract_status":0,"arg_kinds":[0,0],"arg_names":["cls","sock_or_fd"],"dataclass_transform_spec":null,"flags":["is_class","is_coroutine","is_decorated"],"fullname":"anyio.abc._sockets.UDPSocket.from_socket","name":"from_socket","type":{".class":"CallableType","arg_kinds":[0,0],"arg_names":["cls","sock_or_fd"],"arg_types":[{".class":"TypeType","item":"anyio.abc._sockets.UDPSocket"},{".class":"UnionType","items":["socket.socket","builtins.int"]}],"bound_args":[],"def_extras":{"first_arg":"cls"},"fallback":"builtins.function","from_concatenate":false,"implicit":false,"is_ellipsis_args":false,"name":"from_socket of UDPSocket","ret_type":{".class":"Instance","args":[{".class":"AnyType","missing_import_name":null,"source_any":null,"type_of_any":6},{".class":"AnyType","missing_import_name":null,"source_any":null,"type_of_any":6},"anyio.abc._sockets.UDPSocket"],"type_ref":"typing.Coroutine"},"type_guard":null,"unpack_kwargs":false,"variables":[]}},"is_overload":false,"var":{".class":"Var","flags":["is_initialized_in_class","is_classmethod","is_ready","is_inferred"],"fullname":"anyio.abc._sockets.UDPSocket.from_socket","name":"from_socket","type":{".class":"CallableType","arg_kinds":[0,0],"arg_names":["cls","sock_or_fd"],"arg_types":[{".class":"TypeType","item":"anyio.abc._sockets.UDPSocket"},{".class":"UnionType","items":["socket.socket","builtins.int"]}],"bound_args":[],"def_extras":{"first_arg":"cls"},"fallback":"builtins.function","from_concatenate":false,"implicit":false,"is_ellipsis_args":false,"name":"from_socket of UDPSocket","ret_type":{".class":"Instance","args":[{".class":"AnyType","missing_import_name":null,"source_any":null,"type_of_any":6},{".class":"AnyType","missing_import_name":null,"source_any":null,"type_of_any":6},"anyio.abc._sockets.UDPSocket"],"type_ref":"typing.Coroutine"},"type_guard":null,"unpack_kwargs":false,"variables":[]}}}},"sendto":{".class":"SymbolTableNode","kind":"Mdef","node":{".class":"FuncDef","abstract_status":0,"arg_kinds":[0,0,0,0],"arg_names":["self","data","host","port"],"dataclass_transform_spec":null,"flags":["is_coroutine"],"fullname":"anyio.abc._sockets.UDPSocket.sendto","name":"sendto","type":{".class":"CallableType","arg_kinds":[0,0,0,0],"arg_names":["self","data","host","port"],"arg_types":["anyio.abc._sockets.UDPSocket","builtins.bytes","builtins.str","builtins.int"],"bound_args":[],"def_extras":{"first_arg":"self"},"fallback":"builtins.function","from_concatenate":false,"implicit":false,"is_ellipsis_args":false,"name":"sendto of UDPSocket","ret_type":{".class":"Instance","args":[{".class":"AnyType","missing_import_name":null,"source_any":null,"type_of_any":6},{".class":"AnyType","missing_import_name":null,"source_any":null,"type_of_any":6},{".class":"NoneType"}],"type_ref":"typing.Coroutine"},"type_guard":null,"unpack_kwargs":false,"variables":[]}}}},"self_type":null,"slots":null,"tuple_type":null,"type_vars":[],"typeddict_type":null}},"UNIXDatagramPacketType":{".class":"SymbolTableNode","kind":"Gdef","node":{".class":"TypeAlias","alias_tvars":[],"column":0,"fullname":"anyio.abc._sockets.UNIXDatagramPacketType","line":32,"no_args":false,"normalized":false,"target":{".class":"TupleType","implicit":false,"items":["builtins.bytes","builtins.str"],"partial_fallback":{".class":"Instance","args":[{".class":"AnyType","missing_import_name":null,"source_any":null,"type_of_any":6}],"type_ref":"builtins.tuple"}}}},"UNIXDatagramSocket":{".class":"SymbolTableNode","kind":"Gdef","node":{".class":"TypeInfo","_promote":[],"abstract_attributes":[["_raw_socket",1],["aclose",1],["receive",1],["send",1]],"alt_promote":null,"bases":[{".class":"Instance","args":[{".class":"TypeAliasType","args":[],"type_ref":"anyio.abc._sockets.UNIXDatagramPacketType"}],"type_ref":"anyio.abc._streams.UnreliableObjectStream"},"anyio.abc._sockets._SocketProvider"],"dataclass_transform_spec":null,"declared_metaclass":null,"defn":{".class":"ClassDef","fullname":"anyio.abc._sockets.UNIXDatagramSocket","name":"UNIXDatagramSocket","type_vars":[]},"deletable_attributes":[],"flags":["is_abstract"],"fullname":"anyio.abc._sockets.UNIXDatagramSocket","has_param_spec_type":false,"metaclass_type":"abc.ABCMeta","metadata":{},"module_name":"anyio.abc._sockets","mro":["anyio.abc._sockets.UNIXDatagramSocket","anyio.abc._streams.UnreliableObjectStream","anyio.abc._streams.UnreliableObjectReceiveStream","anyio.abc._streams.UnreliableObjectSendStream","anyio.abc._resources.AsyncResource","anyio.abc._sockets._SocketProvider","anyio._core._typedattr.TypedAttributeProvider","builtins.object"],"names":{".class":"SymbolTable","from_socket":{".class":"SymbolTableNode","kind":"Mdef","node":{".class":"Decorator","func":{".class":"FuncDef","abstract_status":0,"arg_kinds":[0,0],"arg_names":["cls","sock_or_fd"],"dataclass_transform_spec":null,"flags":["is_class","is_coroutine","is_decorated"],"fullname":"anyio.abc._sockets.UNIXDatagramSocket.from_socket","name":"from_socket","type":{".class":"CallableType","arg_kinds":[0,0],"arg_names":["cls","sock_or_fd"],"arg_types":[{".class":"TypeType","item":"anyio.abc._sockets.UNIXDatagramSocket"},{".class":"UnionType","items":["socket.socket","builtins.int"]}],"bound_args":[],"def_extras":{"first_arg":"cls"},"fallback":"builtins.function","from_concatenate":false,"implicit":false,"is_ellipsis_args":false,"name":"from_socket of UNIXDatagramSocket","ret_type":{".class":"Instance","args":[{".class":"AnyType","missing_import_name":null,"source_any":null,"type_of_any":6},{".class":"AnyType","missing_import_name":null,"source_any":null,"type_of_any":6},"anyio.abc._sockets.UNIXDatagramSocket"],"type_ref":"typing.Coroutine"},"type_guard":null,"unpack_kwargs":false,"variables":[]}},"is_overload":false,"var":{".class":"Var","flags":["is_initialized_in_class","is_classmethod","is_ready","is_inferred"],"fullname":"anyio.abc._sockets.UNIXDatagramSocket.from_socket","name":"from_socket","type":{".class":"CallableType","arg_kinds":[0,0],"arg_names":["cls","sock_or_fd"],"arg_types":[{".class":"TypeType","item":"anyio.abc._sockets.UNIXDatagramSocket"},{".class":"UnionType","items":["socket.socket","builtins.int"]}],"bound_args":[],"def_extras":{"first_arg":"cls"},"fallback":"builtins.function","from_concatenate":false,"implicit":false,"is_ellipsis_args":false,"name":"from_socket of UNIXDatagramSocket","ret_type":{".class":"Instance","args":[{".class":"AnyType","missing_import_name":null,"source_any":null,"type_of_any":6},{".class":"AnyType","missing_import_name":null,"source_any":null,"type_of_any":6},"anyio.abc._sockets.UNIXDatagramSocket"],"type_ref":"typing.Coroutine"},"type_guard":null,"unpack_kwargs":false,"variables":[]}}}},"sendto":{".class":"SymbolTableNode","kind":"Mdef","node":{".class":"FuncDef","abstract_status":0,"arg_kinds":[0,0,0],"arg_names":["self","data","path"],"dataclass_transform_spec":null,"flags":["is_coroutine"],"fullname":"anyio.abc._sockets.UNIXDatagramSocket.sendto","name":"sendto","type":{".class":"CallableType","arg_kinds":[0,0,0],"arg_names":["self","data","path"],"arg_types":["anyio.abc._sockets.UNIXDatagramSocket","builtins.bytes","builtins.str"],"bound_args":[],"def_extras":{"first_arg":"self"},"fallback":"builtins.function","from_concatenate":false,"implicit":false,"is_ellipsis_args":false,"name":"sendto of UNIXDatagramSocket","ret_type":{".class":"Instance","args":[{".class":"AnyType","missing_import_name":null,"source_any":null,"type_of_any":6},{".class":"AnyType","missing_import_name":null,"source_any":null,"type_of_any":6},{".class":"NoneType"}],"type_ref":"typing.Coroutine"},"type_guard":null,"unpack_kwargs":false,"variables":[]}}}},"self_type":null,"slots":null,"tuple_type":null,"type_vars":[],"typeddict_type":null}},"UNIXSocketStream":{".class":"SymbolTableNode","kind":"Gdef","node":{".class":"TypeInfo","_promote":[],"abstract_attributes":[["_raw_socket",1],["aclose",1],["receive",1],["receive_fds",1],["send",1],["send_eof",1],["send_fds",1]],"alt_promote":null,"bases":["anyio.abc._sockets.SocketStream"],"dataclass_transform_spec":null,"declared_metaclass":null,"defn":{".class":"ClassDef","fullname":"anyio.abc._sockets.UNIXSocketStream","name":"UNIXSocketStream","type_vars":[]},"deletable_attributes":[],"flags":["is_abstract"],"fullname":"anyio.abc._sockets.UNIXSocketStream","has_param_spec_type":false,"metaclass_type":"abc.ABCMeta","metadata":{},"module_name":"anyio.abc._sockets","mro":["anyio.abc._sockets.UNIXSocketStream","anyio.abc._sockets.SocketStream","anyio.abc._streams.ByteStream","anyio.abc._streams.ByteReceiveStream","anyio.abc._streams.ByteSendStream","anyio.abc._resources.AsyncResource","anyio.abc._sockets._SocketProvider","anyio._core._typedattr.TypedAttributeProvider","builtins.object"],"names":{".class":"SymbolTable","from_socket":{".class":"SymbolTableNode","kind":"Mdef","node":{".class":"Decorator","func":{".class":"FuncDef","abstract_status":0,"arg_kinds":[0,0],"arg_names":["cls","sock_or_fd"],"dataclass_transform_spec":null,"flags":["is_class","is_coroutine","is_decorated"],"fullname":"anyio.abc._sockets.UNIXSocketStream.from_socket","name":"from_socket","type":{".class":"CallableType","arg_kinds":[0,0],"arg_names":["cls","sock_or_fd"],"arg_types":[{".class":"TypeType","item":"anyio.abc._sockets.UNIXSocketStream"},{".class":"UnionType","items":["socket.socket","builtins.int"]}],"bound_args":[],"def_extras":{"first_arg":"cls"},"fallback":"builtins.function","from_concatenate":false,"implicit":false,"is_ellipsis_args":false,"name":"from_socket of UNIXSocketStream","ret_type":{".class":"Instance","args":[{".class":"AnyType","missing_import_name":null,"source_any":null,"type_of_any":6},{".class":"AnyType","missing_import_name":null,"source_any":null,"type_of_any":6},"anyio.abc._sockets.UNIXSocketStream"],"type_ref":"typing.Coroutine"},"type_guard":null,"unpack_kwargs":false,"variables":[]}},"is_overload":false,"var":{".class":"Var","flags":["is_initialized_in_class","is_classmethod","is_ready","is_inferred"],"fullname":"anyio.abc._sockets.UNIXSocketStream.from_socket","name":"from_socket","type":{".class":"CallableType","arg_kinds":[0,0],"arg_names":["cls","sock_or_fd"],"arg_types":[{".class":"TypeType","item":"anyio.abc._sockets.UNIXSocketStream"},{".class":"UnionType","items":["socket.socket","builtins.int"]}],"bound_args":[],"def_extras":{"first_arg":"cls"},"fallback":"builtins.function","from_concatenate":false,"implicit":false,"is_ellipsis_args":false,"name":"from_socket of UNIXSocketStream","ret_type":{".class":"Instance","args":[{".class":"AnyType","missing_import_name":null,"source_any":null,"type_of_any":6},{".class":"AnyType","missing_import_name":null,"source_any":null,"type_of_any":6},"anyio.abc._sockets.UNIXSocketStream"],"type_ref":"typing.Coroutine"},"type_guard":null,"unpack_kwargs":false,"variables":[]}}}},"receive_fds":{".class":"SymbolTableNode","kind":"Mdef","node":{".class":"Decorator","func":{".class":"FuncDef","abstract_status":1,"arg_kinds":[0,0,0],"arg_names":["self","msglen","maxfds"],"dataclass_transform_spec":null,"flags":["is_coroutine","is_decorated","is_trivial_body"],"fullname":"anyio.abc._sockets.UNIXSocketStream.receive_fds","name":"receive_fds","type":{".class":"CallableType","arg_kinds":[0,0,0],"arg_names":["self","msglen","maxfds"],"arg_types":["anyio.abc._sockets.UNIXSocketStream","builtins.int","builtins.int"],"bound_args":[],"def_extras":{"first_arg":"self"},"fallback":"builtins.function","from_concatenate":false,"implicit":false,"is_ellipsis_args":false,"name":"receive_fds of UNIXSocketStream","ret_type":{".class":"Instance","args":[{".class":"AnyType","missing_import_name":null,"source_any":null,"type_of_any":6},{".class":"AnyType","missing_import_name":null,"source_any":null,"type_of_any":6},{".class":"TupleType","implicit":false,"items":["builtins.bytes",{".class":"Instance","args":["builtins.int"],"type_ref":"builtins.list"}],"partial_fallback":{".class":"Instance","args":[{".class":"AnyType","missing_import_name":null,"source_any":null,"type_of_any":6}],"type_ref":"builtins.tuple"}}],"type_ref":"typing.Coroutine"},"type_guard":null,"unpack_kwargs":false,"variables":[]}},"is_overload":false,"var":{".class":"Var","flags":["is_initialized_in_class","is_ready","is_inferred"],"fullname":"anyio.abc._sockets.UNIXSocketStream.receive_fds","name":"receive_fds","type":{".class":"CallableType","arg_kinds":[0,0,0],"arg_names":["self","msglen","maxfds"],"arg_types":["anyio.abc._sockets.UNIXSocketStream","builtins.int","builtins.int"],"bound_args":[],"def_extras":{"first_arg":"self"},"fallback":"builtins.function","from_concatenate":false,"implicit":false,"is_ellipsis_args":false,"name":"receive_fds of UNIXSocketStream","ret_type":{".class":"Instance","args":[{".class":"AnyType","missing_import_name":null,"source_any":null,"type_of_any":6},{".class":"AnyType","missing_import_name":null,"source_any":null,"type_of_any":6},{".class":"TupleType","implicit":false,"items":["builtins.bytes",{".class":"Instance","args":["builtins.int"],"type_ref":"builtins.list"}],"partial_fallback":{".class":"Instance","args":[{".class":"AnyType","missing_import_name":null,"source_any":null,"type_of_any":6}],"type_ref":"builtins.tuple"}}],"type_ref":"typing.Coroutine"},"type_guard":null,"unpack_kwargs":false,"variables":[]}}}},"send_fds":{".class":"SymbolTableNode","kind":"Mdef","node":{".class":"Decorator","func":{".class":"FuncDef","abstract_status":1,"arg_kinds":[0,0,0],"arg_names":["self","message","fds"],"dataclass_transform_spec":null,"flags":["is_coroutine","is_decorated","is_trivial_body"],"fullname":"anyio.abc._sockets.UNIXSocketStream.send_fds","name":"send_fds","type":{".class":"CallableType","arg_kinds":[0,0,0],"arg_names":["self","message","fds"],"arg_types":["anyio.abc._sockets.UNIXSocketStream","builtins.bytes",{".class":"Instance","args":[{".class":"UnionType","items":["builtins.int","io.IOBase"]}],"type_ref":"typing.Collection"}],"bound_args":[],"def_extras":{"first_arg":"self"},"fallback":"builtins.function","from_concatenate":false,"implicit":false,"is_ellipsis_args":false,"name":"send_fds of UNIXSocketStream","ret_type":{".class":"Instance","args":[{".class":"AnyType","missing_import_name":null,"source_any":null,"type_of_any":6},{".class":"AnyType","missing_import_name":null,"source_any":null,"type_of_any":6},{".class":"NoneType"}],"type_ref":"typing.Coroutine"},"type_guard":null,"unpack_kwargs":false,"variables":[]}},"is_overload":false,"var":{".class":"Var","flags":["is_initialized_in_class","is_ready","is_inferred"],"fullname":"anyio.abc._sockets.UNIXSocketStream.send_fds","name":"send_fds","type":{".class":"CallableType","arg_kinds":[0,0,0],"arg_names":["self","message","fds"],"arg_types":["anyio.abc._sockets.UNIXSocketStream","builtins.bytes",{".class":"Instance","args":[{".class":"UnionType","items":["builtins.int","io.IOBase"]}],"type_ref":"typing.Collection"}],"bound_args":[],"def_extras":{"first_arg":"self"},"fallback":"builtins.function","from_concatenate":false,"implicit":false,"is_ellipsis_args":false,"name":"send_fds of UNIXSocketStream","ret_type":{".class":"Instance","args":[{".class":"AnyType","missing_import_name":null,"source_any":null,"type_of_any":6},{".class":"AnyType","missing_import_name":null,"source_any":null,"type_of_any":6},{".class":"NoneType"}],"type_ref":"typing.Coroutine"},"type_guard":null,"unpack_kwargs":false,"variables":[]}}}}},"self_type":null,"slots":null,"tuple_type":null,"type_vars":[],"typeddict_type":null}},"Union":{".class":"SymbolTableNode","cross_ref":"typing.Union","kind":"Gdef"},"UnreliableObjectStream":{".class":"SymbolTableNode","cross_ref":"anyio.abc._streams.UnreliableObjectStream","kind":"Gdef"},"_SocketProvider":{".class":"SymbolTableNode","kind":"Gdef","node":{".class":"TypeInfo","_promote":[],"abstract_attributes":[["_raw_socket",1]],"alt_promote":null,"bases":["anyio._core._typedattr.TypedAttributeProvider"],"dataclass_transform_spec":null,"declared_metaclass":null,"defn":{".class":"ClassDef","fullname":"anyio.abc._sockets._SocketProvider","name":"_SocketProvider","type_vars":[]},"deletable_attributes":[],"flags":["is_abstract"],"fullname":"anyio.abc._sockets._SocketProvider","has_param_spec_type":false,"metaclass_type":null,"metadata":{},"module_name":"anyio.abc._sockets","mro":["anyio.abc._sockets._SocketProvider","anyio._core._typedattr.TypedAttributeProvider","builtins.object"],"names":{".class":"SymbolTable","_raw_socket":{".class":"SymbolTableNode","kind":"Mdef","node":{".class":"Decorator","func":{".class":"FuncDef","abstract_status":1,"arg_kinds":[0],"arg_names":["self"],"dataclass_transform_spec":null,"flags":["is_property","is_decorated","is_trivial_body"],"fullname":"anyio.abc._sockets._SocketProvider._raw_socket","name":"_raw_socket","type":{".class":"CallableType","arg_kinds":[0],"arg_names":["self"],"arg_types":["anyio.abc._sockets._SocketProvider"],"bound_args":[],"def_extras":{"first_arg":"self"},"fallback":"builtins.function","from_concatenate":false,"implicit":false,"is_ellipsis_args":false,"name":"_raw_socket of _SocketProvider","ret_type":"socket.socket","type_guard":null,"unpack_kwargs":false,"variables":[]}},"is_overload":false,"var":{".class":"Var","flags":["is_initialized_in_class","is_property","is_ready","is_inferred"],"fullname":"anyio.abc._sockets._SocketProvider._raw_socket","name":"_raw_socket","type":{".class":"CallableType","arg_kinds":[0],"arg_names":["self"],"arg_types":["anyio.abc._sockets._SocketProvider"],"bound_args":[],"def_extras":{"first_arg":"self"},"fallback":"builtins.function","from_concatenate":false,"implicit":false,"is_ellipsis_args":false,"name":"_raw_socket of _SocketProvider","ret_type":"socket.socket","type_guard":null,"unpack_kwargs":false,"variables":[]}}}},"extra_attributes":{".class":"SymbolTableNode","kind":"Mdef","node":{".class":"Decorator","func":{".class":"FuncDef","abstract_status":0,"arg_kinds":[0],"arg_names":["self"],"dataclass_transform_spec":null,"flags":["is_property","is_decorated"],"fullname":"anyio.abc._sockets._SocketProvider.extra_attributes","name":"extra_attributes","type":{".class":"CallableType","arg_kinds":[0],"arg_names":["self"],"arg_types":["anyio.abc._sockets._SocketProvider"],"bound_args":[],"def_extras":{"first_arg":"self"},"fallback":"builtins.function","from_concatenate":false,"implicit":false,"is_ellipsis_args":false,"name":"extra_attributes of _SocketProvider","ret_type":{".class":"Instance","args":[{".class":"AnyType","missing_import_name":null,"source_any":null,"type_of_any":2},{".class":"CallableType","arg_kinds":[],"arg_names":[],"arg_types":[],"bound_args":[],"def_extras":{},"fallback":"builtins.function","from_concatenate":false,"implicit":false,"is_ellipsis_args":false,"name":null,"ret_type":{".class":"AnyType","missing_import_name":null,"source_any":null,"type_of_any":2},"type_guard":null,"unpack_kwargs":false,"variables":[]}],"type_ref":"typing.Mapping"},"type_guard":null,"unpack_kwargs":false,"variables":[]}},"is_overload":false,"var":{".class":"Var","flags":["is_initialized_in_class","is_property","is_ready","is_inferred"],"fullname":"anyio.abc._sockets._SocketProvider.extra_attributes","name":"extra_attributes","type":{".class":"CallableType","arg_kinds":[0],"arg_names":["self"],"arg_types":["anyio.abc._sockets._SocketProvider"],"bound_args":[],"def_extras":{"first_arg":"self"},"fallback":"builtins.function","from_concatenate":false,"implicit":false,"is_ellipsis_args":false,"name":"extra_attributes of _SocketProvider","ret_type":{".class":"Instance","args":[{".class":"AnyType","missing_import_name":null,"source_any":null,"type_of_any":2},{".class":"CallableType","arg_kinds":[],"arg_names":[],"arg_types":[],"bound_args":[],"def_extras":{},"fallback":"builtins.function","from_concatenate":false,"implicit":false,"is_ellipsis_args":false,"name":null,"ret_type":{".class":"AnyType","missing_import_name":null,"source_any":null,"type_of_any":2},"type_guard":null,"unpack_kwargs":false,"variables":[]}],"type_ref":"typing.Mapping"},"type_guard":null,"unpack_kwargs":false,"variables":[]}}}}},"self_type":null,"slots":null,"tuple_type":null,"type_vars":[],"typeddict_type":null}},"__annotations__":{".class":"SymbolTableNode","kind":"Gdef","node":{".class":"Var","flags":["is_ready"],"fullname":"anyio.abc._sockets.__annotations__","name":"__annotations__","type":{".class":"Instance","args":["builtins.str",{".class":"AnyType","missing_import_name":null,"source_any":null,"type_of_any":6}],"type_ref":"builtins.dict"}}},"__doc__":{".class":"SymbolTableNode","kind":"Gdef","node":{".class":"Var","flags":["is_ready"],"fullname":"anyio.abc._sockets.__doc__","name":"__doc__","type":"builtins.str"}},"__file__":{".class":"SymbolTableNode","kind":"Gdef","node":{".class":"Var","flags":["is_ready"],"fullname":"anyio.abc._sockets.__file__","name":"__file__","type":"builtins.str"}},"__name__":{".class":"SymbolTableNode","kind":"Gdef","node":{".class":"Var","flags":["is_ready"],"fullname":"anyio.abc._sockets.__name__","name":"__name__","type":"builtins.str"}},"__package__":{".class":"SymbolTableNode","kind":"Gdef","node":{".class":"Var","flags":["is_ready"],"fullname":"anyio.abc._sockets.__package__","name":"__package__","type":"builtins.str"}},"_validate_socket":{".class":"SymbolTableNode","kind":"Gdef","node":{".class":"FuncDef","abstract_status":0,"arg_kinds":[0,0,1,5,5],"arg_names":["sock_or_fd","sock_type","addr_family","require_connected","require_bound"],"dataclass_transform_spec":null,"flags":[],"fullname":"anyio.abc._sockets._validate_socket","name":"_validate_socket","type":{".class":"CallableType","arg_kinds":[0,0,1,5,5],"arg_names":["sock_or_fd","sock_type","addr_family","require_connected","require_bound"],"arg_types":[{".class":"UnionType","items":["socket.socket","builtins.int"]},"socket.SocketKind","socket.AddressFamily","builtins.bool","builtins.bool"],"bound_args":[],"def_extras":{"first_arg":null},"fallback":"builtins.function","from_concatenate":false,"implicit":false,"is_ellipsis_args":false,"name":"_validate_socket","ret_type":"socket.socket","type_guard":null,"unpack_kwargs":false,"variables":[]}}},"abstractmethod":{".class":"SymbolTableNode","cross_ref":"abc.abstractmethod","kind":"Gdef"},"annotations":{".class":"SymbolTableNode","cross_ref":"__future__.annotations","kind":"Gdef"},"errno":{".class":"SymbolTableNode","cross_ref":"errno","kind":"Gdef"},"get_async_backend":{".class":"SymbolTableNode","cross_ref":"anyio._core._eventloop.get_async_backend","kind":"Gdef"},"socket":{".class":"SymbolTableNode","cross_ref":"socket","kind":"Gdef"},"sys":{".class":"SymbolTableNode","cross_ref":"sys","kind":"Gdef"},"typed_attribute":{".class":"SymbolTableNode","cross_ref":"anyio._core._typedattr.typed_attribute","kind":"Gdef"}},"path":"C:\\Users\\Vasilis\\AppData\\Local\\Programs\\Python\\Python313\\Lib\\site-packages\\anyio\\abc\\_sockets.py"}