{".class":"MypyFile","_fullname":"_sqlite3","future_import_flags":[],"is_partial_stub_package":false,"is_stub":true,"names":{".class":"SymbolTable","Any":{".class":"SymbolTableNode","cross_ref":"typing.Any","kind":"Gdef","module_hidden":true,"module_public":false},"Blob":{".class":"SymbolTableNode","cross_ref":"sqlite3.Blob","kind":"Gdef"},"Callable":{".class":"SymbolTableNode","cross_ref":"typing.Callable","kind":"Gdef","module_hidden":true,"module_public":false},"Connection":{".class":"SymbolTableNode","cross_ref":"sqlite3.Connection","kind":"Gdef"},"Cursor":{".class":"SymbolTableNode","cross_ref":"sqlite3.Cursor","kind":"Gdef"},"DataError":{".class":"SymbolTableNode","cross_ref":"sqlite3.DataError","kind":"Gdef"},"DatabaseError":{".class":"SymbolTableNode","cross_ref":"sqlite3.DatabaseError","kind":"Gdef"},"Error":{".class":"SymbolTableNode","cross_ref":"sqlite3.Error","kind":"Gdef"},"Final":{".class":"SymbolTableNode","cross_ref":"typing.Final","kind":"Gdef","module_hidden":true,"module_public":false},"IntegrityError":{".class":"SymbolTableNode","cross_ref":"sqlite3.IntegrityError","kind":"Gdef"},"InterfaceError":{".class":"SymbolTableNode","cross_ref":"sqlite3.InterfaceError","kind":"Gdef"},"InternalError":{".class":"SymbolTableNode","cross_ref":"sqlite3.InternalError","kind":"Gdef"},"Literal":{".class":"SymbolTableNode","cross_ref":"typing.Literal","kind":"Gdef","module_hidden":true,"module_public":false},"NotSupportedError":{".class":"SymbolTableNode","cross_ref":"sqlite3.NotSupportedError","kind":"Gdef"},"OperationalError":{".class":"SymbolTableNode","cross_ref":"sqlite3.OperationalError","kind":"Gdef"},"PARSE_COLNAMES":{".class":"SymbolTableNode","kind":"Gdef","node":{".class":"Var","final_value":2,"flags":["is_final","is_ready","is_inferred","has_explicit_value"],"fullname":"_sqlite3.PARSE_COLNAMES","name":"PARSE_COLNAMES","setter_type":null,"type":{".class":"Instance","args":[],"extra_attrs":null,"last_known_value":{".class":"LiteralType","fallback":"builtins.int","value":2},"type_ref":"builtins.int"}}},"PARSE_DECLTYPES":{".class":"SymbolTableNode","kind":"Gdef","node":{".class":"Var","final_value":1,"flags":["is_final","is_ready","is_inferred","has_explicit_value"],"fullname":"_sqlite3.PARSE_DECLTYPES","name":"PARSE_DECLTYPES","setter_type":null,"type":{".class":"Instance","args":[],"extra_attrs":null,"last_known_value":{".class":"LiteralType","fallback":"builtins.int","value":1},"type_ref":"builtins.int"}}},"PrepareProtocol":{".class":"SymbolTableNode","cross_ref":"sqlite3.PrepareProtocol","kind":"Gdef"},"ProgrammingError":{".class":"SymbolTableNode","cross_ref":"sqlite3.ProgrammingError","kind":"Gdef"},"ReadableBuffer":{".class":"SymbolTableNode","cross_ref":"_typeshed.ReadableBuffer","kind":"Gdef","module_hidden":true,"module_public":false},"Row":{".class":"SymbolTableNode","cross_ref":"sqlite3.Row","kind":"Gdef"},"SQLITE_ABORT":{".class":"SymbolTableNode","kind":"Gdef","node":{".class":"Var","final_value":4,"flags":["is_final","is_ready","is_inferred","has_explicit_value"],"fullname":"_sqlite3.SQLITE_ABORT","name":"SQLITE_ABORT","setter_type":null,"type":{".class":"Instance","args":[],"extra_attrs":null,"last_known_value":{".class":"LiteralType","fallback":"builtins.int","value":4},"type_ref":"builtins.int"}}},"SQLITE_ABORT_ROLLBACK":{".class":"SymbolTableNode","kind":"Gdef","node":{".class":"Var","final_value":516,"flags":["is_final","is_ready","is_inferred","has_explicit_value"],"fullname":"_sqlite3.SQLITE_ABORT_ROLLBACK","name":"SQLITE_ABORT_ROLLBACK","setter_type":null,"type":{".class":"Instance","args":[],"extra_attrs":null,"last_known_value":{".class":"LiteralType","fallback":"builtins.int","value":516},"type_ref":"builtins.int"}}},"SQLITE_ALTER_TABLE":{".class":"SymbolTableNode","kind":"Gdef","node":{".class":"Var","final_value":26,"flags":["is_final","is_ready","is_inferred","has_explicit_value"],"fullname":"_sqlite3.SQLITE_ALTER_TABLE","name":"SQLITE_ALTER_TABLE","setter_type":null,"type":{".class":"Instance","args":[],"extra_attrs":null,"last_known_value":{".class":"LiteralType","fallback":"builtins.int","value":26},"type_ref":"builtins.int"}}},"SQLITE_ANALYZE":{".class":"SymbolTableNode","kind":"Gdef","node":{".class":"Var","final_value":28,"flags":["is_final","is_ready","is_inferred","has_explicit_value"],"fullname":"_sqlite3.SQLITE_ANALYZE","name":"SQLITE_ANALYZE","setter_type":null,"type":{".class":"Instance","args":[],"extra_attrs":null,"last_known_value":{".class":"LiteralType","fallback":"builtins.int","value":28},"type_ref":"builtins.int"}}},"SQLITE_ATTACH":{".class":"SymbolTableNode","kind":"Gdef","node":{".class":"Var","final_value":24,"flags":["is_final","is_ready","is_inferred","has_explicit_value"],"fullname":"_sqlite3.SQLITE_ATTACH","name":"SQLITE_ATTACH","setter_type":null,"type":{".class":"Instance","args":[],"extra_attrs":null,"last_known_value":{".class":"LiteralType","fallback":"builtins.int","value":24},"type_ref":"builtins.int"}}},"SQLITE_AUTH":{".class":"SymbolTableNode","kind":"Gdef","node":{".class":"Var","final_value":23,"flags":["is_final","is_ready","is_inferred","has_explicit_value"],"fullname":"_sqlite3.SQLITE_AUTH","name":"SQLITE_AUTH","setter_type":null,"type":{".class":"Instance","args":[],"extra_attrs":null,"last_known_value":{".class":"LiteralType","fallback":"builtins.int","value":23},"type_ref":"builtins.int"}}},"SQLITE_AUTH_USER":{".class":"SymbolTableNode","kind":"Gdef","node":{".class":"Var","final_value":279,"flags":["is_final","is_ready","is_inferred","has_explicit_value"],"fullname":"_sqlite3.SQLITE_AUTH_USER","name":"SQLITE_AUTH_USER","setter_type":null,"type":{".class":"Instance","args":[],"extra_attrs":null,"last_known_value":{".class":"LiteralType","fallback":"builtins.int","value":279},"type_ref":"builtins.int"}}},"SQLITE_BUSY":{".class":"SymbolTableNode","kind":"Gdef","node":{".class":"Var","final_value":5,"flags":["is_final","is_ready","is_inferred","has_explicit_value"],"fullname":"_sqlite3.SQLITE_BUSY","name":"SQLITE_BUSY","setter_type":null,"type":{".class":"Instance","args":[],"extra_attrs":null,"last_known_value":{".class":"LiteralType","fallback":"builtins.int","value":5},"type_ref":"builtins.int"}}},"SQLITE_BUSY_RECOVERY":{".class":"SymbolTableNode","kind":"Gdef","node":{".class":"Var","final_value":261,"flags":["is_final","is_ready","is_inferred","has_explicit_value"],"fullname":"_sqlite3.SQLITE_BUSY_RECOVERY","name":"SQLITE_BUSY_RECOVERY","setter_type":null,"type":{".class":"Instance","args":[],"extra_attrs":null,"last_known_value":{".class":"LiteralType","fallback":"builtins.int","value":261},"type_ref":"builtins.int"}}},"SQLITE_BUSY_SNAPSHOT":{".class":"SymbolTableNode","kind":"Gdef","node":{".class":"Var","final_value":517,"flags":["is_final","is_ready","is_inferred","has_explicit_value"],"fullname":"_sqlite3.SQLITE_BUSY_SNAPSHOT","name":"SQLITE_BUSY_SNAPSHOT","setter_type":null,"type":{".class":"Instance","args":[],"extra_attrs":null,"last_known_value":{".class":"LiteralType","fallback":"builtins.int","value":517},"type_ref":"builtins.int"}}},"SQLITE_BUSY_TIMEOUT":{".class":"SymbolTableNode","kind":"Gdef","node":{".class":"Var","final_value":773,"flags":["is_final","is_ready","is_inferred","has_explicit_value"],"fullname":"_sqlite3.SQLITE_BUSY_TIMEOUT","name":"SQLITE_BUSY_TIMEOUT","setter_type":null,"type":{".class":"Instance","args":[],"extra_attrs":null,"last_known_value":{".class":"LiteralType","fallback":"builtins.int","value":773},"type_ref":"builtins.int"}}},"SQLITE_CANTOPEN":{".class":"SymbolTableNode","kind":"Gdef","node":{".class":"Var","final_value":14,"flags":["is_final","is_ready","is_inferred","has_explicit_value"],"fullname":"_sqlite3.SQLITE_CANTOPEN","name":"SQLITE_CANTOPEN","setter_type":null,"type":{".class":"Instance","args":[],"extra_attrs":null,"last_known_value":{".class":"LiteralType","fallback":"builtins.int","value":14},"type_ref":"builtins.int"}}},"SQLITE_CANTOPEN_CONVPATH":{".class":"SymbolTableNode","kind":"Gdef","node":{".class":"Var","final_value":1038,"flags":["is_final","is_ready","is_inferred","has_explicit_value"],"fullname":"_sqlite3.SQLITE_CANTOPEN_CONVPATH","name":"SQLITE_CANTOPEN_CONVPATH","setter_type":null,"type":{".class":"Instance","args":[],"extra_attrs":null,"last_known_value":{".class":"LiteralType","fallback":"builtins.int","value":1038},"type_ref":"builtins.int"}}},"SQLITE_CANTOPEN_DIRTYWAL":{".class":"SymbolTableNode","kind":"Gdef","node":{".class":"Var","final_value":1294,"flags":["is_final","is_ready","is_inferred","has_explicit_value"],"fullname":"_sqlite3.SQLITE_CANTOPEN_DIRTYWAL","name":"SQLITE_CANTOPEN_DIRTYWAL","setter_type":null,"type":{".class":"Instance","args":[],"extra_attrs":null,"last_known_value":{".class":"LiteralType","fallback":"builtins.int","value":1294},"type_ref":"builtins.int"}}},"SQLITE_CANTOPEN_FULLPATH":{".class":"SymbolTableNode","kind":"Gdef","node":{".class":"Var","final_value":782,"flags":["is_final","is_ready","is_inferred","has_explicit_value"],"fullname":"_sqlite3.SQLITE_CANTOPEN_FULLPATH","name":"SQLITE_CANTOPEN_FULLPATH","setter_type":null,"type":{".class":"Instance","args":[],"extra_attrs":null,"last_known_value":{".class":"LiteralType","fallback":"builtins.int","value":782},"type_ref":"builtins.int"}}},"SQLITE_CANTOPEN_ISDIR":{".class":"SymbolTableNode","kind":"Gdef","node":{".class":"Var","final_value":526,"flags":["is_final","is_ready","is_inferred","has_explicit_value"],"fullname":"_sqlite3.SQLITE_CANTOPEN_ISDIR","name":"SQLITE_CANTOPEN_ISDIR","setter_type":null,"type":{".class":"Instance","args":[],"extra_attrs":null,"last_known_value":{".class":"LiteralType","fallback":"builtins.int","value":526},"type_ref":"builtins.int"}}},"SQLITE_CANTOPEN_NOTEMPDIR":{".class":"SymbolTableNode","kind":"Gdef","node":{".class":"Var","final_value":270,"flags":["is_final","is_ready","is_inferred","has_explicit_value"],"fullname":"_sqlite3.SQLITE_CANTOPEN_NOTEMPDIR","name":"SQLITE_CANTOPEN_NOTEMPDIR","setter_type":null,"type":{".class":"Instance","args":[],"extra_attrs":null,"last_known_value":{".class":"LiteralType","fallback":"builtins.int","value":270},"type_ref":"builtins.int"}}},"SQLITE_CANTOPEN_SYMLINK":{".class":"SymbolTableNode","kind":"Gdef","node":{".class":"Var","final_value":1550,"flags":["is_final","is_ready","is_inferred","has_explicit_value"],"fullname":"_sqlite3.SQLITE_CANTOPEN_SYMLINK","name":"SQLITE_CANTOPEN_SYMLINK","setter_type":null,"type":{".class":"Instance","args":[],"extra_attrs":null,"last_known_value":{".class":"LiteralType","fallback":"builtins.int","value":1550},"type_ref":"builtins.int"}}},"SQLITE_CONSTRAINT":{".class":"SymbolTableNode","kind":"Gdef","node":{".class":"Var","final_value":19,"flags":["is_final","is_ready","is_inferred","has_explicit_value"],"fullname":"_sqlite3.SQLITE_CONSTRAINT","name":"SQLITE_CONSTRAINT","setter_type":null,"type":{".class":"Instance","args":[],"extra_attrs":null,"last_known_value":{".class":"LiteralType","fallback":"builtins.int","value":19},"type_ref":"builtins.int"}}},"SQLITE_CONSTRAINT_CHECK":{".class":"SymbolTableNode","kind":"Gdef","node":{".class":"Var","final_value":275,"flags":["is_final","is_ready","is_inferred","has_explicit_value"],"fullname":"_sqlite3.SQLITE_CONSTRAINT_CHECK","name":"SQLITE_CONSTRAINT_CHECK","setter_type":null,"type":{".class":"Instance","args":[],"extra_attrs":null,"last_known_value":{".class":"LiteralType","fallback":"builtins.int","value":275},"type_ref":"builtins.int"}}},"SQLITE_CONSTRAINT_COMMITHOOK":{".class":"SymbolTableNode","kind":"Gdef","node":{".class":"Var","final_value":531,"flags":["is_final","is_ready","is_inferred","has_explicit_value"],"fullname":"_sqlite3.SQLITE_CONSTRAINT_COMMITHOOK","name":"SQLITE_CONSTRAINT_COMMITHOOK","setter_type":null,"type":{".class":"Instance","args":[],"extra_attrs":null,"last_known_value":{".class":"LiteralType","fallback":"builtins.int","value":531},"type_ref":"builtins.int"}}},"SQLITE_CONSTRAINT_FOREIGNKEY":{".class":"SymbolTableNode","kind":"Gdef","node":{".class":"Var","final_value":787,"flags":["is_final","is_ready","is_inferred","has_explicit_value"],"fullname":"_sqlite3.SQLITE_CONSTRAINT_FOREIGNKEY","name":"SQLITE_CONSTRAINT_FOREIGNKEY","setter_type":null,"type":{".class":"Instance","args":[],"extra_attrs":null,"last_known_value":{".class":"LiteralType","fallback":"builtins.int","value":787},"type_ref":"builtins.int"}}},"SQLITE_CONSTRAINT_FUNCTION":{".class":"SymbolTableNode","kind":"Gdef","node":{".class":"Var","final_value":1043,"flags":["is_final","is_ready","is_inferred","has_explicit_value"],"fullname":"_sqlite3.SQLITE_CONSTRAINT_FUNCTION","name":"SQLITE_CONSTRAINT_FUNCTION","setter_type":null,"type":{".class":"Instance","args":[],"extra_attrs":null,"last_known_value":{".class":"LiteralType","fallback":"builtins.int","value":1043},"type_ref":"builtins.int"}}},"SQLITE_CONSTRAINT_NOTNULL":{".class":"SymbolTableNode","kind":"Gdef","node":{".class":"Var","final_value":1299,"flags":["is_final","is_ready","is_inferred","has_explicit_value"],"fullname":"_sqlite3.SQLITE_CONSTRAINT_NOTNULL","name":"SQLITE_CONSTRAINT_NOTNULL","setter_type":null,"type":{".class":"Instance","args":[],"extra_attrs":null,"last_known_value":{".class":"LiteralType","fallback":"builtins.int","value":1299},"type_ref":"builtins.int"}}},"SQLITE_CONSTRAINT_PINNED":{".class":"SymbolTableNode","kind":"Gdef","node":{".class":"Var","final_value":2835,"flags":["is_final","is_ready","is_inferred","has_explicit_value"],"fullname":"_sqlite3.SQLITE_CONSTRAINT_PINNED","name":"SQLITE_CONSTRAINT_PINNED","setter_type":null,"type":{".class":"Instance","args":[],"extra_attrs":null,"last_known_value":{".class":"LiteralType","fallback":"builtins.int","value":2835},"type_ref":"builtins.int"}}},"SQLITE_CONSTRAINT_PRIMARYKEY":{".class":"SymbolTableNode","kind":"Gdef","node":{".class":"Var","final_value":1555,"flags":["is_final","is_ready","is_inferred","has_explicit_value"],"fullname":"_sqlite3.SQLITE_CONSTRAINT_PRIMARYKEY","name":"SQLITE_CONSTRAINT_PRIMARYKEY","setter_type":null,"type":{".class":"Instance","args":[],"extra_attrs":null,"last_known_value":{".class":"LiteralType","fallback":"builtins.int","value":1555},"type_ref":"builtins.int"}}},"SQLITE_CONSTRAINT_ROWID":{".class":"SymbolTableNode","kind":"Gdef","node":{".class":"Var","final_value":2579,"flags":["is_final","is_ready","is_inferred","has_explicit_value"],"fullname":"_sqlite3.SQLITE_CONSTRAINT_ROWID","name":"SQLITE_CONSTRAINT_ROWID","setter_type":null,"type":{".class":"Instance","args":[],"extra_attrs":null,"last_known_value":{".class":"LiteralType","fallback":"builtins.int","value":2579},"type_ref":"builtins.int"}}},"SQLITE_CONSTRAINT_TRIGGER":{".class":"SymbolTableNode","kind":"Gdef","node":{".class":"Var","final_value":1811,"flags":["is_final","is_ready","is_inferred","has_explicit_value"],"fullname":"_sqlite3.SQLITE_CONSTRAINT_TRIGGER","name":"SQLITE_CONSTRAINT_TRIGGER","setter_type":null,"type":{".class":"Instance","args":[],"extra_attrs":null,"last_known_value":{".class":"LiteralType","fallback":"builtins.int","value":1811},"type_ref":"builtins.int"}}},"SQLITE_CONSTRAINT_UNIQUE":{".class":"SymbolTableNode","kind":"Gdef","node":{".class":"Var","final_value":2067,"flags":["is_final","is_ready","is_inferred","has_explicit_value"],"fullname":"_sqlite3.SQLITE_CONSTRAINT_UNIQUE","name":"SQLITE_CONSTRAINT_UNIQUE","setter_type":null,"type":{".class":"Instance","args":[],"extra_attrs":null,"last_known_value":{".class":"LiteralType","fallback":"builtins.int","value":2067},"type_ref":"builtins.int"}}},"SQLITE_CONSTRAINT_VTAB":{".class":"SymbolTableNode","kind":"Gdef","node":{".class":"Var","final_value":2323,"flags":["is_final","is_ready","is_inferred","has_explicit_value"],"fullname":"_sqlite3.SQLITE_CONSTRAINT_VTAB","name":"SQLITE_CONSTRAINT_VTAB","setter_type":null,"type":{".class":"Instance","args":[],"extra_attrs":null,"last_known_value":{".class":"LiteralType","fallback":"builtins.int","value":2323},"type_ref":"builtins.int"}}},"SQLITE_CORRUPT":{".class":"SymbolTableNode","kind":"Gdef","node":{".class":"Var","final_value":11,"flags":["is_final","is_ready","is_inferred","has_explicit_value"],"fullname":"_sqlite3.SQLITE_CORRUPT","name":"SQLITE_CORRUPT","setter_type":null,"type":{".class":"Instance","args":[],"extra_attrs":null,"last_known_value":{".class":"LiteralType","fallback":"builtins.int","value":11},"type_ref":"builtins.int"}}},"SQLITE_CORRUPT_INDEX":{".class":"SymbolTableNode","kind":"Gdef","node":{".class":"Var","final_value":779,"flags":["is_final","is_ready","is_inferred","has_explicit_value"],"fullname":"_sqlite3.SQLITE_CORRUPT_INDEX","name":"SQLITE_CORRUPT_INDEX","setter_type":null,"type":{".class":"Instance","args":[],"extra_attrs":null,"last_known_value":{".class":"LiteralType","fallback":"builtins.int","value":779},"type_ref":"builtins.int"}}},"SQLITE_CORRUPT_SEQUENCE":{".class":"SymbolTableNode","kind":"Gdef","node":{".class":"Var","final_value":523,"flags":["is_final","is_ready","is_inferred","has_explicit_value"],"fullname":"_sqlite3.SQLITE_CORRUPT_SEQUENCE","name":"SQLITE_CORRUPT_SEQUENCE","setter_type":null,"type":{".class":"Instance","args":[],"extra_attrs":null,"last_known_value":{".class":"LiteralType","fallback":"builtins.int","value":523},"type_ref":"builtins.int"}}},"SQLITE_CORRUPT_VTAB":{".class":"SymbolTableNode","kind":"Gdef","node":{".class":"Var","final_value":267,"flags":["is_final","is_ready","is_inferred","has_explicit_value"],"fullname":"_sqlite3.SQLITE_CORRUPT_VTAB","name":"SQLITE_CORRUPT_VTAB","setter_type":null,"type":{".class":"Instance","args":[],"extra_attrs":null,"last_known_value":{".class":"LiteralType","fallback":"builtins.int","value":267},"type_ref":"builtins.int"}}},"SQLITE_CREATE_INDEX":{".class":"SymbolTableNode","kind":"Gdef","node":{".class":"Var","final_value":1,"flags":["is_final","is_ready","is_inferred","has_explicit_value"],"fullname":"_sqlite3.SQLITE_CREATE_INDEX","name":"SQLITE_CREATE_INDEX","setter_type":null,"type":{".class":"Instance","args":[],"extra_attrs":null,"last_known_value":{".class":"LiteralType","fallback":"builtins.int","value":1},"type_ref":"builtins.int"}}},"SQLITE_CREATE_TABLE":{".class":"SymbolTableNode","kind":"Gdef","node":{".class":"Var","final_value":2,"flags":["is_final","is_ready","is_inferred","has_explicit_value"],"fullname":"_sqlite3.SQLITE_CREATE_TABLE","name":"SQLITE_CREATE_TABLE","setter_type":null,"type":{".class":"Instance","args":[],"extra_attrs":null,"last_known_value":{".class":"LiteralType","fallback":"builtins.int","value":2},"type_ref":"builtins.int"}}},"SQLITE_CREATE_TEMP_INDEX":{".class":"SymbolTableNode","kind":"Gdef","node":{".class":"Var","final_value":3,"flags":["is_final","is_ready","is_inferred","has_explicit_value"],"fullname":"_sqlite3.SQLITE_CREATE_TEMP_INDEX","name":"SQLITE_CREATE_TEMP_INDEX","setter_type":null,"type":{".class":"Instance","args":[],"extra_attrs":null,"last_known_value":{".class":"LiteralType","fallback":"builtins.int","value":3},"type_ref":"builtins.int"}}},"SQLITE_CREATE_TEMP_TABLE":{".class":"SymbolTableNode","kind":"Gdef","node":{".class":"Var","final_value":4,"flags":["is_final","is_ready","is_inferred","has_explicit_value"],"fullname":"_sqlite3.SQLITE_CREATE_TEMP_TABLE","name":"SQLITE_CREATE_TEMP_TABLE","setter_type":null,"type":{".class":"Instance","args":[],"extra_attrs":null,"last_known_value":{".class":"LiteralType","fallback":"builtins.int","value":4},"type_ref":"builtins.int"}}},"SQLITE_CREATE_TEMP_TRIGGER":{".class":"SymbolTableNode","kind":"Gdef","node":{".class":"Var","final_value":5,"flags":["is_final","is_ready","is_inferred","has_explicit_value"],"fullname":"_sqlite3.SQLITE_CREATE_TEMP_TRIGGER","name":"SQLITE_CREATE_TEMP_TRIGGER","setter_type":null,"type":{".class":"Instance","args":[],"extra_attrs":null,"last_known_value":{".class":"LiteralType","fallback":"builtins.int","value":5},"type_ref":"builtins.int"}}},"SQLITE_CREATE_TEMP_VIEW":{".class":"SymbolTableNode","kind":"Gdef","node":{".class":"Var","final_value":6,"flags":["is_final","is_ready","is_inferred","has_explicit_value"],"fullname":"_sqlite3.SQLITE_CREATE_TEMP_VIEW","name":"SQLITE_CREATE_TEMP_VIEW","setter_type":null,"type":{".class":"Instance","args":[],"extra_attrs":null,"last_known_value":{".class":"LiteralType","fallback":"builtins.int","value":6},"type_ref":"builtins.int"}}},"SQLITE_CREATE_TRIGGER":{".class":"SymbolTableNode","kind":"Gdef","node":{".class":"Var","final_value":7,"flags":["is_final","is_ready","is_inferred","has_explicit_value"],"fullname":"_sqlite3.SQLITE_CREATE_TRIGGER","name":"SQLITE_CREATE_TRIGGER","setter_type":null,"type":{".class":"Instance","args":[],"extra_attrs":null,"last_known_value":{".class":"LiteralType","fallback":"builtins.int","value":7},"type_ref":"builtins.int"}}},"SQLITE_CREATE_VIEW":{".class":"SymbolTableNode","kind":"Gdef","node":{".class":"Var","final_value":8,"flags":["is_final","is_ready","is_inferred","has_explicit_value"],"fullname":"_sqlite3.SQLITE_CREATE_VIEW","name":"SQLITE_CREATE_VIEW","setter_type":null,"type":{".class":"Instance","args":[],"extra_attrs":null,"last_known_value":{".class":"LiteralType","fallback":"builtins.int","value":8},"type_ref":"builtins.int"}}},"SQLITE_CREATE_VTABLE":{".class":"SymbolTableNode","kind":"Gdef","node":{".class":"Var","final_value":29,"flags":["is_final","is_ready","is_inferred","has_explicit_value"],"fullname":"_sqlite3.SQLITE_CREATE_VTABLE","name":"SQLITE_CREATE_VTABLE","setter_type":null,"type":{".class":"Instance","args":[],"extra_attrs":null,"last_known_value":{".class":"LiteralType","fallback":"builtins.int","value":29},"type_ref":"builtins.int"}}},"SQLITE_DELETE":{".class":"SymbolTableNode","kind":"Gdef","node":{".class":"Var","final_value":9,"flags":["is_final","is_ready","is_inferred","has_explicit_value"],"fullname":"_sqlite3.SQLITE_DELETE","name":"SQLITE_DELETE","setter_type":null,"type":{".class":"Instance","args":[],"extra_attrs":null,"last_known_value":{".class":"LiteralType","fallback":"builtins.int","value":9},"type_ref":"builtins.int"}}},"SQLITE_DENY":{".class":"SymbolTableNode","kind":"Gdef","node":{".class":"Var","final_value":1,"flags":["is_final","is_ready","is_inferred","has_explicit_value"],"fullname":"_sqlite3.SQLITE_DENY","name":"SQLITE_DENY","setter_type":null,"type":{".class":"Instance","args":[],"extra_attrs":null,"last_known_value":{".class":"LiteralType","fallback":"builtins.int","value":1},"type_ref":"builtins.int"}}},"SQLITE_DETACH":{".class":"SymbolTableNode","kind":"Gdef","node":{".class":"Var","final_value":25,"flags":["is_final","is_ready","is_inferred","has_explicit_value"],"fullname":"_sqlite3.SQLITE_DETACH","name":"SQLITE_DETACH","setter_type":null,"type":{".class":"Instance","args":[],"extra_attrs":null,"last_known_value":{".class":"LiteralType","fallback":"builtins.int","value":25},"type_ref":"builtins.int"}}},"SQLITE_DONE":{".class":"SymbolTableNode","kind":"Gdef","node":{".class":"Var","final_value":101,"flags":["is_final","is_ready","is_inferred","has_explicit_value"],"fullname":"_sqlite3.SQLITE_DONE","name":"SQLITE_DONE","setter_type":null,"type":{".class":"Instance","args":[],"extra_attrs":null,"last_known_value":{".class":"LiteralType","fallback":"builtins.int","value":101},"type_ref":"builtins.int"}}},"SQLITE_DROP_INDEX":{".class":"SymbolTableNode","kind":"Gdef","node":{".class":"Var","final_value":10,"flags":["is_final","is_ready","is_inferred","has_explicit_value"],"fullname":"_sqlite3.SQLITE_DROP_INDEX","name":"SQLITE_DROP_INDEX","setter_type":null,"type":{".class":"Instance","args":[],"extra_attrs":null,"last_known_value":{".class":"LiteralType","fallback":"builtins.int","value":10},"type_ref":"builtins.int"}}},"SQLITE_DROP_TABLE":{".class":"SymbolTableNode","kind":"Gdef","node":{".class":"Var","final_value":11,"flags":["is_final","is_ready","is_inferred","has_explicit_value"],"fullname":"_sqlite3.SQLITE_DROP_TABLE","name":"SQLITE_DROP_TABLE","setter_type":null,"type":{".class":"Instance","args":[],"extra_attrs":null,"last_known_value":{".class":"LiteralType","fallback":"builtins.int","value":11},"type_ref":"builtins.int"}}},"SQLITE_DROP_TEMP_INDEX":{".class":"SymbolTableNode","kind":"Gdef","node":{".class":"Var","final_value":12,"flags":["is_final","is_ready","is_inferred","has_explicit_value"],"fullname":"_sqlite3.SQLITE_DROP_TEMP_INDEX","name":"SQLITE_DROP_TEMP_INDEX","setter_type":null,"type":{".class":"Instance","args":[],"extra_attrs":null,"last_known_value":{".class":"LiteralType","fallback":"builtins.int","value":12},"type_ref":"builtins.int"}}},"SQLITE_DROP_TEMP_TABLE":{".class":"SymbolTableNode","kind":"Gdef","node":{".class":"Var","final_value":13,"flags":["is_final","is_ready","is_inferred","has_explicit_value"],"fullname":"_sqlite3.SQLITE_DROP_TEMP_TABLE","name":"SQLITE_DROP_TEMP_TABLE","setter_type":null,"type":{".class":"Instance","args":[],"extra_attrs":null,"last_known_value":{".class":"LiteralType","fallback":"builtins.int","value":13},"type_ref":"builtins.int"}}},"SQLITE_DROP_TEMP_TRIGGER":{".class":"SymbolTableNode","kind":"Gdef","node":{".class":"Var","final_value":14,"flags":["is_final","is_ready","is_inferred","has_explicit_value"],"fullname":"_sqlite3.SQLITE_DROP_TEMP_TRIGGER","name":"SQLITE_DROP_TEMP_TRIGGER","setter_type":null,"type":{".class":"Instance","args":[],"extra_attrs":null,"last_known_value":{".class":"LiteralType","fallback":"builtins.int","value":14},"type_ref":"builtins.int"}}},"SQLITE_DROP_TEMP_VIEW":{".class":"SymbolTableNode","kind":"Gdef","node":{".class":"Var","final_value":15,"flags":["is_final","is_ready","is_inferred","has_explicit_value"],"fullname":"_sqlite3.SQLITE_DROP_TEMP_VIEW","name":"SQLITE_DROP_TEMP_VIEW","setter_type":null,"type":{".class":"Instance","args":[],"extra_attrs":null,"last_known_value":{".class":"LiteralType","fallback":"builtins.int","value":15},"type_ref":"builtins.int"}}},"SQLITE_DROP_TRIGGER":{".class":"SymbolTableNode","kind":"Gdef","node":{".class":"Var","final_value":16,"flags":["is_final","is_ready","is_inferred","has_explicit_value"],"fullname":"_sqlite3.SQLITE_DROP_TRIGGER","name":"SQLITE_DROP_TRIGGER","setter_type":null,"type":{".class":"Instance","args":[],"extra_attrs":null,"last_known_value":{".class":"LiteralType","fallback":"builtins.int","value":16},"type_ref":"builtins.int"}}},"SQLITE_DROP_VIEW":{".class":"SymbolTableNode","kind":"Gdef","node":{".class":"Var","final_value":17,"flags":["is_final","is_ready","is_inferred","has_explicit_value"],"fullname":"_sqlite3.SQLITE_DROP_VIEW","name":"SQLITE_DROP_VIEW","setter_type":null,"type":{".class":"Instance","args":[],"extra_attrs":null,"last_known_value":{".class":"LiteralType","fallback":"builtins.int","value":17},"type_ref":"builtins.int"}}},"SQLITE_DROP_VTABLE":{".class":"SymbolTableNode","kind":"Gdef","node":{".class":"Var","final_value":30,"flags":["is_final","is_ready","is_inferred","has_explicit_value"],"fullname":"_sqlite3.SQLITE_DROP_VTABLE","name":"SQLITE_DROP_VTABLE","setter_type":null,"type":{".class":"Instance","args":[],"extra_attrs":null,"last_known_value":{".class":"LiteralType","fallback":"builtins.int","value":30},"type_ref":"builtins.int"}}},"SQLITE_EMPTY":{".class":"SymbolTableNode","kind":"Gdef","node":{".class":"Var","final_value":16,"flags":["is_final","is_ready","is_inferred","has_explicit_value"],"fullname":"_sqlite3.SQLITE_EMPTY","name":"SQLITE_EMPTY","setter_type":null,"type":{".class":"Instance","args":[],"extra_attrs":null,"last_known_value":{".class":"LiteralType","fallback":"builtins.int","value":16},"type_ref":"builtins.int"}}},"SQLITE_ERROR":{".class":"SymbolTableNode","kind":"Gdef","node":{".class":"Var","final_value":1,"flags":["is_final","is_ready","is_inferred","has_explicit_value"],"fullname":"_sqlite3.SQLITE_ERROR","name":"SQLITE_ERROR","setter_type":null,"type":{".class":"Instance","args":[],"extra_attrs":null,"last_known_value":{".class":"LiteralType","fallback":"builtins.int","value":1},"type_ref":"builtins.int"}}},"SQLITE_ERROR_MISSING_COLLSEQ":{".class":"SymbolTableNode","kind":"Gdef","node":{".class":"Var","final_value":257,"flags":["is_final","is_ready","is_inferred","has_explicit_value"],"fullname":"_sqlite3.SQLITE_ERROR_MISSING_COLLSEQ","name":"SQLITE_ERROR_MISSING_COLLSEQ","setter_type":null,"type":{".class":"Instance","args":[],"extra_attrs":null,"last_known_value":{".class":"LiteralType","fallback":"builtins.int","value":257},"type_ref":"builtins.int"}}},"SQLITE_ERROR_RETRY":{".class":"SymbolTableNode","kind":"Gdef","node":{".class":"Var","final_value":513,"flags":["is_final","is_ready","is_inferred","has_explicit_value"],"fullname":"_sqlite3.SQLITE_ERROR_RETRY","name":"SQLITE_ERROR_RETRY","setter_type":null,"type":{".class":"Instance","args":[],"extra_attrs":null,"last_known_value":{".class":"LiteralType","fallback":"builtins.int","value":513},"type_ref":"builtins.int"}}},"SQLITE_ERROR_SNAPSHOT":{".class":"SymbolTableNode","kind":"Gdef","node":{".class":"Var","final_value":769,"flags":["is_final","is_ready","is_inferred","has_explicit_value"],"fullname":"_sqlite3.SQLITE_ERROR_SNAPSHOT","name":"SQLITE_ERROR_SNAPSHOT","setter_type":null,"type":{".class":"Instance","args":[],"extra_attrs":null,"last_known_value":{".class":"LiteralType","fallback":"builtins.int","value":769},"type_ref":"builtins.int"}}},"SQLITE_FORMAT":{".class":"SymbolTableNode","kind":"Gdef","node":{".class":"Var","final_value":24,"flags":["is_final","is_ready","is_inferred","has_explicit_value"],"fullname":"_sqlite3.SQLITE_FORMAT","name":"SQLITE_FORMAT","setter_type":null,"type":{".class":"Instance","args":[],"extra_attrs":null,"last_known_value":{".class":"LiteralType","fallback":"builtins.int","value":24},"type_ref":"builtins.int"}}},"SQLITE_FULL":{".class":"SymbolTableNode","kind":"Gdef","node":{".class":"Var","final_value":13,"flags":["is_final","is_ready","is_inferred","has_explicit_value"],"fullname":"_sqlite3.SQLITE_FULL","name":"SQLITE_FULL","setter_type":null,"type":{".class":"Instance","args":[],"extra_attrs":null,"last_known_value":{".class":"LiteralType","fallback":"builtins.int","value":13},"type_ref":"builtins.int"}}},"SQLITE_FUNCTION":{".class":"SymbolTableNode","kind":"Gdef","node":{".class":"Var","final_value":31,"flags":["is_final","is_ready","is_inferred","has_explicit_value"],"fullname":"_sqlite3.SQLITE_FUNCTION","name":"SQLITE_FUNCTION","setter_type":null,"type":{".class":"Instance","args":[],"extra_attrs":null,"last_known_value":{".class":"LiteralType","fallback":"builtins.int","value":31},"type_ref":"builtins.int"}}},"SQLITE_IGNORE":{".class":"SymbolTableNode","kind":"Gdef","node":{".class":"Var","final_value":2,"flags":["is_final","is_ready","is_inferred","has_explicit_value"],"fullname":"_sqlite3.SQLITE_IGNORE","name":"SQLITE_IGNORE","setter_type":null,"type":{".class":"Instance","args":[],"extra_attrs":null,"last_known_value":{".class":"LiteralType","fallback":"builtins.int","value":2},"type_ref":"builtins.int"}}},"SQLITE_INSERT":{".class":"SymbolTableNode","kind":"Gdef","node":{".class":"Var","final_value":18,"flags":["is_final","is_ready","is_inferred","has_explicit_value"],"fullname":"_sqlite3.SQLITE_INSERT","name":"SQLITE_INSERT","setter_type":null,"type":{".class":"Instance","args":[],"extra_attrs":null,"last_known_value":{".class":"LiteralType","fallback":"builtins.int","value":18},"type_ref":"builtins.int"}}},"SQLITE_INTERNAL":{".class":"SymbolTableNode","kind":"Gdef","node":{".class":"Var","final_value":2,"flags":["is_final","is_ready","is_inferred","has_explicit_value"],"fullname":"_sqlite3.SQLITE_INTERNAL","name":"SQLITE_INTERNAL","setter_type":null,"type":{".class":"Instance","args":[],"extra_attrs":null,"last_known_value":{".class":"LiteralType","fallback":"builtins.int","value":2},"type_ref":"builtins.int"}}},"SQLITE_INTERRUPT":{".class":"SymbolTableNode","kind":"Gdef","node":{".class":"Var","final_value":9,"flags":["is_final","is_ready","is_inferred","has_explicit_value"],"fullname":"_sqlite3.SQLITE_INTERRUPT","name":"SQLITE_INTERRUPT","setter_type":null,"type":{".class":"Instance","args":[],"extra_attrs":null,"last_known_value":{".class":"LiteralType","fallback":"builtins.int","value":9},"type_ref":"builtins.int"}}},"SQLITE_IOERR":{".class":"SymbolTableNode","kind":"Gdef","node":{".class":"Var","final_value":10,"flags":["is_final","is_ready","is_inferred","has_explicit_value"],"fullname":"_sqlite3.SQLITE_IOERR","name":"SQLITE_IOERR","setter_type":null,"type":{".class":"Instance","args":[],"extra_attrs":null,"last_known_value":{".class":"LiteralType","fallback":"builtins.int","value":10},"type_ref":"builtins.int"}}},"SQLITE_IOERR_ACCESS":{".class":"SymbolTableNode","kind":"Gdef","node":{".class":"Var","final_value":3338,"flags":["is_final","is_ready","is_inferred","has_explicit_value"],"fullname":"_sqlite3.SQLITE_IOERR_ACCESS","name":"SQLITE_IOERR_ACCESS","setter_type":null,"type":{".class":"Instance","args":[],"extra_attrs":null,"last_known_value":{".class":"LiteralType","fallback":"builtins.int","value":3338},"type_ref":"builtins.int"}}},"SQLITE_IOERR_AUTH":{".class":"SymbolTableNode","kind":"Gdef","node":{".class":"Var","final_value":7178,"flags":["is_final","is_ready","is_inferred","has_explicit_value"],"fullname":"_sqlite3.SQLITE_IOERR_AUTH","name":"SQLITE_IOERR_AUTH","setter_type":null,"type":{".class":"Instance","args":[],"extra_attrs":null,"last_known_value":{".class":"LiteralType","fallback":"builtins.int","value":7178},"type_ref":"builtins.int"}}},"SQLITE_IOERR_BEGIN_ATOMIC":{".class":"SymbolTableNode","kind":"Gdef","node":{".class":"Var","final_value":7434,"flags":["is_final","is_ready","is_inferred","has_explicit_value"],"fullname":"_sqlite3.SQLITE_IOERR_BEGIN_ATOMIC","name":"SQLITE_IOERR_BEGIN_ATOMIC","setter_type":null,"type":{".class":"Instance","args":[],"extra_attrs":null,"last_known_value":{".class":"LiteralType","fallback":"builtins.int","value":7434},"type_ref":"builtins.int"}}},"SQLITE_IOERR_BLOCKED":{".class":"SymbolTableNode","kind":"Gdef","node":{".class":"Var","final_value":2826,"flags":["is_final","is_ready","is_inferred","has_explicit_value"],"fullname":"_sqlite3.SQLITE_IOERR_BLOCKED","name":"SQLITE_IOERR_BLOCKED","setter_type":null,"type":{".class":"Instance","args":[],"extra_attrs":null,"last_known_value":{".class":"LiteralType","fallback":"builtins.int","value":2826},"type_ref":"builtins.int"}}},"SQLITE_IOERR_CHECKRESERVEDLOCK":{".class":"SymbolTableNode","kind":"Gdef","node":{".class":"Var","final_value":3594,"flags":["is_final","is_ready","is_inferred","has_explicit_value"],"fullname":"_sqlite3.SQLITE_IOERR_CHECKRESERVEDLOCK","name":"SQLITE_IOERR_CHECKRESERVEDLOCK","setter_type":null,"type":{".class":"Instance","args":[],"extra_attrs":null,"last_known_value":{".class":"LiteralType","fallback":"builtins.int","value":3594},"type_ref":"builtins.int"}}},"SQLITE_IOERR_CLOSE":{".class":"SymbolTableNode","kind":"Gdef","node":{".class":"Var","final_value":4106,"flags":["is_final","is_ready","is_inferred","has_explicit_value"],"fullname":"_sqlite3.SQLITE_IOERR_CLOSE","name":"SQLITE_IOERR_CLOSE","setter_type":null,"type":{".class":"Instance","args":[],"extra_attrs":null,"last_known_value":{".class":"LiteralType","fallback":"builtins.int","value":4106},"type_ref":"builtins.int"}}},"SQLITE_IOERR_COMMIT_ATOMIC":{".class":"SymbolTableNode","kind":"Gdef","node":{".class":"Var","final_value":7690,"flags":["is_final","is_ready","is_inferred","has_explicit_value"],"fullname":"_sqlite3.SQLITE_IOERR_COMMIT_ATOMIC","name":"SQLITE_IOERR_COMMIT_ATOMIC","setter_type":null,"type":{".class":"Instance","args":[],"extra_attrs":null,"last_known_value":{".class":"LiteralType","fallback":"builtins.int","value":7690},"type_ref":"builtins.int"}}},"SQLITE_IOERR_CONVPATH":{".class":"SymbolTableNode","kind":"Gdef","node":{".class":"Var","final_value":6666,"flags":["is_final","is_ready","is_inferred","has_explicit_value"],"fullname":"_sqlite3.SQLITE_IOERR_CONVPATH","name":"SQLITE_IOERR_CONVPATH","setter_type":null,"type":{".class":"Instance","args":[],"extra_attrs":null,"last_known_value":{".class":"LiteralType","fallback":"builtins.int","value":6666},"type_ref":"builtins.int"}}},"SQLITE_IOERR_CORRUPTFS":{".class":"SymbolTableNode","kind":"Gdef","node":{".class":"Var","final_value":8458,"flags":["is_final","is_ready","is_inferred","has_explicit_value"],"fullname":"_sqlite3.SQLITE_IOERR_CORRUPTFS","name":"SQLITE_IOERR_CORRUPTFS","setter_type":null,"type":{".class":"Instance","args":[],"extra_attrs":null,"last_known_value":{".class":"LiteralType","fallback":"builtins.int","value":8458},"type_ref":"builtins.int"}}},"SQLITE_IOERR_DATA":{".class":"SymbolTableNode","kind":"Gdef","node":{".class":"Var","final_value":8202,"flags":["is_final","is_ready","is_inferred","has_explicit_value"],"fullname":"_sqlite3.SQLITE_IOERR_DATA","name":"SQLITE_IOERR_DATA","setter_type":null,"type":{".class":"Instance","args":[],"extra_attrs":null,"last_known_value":{".class":"LiteralType","fallback":"builtins.int","value":8202},"type_ref":"builtins.int"}}},"SQLITE_IOERR_DELETE":{".class":"SymbolTableNode","kind":"Gdef","node":{".class":"Var","final_value":2570,"flags":["is_final","is_ready","is_inferred","has_explicit_value"],"fullname":"_sqlite3.SQLITE_IOERR_DELETE","name":"SQLITE_IOERR_DELETE","setter_type":null,"type":{".class":"Instance","args":[],"extra_attrs":null,"last_known_value":{".class":"LiteralType","fallback":"builtins.int","value":2570},"type_ref":"builtins.int"}}},"SQLITE_IOERR_DELETE_NOENT":{".class":"SymbolTableNode","kind":"Gdef","node":{".class":"Var","final_value":5898,"flags":["is_final","is_ready","is_inferred","has_explicit_value"],"fullname":"_sqlite3.SQLITE_IOERR_DELETE_NOENT","name":"SQLITE_IOERR_DELETE_NOENT","setter_type":null,"type":{".class":"Instance","args":[],"extra_attrs":null,"last_known_value":{".class":"LiteralType","fallback":"builtins.int","value":5898},"type_ref":"builtins.int"}}},"SQLITE_IOERR_DIR_CLOSE":{".class":"SymbolTableNode","kind":"Gdef","node":{".class":"Var","final_value":4362,"flags":["is_final","is_ready","is_inferred","has_explicit_value"],"fullname":"_sqlite3.SQLITE_IOERR_DIR_CLOSE","name":"SQLITE_IOERR_DIR_CLOSE","setter_type":null,"type":{".class":"Instance","args":[],"extra_attrs":null,"last_known_value":{".class":"LiteralType","fallback":"builtins.int","value":4362},"type_ref":"builtins.int"}}},"SQLITE_IOERR_DIR_FSYNC":{".class":"SymbolTableNode","kind":"Gdef","node":{".class":"Var","final_value":1290,"flags":["is_final","is_ready","is_inferred","has_explicit_value"],"fullname":"_sqlite3.SQLITE_IOERR_DIR_FSYNC","name":"SQLITE_IOERR_DIR_FSYNC","setter_type":null,"type":{".class":"Instance","args":[],"extra_attrs":null,"last_known_value":{".class":"LiteralType","fallback":"builtins.int","value":1290},"type_ref":"builtins.int"}}},"SQLITE_IOERR_FSTAT":{".class":"SymbolTableNode","kind":"Gdef","node":{".class":"Var","final_value":1802,"flags":["is_final","is_ready","is_inferred","has_explicit_value"],"fullname":"_sqlite3.SQLITE_IOERR_FSTAT","name":"SQLITE_IOERR_FSTAT","setter_type":null,"type":{".class":"Instance","args":[],"extra_attrs":null,"last_known_value":{".class":"LiteralType","fallback":"builtins.int","value":1802},"type_ref":"builtins.int"}}},"SQLITE_IOERR_FSYNC":{".class":"SymbolTableNode","kind":"Gdef","node":{".class":"Var","final_value":1034,"flags":["is_final","is_ready","is_inferred","has_explicit_value"],"fullname":"_sqlite3.SQLITE_IOERR_FSYNC","name":"SQLITE_IOERR_FSYNC","setter_type":null,"type":{".class":"Instance","args":[],"extra_attrs":null,"last_known_value":{".class":"LiteralType","fallback":"builtins.int","value":1034},"type_ref":"builtins.int"}}},"SQLITE_IOERR_GETTEMPPATH":{".class":"SymbolTableNode","kind":"Gdef","node":{".class":"Var","final_value":6410,"flags":["is_final","is_ready","is_inferred","has_explicit_value"],"fullname":"_sqlite3.SQLITE_IOERR_GETTEMPPATH","name":"SQLITE_IOERR_GETTEMPPATH","setter_type":null,"type":{".class":"Instance","args":[],"extra_attrs":null,"last_known_value":{".class":"LiteralType","fallback":"builtins.int","value":6410},"type_ref":"builtins.int"}}},"SQLITE_IOERR_LOCK":{".class":"SymbolTableNode","kind":"Gdef","node":{".class":"Var","final_value":3850,"flags":["is_final","is_ready","is_inferred","has_explicit_value"],"fullname":"_sqlite3.SQLITE_IOERR_LOCK","name":"SQLITE_IOERR_LOCK","setter_type":null,"type":{".class":"Instance","args":[],"extra_attrs":null,"last_known_value":{".class":"LiteralType","fallback":"builtins.int","value":3850},"type_ref":"builtins.int"}}},"SQLITE_IOERR_MMAP":{".class":"SymbolTableNode","kind":"Gdef","node":{".class":"Var","final_value":6154,"flags":["is_final","is_ready","is_inferred","has_explicit_value"],"fullname":"_sqlite3.SQLITE_IOERR_MMAP","name":"SQLITE_IOERR_MMAP","setter_type":null,"type":{".class":"Instance","args":[],"extra_attrs":null,"last_known_value":{".class":"LiteralType","fallback":"builtins.int","value":6154},"type_ref":"builtins.int"}}},"SQLITE_IOERR_NOMEM":{".class":"SymbolTableNode","kind":"Gdef","node":{".class":"Var","final_value":3082,"flags":["is_final","is_ready","is_inferred","has_explicit_value"],"fullname":"_sqlite3.SQLITE_IOERR_NOMEM","name":"SQLITE_IOERR_NOMEM","setter_type":null,"type":{".class":"Instance","args":[],"extra_attrs":null,"last_known_value":{".class":"LiteralType","fallback":"builtins.int","value":3082},"type_ref":"builtins.int"}}},"SQLITE_IOERR_RDLOCK":{".class":"SymbolTableNode","kind":"Gdef","node":{".class":"Var","final_value":2314,"flags":["is_final","is_ready","is_inferred","has_explicit_value"],"fullname":"_sqlite3.SQLITE_IOERR_RDLOCK","name":"SQLITE_IOERR_RDLOCK","setter_type":null,"type":{".class":"Instance","args":[],"extra_attrs":null,"last_known_value":{".class":"LiteralType","fallback":"builtins.int","value":2314},"type_ref":"builtins.int"}}},"SQLITE_IOERR_READ":{".class":"SymbolTableNode","kind":"Gdef","node":{".class":"Var","final_value":266,"flags":["is_final","is_ready","is_inferred","has_explicit_value"],"fullname":"_sqlite3.SQLITE_IOERR_READ","name":"SQLITE_IOERR_READ","setter_type":null,"type":{".class":"Instance","args":[],"extra_attrs":null,"last_known_value":{".class":"LiteralType","fallback":"builtins.int","value":266},"type_ref":"builtins.int"}}},"SQLITE_IOERR_ROLLBACK_ATOMIC":{".class":"SymbolTableNode","kind":"Gdef","node":{".class":"Var","final_value":7946,"flags":["is_final","is_ready","is_inferred","has_explicit_value"],"fullname":"_sqlite3.SQLITE_IOERR_ROLLBACK_ATOMIC","name":"SQLITE_IOERR_ROLLBACK_ATOMIC","setter_type":null,"type":{".class":"Instance","args":[],"extra_attrs":null,"last_known_value":{".class":"LiteralType","fallback":"builtins.int","value":7946},"type_ref":"builtins.int"}}},"SQLITE_IOERR_SEEK":{".class":"SymbolTableNode","kind":"Gdef","node":{".class":"Var","final_value":5642,"flags":["is_final","is_ready","is_inferred","has_explicit_value"],"fullname":"_sqlite3.SQLITE_IOERR_SEEK","name":"SQLITE_IOERR_SEEK","setter_type":null,"type":{".class":"Instance","args":[],"extra_attrs":null,"last_known_value":{".class":"LiteralType","fallback":"builtins.int","value":5642},"type_ref":"builtins.int"}}},"SQLITE_IOERR_SHMLOCK":{".class":"SymbolTableNode","kind":"Gdef","node":{".class":"Var","final_value":5130,"flags":["is_final","is_ready","is_inferred","has_explicit_value"],"fullname":"_sqlite3.SQLITE_IOERR_SHMLOCK","name":"SQLITE_IOERR_SHMLOCK","setter_type":null,"type":{".class":"Instance","args":[],"extra_attrs":null,"last_known_value":{".class":"LiteralType","fallback":"builtins.int","value":5130},"type_ref":"builtins.int"}}},"SQLITE_IOERR_SHMMAP":{".class":"SymbolTableNode","kind":"Gdef","node":{".class":"Var","final_value":5386,"flags":["is_final","is_ready","is_inferred","has_explicit_value"],"fullname":"_sqlite3.SQLITE_IOERR_SHMMAP","name":"SQLITE_IOERR_SHMMAP","setter_type":null,"type":{".class":"Instance","args":[],"extra_attrs":null,"last_known_value":{".class":"LiteralType","fallback":"builtins.int","value":5386},"type_ref":"builtins.int"}}},"SQLITE_IOERR_SHMOPEN":{".class":"SymbolTableNode","kind":"Gdef","node":{".class":"Var","final_value":4618,"flags":["is_final","is_ready","is_inferred","has_explicit_value"],"fullname":"_sqlite3.SQLITE_IOERR_SHMOPEN","name":"SQLITE_IOERR_SHMOPEN","setter_type":null,"type":{".class":"Instance","args":[],"extra_attrs":null,"last_known_value":{".class":"LiteralType","fallback":"builtins.int","value":4618},"type_ref":"builtins.int"}}},"SQLITE_IOERR_SHMSIZE":{".class":"SymbolTableNode","kind":"Gdef","node":{".class":"Var","final_value":4874,"flags":["is_final","is_ready","is_inferred","has_explicit_value"],"fullname":"_sqlite3.SQLITE_IOERR_SHMSIZE","name":"SQLITE_IOERR_SHMSIZE","setter_type":null,"type":{".class":"Instance","args":[],"extra_attrs":null,"last_known_value":{".class":"LiteralType","fallback":"builtins.int","value":4874},"type_ref":"builtins.int"}}},"SQLITE_IOERR_SHORT_READ":{".class":"SymbolTableNode","kind":"Gdef","node":{".class":"Var","final_value":522,"flags":["is_final","is_ready","is_inferred","has_explicit_value"],"fullname":"_sqlite3.SQLITE_IOERR_SHORT_READ","name":"SQLITE_IOERR_SHORT_READ","setter_type":null,"type":{".class":"Instance","args":[],"extra_attrs":null,"last_known_value":{".class":"LiteralType","fallback":"builtins.int","value":522},"type_ref":"builtins.int"}}},"SQLITE_IOERR_TRUNCATE":{".class":"SymbolTableNode","kind":"Gdef","node":{".class":"Var","final_value":1546,"flags":["is_final","is_ready","is_inferred","has_explicit_value"],"fullname":"_sqlite3.SQLITE_IOERR_TRUNCATE","name":"SQLITE_IOERR_TRUNCATE","setter_type":null,"type":{".class":"Instance","args":[],"extra_attrs":null,"last_known_value":{".class":"LiteralType","fallback":"builtins.int","value":1546},"type_ref":"builtins.int"}}},"SQLITE_IOERR_UNLOCK":{".class":"SymbolTableNode","kind":"Gdef","node":{".class":"Var","final_value":2058,"flags":["is_final","is_ready","is_inferred","has_explicit_value"],"fullname":"_sqlite3.SQLITE_IOERR_UNLOCK","name":"SQLITE_IOERR_UNLOCK","setter_type":null,"type":{".class":"Instance","args":[],"extra_attrs":null,"last_known_value":{".class":"LiteralType","fallback":"builtins.int","value":2058},"type_ref":"builtins.int"}}},"SQLITE_IOERR_VNODE":{".class":"SymbolTableNode","kind":"Gdef","node":{".class":"Var","final_value":6922,"flags":["is_final","is_ready","is_inferred","has_explicit_value"],"fullname":"_sqlite3.SQLITE_IOERR_VNODE","name":"SQLITE_IOERR_VNODE","setter_type":null,"type":{".class":"Instance","args":[],"extra_attrs":null,"last_known_value":{".class":"LiteralType","fallback":"builtins.int","value":6922},"type_ref":"builtins.int"}}},"SQLITE_IOERR_WRITE":{".class":"SymbolTableNode","kind":"Gdef","node":{".class":"Var","final_value":778,"flags":["is_final","is_ready","is_inferred","has_explicit_value"],"fullname":"_sqlite3.SQLITE_IOERR_WRITE","name":"SQLITE_IOERR_WRITE","setter_type":null,"type":{".class":"Instance","args":[],"extra_attrs":null,"last_known_value":{".class":"LiteralType","fallback":"builtins.int","value":778},"type_ref":"builtins.int"}}},"SQLITE_LIMIT_ATTACHED":{".class":"SymbolTableNode","kind":"Gdef","node":{".class":"Var","final_value":7,"flags":["is_final","is_ready","is_inferred","has_explicit_value"],"fullname":"_sqlite3.SQLITE_LIMIT_ATTACHED","name":"SQLITE_LIMIT_ATTACHED","setter_type":null,"type":{".class":"Instance","args":[],"extra_attrs":null,"last_known_value":{".class":"LiteralType","fallback":"builtins.int","value":7},"type_ref":"builtins.int"}}},"SQLITE_LIMIT_COLUMN":{".class":"SymbolTableNode","kind":"Gdef","node":{".class":"Var","final_value":22,"flags":["is_final","is_ready","is_inferred","has_explicit_value"],"fullname":"_sqlite3.SQLITE_LIMIT_COLUMN","name":"SQLITE_LIMIT_COLUMN","setter_type":null,"type":{".class":"Instance","args":[],"extra_attrs":null,"last_known_value":{".class":"LiteralType","fallback":"builtins.int","value":22},"type_ref":"builtins.int"}}},"SQLITE_LIMIT_COMPOUND_SELECT":{".class":"SymbolTableNode","kind":"Gdef","node":{".class":"Var","final_value":4,"flags":["is_final","is_ready","is_inferred","has_explicit_value"],"fullname":"_sqlite3.SQLITE_LIMIT_COMPOUND_SELECT","name":"SQLITE_LIMIT_COMPOUND_SELECT","setter_type":null,"type":{".class":"Instance","args":[],"extra_attrs":null,"last_known_value":{".class":"LiteralType","fallback":"builtins.int","value":4},"type_ref":"builtins.int"}}},"SQLITE_LIMIT_EXPR_DEPTH":{".class":"SymbolTableNode","kind":"Gdef","node":{".class":"Var","final_value":3,"flags":["is_final","is_ready","is_inferred","has_explicit_value"],"fullname":"_sqlite3.SQLITE_LIMIT_EXPR_DEPTH","name":"SQLITE_LIMIT_EXPR_DEPTH","setter_type":null,"type":{".class":"Instance","args":[],"extra_attrs":null,"last_known_value":{".class":"LiteralType","fallback":"builtins.int","value":3},"type_ref":"builtins.int"}}},"SQLITE_LIMIT_FUNCTION_ARG":{".class":"SymbolTableNode","kind":"Gdef","node":{".class":"Var","final_value":6,"flags":["is_final","is_ready","is_inferred","has_explicit_value"],"fullname":"_sqlite3.SQLITE_LIMIT_FUNCTION_ARG","name":"SQLITE_LIMIT_FUNCTION_ARG","setter_type":null,"type":{".class":"Instance","args":[],"extra_attrs":null,"last_known_value":{".class":"LiteralType","fallback":"builtins.int","value":6},"type_ref":"builtins.int"}}},"SQLITE_LIMIT_LENGTH":{".class":"SymbolTableNode","kind":"Gdef","node":{".class":"Var","final_value":0,"flags":["is_final","is_ready","is_inferred","has_explicit_value"],"fullname":"_sqlite3.SQLITE_LIMIT_LENGTH","name":"SQLITE_LIMIT_LENGTH","setter_type":null,"type":{".class":"Instance","args":[],"extra_attrs":null,"last_known_value":{".class":"LiteralType","fallback":"builtins.int","value":0},"type_ref":"builtins.int"}}},"SQLITE_LIMIT_LIKE_PATTERN_LENGTH":{".class":"SymbolTableNode","kind":"Gdef","node":{".class":"Var","final_value":8,"flags":["is_final","is_ready","is_inferred","has_explicit_value"],"fullname":"_sqlite3.SQLITE_LIMIT_LIKE_PATTERN_LENGTH","name":"SQLITE_LIMIT_LIKE_PATTERN_LENGTH","setter_type":null,"type":{".class":"Instance","args":[],"extra_attrs":null,"last_known_value":{".class":"LiteralType","fallback":"builtins.int","value":8},"type_ref":"builtins.int"}}},"SQLITE_LIMIT_SQL_LENGTH":{".class":"SymbolTableNode","kind":"Gdef","node":{".class":"Var","final_value":1,"flags":["is_final","is_ready","is_inferred","has_explicit_value"],"fullname":"_sqlite3.SQLITE_LIMIT_SQL_LENGTH","name":"SQLITE_LIMIT_SQL_LENGTH","setter_type":null,"type":{".class":"Instance","args":[],"extra_attrs":null,"last_known_value":{".class":"LiteralType","fallback":"builtins.int","value":1},"type_ref":"builtins.int"}}},"SQLITE_LIMIT_TRIGGER_DEPTH":{".class":"SymbolTableNode","kind":"Gdef","node":{".class":"Var","final_value":10,"flags":["is_final","is_ready","is_inferred","has_explicit_value"],"fullname":"_sqlite3.SQLITE_LIMIT_TRIGGER_DEPTH","name":"SQLITE_LIMIT_TRIGGER_DEPTH","setter_type":null,"type":{".class":"Instance","args":[],"extra_attrs":null,"last_known_value":{".class":"LiteralType","fallback":"builtins.int","value":10},"type_ref":"builtins.int"}}},"SQLITE_LIMIT_VARIABLE_NUMBER":{".class":"SymbolTableNode","kind":"Gdef","node":{".class":"Var","final_value":9,"flags":["is_final","is_ready","is_inferred","has_explicit_value"],"fullname":"_sqlite3.SQLITE_LIMIT_VARIABLE_NUMBER","name":"SQLITE_LIMIT_VARIABLE_NUMBER","setter_type":null,"type":{".class":"Instance","args":[],"extra_attrs":null,"last_known_value":{".class":"LiteralType","fallback":"builtins.int","value":9},"type_ref":"builtins.int"}}},"SQLITE_LIMIT_VDBE_OP":{".class":"SymbolTableNode","kind":"Gdef","node":{".class":"Var","final_value":5,"flags":["is_final","is_ready","is_inferred","has_explicit_value"],"fullname":"_sqlite3.SQLITE_LIMIT_VDBE_OP","name":"SQLITE_LIMIT_VDBE_OP","setter_type":null,"type":{".class":"Instance","args":[],"extra_attrs":null,"last_known_value":{".class":"LiteralType","fallback":"builtins.int","value":5},"type_ref":"builtins.int"}}},"SQLITE_LIMIT_WORKER_THREADS":{".class":"SymbolTableNode","kind":"Gdef","node":{".class":"Var","final_value":11,"flags":["is_final","is_ready","is_inferred","has_explicit_value"],"fullname":"_sqlite3.SQLITE_LIMIT_WORKER_THREADS","name":"SQLITE_LIMIT_WORKER_THREADS","setter_type":null,"type":{".class":"Instance","args":[],"extra_attrs":null,"last_known_value":{".class":"LiteralType","fallback":"builtins.int","value":11},"type_ref":"builtins.int"}}},"SQLITE_LOCKED":{".class":"SymbolTableNode","kind":"Gdef","node":{".class":"Var","final_value":6,"flags":["is_final","is_ready","is_inferred","has_explicit_value"],"fullname":"_sqlite3.SQLITE_LOCKED","name":"SQLITE_LOCKED","setter_type":null,"type":{".class":"Instance","args":[],"extra_attrs":null,"last_known_value":{".class":"LiteralType","fallback":"builtins.int","value":6},"type_ref":"builtins.int"}}},"SQLITE_LOCKED_SHAREDCACHE":{".class":"SymbolTableNode","kind":"Gdef","node":{".class":"Var","final_value":262,"flags":["is_final","is_ready","is_inferred","has_explicit_value"],"fullname":"_sqlite3.SQLITE_LOCKED_SHAREDCACHE","name":"SQLITE_LOCKED_SHAREDCACHE","setter_type":null,"type":{".class":"Instance","args":[],"extra_attrs":null,"last_known_value":{".class":"LiteralType","fallback":"builtins.int","value":262},"type_ref":"builtins.int"}}},"SQLITE_LOCKED_VTAB":{".class":"SymbolTableNode","kind":"Gdef","node":{".class":"Var","final_value":518,"flags":["is_final","is_ready","is_inferred","has_explicit_value"],"fullname":"_sqlite3.SQLITE_LOCKED_VTAB","name":"SQLITE_LOCKED_VTAB","setter_type":null,"type":{".class":"Instance","args":[],"extra_attrs":null,"last_known_value":{".class":"LiteralType","fallback":"builtins.int","value":518},"type_ref":"builtins.int"}}},"SQLITE_MISMATCH":{".class":"SymbolTableNode","kind":"Gdef","node":{".class":"Var","final_value":20,"flags":["is_final","is_ready","is_inferred","has_explicit_value"],"fullname":"_sqlite3.SQLITE_MISMATCH","name":"SQLITE_MISMATCH","setter_type":null,"type":{".class":"Instance","args":[],"extra_attrs":null,"last_known_value":{".class":"LiteralType","fallback":"builtins.int","value":20},"type_ref":"builtins.int"}}},"SQLITE_MISUSE":{".class":"SymbolTableNode","kind":"Gdef","node":{".class":"Var","final_value":21,"flags":["is_final","is_ready","is_inferred","has_explicit_value"],"fullname":"_sqlite3.SQLITE_MISUSE","name":"SQLITE_MISUSE","setter_type":null,"type":{".class":"Instance","args":[],"extra_attrs":null,"last_known_value":{".class":"LiteralType","fallback":"builtins.int","value":21},"type_ref":"builtins.int"}}},"SQLITE_NOLFS":{".class":"SymbolTableNode","kind":"Gdef","node":{".class":"Var","final_value":22,"flags":["is_final","is_ready","is_inferred","has_explicit_value"],"fullname":"_sqlite3.SQLITE_NOLFS","name":"SQLITE_NOLFS","setter_type":null,"type":{".class":"Instance","args":[],"extra_attrs":null,"last_known_value":{".class":"LiteralType","fallback":"builtins.int","value":22},"type_ref":"builtins.int"}}},"SQLITE_NOMEM":{".class":"SymbolTableNode","kind":"Gdef","node":{".class":"Var","final_value":7,"flags":["is_final","is_ready","is_inferred","has_explicit_value"],"fullname":"_sqlite3.SQLITE_NOMEM","name":"SQLITE_NOMEM","setter_type":null,"type":{".class":"Instance","args":[],"extra_attrs":null,"last_known_value":{".class":"LiteralType","fallback":"builtins.int","value":7},"type_ref":"builtins.int"}}},"SQLITE_NOTADB":{".class":"SymbolTableNode","kind":"Gdef","node":{".class":"Var","final_value":26,"flags":["is_final","is_ready","is_inferred","has_explicit_value"],"fullname":"_sqlite3.SQLITE_NOTADB","name":"SQLITE_NOTADB","setter_type":null,"type":{".class":"Instance","args":[],"extra_attrs":null,"last_known_value":{".class":"LiteralType","fallback":"builtins.int","value":26},"type_ref":"builtins.int"}}},"SQLITE_NOTFOUND":{".class":"SymbolTableNode","kind":"Gdef","node":{".class":"Var","final_value":12,"flags":["is_final","is_ready","is_inferred","has_explicit_value"],"fullname":"_sqlite3.SQLITE_NOTFOUND","name":"SQLITE_NOTFOUND","setter_type":null,"type":{".class":"Instance","args":[],"extra_attrs":null,"last_known_value":{".class":"LiteralType","fallback":"builtins.int","value":12},"type_ref":"builtins.int"}}},"SQLITE_NOTICE":{".class":"SymbolTableNode","kind":"Gdef","node":{".class":"Var","final_value":27,"flags":["is_final","is_ready","is_inferred","has_explicit_value"],"fullname":"_sqlite3.SQLITE_NOTICE","name":"SQLITE_NOTICE","setter_type":null,"type":{".class":"Instance","args":[],"extra_attrs":null,"last_known_value":{".class":"LiteralType","fallback":"builtins.int","value":27},"type_ref":"builtins.int"}}},"SQLITE_NOTICE_RECOVER_ROLLBACK":{".class":"SymbolTableNode","kind":"Gdef","node":{".class":"Var","final_value":539,"flags":["is_final","is_ready","is_inferred","has_explicit_value"],"fullname":"_sqlite3.SQLITE_NOTICE_RECOVER_ROLLBACK","name":"SQLITE_NOTICE_RECOVER_ROLLBACK","setter_type":null,"type":{".class":"Instance","args":[],"extra_attrs":null,"last_known_value":{".class":"LiteralType","fallback":"builtins.int","value":539},"type_ref":"builtins.int"}}},"SQLITE_NOTICE_RECOVER_WAL":{".class":"SymbolTableNode","kind":"Gdef","node":{".class":"Var","final_value":283,"flags":["is_final","is_ready","is_inferred","has_explicit_value"],"fullname":"_sqlite3.SQLITE_NOTICE_RECOVER_WAL","name":"SQLITE_NOTICE_RECOVER_WAL","setter_type":null,"type":{".class":"Instance","args":[],"extra_attrs":null,"last_known_value":{".class":"LiteralType","fallback":"builtins.int","value":283},"type_ref":"builtins.int"}}},"SQLITE_OK":{".class":"SymbolTableNode","kind":"Gdef","node":{".class":"Var","final_value":0,"flags":["is_final","is_ready","is_inferred","has_explicit_value"],"fullname":"_sqlite3.SQLITE_OK","name":"SQLITE_OK","setter_type":null,"type":{".class":"Instance","args":[],"extra_attrs":null,"last_known_value":{".class":"LiteralType","fallback":"builtins.int","value":0},"type_ref":"builtins.int"}}},"SQLITE_OK_LOAD_PERMANENTLY":{".class":"SymbolTableNode","kind":"Gdef","node":{".class":"Var","final_value":256,"flags":["is_final","is_ready","is_inferred","has_explicit_value"],"fullname":"_sqlite3.SQLITE_OK_LOAD_PERMANENTLY","name":"SQLITE_OK_LOAD_PERMANENTLY","setter_type":null,"type":{".class":"Instance","args":[],"extra_attrs":null,"last_known_value":{".class":"LiteralType","fallback":"builtins.int","value":256},"type_ref":"builtins.int"}}},"SQLITE_OK_SYMLINK":{".class":"SymbolTableNode","kind":"Gdef","node":{".class":"Var","final_value":512,"flags":["is_final","is_ready","is_inferred","has_explicit_value"],"fullname":"_sqlite3.SQLITE_OK_SYMLINK","name":"SQLITE_OK_SYMLINK","setter_type":null,"type":{".class":"Instance","args":[],"extra_attrs":null,"last_known_value":{".class":"LiteralType","fallback":"builtins.int","value":512},"type_ref":"builtins.int"}}},"SQLITE_PERM":{".class":"SymbolTableNode","kind":"Gdef","node":{".class":"Var","final_value":3,"flags":["is_final","is_ready","is_inferred","has_explicit_value"],"fullname":"_sqlite3.SQLITE_PERM","name":"SQLITE_PERM","setter_type":null,"type":{".class":"Instance","args":[],"extra_attrs":null,"last_known_value":{".class":"LiteralType","fallback":"builtins.int","value":3},"type_ref":"builtins.int"}}},"SQLITE_PRAGMA":{".class":"SymbolTableNode","kind":"Gdef","node":{".class":"Var","final_value":19,"flags":["is_final","is_ready","is_inferred","has_explicit_value"],"fullname":"_sqlite3.SQLITE_PRAGMA","name":"SQLITE_PRAGMA","setter_type":null,"type":{".class":"Instance","args":[],"extra_attrs":null,"last_known_value":{".class":"LiteralType","fallback":"builtins.int","value":19},"type_ref":"builtins.int"}}},"SQLITE_PROTOCOL":{".class":"SymbolTableNode","kind":"Gdef","node":{".class":"Var","final_value":15,"flags":["is_final","is_ready","is_inferred","has_explicit_value"],"fullname":"_sqlite3.SQLITE_PROTOCOL","name":"SQLITE_PROTOCOL","setter_type":null,"type":{".class":"Instance","args":[],"extra_attrs":null,"last_known_value":{".class":"LiteralType","fallback":"builtins.int","value":15},"type_ref":"builtins.int"}}},"SQLITE_RANGE":{".class":"SymbolTableNode","kind":"Gdef","node":{".class":"Var","final_value":25,"flags":["is_final","is_ready","is_inferred","has_explicit_value"],"fullname":"_sqlite3.SQLITE_RANGE","name":"SQLITE_RANGE","setter_type":null,"type":{".class":"Instance","args":[],"extra_attrs":null,"last_known_value":{".class":"LiteralType","fallback":"builtins.int","value":25},"type_ref":"builtins.int"}}},"SQLITE_READ":{".class":"SymbolTableNode","kind":"Gdef","node":{".class":"Var","final_value":20,"flags":["is_final","is_ready","is_inferred","has_explicit_value"],"fullname":"_sqlite3.SQLITE_READ","name":"SQLITE_READ","setter_type":null,"type":{".class":"Instance","args":[],"extra_attrs":null,"last_known_value":{".class":"LiteralType","fallback":"builtins.int","value":20},"type_ref":"builtins.int"}}},"SQLITE_READONLY":{".class":"SymbolTableNode","kind":"Gdef","node":{".class":"Var","final_value":8,"flags":["is_final","is_ready","is_inferred","has_explicit_value"],"fullname":"_sqlite3.SQLITE_READONLY","name":"SQLITE_READONLY","setter_type":null,"type":{".class":"Instance","args":[],"extra_attrs":null,"last_known_value":{".class":"LiteralType","fallback":"builtins.int","value":8},"type_ref":"builtins.int"}}},"SQLITE_READONLY_CANTINIT":{".class":"SymbolTableNode","kind":"Gdef","node":{".class":"Var","final_value":1288,"flags":["is_final","is_ready","is_inferred","has_explicit_value"],"fullname":"_sqlite3.SQLITE_READONLY_CANTINIT","name":"SQLITE_READONLY_CANTINIT","setter_type":null,"type":{".class":"Instance","args":[],"extra_attrs":null,"last_known_value":{".class":"LiteralType","fallback":"builtins.int","value":1288},"type_ref":"builtins.int"}}},"SQLITE_READONLY_CANTLOCK":{".class":"SymbolTableNode","kind":"Gdef","node":{".class":"Var","final_value":520,"flags":["is_final","is_ready","is_inferred","has_explicit_value"],"fullname":"_sqlite3.SQLITE_READONLY_CANTLOCK","name":"SQLITE_READONLY_CANTLOCK","setter_type":null,"type":{".class":"Instance","args":[],"extra_attrs":null,"last_known_value":{".class":"LiteralType","fallback":"builtins.int","value":520},"type_ref":"builtins.int"}}},"SQLITE_READONLY_DBMOVED":{".class":"SymbolTableNode","kind":"Gdef","node":{".class":"Var","final_value":1032,"flags":["is_final","is_ready","is_inferred","has_explicit_value"],"fullname":"_sqlite3.SQLITE_READONLY_DBMOVED","name":"SQLITE_READONLY_DBMOVED","setter_type":null,"type":{".class":"Instance","args":[],"extra_attrs":null,"last_known_value":{".class":"LiteralType","fallback":"builtins.int","value":1032},"type_ref":"builtins.int"}}},"SQLITE_READONLY_DIRECTORY":{".class":"SymbolTableNode","kind":"Gdef","node":{".class":"Var","final_value":1544,"flags":["is_final","is_ready","is_inferred","has_explicit_value"],"fullname":"_sqlite3.SQLITE_READONLY_DIRECTORY","name":"SQLITE_READONLY_DIRECTORY","setter_type":null,"type":{".class":"Instance","args":[],"extra_attrs":null,"last_known_value":{".class":"LiteralType","fallback":"builtins.int","value":1544},"type_ref":"builtins.int"}}},"SQLITE_READONLY_RECOVERY":{".class":"SymbolTableNode","kind":"Gdef","node":{".class":"Var","final_value":264,"flags":["is_final","is_ready","is_inferred","has_explicit_value"],"fullname":"_sqlite3.SQLITE_READONLY_RECOVERY","name":"SQLITE_READONLY_RECOVERY","setter_type":null,"type":{".class":"Instance","args":[],"extra_attrs":null,"last_known_value":{".class":"LiteralType","fallback":"builtins.int","value":264},"type_ref":"builtins.int"}}},"SQLITE_READONLY_ROLLBACK":{".class":"SymbolTableNode","kind":"Gdef","node":{".class":"Var","final_value":776,"flags":["is_final","is_ready","is_inferred","has_explicit_value"],"fullname":"_sqlite3.SQLITE_READONLY_ROLLBACK","name":"SQLITE_READONLY_ROLLBACK","setter_type":null,"type":{".class":"Instance","args":[],"extra_attrs":null,"last_known_value":{".class":"LiteralType","fallback":"builtins.int","value":776},"type_ref":"builtins.int"}}},"SQLITE_RECURSIVE":{".class":"SymbolTableNode","kind":"Gdef","node":{".class":"Var","final_value":33,"flags":["is_final","is_ready","is_inferred","has_explicit_value"],"fullname":"_sqlite3.SQLITE_RECURSIVE","name":"SQLITE_RECURSIVE","setter_type":null,"type":{".class":"Instance","args":[],"extra_attrs":null,"last_known_value":{".class":"LiteralType","fallback":"builtins.int","value":33},"type_ref":"builtins.int"}}},"SQLITE_REINDEX":{".class":"SymbolTableNode","kind":"Gdef","node":{".class":"Var","final_value":27,"flags":["is_final","is_ready","is_inferred","has_explicit_value"],"fullname":"_sqlite3.SQLITE_REINDEX","name":"SQLITE_REINDEX","setter_type":null,"type":{".class":"Instance","args":[],"extra_attrs":null,"last_known_value":{".class":"LiteralType","fallback":"builtins.int","value":27},"type_ref":"builtins.int"}}},"SQLITE_ROW":{".class":"SymbolTableNode","kind":"Gdef","node":{".class":"Var","final_value":100,"flags":["is_final","is_ready","is_inferred","has_explicit_value"],"fullname":"_sqlite3.SQLITE_ROW","name":"SQLITE_ROW","setter_type":null,"type":{".class":"Instance","args":[],"extra_attrs":null,"last_known_value":{".class":"LiteralType","fallback":"builtins.int","value":100},"type_ref":"builtins.int"}}},"SQLITE_SAVEPOINT":{".class":"SymbolTableNode","kind":"Gdef","node":{".class":"Var","final_value":32,"flags":["is_final","is_ready","is_inferred","has_explicit_value"],"fullname":"_sqlite3.SQLITE_SAVEPOINT","name":"SQLITE_SAVEPOINT","setter_type":null,"type":{".class":"Instance","args":[],"extra_attrs":null,"last_known_value":{".class":"LiteralType","fallback":"builtins.int","value":32},"type_ref":"builtins.int"}}},"SQLITE_SCHEMA":{".class":"SymbolTableNode","kind":"Gdef","node":{".class":"Var","final_value":17,"flags":["is_final","is_ready","is_inferred","has_explicit_value"],"fullname":"_sqlite3.SQLITE_SCHEMA","name":"SQLITE_SCHEMA","setter_type":null,"type":{".class":"Instance","args":[],"extra_attrs":null,"last_known_value":{".class":"LiteralType","fallback":"builtins.int","value":17},"type_ref":"builtins.int"}}},"SQLITE_SELECT":{".class":"SymbolTableNode","kind":"Gdef","node":{".class":"Var","final_value":21,"flags":["is_final","is_ready","is_inferred","has_explicit_value"],"fullname":"_sqlite3.SQLITE_SELECT","name":"SQLITE_SELECT","setter_type":null,"type":{".class":"Instance","args":[],"extra_attrs":null,"last_known_value":{".class":"LiteralType","fallback":"builtins.int","value":21},"type_ref":"builtins.int"}}},"SQLITE_TOOBIG":{".class":"SymbolTableNode","kind":"Gdef","node":{".class":"Var","final_value":18,"flags":["is_final","is_ready","is_inferred","has_explicit_value"],"fullname":"_sqlite3.SQLITE_TOOBIG","name":"SQLITE_TOOBIG","setter_type":null,"type":{".class":"Instance","args":[],"extra_attrs":null,"last_known_value":{".class":"LiteralType","fallback":"builtins.int","value":18},"type_ref":"builtins.int"}}},"SQLITE_TRANSACTION":{".class":"SymbolTableNode","kind":"Gdef","node":{".class":"Var","final_value":22,"flags":["is_final","is_ready","is_inferred","has_explicit_value"],"fullname":"_sqlite3.SQLITE_TRANSACTION","name":"SQLITE_TRANSACTION","setter_type":null,"type":{".class":"Instance","args":[],"extra_attrs":null,"last_known_value":{".class":"LiteralType","fallback":"builtins.int","value":22},"type_ref":"builtins.int"}}},"SQLITE_UPDATE":{".class":"SymbolTableNode","kind":"Gdef","node":{".class":"Var","final_value":23,"flags":["is_final","is_ready","is_inferred","has_explicit_value"],"fullname":"_sqlite3.SQLITE_UPDATE","name":"SQLITE_UPDATE","setter_type":null,"type":{".class":"Instance","args":[],"extra_attrs":null,"last_known_value":{".class":"LiteralType","fallback":"builtins.int","value":23},"type_ref":"builtins.int"}}},"SQLITE_WARNING":{".class":"SymbolTableNode","kind":"Gdef","node":{".class":"Var","final_value":28,"flags":["is_final","is_ready","is_inferred","has_explicit_value"],"fullname":"_sqlite3.SQLITE_WARNING","name":"SQLITE_WARNING","setter_type":null,"type":{".class":"Instance","args":[],"extra_attrs":null,"last_known_value":{".class":"LiteralType","fallback":"builtins.int","value":28},"type_ref":"builtins.int"}}},"SQLITE_WARNING_AUTOINDEX":{".class":"SymbolTableNode","kind":"Gdef","node":{".class":"Var","final_value":284,"flags":["is_final","is_ready","is_inferred","has_explicit_value"],"fullname":"_sqlite3.SQLITE_WARNING_AUTOINDEX","name":"SQLITE_WARNING_AUTOINDEX","setter_type":null,"type":{".class":"Instance","args":[],"extra_attrs":null,"last_known_value":{".class":"LiteralType","fallback":"builtins.int","value":284},"type_ref":"builtins.int"}}},"StrOrBytesPath":{".class":"SymbolTableNode","cross_ref":"_typeshed.StrOrBytesPath","kind":"Gdef","module_hidden":true,"module_public":false},"TypeAlias":{".class":"SymbolTableNode","cross_ref":"typing.TypeAlias","kind":"Gdef","module_hidden":true,"module_public":false},"TypeVar":{".class":"SymbolTableNode","cross_ref":"typing.TypeVar","kind":"Gdef","module_hidden":true,"module_public":false},"Warning":{".class":"SymbolTableNode","cross_ref":"sqlite3.Warning","kind":"Gdef"},"_Adapter":{".class":"SymbolTableNode","kind":"Gdef","node":{".class":"TypeAlias","alias_tvars":[{".class":"TypeVarType","default":{".class":"AnyType","missing_import_name":null,"source_any":null,"type_of_any":4},"fullname":"_sqlite3._T","id":1,"name":"_T","namespace":"_sqlite3._Adapter","upper_bound":"builtins.object","values":[],"variance":0}],"column":0,"fullname":"_sqlite3._Adapter","line":30,"no_args":false,"normalized":false,"python_3_12_type_alias":false,"target":{".class":"CallableType","arg_kinds":[0],"arg_names":[null],"arg_types":[{".class":"TypeVarType","default":{".class":"AnyType","missing_import_name":null,"source_any":null,"type_of_any":4},"fullname":"_sqlite3._T","id":1,"name":"_T","namespace":"_sqlite3._Adapter","upper_bound":"builtins.object","values":[],"variance":0}],"fallback":"builtins.function","from_concatenate":false,"implicit":false,"imprecise_arg_kinds":false,"is_bound":false,"is_ellipsis_args":false,"name":null,"ret_type":{".class":"TypeAliasType","args":[],"type_ref":"_sqlite3._SqliteData"},"type_guard":null,"type_is":null,"unpack_kwargs":false,"variables":[]}}},"_ConnectionT":{".class":"SymbolTableNode","kind":"Gdef","node":{".class":"TypeVarExpr","default":{".class":"AnyType","missing_import_name":null,"source_any":null,"type_of_any":4},"fullname":"_sqlite3._ConnectionT","name":"_ConnectionT","upper_bound":"sqlite3.Connection","values":[],"variance":0}},"_Converter":{".class":"SymbolTableNode","kind":"Gdef","node":{".class":"TypeAlias","alias_tvars":[],"column":0,"fullname":"_sqlite3._Converter","line":31,"no_args":false,"normalized":false,"python_3_12_type_alias":false,"target":{".class":"CallableType","arg_kinds":[0],"arg_names":[null],"arg_types":["builtins.bytes"],"fallback":"builtins.function","from_concatenate":false,"implicit":false,"imprecise_arg_kinds":false,"is_bound":false,"is_ellipsis_args":false,"name":null,"ret_type":{".class":"AnyType","missing_import_name":null,"source_any":null,"type_of_any":6},"type_guard":null,"type_is":null,"unpack_kwargs":false,"variables":[]}}},"_IsolationLevel":{".class":"SymbolTableNode","cross_ref":"sqlite3._IsolationLevel","kind":"Gdef","module_hidden":true,"module_public":false},"_SqliteData":{".class":"SymbolTableNode","kind":"Gdef","node":{".class":"TypeAlias","alias_tvars":[],"column":0,"fullname":"_sqlite3._SqliteData","line":29,"no_args":false,"normalized":false,"python_3_12_type_alias":false,"target":{".class":"UnionType","items":["builtins.str","typing_extensions.Buffer","builtins.int","builtins.float",{".class":"NoneType"}],"uses_pep604_syntax":true}}},"_T":{".class":"SymbolTableNode","kind":"Gdef","node":{".class":"TypeVarExpr","default":{".class":"AnyType","missing_import_name":null,"source_any":null,"type_of_any":4},"fullname":"_sqlite3._T","name":"_T","upper_bound":"builtins.object","values":[],"variance":0}},"__annotations__":{".class":"SymbolTableNode","kind":"Gdef","node":{".class":"Var","flags":["is_ready"],"fullname":"_sqlite3.__annotations__","name":"__annotations__","setter_type":null,"type":{".class":"Instance","args":["builtins.str",{".class":"AnyType","missing_import_name":null,"source_any":null,"type_of_any":6}],"extra_attrs":null,"type_ref":"builtins.dict"}}},"__doc__":{".class":"SymbolTableNode","kind":"Gdef","node":{".class":"Var","flags":["is_ready"],"fullname":"_sqlite3.__doc__","name":"__doc__","setter_type":null,"type":"builtins.str"}},"__file__":{".class":"SymbolTableNode","kind":"Gdef","node":{".class":"Var","flags":["is_ready"],"fullname":"_sqlite3.__file__","name":"__file__","setter_type":null,"type":"builtins.str"}},"__name__":{".class":"SymbolTableNode","kind":"Gdef","node":{".class":"Var","flags":["is_ready"],"fullname":"_sqlite3.__name__","name":"__name__","setter_type":null,"type":"builtins.str"}},"__package__":{".class":"SymbolTableNode","kind":"Gdef","node":{".class":"Var","flags":["is_ready"],"fullname":"_sqlite3.__package__","name":"__package__","setter_type":null,"type":"builtins.str"}},"__spec__":{".class":"SymbolTableNode","kind":"Gdef","node":{".class":"Var","flags":["is_ready"],"fullname":"_sqlite3.__spec__","name":"__spec__","setter_type":null,"type":"_frozen_importlib.ModuleSpec"}},"adapt":{".class":"SymbolTableNode","kind":"Gdef","node":{".class":"OverloadedFuncDef","deprecated":null,"flags":[],"fullname":"_sqlite3.adapt","impl":null,"items":[{".class":"Decorator","func":{".class":"FuncDef","abstract_status":0,"arg_kinds":[0,0],"arg_names":[null,null],"dataclass_transform_spec":null,"deprecated":null,"flags":["is_overload","is_decorated"],"fullname":"_sqlite3.adapt","name":"adapt","original_first_arg":"obj","type":{".class":"CallableType","arg_kinds":[0,0],"arg_names":[null,null],"arg_types":[{".class":"AnyType","missing_import_name":null,"source_any":null,"type_of_any":2},{".class":"AnyType","missing_import_name":null,"source_any":null,"type_of_any":2}],"fallback":"builtins.function","from_concatenate":false,"implicit":false,"imprecise_arg_kinds":false,"is_bound":false,"is_ellipsis_args":false,"name":"adapt","ret_type":{".class":"AnyType","missing_import_name":null,"source_any":null,"type_of_any":2},"type_guard":null,"type_is":null,"unpack_kwargs":false,"variables":[]}},"is_overload":true,"var":{".class":"Var","flags":["is_ready","is_inferred"],"fullname":"_sqlite3.adapt","name":"adapt","setter_type":null,"type":{".class":"CallableType","arg_kinds":[0,0],"arg_names":[null,null],"arg_types":[{".class":"AnyType","missing_import_name":null,"source_any":null,"type_of_any":2},{".class":"AnyType","missing_import_name":null,"source_any":null,"type_of_any":2}],"fallback":"builtins.function","from_concatenate":false,"implicit":false,"imprecise_arg_kinds":false,"is_bound":false,"is_ellipsis_args":false,"name":"adapt","ret_type":{".class":"AnyType","missing_import_name":null,"source_any":null,"type_of_any":2},"type_guard":null,"type_is":null,"unpack_kwargs":false,"variables":[]}}},{".class":"Decorator","func":{".class":"FuncDef","abstract_status":0,"arg_kinds":[0,0,0],"arg_names":[null,null,null],"dataclass_transform_spec":null,"deprecated":null,"flags":["is_overload","is_decorated"],"fullname":"_sqlite3.adapt","name":"adapt","original_first_arg":"obj","type":{".class":"CallableType","arg_kinds":[0,0,0],"arg_names":[null,null,null],"arg_types":[{".class":"AnyType","missing_import_name":null,"source_any":null,"type_of_any":2},{".class":"AnyType","missing_import_name":null,"source_any":null,"type_of_any":2},{".class":"TypeVarType","default":{".class":"AnyType","missing_import_name":null,"source_any":null,"type_of_any":4},"fullname":"_sqlite3._T","id":-1,"name":"_T","namespace":"_sqlite3.adapt","upper_bound":"builtins.object","values":[],"variance":0}],"fallback":"builtins.function","from_concatenate":false,"implicit":false,"imprecise_arg_kinds":false,"is_bound":false,"is_ellipsis_args":false,"name":"adapt","ret_type":{".class":"UnionType","items":[{".class":"AnyType","missing_import_name":null,"source_any":null,"type_of_any":2},{".class":"TypeVarType","default":{".class":"AnyType","missing_import_name":null,"source_any":null,"type_of_any":4},"fullname":"_sqlite3._T","id":-1,"name":"_T","namespace":"_sqlite3.adapt","upper_bound":"builtins.object","values":[],"variance":0}],"uses_pep604_syntax":true},"type_guard":null,"type_is":null,"unpack_kwargs":false,"variables":[{".class":"TypeVarType","default":{".class":"AnyType","missing_import_name":null,"source_any":null,"type_of_any":4},"fullname":"_sqlite3._T","id":-1,"name":"_T","namespace":"_sqlite3.adapt","upper_bound":"builtins.object","values":[],"variance":0}]}},"is_overload":true,"var":{".class":"Var","flags":["is_ready","is_inferred"],"fullname":"_sqlite3.adapt","name":"adapt","setter_type":null,"type":{".class":"CallableType","arg_kinds":[0,0,0],"arg_names":[null,null,null],"arg_types":[{".class":"AnyType","missing_import_name":null,"source_any":null,"type_of_any":2},{".class":"AnyType","missing_import_name":null,"source_any":null,"type_of_any":2},{".class":"TypeVarType","default":{".class":"AnyType","missing_import_name":null,"source_any":null,"type_of_any":4},"fullname":"_sqlite3._T","id":-1,"name":"_T","namespace":"_sqlite3.adapt","upper_bound":"builtins.object","values":[],"variance":0}],"fallback":"builtins.function","from_concatenate":false,"implicit":false,"imprecise_arg_kinds":false,"is_bound":false,"is_ellipsis_args":false,"name":"adapt","ret_type":{".class":"UnionType","items":[{".class":"AnyType","missing_import_name":null,"source_any":null,"type_of_any":2},{".class":"TypeVarType","default":{".class":"AnyType","missing_import_name":null,"source_any":null,"type_of_any":4},"fullname":"_sqlite3._T","id":-1,"name":"_T","namespace":"_sqlite3.adapt","upper_bound":"builtins.object","values":[],"variance":0}],"uses_pep604_syntax":true},"type_guard":null,"type_is":null,"unpack_kwargs":false,"variables":[{".class":"TypeVarType","default":{".class":"AnyType","missing_import_name":null,"source_any":null,"type_of_any":4},"fullname":"_sqlite3._T","id":-1,"name":"_T","namespace":"_sqlite3.adapt","upper_bound":"builtins.object","values":[],"variance":0}]}}}],"setter_index":null,"type":{".class":"Overloaded","items":[{".class":"CallableType","arg_kinds":[0,0],"arg_names":[null,null],"arg_types":[{".class":"AnyType","missing_import_name":null,"source_any":null,"type_of_any":2},{".class":"AnyType","missing_import_name":null,"source_any":null,"type_of_any":2}],"fallback":"builtins.function","from_concatenate":false,"implicit":false,"imprecise_arg_kinds":false,"is_bound":false,"is_ellipsis_args":false,"name":"adapt","ret_type":{".class":"AnyType","missing_import_name":null,"source_any":null,"type_of_any":2},"type_guard":null,"type_is":null,"unpack_kwargs":false,"variables":[]},{".class":"CallableType","arg_kinds":[0,0,0],"arg_names":[null,null,null],"arg_types":[{".class":"AnyType","missing_import_name":null,"source_any":null,"type_of_any":2},{".class":"AnyType","missing_import_name":null,"source_any":null,"type_of_any":2},{".class":"TypeVarType","default":{".class":"AnyType","missing_import_name":null,"source_any":null,"type_of_any":4},"fullname":"_sqlite3._T","id":-1,"name":"_T","namespace":"_sqlite3.adapt","upper_bound":"builtins.object","values":[],"variance":0}],"fallback":"builtins.function","from_concatenate":false,"implicit":false,"imprecise_arg_kinds":false,"is_bound":false,"is_ellipsis_args":false,"name":"adapt","ret_type":{".class":"UnionType","items":[{".class":"AnyType","missing_import_name":null,"source_any":null,"type_of_any":2},{".class":"TypeVarType","default":{".class":"AnyType","missing_import_name":null,"source_any":null,"type_of_any":4},"fullname":"_sqlite3._T","id":-1,"name":"_T","namespace":"_sqlite3.adapt","upper_bound":"builtins.object","values":[],"variance":0}],"uses_pep604_syntax":true},"type_guard":null,"type_is":null,"unpack_kwargs":false,"variables":[{".class":"TypeVarType","default":{".class":"AnyType","missing_import_name":null,"source_any":null,"type_of_any":4},"fullname":"_sqlite3._T","id":-1,"name":"_T","namespace":"_sqlite3.adapt","upper_bound":"builtins.object","values":[],"variance":0}]}]}}},"adapters":{".class":"SymbolTableNode","kind":"Gdef","node":{".class":"Var","flags":["is_ready"],"fullname":"_sqlite3.adapters","name":"adapters","setter_type":null,"type":{".class":"Instance","args":[{".class":"TupleType","implicit":false,"items":[{".class":"TypeType","item":{".class":"AnyType","missing_import_name":null,"source_any":null,"type_of_any":2}},{".class":"TypeType","item":{".class":"AnyType","missing_import_name":null,"source_any":null,"type_of_any":2}}],"partial_fallback":{".class":"Instance","args":[{".class":"AnyType","missing_import_name":null,"source_any":null,"type_of_any":6}],"extra_attrs":null,"type_ref":"builtins.tuple"}},{".class":"TypeAliasType","args":[{".class":"AnyType","missing_import_name":null,"source_any":null,"type_of_any":2}],"type_ref":"_sqlite3._Adapter"}],"extra_attrs":null,"type_ref":"builtins.dict"}}},"complete_statement":{".class":"SymbolTableNode","kind":"Gdef","node":{".class":"FuncDef","abstract_status":0,"arg_kinds":[0],"arg_names":["statement"],"dataclass_transform_spec":null,"deprecated":null,"flags":[],"fullname":"_sqlite3.complete_statement","name":"complete_statement","original_first_arg":"statement","type":{".class":"CallableType","arg_kinds":[0],"arg_names":["statement"],"arg_types":["builtins.str"],"fallback":"builtins.function","from_concatenate":false,"implicit":false,"imprecise_arg_kinds":false,"is_bound":false,"is_ellipsis_args":false,"name":"complete_statement","ret_type":"builtins.bool","type_guard":null,"type_is":null,"unpack_kwargs":false,"variables":[]}}},"connect":{".class":"SymbolTableNode","kind":"Gdef","node":{".class":"OverloadedFuncDef","deprecated":null,"flags":[],"fullname":"_sqlite3.connect","impl":null,"items":[{".class":"Decorator","func":{".class":"FuncDef","abstract_status":0,"arg_kinds":[0,1,1,1,1,1,1],"arg_names":["database","timeout","detect_types","isolation_level","check_same_thread","cached_statements","uri"],"dataclass_transform_spec":null,"deprecated":null,"flags":["is_overload","is_decorated"],"fullname":"_sqlite3.connect","name":"connect","original_first_arg":"database","type":{".class":"CallableType","arg_kinds":[0,1,1,1,1,1,1],"arg_names":["database","timeout","detect_types","isolation_level","check_same_thread","cached_statements","uri"],"arg_types":[{".class":"TypeAliasType","args":[],"type_ref":"_typeshed.StrOrBytesPath"},"builtins.float","builtins.int",{".class":"TypeAliasType","args":[],"type_ref":"sqlite3._IsolationLevel"},"builtins.bool","builtins.int","builtins.bool"],"fallback":"builtins.function","from_concatenate":false,"implicit":false,"imprecise_arg_kinds":false,"is_bound":false,"is_ellipsis_args":false,"name":"connect","ret_type":"sqlite3.Connection","type_guard":null,"type_is":null,"unpack_kwargs":false,"variables":[]}},"is_overload":true,"var":{".class":"Var","flags":["is_ready","is_inferred"],"fullname":"_sqlite3.connect","name":"connect","setter_type":null,"type":{".class":"CallableType","arg_kinds":[0,1,1,1,1,1,1],"arg_names":["database","timeout","detect_types","isolation_level","check_same_thread","cached_statements","uri"],"arg_types":[{".class":"TypeAliasType","args":[],"type_ref":"_typeshed.StrOrBytesPath"},"builtins.float","builtins.int",{".class":"TypeAliasType","args":[],"type_ref":"sqlite3._IsolationLevel"},"builtins.bool","builtins.int","builtins.bool"],"fallback":"builtins.function","from_concatenate":false,"implicit":false,"imprecise_arg_kinds":false,"is_bound":false,"is_ellipsis_args":false,"name":"connect","ret_type":"sqlite3.Connection","type_guard":null,"type_is":null,"unpack_kwargs":false,"variables":[]}}},{".class":"Decorator","func":{".class":"FuncDef","abstract_status":0,"arg_kinds":[0,0,0,0,0,0,1,1],"arg_names":["database","timeout","detect_types","isolation_level","check_same_thread","factory","cached_statements","uri"],"dataclass_transform_spec":null,"deprecated":null,"flags":["is_overload","is_decorated"],"fullname":"_sqlite3.connect","name":"connect","original_first_arg":"database","type":{".class":"CallableType","arg_kinds":[0,0,0,0,0,0,1,1],"arg_names":["database","timeout","detect_types","isolation_level","check_same_thread","factory","cached_statements","uri"],"arg_types":[{".class":"TypeAliasType","args":[],"type_ref":"_typeshed.StrOrBytesPath"},"builtins.float","builtins.int",{".class":"TypeAliasType","args":[],"type_ref":"sqlite3._IsolationLevel"},"builtins.bool",{".class":"TypeType","item":{".class":"TypeVarType","default":{".class":"AnyType","missing_import_name":null,"source_any":null,"type_of_any":4},"fullname":"_sqlite3._ConnectionT","id":-1,"name":"_ConnectionT","namespace":"_sqlite3.connect#1","upper_bound":"sqlite3.Connection","values":[],"variance":0}},"builtins.int","builtins.bool"],"fallback":"builtins.function","from_concatenate":false,"implicit":false,"imprecise_arg_kinds":false,"is_bound":false,"is_ellipsis_args":false,"name":"connect","ret_type":{".class":"TypeVarType","default":{".class":"AnyType","missing_import_name":null,"source_any":null,"type_of_any":4},"fullname":"_sqlite3._ConnectionT","id":-1,"name":"_ConnectionT","namespace":"_sqlite3.connect#1","upper_bound":"sqlite3.Connection","values":[],"variance":0},"type_guard":null,"type_is":null,"unpack_kwargs":false,"variables":[{".class":"TypeVarType","default":{".class":"AnyType","missing_import_name":null,"source_any":null,"type_of_any":4},"fullname":"_sqlite3._ConnectionT","id":-1,"name":"_ConnectionT","namespace":"_sqlite3.connect#1","upper_bound":"sqlite3.Connection","values":[],"variance":0}]}},"is_overload":true,"var":{".class":"Var","flags":["is_ready","is_inferred"],"fullname":"_sqlite3.connect","name":"connect","setter_type":null,"type":{".class":"CallableType","arg_kinds":[0,0,0,0,0,0,1,1],"arg_names":["database","timeout","detect_types","isolation_level","check_same_thread","factory","cached_statements","uri"],"arg_types":[{".class":"TypeAliasType","args":[],"type_ref":"_typeshed.StrOrBytesPath"},"builtins.float","builtins.int",{".class":"TypeAliasType","args":[],"type_ref":"sqlite3._IsolationLevel"},"builtins.bool",{".class":"TypeType","item":{".class":"TypeVarType","default":{".class":"AnyType","missing_import_name":null,"source_any":null,"type_of_any":4},"fullname":"_sqlite3._ConnectionT","id":-1,"name":"_ConnectionT","namespace":"_sqlite3.connect#1","upper_bound":"sqlite3.Connection","values":[],"variance":0}},"builtins.int","builtins.bool"],"fallback":"builtins.function","from_concatenate":false,"implicit":false,"imprecise_arg_kinds":false,"is_bound":false,"is_ellipsis_args":false,"name":"connect","ret_type":{".class":"TypeVarType","default":{".class":"AnyType","missing_import_name":null,"source_any":null,"type_of_any":4},"fullname":"_sqlite3._ConnectionT","id":-1,"name":"_ConnectionT","namespace":"_sqlite3.connect#1","upper_bound":"sqlite3.Connection","values":[],"variance":0},"type_guard":null,"type_is":null,"unpack_kwargs":false,"variables":[{".class":"TypeVarType","default":{".class":"AnyType","missing_import_name":null,"source_any":null,"type_of_any":4},"fullname":"_sqlite3._ConnectionT","id":-1,"name":"_ConnectionT","namespace":"_sqlite3.connect#1","upper_bound":"sqlite3.Connection","values":[],"variance":0}]}}},{".class":"Decorator","func":{".class":"FuncDef","abstract_status":0,"arg_kinds":[0,1,1,1,1,3,5,5],"arg_names":["database","timeout","detect_types","isolation_level","check_same_thread","factory","cached_statements","uri"],"dataclass_transform_spec":null,"deprecated":null,"flags":["is_overload","is_decorated"],"fullname":"_sqlite3.connect","name":"connect","original_first_arg":"database","type":{".class":"CallableType","arg_kinds":[0,1,1,1,1,3,5,5],"arg_names":["database","timeout","detect_types","isolation_level","check_same_thread","factory","cached_statements","uri"],"arg_types":[{".class":"TypeAliasType","args":[],"type_ref":"_typeshed.StrOrBytesPath"},"builtins.float","builtins.int",{".class":"TypeAliasType","args":[],"type_ref":"sqlite3._IsolationLevel"},"builtins.bool",{".class":"TypeType","item":{".class":"TypeVarType","default":{".class":"AnyType","missing_import_name":null,"source_any":null,"type_of_any":4},"fullname":"_sqlite3._ConnectionT","id":-1,"name":"_ConnectionT","namespace":"_sqlite3.connect","upper_bound":"sqlite3.Connection","values":[],"variance":0}},"builtins.int","builtins.bool"],"fallback":"builtins.function","from_concatenate":false,"implicit":false,"imprecise_arg_kinds":false,"is_bound":false,"is_ellipsis_args":false,"name":"connect","ret_type":{".class":"TypeVarType","default":{".class":"AnyType","missing_import_name":null,"source_any":null,"type_of_any":4},"fullname":"_sqlite3._ConnectionT","id":-1,"name":"_ConnectionT","namespace":"_sqlite3.connect","upper_bound":"sqlite3.Connection","values":[],"variance":0},"type_guard":null,"type_is":null,"unpack_kwargs":false,"variables":[{".class":"TypeVarType","default":{".class":"AnyType","missing_import_name":null,"source_any":null,"type_of_any":4},"fullname":"_sqlite3._ConnectionT","id":-1,"name":"_ConnectionT","namespace":"_sqlite3.connect","upper_bound":"sqlite3.Connection","values":[],"variance":0}]}},"is_overload":true,"var":{".class":"Var","flags":["is_ready","is_inferred"],"fullname":"_sqlite3.connect","name":"connect","setter_type":null,"type":{".class":"CallableType","arg_kinds":[0,1,1,1,1,3,5,5],"arg_names":["database","timeout","detect_types","isolation_level","check_same_thread","factory","cached_statements","uri"],"arg_types":[{".class":"TypeAliasType","args":[],"type_ref":"_typeshed.StrOrBytesPath"},"builtins.float","builtins.int",{".class":"TypeAliasType","args":[],"type_ref":"sqlite3._IsolationLevel"},"builtins.bool",{".class":"TypeType","item":{".class":"TypeVarType","default":{".class":"AnyType","missing_import_name":null,"source_any":null,"type_of_any":4},"fullname":"_sqlite3._ConnectionT","id":-1,"name":"_ConnectionT","namespace":"_sqlite3.connect","upper_bound":"sqlite3.Connection","values":[],"variance":0}},"builtins.int","builtins.bool"],"fallback":"builtins.function","from_concatenate":false,"implicit":false,"imprecise_arg_kinds":false,"is_bound":false,"is_ellipsis_args":false,"name":"connect","ret_type":{".class":"TypeVarType","default":{".class":"AnyType","missing_import_name":null,"source_any":null,"type_of_any":4},"fullname":"_sqlite3._ConnectionT","id":-1,"name":"_ConnectionT","namespace":"_sqlite3.connect","upper_bound":"sqlite3.Connection","values":[],"variance":0},"type_guard":null,"type_is":null,"unpack_kwargs":false,"variables":[{".class":"TypeVarType","default":{".class":"AnyType","missing_import_name":null,"source_any":null,"type_of_any":4},"fullname":"_sqlite3._ConnectionT","id":-1,"name":"_ConnectionT","namespace":"_sqlite3.connect","upper_bound":"sqlite3.Connection","values":[],"variance":0}]}}}],"setter_index":null,"type":{".class":"Overloaded","items":[{".class":"CallableType","arg_kinds":[0,1,1,1,1,1,1],"arg_names":["database","timeout","detect_types","isolation_level","check_same_thread","cached_statements","uri"],"arg_types":[{".class":"TypeAliasType","args":[],"type_ref":"_typeshed.StrOrBytesPath"},"builtins.float","builtins.int",{".class":"TypeAliasType","args":[],"type_ref":"sqlite3._IsolationLevel"},"builtins.bool","builtins.int","builtins.bool"],"fallback":"builtins.function","from_concatenate":false,"implicit":false,"imprecise_arg_kinds":false,"is_bound":false,"is_ellipsis_args":false,"name":"connect","ret_type":"sqlite3.Connection","type_guard":null,"type_is":null,"unpack_kwargs":false,"variables":[]},{".class":"CallableType","arg_kinds":[0,0,0,0,0,0,1,1],"arg_names":["database","timeout","detect_types","isolation_level","check_same_thread","factory","cached_statements","uri"],"arg_types":[{".class":"TypeAliasType","args":[],"type_ref":"_typeshed.StrOrBytesPath"},"builtins.float","builtins.int",{".class":"TypeAliasType","args":[],"type_ref":"sqlite3._IsolationLevel"},"builtins.bool",{".class":"TypeType","item":{".class":"TypeVarType","default":{".class":"AnyType","missing_import_name":null,"source_any":null,"type_of_any":4},"fullname":"_sqlite3._ConnectionT","id":-1,"name":"_ConnectionT","namespace":"_sqlite3.connect#1","upper_bound":"sqlite3.Connection","values":[],"variance":0}},"builtins.int","builtins.bool"],"fallback":"builtins.function","from_concatenate":false,"implicit":false,"imprecise_arg_kinds":false,"is_bound":false,"is_ellipsis_args":false,"name":"connect","ret_type":{".class":"TypeVarType","default":{".class":"AnyType","missing_import_name":null,"source_any":null,"type_of_any":4},"fullname":"_sqlite3._ConnectionT","id":-1,"name":"_ConnectionT","namespace":"_sqlite3.connect#1","upper_bound":"sqlite3.Connection","values":[],"variance":0},"type_guard":null,"type_is":null,"unpack_kwargs":false,"variables":[{".class":"TypeVarType","default":{".class":"AnyType","missing_import_name":null,"source_any":null,"type_of_any":4},"fullname":"_sqlite3._ConnectionT","id":-1,"name":"_ConnectionT","namespace":"_sqlite3.connect#1","upper_bound":"sqlite3.Connection","values":[],"variance":0}]},{".class":"CallableType","arg_kinds":[0,1,1,1,1,3,5,5],"arg_names":["database","timeout","detect_types","isolation_level","check_same_thread","factory","cached_statements","uri"],"arg_types":[{".class":"TypeAliasType","args":[],"type_ref":"_typeshed.StrOrBytesPath"},"builtins.float","builtins.int",{".class":"TypeAliasType","args":[],"type_ref":"sqlite3._IsolationLevel"},"builtins.bool",{".class":"TypeType","item":{".class":"TypeVarType","default":{".class":"AnyType","missing_import_name":null,"source_any":null,"type_of_any":4},"fullname":"_sqlite3._ConnectionT","id":-1,"name":"_ConnectionT","namespace":"_sqlite3.connect","upper_bound":"sqlite3.Connection","values":[],"variance":0}},"builtins.int","builtins.bool"],"fallback":"builtins.function","from_concatenate":false,"implicit":false,"imprecise_arg_kinds":false,"is_bound":false,"is_ellipsis_args":false,"name":"connect","ret_type":{".class":"TypeVarType","default":{".class":"AnyType","missing_import_name":null,"source_any":null,"type_of_any":4},"fullname":"_sqlite3._ConnectionT","id":-1,"name":"_ConnectionT","namespace":"_sqlite3.connect","upper_bound":"sqlite3.Connection","values":[],"variance":0},"type_guard":null,"type_is":null,"unpack_kwargs":false,"variables":[{".class":"TypeVarType","default":{".class":"AnyType","missing_import_name":null,"source_any":null,"type_of_any":4},"fullname":"_sqlite3._ConnectionT","id":-1,"name":"_ConnectionT","namespace":"_sqlite3.connect","upper_bound":"sqlite3.Connection","values":[],"variance":0}]}]}}},"converters":{".class":"SymbolTableNode","kind":"Gdef","node":{".class":"Var","flags":["is_ready"],"fullname":"_sqlite3.converters","name":"converters","setter_type":null,"type":{".class":"Instance","args":["builtins.str",{".class":"TypeAliasType","args":[],"type_ref":"_sqlite3._Converter"}],"extra_attrs":null,"type_ref":"builtins.dict"}}},"enable_callback_tracebacks":{".class":"SymbolTableNode","kind":"Gdef","node":{".class":"FuncDef","abstract_status":0,"arg_kinds":[0],"arg_names":[null],"dataclass_transform_spec":null,"deprecated":null,"flags":[],"fullname":"_sqlite3.enable_callback_tracebacks","name":"enable_callback_tracebacks","original_first_arg":"enable","type":{".class":"CallableType","arg_kinds":[0],"arg_names":[null],"arg_types":["builtins.bool"],"fallback":"builtins.function","from_concatenate":false,"implicit":false,"imprecise_arg_kinds":false,"is_bound":false,"is_ellipsis_args":false,"name":"enable_callback_tracebacks","ret_type":{".class":"NoneType"},"type_guard":null,"type_is":null,"unpack_kwargs":false,"variables":[]}}},"enable_shared_cache":{".class":"SymbolTableNode","kind":"Gdef","node":{".class":"FuncDef","abstract_status":0,"arg_kinds":[0],"arg_names":["do_enable"],"dataclass_transform_spec":null,"deprecated":null,"flags":[],"fullname":"_sqlite3.enable_shared_cache","name":"enable_shared_cache","original_first_arg":"do_enable","type":{".class":"CallableType","arg_kinds":[0],"arg_names":["do_enable"],"arg_types":["builtins.int"],"fallback":"builtins.function","from_concatenate":false,"implicit":false,"imprecise_arg_kinds":false,"is_bound":false,"is_ellipsis_args":false,"name":"enable_shared_cache","ret_type":{".class":"NoneType"},"type_guard":null,"type_is":null,"unpack_kwargs":false,"variables":[]}}},"overload":{".class":"SymbolTableNode","cross_ref":"typing.overload","kind":"Gdef","module_hidden":true,"module_public":false},"register_adapter":{".class":"SymbolTableNode","kind":"Gdef","node":{".class":"FuncDef","abstract_status":0,"arg_kinds":[0,0],"arg_names":[null,null],"dataclass_transform_spec":null,"deprecated":null,"flags":[],"fullname":"_sqlite3.register_adapter","name":"register_adapter","original_first_arg":"type","type":{".class":"CallableType","arg_kinds":[0,0],"arg_names":[null,null],"arg_types":[{".class":"TypeType","item":{".class":"TypeVarType","default":{".class":"AnyType","missing_import_name":null,"source_any":null,"type_of_any":4},"fullname":"_sqlite3._T","id":-1,"name":"_T","namespace":"_sqlite3.register_adapter","upper_bound":"builtins.object","values":[],"variance":0}},{".class":"TypeAliasType","args":[{".class":"TypeVarType","default":{".class":"AnyType","missing_import_name":null,"source_any":null,"type_of_any":4},"fullname":"_sqlite3._T","id":-1,"name":"_T","namespace":"_sqlite3.register_adapter","upper_bound":"builtins.object","values":[],"variance":0}],"type_ref":"_sqlite3._Adapter"}],"fallback":"builtins.function","from_concatenate":false,"implicit":false,"imprecise_arg_kinds":false,"is_bound":false,"is_ellipsis_args":false,"name":"register_adapter","ret_type":{".class":"NoneType"},"type_guard":null,"type_is":null,"unpack_kwargs":false,"variables":[{".class":"TypeVarType","default":{".class":"AnyType","missing_import_name":null,"source_any":null,"type_of_any":4},"fullname":"_sqlite3._T","id":-1,"name":"_T","namespace":"_sqlite3.register_adapter","upper_bound":"builtins.object","values":[],"variance":0}]}}},"register_converter":{".class":"SymbolTableNode","kind":"Gdef","node":{".class":"FuncDef","abstract_status":0,"arg_kinds":[0,0],"arg_names":[null,null],"dataclass_transform_spec":null,"deprecated":null,"flags":[],"fullname":"_sqlite3.register_converter","name":"register_converter","original_first_arg":"typename","type":{".class":"CallableType","arg_kinds":[0,0],"arg_names":[null,null],"arg_types":["builtins.str",{".class":"TypeAliasType","args":[],"type_ref":"_sqlite3._Converter"}],"fallback":"builtins.function","from_concatenate":false,"implicit":false,"imprecise_arg_kinds":false,"is_bound":false,"is_ellipsis_args":false,"name":"register_converter","ret_type":{".class":"NoneType"},"type_guard":null,"type_is":null,"unpack_kwargs":false,"variables":[]}}},"sqlite_version":{".class":"SymbolTableNode","kind":"Gdef","node":{".class":"Var","flags":["is_ready"],"fullname":"_sqlite3.sqlite_version","name":"sqlite_version","setter_type":null,"type":"builtins.str"}},"sys":{".class":"SymbolTableNode","cross_ref":"sys","kind":"Gdef","module_hidden":true,"module_public":false},"threadsafety":{".class":"SymbolTableNode","kind":"Gdef","node":{".class":"Var","flags":["is_ready"],"fullname":"_sqlite3.threadsafety","name":"threadsafety","setter_type":null,"type":{".class":"UnionType","items":[{".class":"LiteralType","fallback":"builtins.int","value":0},{".class":"LiteralType","fallback":"builtins.int","value":1},{".class":"LiteralType","fallback":"builtins.int","value":3}],"uses_pep604_syntax":false}}},"version":{".class":"SymbolTableNode","kind":"Gdef","node":{".class":"Var","flags":["is_ready"],"fullname":"_sqlite3.version","name":"version","setter_type":null,"type":"builtins.str"}}},"path":"C:\\Users\\Vasilis\\AppData\\Local\\Programs\\Python\\Python313\\Lib\\site-packages\\mypy\\typeshed\\stdlib\\_sqlite3.pyi"}