{".class":"MypyFile","_fullname":"_stat","future_import_flags":[],"is_partial_stub_package":false,"is_stub":true,"names":{".class":"SymbolTable","FILE_ATTRIBUTE_ARCHIVE":{".class":"SymbolTableNode","kind":"Gdef","node":{".class":"Var","flags":["is_ready"],"fullname":"_stat.FILE_ATTRIBUTE_ARCHIVE","name":"FILE_ATTRIBUTE_ARCHIVE","type":{".class":"LiteralType","fallback":"builtins.int","value":32}}},"FILE_ATTRIBUTE_COMPRESSED":{".class":"SymbolTableNode","kind":"Gdef","node":{".class":"Var","flags":["is_ready"],"fullname":"_stat.FILE_ATTRIBUTE_COMPRESSED","name":"FILE_ATTRIBUTE_COMPRESSED","type":{".class":"LiteralType","fallback":"builtins.int","value":2048}}},"FILE_ATTRIBUTE_DEVICE":{".class":"SymbolTableNode","kind":"Gdef","node":{".class":"Var","flags":["is_ready"],"fullname":"_stat.FILE_ATTRIBUTE_DEVICE","name":"FILE_ATTRIBUTE_DEVICE","type":{".class":"LiteralType","fallback":"builtins.int","value":64}}},"FILE_ATTRIBUTE_DIRECTORY":{".class":"SymbolTableNode","kind":"Gdef","node":{".class":"Var","flags":["is_ready"],"fullname":"_stat.FILE_ATTRIBUTE_DIRECTORY","name":"FILE_ATTRIBUTE_DIRECTORY","type":{".class":"LiteralType","fallback":"builtins.int","value":16}}},"FILE_ATTRIBUTE_ENCRYPTED":{".class":"SymbolTableNode","kind":"Gdef","node":{".class":"Var","flags":["is_ready"],"fullname":"_stat.FILE_ATTRIBUTE_ENCRYPTED","name":"FILE_ATTRIBUTE_ENCRYPTED","type":{".class":"LiteralType","fallback":"builtins.int","value":16384}}},"FILE_ATTRIBUTE_HIDDEN":{".class":"SymbolTableNode","kind":"Gdef","node":{".class":"Var","flags":["is_ready"],"fullname":"_stat.FILE_ATTRIBUTE_HIDDEN","name":"FILE_ATTRIBUTE_HIDDEN","type":{".class":"LiteralType","fallback":"builtins.int","value":2}}},"FILE_ATTRIBUTE_INTEGRITY_STREAM":{".class":"SymbolTableNode","kind":"Gdef","node":{".class":"Var","flags":["is_ready"],"fullname":"_stat.FILE_ATTRIBUTE_INTEGRITY_STREAM","name":"FILE_ATTRIBUTE_INTEGRITY_STREAM","type":{".class":"LiteralType","fallback":"builtins.int","value":32768}}},"FILE_ATTRIBUTE_NORMAL":{".class":"SymbolTableNode","kind":"Gdef","node":{".class":"Var","flags":["is_ready"],"fullname":"_stat.FILE_ATTRIBUTE_NORMAL","name":"FILE_ATTRIBUTE_NORMAL","type":{".class":"LiteralType","fallback":"builtins.int","value":128}}},"FILE_ATTRIBUTE_NOT_CONTENT_INDEXED":{".class":"SymbolTableNode","kind":"Gdef","node":{".class":"Var","flags":["is_ready"],"fullname":"_stat.FILE_ATTRIBUTE_NOT_CONTENT_INDEXED","name":"FILE_ATTRIBUTE_NOT_CONTENT_INDEXED","type":{".class":"LiteralType","fallback":"builtins.int","value":8192}}},"FILE_ATTRIBUTE_NO_SCRUB_DATA":{".class":"SymbolTableNode","kind":"Gdef","node":{".class":"Var","flags":["is_ready"],"fullname":"_stat.FILE_ATTRIBUTE_NO_SCRUB_DATA","name":"FILE_ATTRIBUTE_NO_SCRUB_DATA","type":{".class":"LiteralType","fallback":"builtins.int","value":131072}}},"FILE_ATTRIBUTE_OFFLINE":{".class":"SymbolTableNode","kind":"Gdef","node":{".class":"Var","flags":["is_ready"],"fullname":"_stat.FILE_ATTRIBUTE_OFFLINE","name":"FILE_ATTRIBUTE_OFFLINE","type":{".class":"LiteralType","fallback":"builtins.int","value":4096}}},"FILE_ATTRIBUTE_READONLY":{".class":"SymbolTableNode","kind":"Gdef","node":{".class":"Var","flags":["is_ready"],"fullname":"_stat.FILE_ATTRIBUTE_READONLY","name":"FILE_ATTRIBUTE_READONLY","type":{".class":"LiteralType","fallback":"builtins.int","value":1}}},"FILE_ATTRIBUTE_REPARSE_POINT":{".class":"SymbolTableNode","kind":"Gdef","node":{".class":"Var","flags":["is_ready"],"fullname":"_stat.FILE_ATTRIBUTE_REPARSE_POINT","name":"FILE_ATTRIBUTE_REPARSE_POINT","type":{".class":"LiteralType","fallback":"builtins.int","value":1024}}},"FILE_ATTRIBUTE_SPARSE_FILE":{".class":"SymbolTableNode","kind":"Gdef","node":{".class":"Var","flags":["is_ready"],"fullname":"_stat.FILE_ATTRIBUTE_SPARSE_FILE","name":"FILE_ATTRIBUTE_SPARSE_FILE","type":{".class":"LiteralType","fallback":"builtins.int","value":512}}},"FILE_ATTRIBUTE_SYSTEM":{".class":"SymbolTableNode","kind":"Gdef","node":{".class":"Var","flags":["is_ready"],"fullname":"_stat.FILE_ATTRIBUTE_SYSTEM","name":"FILE_ATTRIBUTE_SYSTEM","type":{".class":"LiteralType","fallback":"builtins.int","value":4}}},"FILE_ATTRIBUTE_TEMPORARY":{".class":"SymbolTableNode","kind":"Gdef","node":{".class":"Var","flags":["is_ready"],"fullname":"_stat.FILE_ATTRIBUTE_TEMPORARY","name":"FILE_ATTRIBUTE_TEMPORARY","type":{".class":"LiteralType","fallback":"builtins.int","value":256}}},"FILE_ATTRIBUTE_VIRTUAL":{".class":"SymbolTableNode","kind":"Gdef","node":{".class":"Var","flags":["is_ready"],"fullname":"_stat.FILE_ATTRIBUTE_VIRTUAL","name":"FILE_ATTRIBUTE_VIRTUAL","type":{".class":"LiteralType","fallback":"builtins.int","value":65536}}},"IO_REPARSE_TAG_APPEXECLINK":{".class":"SymbolTableNode","kind":"Gdef","node":{".class":"Var","flags":["is_ready"],"fullname":"_stat.IO_REPARSE_TAG_APPEXECLINK","name":"IO_REPARSE_TAG_APPEXECLINK","type":"builtins.int"}},"IO_REPARSE_TAG_MOUNT_POINT":{".class":"SymbolTableNode","kind":"Gdef","node":{".class":"Var","flags":["is_ready"],"fullname":"_stat.IO_REPARSE_TAG_MOUNT_POINT","name":"IO_REPARSE_TAG_MOUNT_POINT","type":"builtins.int"}},"IO_REPARSE_TAG_SYMLINK":{".class":"SymbolTableNode","kind":"Gdef","node":{".class":"Var","flags":["is_ready"],"fullname":"_stat.IO_REPARSE_TAG_SYMLINK","name":"IO_REPARSE_TAG_SYMLINK","type":"builtins.int"}},"Literal":{".class":"SymbolTableNode","cross_ref":"typing_extensions.Literal","kind":"Gdef","module_hidden":true,"module_public":false},"SF_APPEND":{".class":"SymbolTableNode","kind":"Gdef","node":{".class":"Var","flags":["is_ready"],"fullname":"_stat.SF_APPEND","name":"SF_APPEND","type":{".class":"LiteralType","fallback":"builtins.int","value":262144}}},"SF_ARCHIVED":{".class":"SymbolTableNode","kind":"Gdef","node":{".class":"Var","flags":["is_ready"],"fullname":"_stat.SF_ARCHIVED","name":"SF_ARCHIVED","type":{".class":"LiteralType","fallback":"builtins.int","value":65536}}},"SF_IMMUTABLE":{".class":"SymbolTableNode","kind":"Gdef","node":{".class":"Var","flags":["is_ready"],"fullname":"_stat.SF_IMMUTABLE","name":"SF_IMMUTABLE","type":{".class":"LiteralType","fallback":"builtins.int","value":131072}}},"SF_NOUNLINK":{".class":"SymbolTableNode","kind":"Gdef","node":{".class":"Var","flags":["is_ready"],"fullname":"_stat.SF_NOUNLINK","name":"SF_NOUNLINK","type":{".class":"LiteralType","fallback":"builtins.int","value":1048576}}},"SF_SNAPSHOT":{".class":"SymbolTableNode","kind":"Gdef","node":{".class":"Var","flags":["is_ready"],"fullname":"_stat.SF_SNAPSHOT","name":"SF_SNAPSHOT","type":{".class":"LiteralType","fallback":"builtins.int","value":2097152}}},"ST_ATIME":{".class":"SymbolTableNode","kind":"Gdef","node":{".class":"Var","flags":["is_ready"],"fullname":"_stat.ST_ATIME","name":"ST_ATIME","type":{".class":"LiteralType","fallback":"builtins.int","value":7}}},"ST_CTIME":{".class":"SymbolTableNode","kind":"Gdef","node":{".class":"Var","flags":["is_ready"],"fullname":"_stat.ST_CTIME","name":"ST_CTIME","type":{".class":"LiteralType","fallback":"builtins.int","value":9}}},"ST_DEV":{".class":"SymbolTableNode","kind":"Gdef","node":{".class":"Var","flags":["is_ready"],"fullname":"_stat.ST_DEV","name":"ST_DEV","type":{".class":"LiteralType","fallback":"builtins.int","value":2}}},"ST_GID":{".class":"SymbolTableNode","kind":"Gdef","node":{".class":"Var","flags":["is_ready"],"fullname":"_stat.ST_GID","name":"ST_GID","type":{".class":"LiteralType","fallback":"builtins.int","value":5}}},"ST_INO":{".class":"SymbolTableNode","kind":"Gdef","node":{".class":"Var","flags":["is_ready"],"fullname":"_stat.ST_INO","name":"ST_INO","type":{".class":"LiteralType","fallback":"builtins.int","value":1}}},"ST_MODE":{".class":"SymbolTableNode","kind":"Gdef","node":{".class":"Var","flags":["is_ready"],"fullname":"_stat.ST_MODE","name":"ST_MODE","type":{".class":"LiteralType","fallback":"builtins.int","value":0}}},"ST_MTIME":{".class":"SymbolTableNode","kind":"Gdef","node":{".class":"Var","flags":["is_ready"],"fullname":"_stat.ST_MTIME","name":"ST_MTIME","type":{".class":"LiteralType","fallback":"builtins.int","value":8}}},"ST_NLINK":{".class":"SymbolTableNode","kind":"Gdef","node":{".class":"Var","flags":["is_ready"],"fullname":"_stat.ST_NLINK","name":"ST_NLINK","type":{".class":"LiteralType","fallback":"builtins.int","value":3}}},"ST_SIZE":{".class":"SymbolTableNode","kind":"Gdef","node":{".class":"Var","flags":["is_ready"],"fullname":"_stat.ST_SIZE","name":"ST_SIZE","type":{".class":"LiteralType","fallback":"builtins.int","value":6}}},"ST_UID":{".class":"SymbolTableNode","kind":"Gdef","node":{".class":"Var","flags":["is_ready"],"fullname":"_stat.ST_UID","name":"ST_UID","type":{".class":"LiteralType","fallback":"builtins.int","value":4}}},"S_ENFMT":{".class":"SymbolTableNode","kind":"Gdef","node":{".class":"Var","flags":["is_ready"],"fullname":"_stat.S_ENFMT","name":"S_ENFMT","type":{".class":"LiteralType","fallback":"builtins.int","value":1024}}},"S_IEXEC":{".class":"SymbolTableNode","kind":"Gdef","node":{".class":"Var","flags":["is_ready"],"fullname":"_stat.S_IEXEC","name":"S_IEXEC","type":{".class":"LiteralType","fallback":"builtins.int","value":64}}},"S_IFBLK":{".class":"SymbolTableNode","kind":"Gdef","node":{".class":"Var","flags":["is_ready"],"fullname":"_stat.S_IFBLK","name":"S_IFBLK","type":{".class":"LiteralType","fallback":"builtins.int","value":24576}}},"S_IFCHR":{".class":"SymbolTableNode","kind":"Gdef","node":{".class":"Var","flags":["is_ready"],"fullname":"_stat.S_IFCHR","name":"S_IFCHR","type":{".class":"LiteralType","fallback":"builtins.int","value":8192}}},"S_IFDIR":{".class":"SymbolTableNode","kind":"Gdef","node":{".class":"Var","flags":["is_ready"],"fullname":"_stat.S_IFDIR","name":"S_IFDIR","type":{".class":"LiteralType","fallback":"builtins.int","value":16384}}},"S_IFDOOR":{".class":"SymbolTableNode","kind":"Gdef","node":{".class":"Var","flags":["is_ready"],"fullname":"_stat.S_IFDOOR","name":"S_IFDOOR","type":"builtins.int"}},"S_IFIFO":{".class":"SymbolTableNode","kind":"Gdef","node":{".class":"Var","flags":["is_ready"],"fullname":"_stat.S_IFIFO","name":"S_IFIFO","type":{".class":"LiteralType","fallback":"builtins.int","value":4096}}},"S_IFLNK":{".class":"SymbolTableNode","kind":"Gdef","node":{".class":"Var","flags":["is_ready"],"fullname":"_stat.S_IFLNK","name":"S_IFLNK","type":{".class":"LiteralType","fallback":"builtins.int","value":40960}}},"S_IFMT":{".class":"SymbolTableNode","kind":"Gdef","node":{".class":"FuncDef","abstract_status":0,"arg_kinds":[0],"arg_names":["mode"],"dataclass_transform_spec":null,"flags":[],"fullname":"_stat.S_IFMT","name":"S_IFMT","type":{".class":"CallableType","arg_kinds":[0],"arg_names":["mode"],"arg_types":["builtins.int"],"bound_args":[],"def_extras":{"first_arg":null},"fallback":"builtins.function","from_concatenate":false,"implicit":false,"is_ellipsis_args":false,"name":"S_IFMT","ret_type":"builtins.int","type_guard":null,"unpack_kwargs":false,"variables":[]}}},"S_IFPORT":{".class":"SymbolTableNode","kind":"Gdef","node":{".class":"Var","flags":["is_ready"],"fullname":"_stat.S_IFPORT","name":"S_IFPORT","type":"builtins.int"}},"S_IFREG":{".class":"SymbolTableNode","kind":"Gdef","node":{".class":"Var","flags":["is_ready"],"fullname":"_stat.S_IFREG","name":"S_IFREG","type":{".class":"LiteralType","fallback":"builtins.int","value":32768}}},"S_IFSOCK":{".class":"SymbolTableNode","kind":"Gdef","node":{".class":"Var","flags":["is_ready"],"fullname":"_stat.S_IFSOCK","name":"S_IFSOCK","type":{".class":"LiteralType","fallback":"builtins.int","value":49152}}},"S_IFWHT":{".class":"SymbolTableNode","kind":"Gdef","node":{".class":"Var","flags":["is_ready"],"fullname":"_stat.S_IFWHT","name":"S_IFWHT","type":"builtins.int"}},"S_IMODE":{".class":"SymbolTableNode","kind":"Gdef","node":{".class":"FuncDef","abstract_status":0,"arg_kinds":[0],"arg_names":["mode"],"dataclass_transform_spec":null,"flags":[],"fullname":"_stat.S_IMODE","name":"S_IMODE","type":{".class":"CallableType","arg_kinds":[0],"arg_names":["mode"],"arg_types":["builtins.int"],"bound_args":[],"def_extras":{"first_arg":null},"fallback":"builtins.function","from_concatenate":false,"implicit":false,"is_ellipsis_args":false,"name":"S_IMODE","ret_type":"builtins.int","type_guard":null,"unpack_kwargs":false,"variables":[]}}},"S_IREAD":{".class":"SymbolTableNode","kind":"Gdef","node":{".class":"Var","flags":["is_ready"],"fullname":"_stat.S_IREAD","name":"S_IREAD","type":{".class":"LiteralType","fallback":"builtins.int","value":256}}},"S_IRGRP":{".class":"SymbolTableNode","kind":"Gdef","node":{".class":"Var","flags":["is_ready"],"fullname":"_stat.S_IRGRP","name":"S_IRGRP","type":{".class":"LiteralType","fallback":"builtins.int","value":32}}},"S_IROTH":{".class":"SymbolTableNode","kind":"Gdef","node":{".class":"Var","flags":["is_ready"],"fullname":"_stat.S_IROTH","name":"S_IROTH","type":{".class":"LiteralType","fallback":"builtins.int","value":4}}},"S_IRUSR":{".class":"SymbolTableNode","kind":"Gdef","node":{".class":"Var","flags":["is_ready"],"fullname":"_stat.S_IRUSR","name":"S_IRUSR","type":{".class":"LiteralType","fallback":"builtins.int","value":256}}},"S_IRWXG":{".class":"SymbolTableNode","kind":"Gdef","node":{".class":"Var","flags":["is_ready"],"fullname":"_stat.S_IRWXG","name":"S_IRWXG","type":{".class":"LiteralType","fallback":"builtins.int","value":56}}},"S_IRWXO":{".class":"SymbolTableNode","kind":"Gdef","node":{".class":"Var","flags":["is_ready"],"fullname":"_stat.S_IRWXO","name":"S_IRWXO","type":{".class":"LiteralType","fallback":"builtins.int","value":7}}},"S_IRWXU":{".class":"SymbolTableNode","kind":"Gdef","node":{".class":"Var","flags":["is_ready"],"fullname":"_stat.S_IRWXU","name":"S_IRWXU","type":{".class":"LiteralType","fallback":"builtins.int","value":448}}},"S_ISBLK":{".class":"SymbolTableNode","kind":"Gdef","node":{".class":"FuncDef","abstract_status":0,"arg_kinds":[0],"arg_names":["mode"],"dataclass_transform_spec":null,"flags":[],"fullname":"_stat.S_ISBLK","name":"S_ISBLK","type":{".class":"CallableType","arg_kinds":[0],"arg_names":["mode"],"arg_types":["builtins.int"],"bound_args":[],"def_extras":{"first_arg":null},"fallback":"builtins.function","from_concatenate":false,"implicit":false,"is_ellipsis_args":false,"name":"S_ISBLK","ret_type":"builtins.bool","type_guard":null,"unpack_kwargs":false,"variables":[]}}},"S_ISCHR":{".class":"SymbolTableNode","kind":"Gdef","node":{".class":"FuncDef","abstract_status":0,"arg_kinds":[0],"arg_names":["mode"],"dataclass_transform_spec":null,"flags":[],"fullname":"_stat.S_ISCHR","name":"S_ISCHR","type":{".class":"CallableType","arg_kinds":[0],"arg_names":["mode"],"arg_types":["builtins.int"],"bound_args":[],"def_extras":{"first_arg":null},"fallback":"builtins.function","from_concatenate":false,"implicit":false,"is_ellipsis_args":false,"name":"S_ISCHR","ret_type":"builtins.bool","type_guard":null,"unpack_kwargs":false,"variables":[]}}},"S_ISDIR":{".class":"SymbolTableNode","kind":"Gdef","node":{".class":"FuncDef","abstract_status":0,"arg_kinds":[0],"arg_names":["mode"],"dataclass_transform_spec":null,"flags":[],"fullname":"_stat.S_ISDIR","name":"S_ISDIR","type":{".class":"CallableType","arg_kinds":[0],"arg_names":["mode"],"arg_types":["builtins.int"],"bound_args":[],"def_extras":{"first_arg":null},"fallback":"builtins.function","from_concatenate":false,"implicit":false,"is_ellipsis_args":false,"name":"S_ISDIR","ret_type":"builtins.bool","type_guard":null,"unpack_kwargs":false,"variables":[]}}},"S_ISDOOR":{".class":"SymbolTableNode","kind":"Gdef","node":{".class":"FuncDef","abstract_status":0,"arg_kinds":[0],"arg_names":["mode"],"dataclass_transform_spec":null,"flags":[],"fullname":"_stat.S_ISDOOR","name":"S_ISDOOR","type":{".class":"CallableType","arg_kinds":[0],"arg_names":["mode"],"arg_types":["builtins.int"],"bound_args":[],"def_extras":{"first_arg":null},"fallback":"builtins.function","from_concatenate":false,"implicit":false,"is_ellipsis_args":false,"name":"S_ISDOOR","ret_type":"builtins.bool","type_guard":null,"unpack_kwargs":false,"variables":[]}}},"S_ISFIFO":{".class":"SymbolTableNode","kind":"Gdef","node":{".class":"FuncDef","abstract_status":0,"arg_kinds":[0],"arg_names":["mode"],"dataclass_transform_spec":null,"flags":[],"fullname":"_stat.S_ISFIFO","name":"S_ISFIFO","type":{".class":"CallableType","arg_kinds":[0],"arg_names":["mode"],"arg_types":["builtins.int"],"bound_args":[],"def_extras":{"first_arg":null},"fallback":"builtins.function","from_concatenate":false,"implicit":false,"is_ellipsis_args":false,"name":"S_ISFIFO","ret_type":"builtins.bool","type_guard":null,"unpack_kwargs":false,"variables":[]}}},"S_ISGID":{".class":"SymbolTableNode","kind":"Gdef","node":{".class":"Var","flags":["is_ready"],"fullname":"_stat.S_ISGID","name":"S_ISGID","type":{".class":"LiteralType","fallback":"builtins.int","value":1024}}},"S_ISLNK":{".class":"SymbolTableNode","kind":"Gdef","node":{".class":"FuncDef","abstract_status":0,"arg_kinds":[0],"arg_names":["mode"],"dataclass_transform_spec":null,"flags":[],"fullname":"_stat.S_ISLNK","name":"S_ISLNK","type":{".class":"CallableType","arg_kinds":[0],"arg_names":["mode"],"arg_types":["builtins.int"],"bound_args":[],"def_extras":{"first_arg":null},"fallback":"builtins.function","from_concatenate":false,"implicit":false,"is_ellipsis_args":false,"name":"S_ISLNK","ret_type":"builtins.bool","type_guard":null,"unpack_kwargs":false,"variables":[]}}},"S_ISPORT":{".class":"SymbolTableNode","kind":"Gdef","node":{".class":"FuncDef","abstract_status":0,"arg_kinds":[0],"arg_names":["mode"],"dataclass_transform_spec":null,"flags":[],"fullname":"_stat.S_ISPORT","name":"S_ISPORT","type":{".class":"CallableType","arg_kinds":[0],"arg_names":["mode"],"arg_types":["builtins.int"],"bound_args":[],"def_extras":{"first_arg":null},"fallback":"builtins.function","from_concatenate":false,"implicit":false,"is_ellipsis_args":false,"name":"S_ISPORT","ret_type":"builtins.bool","type_guard":null,"unpack_kwargs":false,"variables":[]}}},"S_ISREG":{".class":"SymbolTableNode","kind":"Gdef","node":{".class":"FuncDef","abstract_status":0,"arg_kinds":[0],"arg_names":["mode"],"dataclass_transform_spec":null,"flags":[],"fullname":"_stat.S_ISREG","name":"S_ISREG","type":{".class":"CallableType","arg_kinds":[0],"arg_names":["mode"],"arg_types":["builtins.int"],"bound_args":[],"def_extras":{"first_arg":null},"fallback":"builtins.function","from_concatenate":false,"implicit":false,"is_ellipsis_args":false,"name":"S_ISREG","ret_type":"builtins.bool","type_guard":null,"unpack_kwargs":false,"variables":[]}}},"S_ISSOCK":{".class":"SymbolTableNode","kind":"Gdef","node":{".class":"FuncDef","abstract_status":0,"arg_kinds":[0],"arg_names":["mode"],"dataclass_transform_spec":null,"flags":[],"fullname":"_stat.S_ISSOCK","name":"S_ISSOCK","type":{".class":"CallableType","arg_kinds":[0],"arg_names":["mode"],"arg_types":["builtins.int"],"bound_args":[],"def_extras":{"first_arg":null},"fallback":"builtins.function","from_concatenate":false,"implicit":false,"is_ellipsis_args":false,"name":"S_ISSOCK","ret_type":"builtins.bool","type_guard":null,"unpack_kwargs":false,"variables":[]}}},"S_ISUID":{".class":"SymbolTableNode","kind":"Gdef","node":{".class":"Var","flags":["is_ready"],"fullname":"_stat.S_ISUID","name":"S_ISUID","type":{".class":"LiteralType","fallback":"builtins.int","value":2048}}},"S_ISVTX":{".class":"SymbolTableNode","kind":"Gdef","node":{".class":"Var","flags":["is_ready"],"fullname":"_stat.S_ISVTX","name":"S_ISVTX","type":{".class":"LiteralType","fallback":"builtins.int","value":512}}},"S_ISWHT":{".class":"SymbolTableNode","kind":"Gdef","node":{".class":"FuncDef","abstract_status":0,"arg_kinds":[0],"arg_names":["mode"],"dataclass_transform_spec":null,"flags":[],"fullname":"_stat.S_ISWHT","name":"S_ISWHT","type":{".class":"CallableType","arg_kinds":[0],"arg_names":["mode"],"arg_types":["builtins.int"],"bound_args":[],"def_extras":{"first_arg":null},"fallback":"builtins.function","from_concatenate":false,"implicit":false,"is_ellipsis_args":false,"name":"S_ISWHT","ret_type":"builtins.bool","type_guard":null,"unpack_kwargs":false,"variables":[]}}},"S_IWGRP":{".class":"SymbolTableNode","kind":"Gdef","node":{".class":"Var","flags":["is_ready"],"fullname":"_stat.S_IWGRP","name":"S_IWGRP","type":{".class":"LiteralType","fallback":"builtins.int","value":16}}},"S_IWOTH":{".class":"SymbolTableNode","kind":"Gdef","node":{".class":"Var","flags":["is_ready"],"fullname":"_stat.S_IWOTH","name":"S_IWOTH","type":{".class":"LiteralType","fallback":"builtins.int","value":2}}},"S_IWRITE":{".class":"SymbolTableNode","kind":"Gdef","node":{".class":"Var","flags":["is_ready"],"fullname":"_stat.S_IWRITE","name":"S_IWRITE","type":{".class":"LiteralType","fallback":"builtins.int","value":128}}},"S_IWUSR":{".class":"SymbolTableNode","kind":"Gdef","node":{".class":"Var","flags":["is_ready"],"fullname":"_stat.S_IWUSR","name":"S_IWUSR","type":{".class":"LiteralType","fallback":"builtins.int","value":128}}},"S_IXGRP":{".class":"SymbolTableNode","kind":"Gdef","node":{".class":"Var","flags":["is_ready"],"fullname":"_stat.S_IXGRP","name":"S_IXGRP","type":{".class":"LiteralType","fallback":"builtins.int","value":8}}},"S_IXOTH":{".class":"SymbolTableNode","kind":"Gdef","node":{".class":"Var","flags":["is_ready"],"fullname":"_stat.S_IXOTH","name":"S_IXOTH","type":{".class":"LiteralType","fallback":"builtins.int","value":1}}},"S_IXUSR":{".class":"SymbolTableNode","kind":"Gdef","node":{".class":"Var","flags":["is_ready"],"fullname":"_stat.S_IXUSR","name":"S_IXUSR","type":{".class":"LiteralType","fallback":"builtins.int","value":64}}},"UF_APPEND":{".class":"SymbolTableNode","kind":"Gdef","node":{".class":"Var","flags":["is_ready"],"fullname":"_stat.UF_APPEND","name":"UF_APPEND","type":{".class":"LiteralType","fallback":"builtins.int","value":4}}},"UF_COMPRESSED":{".class":"SymbolTableNode","kind":"Gdef","node":{".class":"Var","flags":["is_ready"],"fullname":"_stat.UF_COMPRESSED","name":"UF_COMPRESSED","type":{".class":"LiteralType","fallback":"builtins.int","value":32}}},"UF_HIDDEN":{".class":"SymbolTableNode","kind":"Gdef","node":{".class":"Var","flags":["is_ready"],"fullname":"_stat.UF_HIDDEN","name":"UF_HIDDEN","type":{".class":"LiteralType","fallback":"builtins.int","value":32768}}},"UF_IMMUTABLE":{".class":"SymbolTableNode","kind":"Gdef","node":{".class":"Var","flags":["is_ready"],"fullname":"_stat.UF_IMMUTABLE","name":"UF_IMMUTABLE","type":{".class":"LiteralType","fallback":"builtins.int","value":2}}},"UF_NODUMP":{".class":"SymbolTableNode","kind":"Gdef","node":{".class":"Var","flags":["is_ready"],"fullname":"_stat.UF_NODUMP","name":"UF_NODUMP","type":{".class":"LiteralType","fallback":"builtins.int","value":1}}},"UF_NOUNLINK":{".class":"SymbolTableNode","kind":"Gdef","node":{".class":"Var","flags":["is_ready"],"fullname":"_stat.UF_NOUNLINK","name":"UF_NOUNLINK","type":{".class":"LiteralType","fallback":"builtins.int","value":16}}},"UF_OPAQUE":{".class":"SymbolTableNode","kind":"Gdef","node":{".class":"Var","flags":["is_ready"],"fullname":"_stat.UF_OPAQUE","name":"UF_OPAQUE","type":{".class":"LiteralType","fallback":"builtins.int","value":8}}},"__annotations__":{".class":"SymbolTableNode","kind":"Gdef","node":{".class":"Var","flags":["is_ready"],"fullname":"_stat.__annotations__","name":"__annotations__","type":{".class":"Instance","args":["builtins.str",{".class":"AnyType","missing_import_name":null,"source_any":null,"type_of_any":6}],"type_ref":"builtins.dict"}}},"__doc__":{".class":"SymbolTableNode","kind":"Gdef","node":{".class":"Var","flags":["is_ready"],"fullname":"_stat.__doc__","name":"__doc__","type":"builtins.str"}},"__file__":{".class":"SymbolTableNode","kind":"Gdef","node":{".class":"Var","flags":["is_ready"],"fullname":"_stat.__file__","name":"__file__","type":"builtins.str"}},"__name__":{".class":"SymbolTableNode","kind":"Gdef","node":{".class":"Var","flags":["is_ready"],"fullname":"_stat.__name__","name":"__name__","type":"builtins.str"}},"__package__":{".class":"SymbolTableNode","kind":"Gdef","node":{".class":"Var","flags":["is_ready"],"fullname":"_stat.__package__","name":"__package__","type":"builtins.str"}},"filemode":{".class":"SymbolTableNode","kind":"Gdef","node":{".class":"FuncDef","abstract_status":0,"arg_kinds":[0],"arg_names":["mode"],"dataclass_transform_spec":null,"flags":[],"fullname":"_stat.filemode","name":"filemode","type":{".class":"CallableType","arg_kinds":[0],"arg_names":["mode"],"arg_types":["builtins.int"],"bound_args":[],"def_extras":{"first_arg":null},"fallback":"builtins.function","from_concatenate":false,"implicit":false,"is_ellipsis_args":false,"name":"filemode","ret_type":"builtins.str","type_guard":null,"unpack_kwargs":false,"variables":[]}}},"sys":{".class":"SymbolTableNode","cross_ref":"sys","kind":"Gdef","module_hidden":true,"module_public":false}},"path":"C:\\Users\\Vasilis\\AppData\\Local\\Programs\\Python\\Python313\\Lib\\site-packages\\mypy\\typeshed\\stdlib\\_stat.pyi"}