{"data_mtime":1762095554,"dep_lines":[6,7,1,3,4,1,1,1,1,1],"dep_prios":[5,5,5,5,5,5,30,30,30,30],"dependencies":["anyio.abc._resources","anyio.abc._streams","__future__","abc","signal","builtins","anyio._core","anyio._core._typedattr","enum","typing"],"hash":"72e9803c94e4b4e42dc3adc8a86d250e9c99aaefe5d44125bd01cc8b02602f4f","id":"anyio.abc._subprocesses","ignore_all":true,"interface_hash":"eb6a397997819eeb18aab2eb74d73bb577089809253b2c39879ad1ca3bb63e7f","mtime":1758060734,"options":{"allow_redefinition":false,"allow_untyped_globals":false,"always_false":[],"always_true":[],"bazel":false,"check_untyped_defs":false,"disable_bytearray_promotion":false,"disable_error_code":[],"disable_memoryview_promotion":false,"disabled_error_codes":[],"disallow_any_decorated":false,"disallow_any_explicit":false,"disallow_any_expr":false,"disallow_any_generics":false,"disallow_any_unimported":false,"disallow_incomplete_defs":false,"disallow_subclassing_any":false,"disallow_untyped_calls":false,"disallow_untyped_decorators":false,"disallow_untyped_defs":false,"enable_error_code":[],"enabled_error_codes":[],"follow_imports":"silent","follow_imports_for_stubs":false,"ignore_errors":false,"ignore_missing_imports":true,"implicit_optional":true,"implicit_reexport":true,"local_partial_types":false,"mypyc":false,"platform":"win32","plugins":[],"strict_concatenate":false,"strict_equality":false,"strict_optional":true,"warn_no_return":true,"warn_return_any":false,"warn_unreachable":false,"warn_unused_ignores":false},"path":"C:\\Users\\Vasilis\\AppData\\Local\\Programs\\Python\\Python313\\Lib\\site-packages\\anyio\\abc\\_subprocesses.py","plugin_data":null,"size":2067,"suppressed":[],"version_id":"1.3.0"}