{".class":"MypyFile","_fullname":"anyio.abc._subprocesses","future_import_flags":["annotations"],"is_partial_stub_package":false,"is_stub":false,"names":{".class":"SymbolTable","AsyncResource":{".class":"SymbolTableNode","cross_ref":"anyio.abc._resources.AsyncResource","kind":"Gdef"},"ByteReceiveStream":{".class":"SymbolTableNode","cross_ref":"anyio.abc._streams.ByteReceiveStream","kind":"Gdef"},"ByteSendStream":{".class":"SymbolTableNode","cross_ref":"anyio.abc._streams.ByteSendStream","kind":"Gdef"},"Process":{".class":"SymbolTableNode","kind":"Gdef","node":{".class":"TypeInfo","_promote":[],"abstract_attributes":[["aclose",1],["kill",1],["pid",1],["returncode",1],["send_signal",1],["stderr",1],["stdin",1],["stdout",1],["terminate",1],["wait",1]],"alt_promote":null,"bases":["anyio.abc._resources.AsyncResource"],"dataclass_transform_spec":null,"declared_metaclass":null,"defn":{".class":"ClassDef","fullname":"anyio.abc._subprocesses.Process","name":"Process","type_vars":[]},"deletable_attributes":[],"flags":["is_abstract"],"fullname":"anyio.abc._subprocesses.Process","has_param_spec_type":false,"metaclass_type":"abc.ABCMeta","metadata":{},"module_name":"anyio.abc._subprocesses","mro":["anyio.abc._subprocesses.Process","anyio.abc._resources.AsyncResource","builtins.object"],"names":{".class":"SymbolTable","kill":{".class":"SymbolTableNode","kind":"Mdef","node":{".class":"Decorator","func":{".class":"FuncDef","abstract_status":1,"arg_kinds":[0],"arg_names":["self"],"dataclass_transform_spec":null,"flags":["is_decorated","is_trivial_body"],"fullname":"anyio.abc._subprocesses.Process.kill","name":"kill","type":{".class":"CallableType","arg_kinds":[0],"arg_names":["self"],"arg_types":["anyio.abc._subprocesses.Process"],"bound_args":[],"def_extras":{"first_arg":"self"},"fallback":"builtins.function","from_concatenate":false,"implicit":false,"is_ellipsis_args":false,"name":"kill of Process","ret_type":{".class":"NoneType"},"type_guard":null,"unpack_kwargs":false,"variables":[]}},"is_overload":false,"var":{".class":"Var","flags":["is_initialized_in_class","is_ready","is_inferred"],"fullname":"anyio.abc._subprocesses.Process.kill","name":"kill","type":{".class":"CallableType","arg_kinds":[0],"arg_names":["self"],"arg_types":["anyio.abc._subprocesses.Process"],"bound_args":[],"def_extras":{"first_arg":"self"},"fallback":"builtins.function","from_concatenate":false,"implicit":false,"is_ellipsis_args":false,"name":"kill of Process","ret_type":{".class":"NoneType"},"type_guard":null,"unpack_kwargs":false,"variables":[]}}}},"pid":{".class":"SymbolTableNode","kind":"Mdef","node":{".class":"Decorator","func":{".class":"FuncDef","abstract_status":1,"arg_kinds":[0],"arg_names":["self"],"dataclass_transform_spec":null,"flags":["is_property","is_decorated","is_trivial_body"],"fullname":"anyio.abc._subprocesses.Process.pid","name":"pid","type":{".class":"CallableType","arg_kinds":[0],"arg_names":["self"],"arg_types":["anyio.abc._subprocesses.Process"],"bound_args":[],"def_extras":{"first_arg":"self"},"fallback":"builtins.function","from_concatenate":false,"implicit":false,"is_ellipsis_args":false,"name":"pid of Process","ret_type":"builtins.int","type_guard":null,"unpack_kwargs":false,"variables":[]}},"is_overload":false,"var":{".class":"Var","flags":["is_initialized_in_class","is_property","is_ready","is_inferred"],"fullname":"anyio.abc._subprocesses.Process.pid","name":"pid","type":{".class":"CallableType","arg_kinds":[0],"arg_names":["self"],"arg_types":["anyio.abc._subprocesses.Process"],"bound_args":[],"def_extras":{"first_arg":"self"},"fallback":"builtins.function","from_concatenate":false,"implicit":false,"is_ellipsis_args":false,"name":"pid of Process","ret_type":"builtins.int","type_guard":null,"unpack_kwargs":false,"variables":[]}}}},"returncode":{".class":"SymbolTableNode","kind":"Mdef","node":{".class":"Decorator","func":{".class":"FuncDef","abstract_status":1,"arg_kinds":[0],"arg_names":["self"],"dataclass_transform_spec":null,"flags":["is_property","is_decorated","is_trivial_body"],"fullname":"anyio.abc._subprocesses.Process.returncode","name":"returncode","type":{".class":"CallableType","arg_kinds":[0],"arg_names":["self"],"arg_types":["anyio.abc._subprocesses.Process"],"bound_args":[],"def_extras":{"first_arg":"self"},"fallback":"builtins.function","from_concatenate":false,"implicit":false,"is_ellipsis_args":false,"name":"returncode of Process","ret_type":{".class":"UnionType","items":["builtins.int",{".class":"NoneType"}]},"type_guard":null,"unpack_kwargs":false,"variables":[]}},"is_overload":false,"var":{".class":"Var","flags":["is_initialized_in_class","is_property","is_ready","is_inferred"],"fullname":"anyio.abc._subprocesses.Process.returncode","name":"returncode","type":{".class":"CallableType","arg_kinds":[0],"arg_names":["self"],"arg_types":["anyio.abc._subprocesses.Process"],"bound_args":[],"def_extras":{"first_arg":"self"},"fallback":"builtins.function","from_concatenate":false,"implicit":false,"is_ellipsis_args":false,"name":"returncode of Process","ret_type":{".class":"UnionType","items":["builtins.int",{".class":"NoneType"}]},"type_guard":null,"unpack_kwargs":false,"variables":[]}}}},"send_signal":{".class":"SymbolTableNode","kind":"Mdef","node":{".class":"Decorator","func":{".class":"FuncDef","abstract_status":1,"arg_kinds":[0,0],"arg_names":["self","signal"],"dataclass_transform_spec":null,"flags":["is_decorated","is_trivial_body"],"fullname":"anyio.abc._subprocesses.Process.send_signal","name":"send_signal","type":{".class":"CallableType","arg_kinds":[0,0],"arg_names":["self","signal"],"arg_types":["anyio.abc._subprocesses.Process","signal.Signals"],"bound_args":[],"def_extras":{"first_arg":"self"},"fallback":"builtins.function","from_concatenate":false,"implicit":false,"is_ellipsis_args":false,"name":"send_signal of Process","ret_type":{".class":"NoneType"},"type_guard":null,"unpack_kwargs":false,"variables":[]}},"is_overload":false,"var":{".class":"Var","flags":["is_initialized_in_class","is_ready","is_inferred"],"fullname":"anyio.abc._subprocesses.Process.send_signal","name":"send_signal","type":{".class":"CallableType","arg_kinds":[0,0],"arg_names":["self","signal"],"arg_types":["anyio.abc._subprocesses.Process","signal.Signals"],"bound_args":[],"def_extras":{"first_arg":"self"},"fallback":"builtins.function","from_concatenate":false,"implicit":false,"is_ellipsis_args":false,"name":"send_signal of Process","ret_type":{".class":"NoneType"},"type_guard":null,"unpack_kwargs":false,"variables":[]}}}},"stderr":{".class":"SymbolTableNode","kind":"Mdef","node":{".class":"Decorator","func":{".class":"FuncDef","abstract_status":1,"arg_kinds":[0],"arg_names":["self"],"dataclass_transform_spec":null,"flags":["is_property","is_decorated","is_trivial_body"],"fullname":"anyio.abc._subprocesses.Process.stderr","name":"stderr","type":{".class":"CallableType","arg_kinds":[0],"arg_names":["self"],"arg_types":["anyio.abc._subprocesses.Process"],"bound_args":[],"def_extras":{"first_arg":"self"},"fallback":"builtins.function","from_concatenate":false,"implicit":false,"is_ellipsis_args":false,"name":"stderr of Process","ret_type":{".class":"UnionType","items":["anyio.abc._streams.ByteReceiveStream",{".class":"NoneType"}]},"type_guard":null,"unpack_kwargs":false,"variables":[]}},"is_overload":false,"var":{".class":"Var","flags":["is_initialized_in_class","is_property","is_ready","is_inferred"],"fullname":"anyio.abc._subprocesses.Process.stderr","name":"stderr","type":{".class":"CallableType","arg_kinds":[0],"arg_names":["self"],"arg_types":["anyio.abc._subprocesses.Process"],"bound_args":[],"def_extras":{"first_arg":"self"},"fallback":"builtins.function","from_concatenate":false,"implicit":false,"is_ellipsis_args":false,"name":"stderr of Process","ret_type":{".class":"UnionType","items":["anyio.abc._streams.ByteReceiveStream",{".class":"NoneType"}]},"type_guard":null,"unpack_kwargs":false,"variables":[]}}}},"stdin":{".class":"SymbolTableNode","kind":"Mdef","node":{".class":"Decorator","func":{".class":"FuncDef","abstract_status":1,"arg_kinds":[0],"arg_names":["self"],"dataclass_transform_spec":null,"flags":["is_property","is_decorated","is_trivial_body"],"fullname":"anyio.abc._subprocesses.Process.stdin","name":"stdin","type":{".class":"CallableType","arg_kinds":[0],"arg_names":["self"],"arg_types":["anyio.abc._subprocesses.Process"],"bound_args":[],"def_extras":{"first_arg":"self"},"fallback":"builtins.function","from_concatenate":false,"implicit":false,"is_ellipsis_args":false,"name":"stdin of Process","ret_type":{".class":"UnionType","items":["anyio.abc._streams.ByteSendStream",{".class":"NoneType"}]},"type_guard":null,"unpack_kwargs":false,"variables":[]}},"is_overload":false,"var":{".class":"Var","flags":["is_initialized_in_class","is_property","is_ready","is_inferred"],"fullname":"anyio.abc._subprocesses.Process.stdin","name":"stdin","type":{".class":"CallableType","arg_kinds":[0],"arg_names":["self"],"arg_types":["anyio.abc._subprocesses.Process"],"bound_args":[],"def_extras":{"first_arg":"self"},"fallback":"builtins.function","from_concatenate":false,"implicit":false,"is_ellipsis_args":false,"name":"stdin of Process","ret_type":{".class":"UnionType","items":["anyio.abc._streams.ByteSendStream",{".class":"NoneType"}]},"type_guard":null,"unpack_kwargs":false,"variables":[]}}}},"stdout":{".class":"SymbolTableNode","kind":"Mdef","node":{".class":"Decorator","func":{".class":"FuncDef","abstract_status":1,"arg_kinds":[0],"arg_names":["self"],"dataclass_transform_spec":null,"flags":["is_property","is_decorated","is_trivial_body"],"fullname":"anyio.abc._subprocesses.Process.stdout","name":"stdout","type":{".class":"CallableType","arg_kinds":[0],"arg_names":["self"],"arg_types":["anyio.abc._subprocesses.Process"],"bound_args":[],"def_extras":{"first_arg":"self"},"fallback":"builtins.function","from_concatenate":false,"implicit":false,"is_ellipsis_args":false,"name":"stdout of Process","ret_type":{".class":"UnionType","items":["anyio.abc._streams.ByteReceiveStream",{".class":"NoneType"}]},"type_guard":null,"unpack_kwargs":false,"variables":[]}},"is_overload":false,"var":{".class":"Var","flags":["is_initialized_in_class","is_property","is_ready","is_inferred"],"fullname":"anyio.abc._subprocesses.Process.stdout","name":"stdout","type":{".class":"CallableType","arg_kinds":[0],"arg_names":["self"],"arg_types":["anyio.abc._subprocesses.Process"],"bound_args":[],"def_extras":{"first_arg":"self"},"fallback":"builtins.function","from_concatenate":false,"implicit":false,"is_ellipsis_args":false,"name":"stdout of Process","ret_type":{".class":"UnionType","items":["anyio.abc._streams.ByteReceiveStream",{".class":"NoneType"}]},"type_guard":null,"unpack_kwargs":false,"variables":[]}}}},"terminate":{".class":"SymbolTableNode","kind":"Mdef","node":{".class":"Decorator","func":{".class":"FuncDef","abstract_status":1,"arg_kinds":[0],"arg_names":["self"],"dataclass_transform_spec":null,"flags":["is_decorated","is_trivial_body"],"fullname":"anyio.abc._subprocesses.Process.terminate","name":"terminate","type":{".class":"CallableType","arg_kinds":[0],"arg_names":["self"],"arg_types":["anyio.abc._subprocesses.Process"],"bound_args":[],"def_extras":{"first_arg":"self"},"fallback":"builtins.function","from_concatenate":false,"implicit":false,"is_ellipsis_args":false,"name":"terminate of Process","ret_type":{".class":"NoneType"},"type_guard":null,"unpack_kwargs":false,"variables":[]}},"is_overload":false,"var":{".class":"Var","flags":["is_initialized_in_class","is_ready","is_inferred"],"fullname":"anyio.abc._subprocesses.Process.terminate","name":"terminate","type":{".class":"CallableType","arg_kinds":[0],"arg_names":["self"],"arg_types":["anyio.abc._subprocesses.Process"],"bound_args":[],"def_extras":{"first_arg":"self"},"fallback":"builtins.function","from_concatenate":false,"implicit":false,"is_ellipsis_args":false,"name":"terminate of Process","ret_type":{".class":"NoneType"},"type_guard":null,"unpack_kwargs":false,"variables":[]}}}},"wait":{".class":"SymbolTableNode","kind":"Mdef","node":{".class":"Decorator","func":{".class":"FuncDef","abstract_status":1,"arg_kinds":[0],"arg_names":["self"],"dataclass_transform_spec":null,"flags":["is_coroutine","is_decorated","is_trivial_body"],"fullname":"anyio.abc._subprocesses.Process.wait","name":"wait","type":{".class":"CallableType","arg_kinds":[0],"arg_names":["self"],"arg_types":["anyio.abc._subprocesses.Process"],"bound_args":[],"def_extras":{"first_arg":"self"},"fallback":"builtins.function","from_concatenate":false,"implicit":false,"is_ellipsis_args":false,"name":"wait of Process","ret_type":{".class":"Instance","args":[{".class":"AnyType","missing_import_name":null,"source_any":null,"type_of_any":6},{".class":"AnyType","missing_import_name":null,"source_any":null,"type_of_any":6},"builtins.int"],"type_ref":"typing.Coroutine"},"type_guard":null,"unpack_kwargs":false,"variables":[]}},"is_overload":false,"var":{".class":"Var","flags":["is_initialized_in_class","is_ready","is_inferred"],"fullname":"anyio.abc._subprocesses.Process.wait","name":"wait","type":{".class":"CallableType","arg_kinds":[0],"arg_names":["self"],"arg_types":["anyio.abc._subprocesses.Process"],"bound_args":[],"def_extras":{"first_arg":"self"},"fallback":"builtins.function","from_concatenate":false,"implicit":false,"is_ellipsis_args":false,"name":"wait of Process","ret_type":{".class":"Instance","args":[{".class":"AnyType","missing_import_name":null,"source_any":null,"type_of_any":6},{".class":"AnyType","missing_import_name":null,"source_any":null,"type_of_any":6},"builtins.int"],"type_ref":"typing.Coroutine"},"type_guard":null,"unpack_kwargs":false,"variables":[]}}}}},"self_type":null,"slots":null,"tuple_type":null,"type_vars":[],"typeddict_type":null}},"Signals":{".class":"SymbolTableNode","cross_ref":"signal.Signals","kind":"Gdef"},"__annotations__":{".class":"SymbolTableNode","kind":"Gdef","node":{".class":"Var","flags":["is_ready"],"fullname":"anyio.abc._subprocesses.__annotations__","name":"__annotations__","type":{".class":"Instance","args":["builtins.str",{".class":"AnyType","missing_import_name":null,"source_any":null,"type_of_any":6}],"type_ref":"builtins.dict"}}},"__doc__":{".class":"SymbolTableNode","kind":"Gdef","node":{".class":"Var","flags":["is_ready"],"fullname":"anyio.abc._subprocesses.__doc__","name":"__doc__","type":"builtins.str"}},"__file__":{".class":"SymbolTableNode","kind":"Gdef","node":{".class":"Var","flags":["is_ready"],"fullname":"anyio.abc._subprocesses.__file__","name":"__file__","type":"builtins.str"}},"__name__":{".class":"SymbolTableNode","kind":"Gdef","node":{".class":"Var","flags":["is_ready"],"fullname":"anyio.abc._subprocesses.__name__","name":"__name__","type":"builtins.str"}},"__package__":{".class":"SymbolTableNode","kind":"Gdef","node":{".class":"Var","flags":["is_ready"],"fullname":"anyio.abc._subprocesses.__package__","name":"__package__","type":"builtins.str"}},"abstractmethod":{".class":"SymbolTableNode","cross_ref":"abc.abstractmethod","kind":"Gdef"},"annotations":{".class":"SymbolTableNode","cross_ref":"__future__.annotations","kind":"Gdef"}},"path":"C:\\Users\\Vasilis\\AppData\\Local\\Programs\\Python\\Python313\\Lib\\site-packages\\anyio\\abc\\_subprocesses.py"}