{".class":"MypyFile","_fullname":"anyio.abc._tasks","future_import_flags":["annotations"],"is_partial_stub_package":false,"is_stub":false,"names":{".class":"SymbolTable","ABCMeta":{".class":"SymbolTableNode","cross_ref":"abc.ABCMeta","kind":"Gdef"},"Any":{".class":"SymbolTableNode","cross_ref":"typing.Any","kind":"Gdef"},"Awaitable":{".class":"SymbolTableNode","cross_ref":"typing.Awaitable","kind":"Gdef"},"Callable":{".class":"SymbolTableNode","cross_ref":"typing.Callable","kind":"Gdef"},"CancelScope":{".class":"SymbolTableNode","cross_ref":"anyio._core._tasks.CancelScope","kind":"Gdef"},"PosArgsT":{".class":"SymbolTableNode","kind":"Gdef","node":{".class":"Var","flags":["is_inferred","has_explicit_value"],"fullname":"anyio.abc._tasks.PosArgsT","name":"PosArgsT","type":"typing.TypeVarTuple"}},"Protocol":{".class":"SymbolTableNode","cross_ref":"typing.Protocol","kind":"Gdef"},"TYPE_CHECKING":{".class":"SymbolTableNode","cross_ref":"typing.TYPE_CHECKING","kind":"Gdef"},"T_Retval":{".class":"SymbolTableNode","kind":"Gdef","node":{".class":"TypeVarExpr","fullname":"anyio.abc._tasks.T_Retval","name":"T_Retval","upper_bound":"builtins.object","values":[],"variance":0}},"T_contra":{".class":"SymbolTableNode","kind":"Gdef","node":{".class":"TypeVarExpr","fullname":"anyio.abc._tasks.T_contra","name":"T_contra","upper_bound":"builtins.object","values":[],"variance":2}},"TaskGroup":{".class":"SymbolTableNode","kind":"Gdef","node":{".class":"TypeInfo","_promote":[],"abstract_attributes":[["__aenter__",1],["__aexit__",1],["start",1],["start_soon",1]],"alt_promote":null,"bases":["builtins.object"],"dataclass_transform_spec":null,"declared_metaclass":"abc.ABCMeta","defn":{".class":"ClassDef","fullname":"anyio.abc._tasks.TaskGroup","name":"TaskGroup","type_vars":[]},"deletable_attributes":[],"flags":["is_abstract"],"fullname":"anyio.abc._tasks.TaskGroup","has_param_spec_type":false,"metaclass_type":"abc.ABCMeta","metadata":{},"module_name":"anyio.abc._tasks","mro":["anyio.abc._tasks.TaskGroup","builtins.object"],"names":{".class":"SymbolTable","__aenter__":{".class":"SymbolTableNode","kind":"Mdef","node":{".class":"Decorator","func":{".class":"FuncDef","abstract_status":1,"arg_kinds":[0],"arg_names":["self"],"dataclass_transform_spec":null,"flags":["is_coroutine","is_decorated","is_trivial_body"],"fullname":"anyio.abc._tasks.TaskGroup.__aenter__","name":"__aenter__","type":{".class":"CallableType","arg_kinds":[0],"arg_names":["self"],"arg_types":["anyio.abc._tasks.TaskGroup"],"bound_args":[],"def_extras":{"first_arg":"self"},"fallback":"builtins.function","from_concatenate":false,"implicit":false,"is_ellipsis_args":false,"name":"__aenter__ of TaskGroup","ret_type":{".class":"Instance","args":[{".class":"AnyType","missing_import_name":null,"source_any":null,"type_of_any":6},{".class":"AnyType","missing_import_name":null,"source_any":null,"type_of_any":6},"anyio.abc._tasks.TaskGroup"],"type_ref":"typing.Coroutine"},"type_guard":null,"unpack_kwargs":false,"variables":[]}},"is_overload":false,"var":{".class":"Var","flags":["is_initialized_in_class","is_ready","is_inferred"],"fullname":"anyio.abc._tasks.TaskGroup.__aenter__","name":"__aenter__","type":{".class":"CallableType","arg_kinds":[0],"arg_names":["self"],"arg_types":["anyio.abc._tasks.TaskGroup"],"bound_args":[],"def_extras":{"first_arg":"self"},"fallback":"builtins.function","from_concatenate":false,"implicit":false,"is_ellipsis_args":false,"name":"__aenter__ of TaskGroup","ret_type":{".class":"Instance","args":[{".class":"AnyType","missing_import_name":null,"source_any":null,"type_of_any":6},{".class":"AnyType","missing_import_name":null,"source_any":null,"type_of_any":6},"anyio.abc._tasks.TaskGroup"],"type_ref":"typing.Coroutine"},"type_guard":null,"unpack_kwargs":false,"variables":[]}}}},"__aexit__":{".class":"SymbolTableNode","kind":"Mdef","node":{".class":"Decorator","func":{".class":"FuncDef","abstract_status":1,"arg_kinds":[0,0,0,0],"arg_names":["self","exc_type","exc_val","exc_tb"],"dataclass_transform_spec":null,"flags":["is_coroutine","is_decorated","is_trivial_body"],"fullname":"anyio.abc._tasks.TaskGroup.__aexit__","name":"__aexit__","type":{".class":"CallableType","arg_kinds":[0,0,0,0],"arg_names":["self","exc_type","exc_val","exc_tb"],"arg_types":["anyio.abc._tasks.TaskGroup",{".class":"UnionType","items":[{".class":"TypeType","item":"builtins.BaseException"},{".class":"NoneType"}]},{".class":"UnionType","items":["builtins.BaseException",{".class":"NoneType"}]},{".class":"UnionType","items":["types.TracebackType",{".class":"NoneType"}]}],"bound_args":[],"def_extras":{"first_arg":"self"},"fallback":"builtins.function","from_concatenate":false,"implicit":false,"is_ellipsis_args":false,"name":"__aexit__ of TaskGroup","ret_type":{".class":"Instance","args":[{".class":"AnyType","missing_import_name":null,"source_any":null,"type_of_any":6},{".class":"AnyType","missing_import_name":null,"source_any":null,"type_of_any":6},"builtins.bool"],"type_ref":"typing.Coroutine"},"type_guard":null,"unpack_kwargs":false,"variables":[]}},"is_overload":false,"var":{".class":"Var","flags":["is_initialized_in_class","is_ready","is_inferred"],"fullname":"anyio.abc._tasks.TaskGroup.__aexit__","name":"__aexit__","type":{".class":"CallableType","arg_kinds":[0,0,0,0],"arg_names":["self","exc_type","exc_val","exc_tb"],"arg_types":["anyio.abc._tasks.TaskGroup",{".class":"UnionType","items":[{".class":"TypeType","item":"builtins.BaseException"},{".class":"NoneType"}]},{".class":"UnionType","items":["builtins.BaseException",{".class":"NoneType"}]},{".class":"UnionType","items":["types.TracebackType",{".class":"NoneType"}]}],"bound_args":[],"def_extras":{"first_arg":"self"},"fallback":"builtins.function","from_concatenate":false,"implicit":false,"is_ellipsis_args":false,"name":"__aexit__ of TaskGroup","ret_type":{".class":"Instance","args":[{".class":"AnyType","missing_import_name":null,"source_any":null,"type_of_any":6},{".class":"AnyType","missing_import_name":null,"source_any":null,"type_of_any":6},"builtins.bool"],"type_ref":"typing.Coroutine"},"type_guard":null,"unpack_kwargs":false,"variables":[]}}}},"cancel_scope":{".class":"SymbolTableNode","kind":"Mdef","node":{".class":"Var","flags":["is_initialized_in_class","is_ready"],"fullname":"anyio.abc._tasks.TaskGroup.cancel_scope","name":"cancel_scope","type":"anyio._core._tasks.CancelScope"}},"start":{".class":"SymbolTableNode","kind":"Mdef","node":{".class":"Decorator","func":{".class":"FuncDef","abstract_status":1,"arg_kinds":[0,0,2,5],"arg_names":["self","func","args","name"],"dataclass_transform_spec":null,"flags":["is_coroutine","is_decorated","is_trivial_body"],"fullname":"anyio.abc._tasks.TaskGroup.start","name":"start","type":{".class":"CallableType","arg_kinds":[0,0,2,5],"arg_names":["self","func","args","name"],"arg_types":["anyio.abc._tasks.TaskGroup",{".class":"CallableType","arg_kinds":[2,4],"arg_names":[null,null],"arg_types":[{".class":"AnyType","missing_import_name":null,"source_any":null,"type_of_any":2},{".class":"AnyType","missing_import_name":null,"source_any":null,"type_of_any":2}],"bound_args":[],"def_extras":{},"fallback":"builtins.function","from_concatenate":false,"implicit":false,"is_ellipsis_args":true,"name":null,"ret_type":{".class":"Instance","args":[{".class":"AnyType","missing_import_name":null,"source_any":null,"type_of_any":2}],"type_ref":"typing.Awaitable"},"type_guard":null,"unpack_kwargs":false,"variables":[]},"builtins.object",{".class":"UnionType","items":["builtins.object",{".class":"NoneType"}]}],"bound_args":[],"def_extras":{"first_arg":"self"},"fallback":"builtins.function","from_concatenate":false,"implicit":false,"is_ellipsis_args":false,"name":"start of TaskGroup","ret_type":{".class":"Instance","args":[{".class":"AnyType","missing_import_name":null,"source_any":null,"type_of_any":6},{".class":"AnyType","missing_import_name":null,"source_any":null,"type_of_any":6},{".class":"AnyType","missing_import_name":null,"source_any":null,"type_of_any":2}],"type_ref":"typing.Coroutine"},"type_guard":null,"unpack_kwargs":false,"variables":[]}},"is_overload":false,"var":{".class":"Var","flags":["is_initialized_in_class","is_ready","is_inferred"],"fullname":"anyio.abc._tasks.TaskGroup.start","name":"start","type":{".class":"CallableType","arg_kinds":[0,0,2,5],"arg_names":["self","func","args","name"],"arg_types":["anyio.abc._tasks.TaskGroup",{".class":"CallableType","arg_kinds":[2,4],"arg_names":[null,null],"arg_types":[{".class":"AnyType","missing_import_name":null,"source_any":null,"type_of_any":2},{".class":"AnyType","missing_import_name":null,"source_any":null,"type_of_any":2}],"bound_args":[],"def_extras":{},"fallback":"builtins.function","from_concatenate":false,"implicit":false,"is_ellipsis_args":true,"name":null,"ret_type":{".class":"Instance","args":[{".class":"AnyType","missing_import_name":null,"source_any":null,"type_of_any":2}],"type_ref":"typing.Awaitable"},"type_guard":null,"unpack_kwargs":false,"variables":[]},"builtins.object",{".class":"UnionType","items":["builtins.object",{".class":"NoneType"}]}],"bound_args":[],"def_extras":{"first_arg":"self"},"fallback":"builtins.function","from_concatenate":false,"implicit":false,"is_ellipsis_args":false,"name":"start of TaskGroup","ret_type":{".class":"Instance","args":[{".class":"AnyType","missing_import_name":null,"source_any":null,"type_of_any":6},{".class":"AnyType","missing_import_name":null,"source_any":null,"type_of_any":6},{".class":"AnyType","missing_import_name":null,"source_any":null,"type_of_any":2}],"type_ref":"typing.Coroutine"},"type_guard":null,"unpack_kwargs":false,"variables":[]}}}},"start_soon":{".class":"SymbolTableNode","kind":"Mdef","node":{".class":"Decorator","func":{".class":"FuncDef","abstract_status":1,"arg_kinds":[0,0,2,5],"arg_names":["self","func","args","name"],"dataclass_transform_spec":null,"flags":["is_decorated","is_trivial_body"],"fullname":"anyio.abc._tasks.TaskGroup.start_soon","name":"start_soon","type":{".class":"CallableType","arg_kinds":[0,0,2,5],"arg_names":["self","func","args","name"],"arg_types":["anyio.abc._tasks.TaskGroup",{".class":"CallableType","arg_kinds":[0],"arg_names":[null],"arg_types":[{".class":"AnyType","missing_import_name":null,"source_any":null,"type_of_any":5}],"bound_args":[],"def_extras":{},"fallback":"builtins.function","from_concatenate":false,"implicit":false,"is_ellipsis_args":false,"name":null,"ret_type":{".class":"Instance","args":[{".class":"AnyType","missing_import_name":null,"source_any":null,"type_of_any":2}],"type_ref":"typing.Awaitable"},"type_guard":null,"unpack_kwargs":false,"variables":[]},{".class":"AnyType","missing_import_name":null,"source_any":null,"type_of_any":5},{".class":"UnionType","items":["builtins.object",{".class":"NoneType"}]}],"bound_args":[],"def_extras":{"first_arg":"self"},"fallback":"builtins.function","from_concatenate":false,"implicit":false,"is_ellipsis_args":false,"name":"start_soon of TaskGroup","ret_type":{".class":"NoneType"},"type_guard":null,"unpack_kwargs":false,"variables":[]}},"is_overload":false,"var":{".class":"Var","flags":["is_initialized_in_class","is_ready","is_inferred"],"fullname":"anyio.abc._tasks.TaskGroup.start_soon","name":"start_soon","type":{".class":"CallableType","arg_kinds":[0,0,2,5],"arg_names":["self","func","args","name"],"arg_types":["anyio.abc._tasks.TaskGroup",{".class":"CallableType","arg_kinds":[0],"arg_names":[null],"arg_types":[{".class":"AnyType","missing_import_name":null,"source_any":null,"type_of_any":5}],"bound_args":[],"def_extras":{},"fallback":"builtins.function","from_concatenate":false,"implicit":false,"is_ellipsis_args":false,"name":null,"ret_type":{".class":"Instance","args":[{".class":"AnyType","missing_import_name":null,"source_any":null,"type_of_any":2}],"type_ref":"typing.Awaitable"},"type_guard":null,"unpack_kwargs":false,"variables":[]},{".class":"AnyType","missing_import_name":null,"source_any":null,"type_of_any":5},{".class":"UnionType","items":["builtins.object",{".class":"NoneType"}]}],"bound_args":[],"def_extras":{"first_arg":"self"},"fallback":"builtins.function","from_concatenate":false,"implicit":false,"is_ellipsis_args":false,"name":"start_soon of TaskGroup","ret_type":{".class":"NoneType"},"type_guard":null,"unpack_kwargs":false,"variables":[]}}}}},"self_type":null,"slots":null,"tuple_type":null,"type_vars":[],"typeddict_type":null}},"TaskStatus":{".class":"SymbolTableNode","kind":"Gdef","node":{".class":"TypeInfo","_promote":[],"abstract_attributes":[],"alt_promote":null,"bases":["builtins.object"],"dataclass_transform_spec":null,"declared_metaclass":null,"defn":{".class":"ClassDef","fullname":"anyio.abc._tasks.TaskStatus","name":"TaskStatus","type_vars":[{".class":"TypeVarType","fullname":"anyio.abc._tasks.T_contra","id":1,"name":"T_contra","namespace":"anyio.abc._tasks.TaskStatus","upper_bound":"builtins.object","values":[],"variance":2}]},"deletable_attributes":[],"flags":["is_protocol"],"fullname":"anyio.abc._tasks.TaskStatus","has_param_spec_type":false,"metaclass_type":"abc.ABCMeta","metadata":{},"module_name":"anyio.abc._tasks","mro":["anyio.abc._tasks.TaskStatus","builtins.object"],"names":{".class":"SymbolTable","started":{".class":"SymbolTableNode","kind":"Mdef","node":{".class":"OverloadedFuncDef","flags":[],"fullname":"anyio.abc._tasks.TaskStatus.started","impl":{".class":"FuncDef","abstract_status":2,"arg_kinds":[0,1],"arg_names":["self","value"],"dataclass_transform_spec":null,"flags":["is_overload","is_trivial_body"],"fullname":"anyio.abc._tasks.TaskStatus.started","name":"started","type":{".class":"CallableType","arg_kinds":[0,1],"arg_names":["self","value"],"arg_types":[{".class":"Instance","args":[{".class":"TypeVarType","fullname":"anyio.abc._tasks.T_contra","id":1,"name":"T_contra","namespace":"anyio.abc._tasks.TaskStatus","upper_bound":"builtins.object","values":[],"variance":2}],"type_ref":"anyio.abc._tasks.TaskStatus"},{".class":"UnionType","items":[{".class":"TypeVarType","fullname":"anyio.abc._tasks.T_contra","id":1,"name":"T_contra","namespace":"anyio.abc._tasks.TaskStatus","upper_bound":"builtins.object","values":[],"variance":2},{".class":"NoneType"}]}],"bound_args":[],"def_extras":{"first_arg":"self"},"fallback":"builtins.function","from_concatenate":false,"implicit":false,"is_ellipsis_args":false,"name":"started of TaskStatus","ret_type":{".class":"NoneType"},"type_guard":null,"unpack_kwargs":false,"variables":[]}},"items":[{".class":"Decorator","func":{".class":"FuncDef","abstract_status":0,"arg_kinds":[0],"arg_names":["self"],"dataclass_transform_spec":null,"flags":["is_overload","is_decorated"],"fullname":"anyio.abc._tasks.TaskStatus.started","name":"started","type":{".class":"CallableType","arg_kinds":[0],"arg_names":["self"],"arg_types":[{".class":"Instance","args":[{".class":"NoneType"}],"type_ref":"anyio.abc._tasks.TaskStatus"}],"bound_args":[],"def_extras":{"first_arg":"self"},"fallback":"builtins.function","from_concatenate":false,"implicit":false,"is_ellipsis_args":false,"name":"started of TaskStatus","ret_type":{".class":"NoneType"},"type_guard":null,"unpack_kwargs":false,"variables":[]}},"is_overload":true,"var":{".class":"Var","flags":["is_inferred"],"fullname":"anyio.abc._tasks.TaskStatus.started","name":"started","type":null}},{".class":"Decorator","func":{".class":"FuncDef","abstract_status":0,"arg_kinds":[0,0],"arg_names":["self","value"],"dataclass_transform_spec":null,"flags":["is_overload","is_decorated"],"fullname":"anyio.abc._tasks.TaskStatus.started","name":"started","type":{".class":"CallableType","arg_kinds":[0,0],"arg_names":["self","value"],"arg_types":[{".class":"Instance","args":[{".class":"TypeVarType","fullname":"anyio.abc._tasks.T_contra","id":1,"name":"T_contra","namespace":"anyio.abc._tasks.TaskStatus","upper_bound":"builtins.object","values":[],"variance":2}],"type_ref":"anyio.abc._tasks.TaskStatus"},{".class":"TypeVarType","fullname":"anyio.abc._tasks.T_contra","id":1,"name":"T_contra","namespace":"anyio.abc._tasks.TaskStatus","upper_bound":"builtins.object","values":[],"variance":2}],"bound_args":[],"def_extras":{"first_arg":"self"},"fallback":"builtins.function","from_concatenate":false,"implicit":false,"is_ellipsis_args":false,"name":"started of TaskStatus","ret_type":{".class":"NoneType"},"type_guard":null,"unpack_kwargs":false,"variables":[]}},"is_overload":true,"var":{".class":"Var","flags":["is_inferred"],"fullname":"anyio.abc._tasks.TaskStatus.started","name":"started","type":null}}],"type":{".class":"Overloaded","items":[{".class":"CallableType","arg_kinds":[0],"arg_names":["self"],"arg_types":[{".class":"Instance","args":[{".class":"NoneType"}],"type_ref":"anyio.abc._tasks.TaskStatus"}],"bound_args":[],"def_extras":{"first_arg":"self"},"fallback":"builtins.function","from_concatenate":false,"implicit":false,"is_ellipsis_args":false,"name":"started of TaskStatus","ret_type":{".class":"NoneType"},"type_guard":null,"unpack_kwargs":false,"variables":[]},{".class":"CallableType","arg_kinds":[0,0],"arg_names":["self","value"],"arg_types":[{".class":"Instance","args":[{".class":"TypeVarType","fullname":"anyio.abc._tasks.T_contra","id":1,"name":"T_contra","namespace":"anyio.abc._tasks.TaskStatus","upper_bound":"builtins.object","values":[],"variance":2}],"type_ref":"anyio.abc._tasks.TaskStatus"},{".class":"TypeVarType","fullname":"anyio.abc._tasks.T_contra","id":1,"name":"T_contra","namespace":"anyio.abc._tasks.TaskStatus","upper_bound":"builtins.object","values":[],"variance":2}],"bound_args":[],"def_extras":{"first_arg":"self"},"fallback":"builtins.function","from_concatenate":false,"implicit":false,"is_ellipsis_args":false,"name":"started of TaskStatus","ret_type":{".class":"NoneType"},"type_guard":null,"unpack_kwargs":false,"variables":[]}]}}}},"self_type":null,"slots":null,"tuple_type":null,"type_vars":["T_contra"],"typeddict_type":null}},"TracebackType":{".class":"SymbolTableNode","cross_ref":"types.TracebackType","kind":"Gdef"},"TypeVar":{".class":"SymbolTableNode","cross_ref":"typing.TypeVar","kind":"Gdef"},"TypeVarTuple":{".class":"SymbolTableNode","cross_ref":"typing.TypeVarTuple","kind":"Gdef"},"Unpack":{".class":"SymbolTableNode","cross_ref":"typing.Unpack","kind":"Gdef"},"__annotations__":{".class":"SymbolTableNode","kind":"Gdef","node":{".class":"Var","flags":["is_ready"],"fullname":"anyio.abc._tasks.__annotations__","name":"__annotations__","type":{".class":"Instance","args":["builtins.str",{".class":"AnyType","missing_import_name":null,"source_any":null,"type_of_any":6}],"type_ref":"builtins.dict"}}},"__doc__":{".class":"SymbolTableNode","kind":"Gdef","node":{".class":"Var","flags":["is_ready"],"fullname":"anyio.abc._tasks.__doc__","name":"__doc__","type":"builtins.str"}},"__file__":{".class":"SymbolTableNode","kind":"Gdef","node":{".class":"Var","flags":["is_ready"],"fullname":"anyio.abc._tasks.__file__","name":"__file__","type":"builtins.str"}},"__name__":{".class":"SymbolTableNode","kind":"Gdef","node":{".class":"Var","flags":["is_ready"],"fullname":"anyio.abc._tasks.__name__","name":"__name__","type":"builtins.str"}},"__package__":{".class":"SymbolTableNode","kind":"Gdef","node":{".class":"Var","flags":["is_ready"],"fullname":"anyio.abc._tasks.__package__","name":"__package__","type":"builtins.str"}},"abstractmethod":{".class":"SymbolTableNode","cross_ref":"abc.abstractmethod","kind":"Gdef"},"annotations":{".class":"SymbolTableNode","cross_ref":"__future__.annotations","kind":"Gdef"},"overload":{".class":"SymbolTableNode","cross_ref":"typing.overload","kind":"Gdef"},"sys":{".class":"SymbolTableNode","cross_ref":"sys","kind":"Gdef"}},"path":"C:\\Users\\Vasilis\\AppData\\Local\\Programs\\Python\\Python313\\Lib\\site-packages\\anyio\\abc\\_tasks.py"}