{"data_mtime":1762095554,"dep_lines":[15,5,1,3,4,6,7,1,1,1],"dep_prios":[25,5,5,10,5,5,5,5,30,30],"dependencies":["anyio._core._tasks","collections.abc","__future__","sys","abc","types","typing","builtins","_typeshed","anyio._core"],"hash":"261e0b5d5cf50e845a70e9f0d6bc004bdc2e8cd88458af68a9d17471312184d0","id":"anyio.abc._tasks","ignore_all":true,"interface_hash":"67720f28ce099e5590762426b9a79e86438d616a7891d0520ffa1f0ffe6de7ff","mtime":1758060734,"options":{"allow_redefinition":false,"allow_untyped_globals":false,"always_false":[],"always_true":[],"bazel":false,"check_untyped_defs":false,"disable_bytearray_promotion":false,"disable_error_code":[],"disable_memoryview_promotion":false,"disabled_error_codes":[],"disallow_any_decorated":false,"disallow_any_explicit":false,"disallow_any_expr":false,"disallow_any_generics":false,"disallow_any_unimported":false,"disallow_incomplete_defs":false,"disallow_subclassing_any":false,"disallow_untyped_calls":false,"disallow_untyped_decorators":false,"disallow_untyped_defs":false,"enable_error_code":[],"enabled_error_codes":[],"follow_imports":"silent","follow_imports_for_stubs":false,"ignore_errors":false,"ignore_missing_imports":true,"implicit_optional":true,"implicit_reexport":true,"local_partial_types":false,"mypyc":false,"platform":"win32","plugins":[],"strict_concatenate":false,"strict_equality":false,"strict_optional":true,"warn_no_return":true,"warn_return_any":false,"warn_unreachable":false,"warn_unused_ignores":false},"path":"C:\\Users\\Vasilis\\AppData\\Local\\Programs\\Python\\Python313\\Lib\\site-packages\\anyio\\abc\\_tasks.py","plugin_data":null,"size":3604,"suppressed":[],"version_id":"1.3.0"}