{".class":"MypyFile","_fullname":"_thread","future_import_flags":[],"is_partial_stub_package":false,"is_stub":true,"names":{".class":"SymbolTable","Any":{".class":"SymbolTableNode","cross_ref":"typing.Any","kind":"Gdef","module_hidden":true,"module_public":false},"Callable":{".class":"SymbolTableNode","cross_ref":"typing.Callable","kind":"Gdef","module_hidden":true,"module_public":false},"Final":{".class":"SymbolTableNode","cross_ref":"typing_extensions.Final","kind":"Gdef","module_hidden":true,"module_public":false},"LockType":{".class":"SymbolTableNode","kind":"Gdef","node":{".class":"TypeInfo","_promote":[],"abstract_attributes":[],"alt_promote":null,"bases":["builtins.object"],"dataclass_transform_spec":null,"declared_metaclass":null,"defn":{".class":"ClassDef","fullname":"_thread.LockType","name":"LockType","type_vars":[]},"deletable_attributes":[],"flags":["is_final"],"fullname":"_thread.LockType","has_param_spec_type":false,"metaclass_type":null,"metadata":{},"module_name":"_thread","mro":["_thread.LockType","builtins.object"],"names":{".class":"SymbolTable","__enter__":{".class":"SymbolTableNode","kind":"Mdef","node":{".class":"FuncDef","abstract_status":0,"arg_kinds":[0],"arg_names":[null],"dataclass_transform_spec":null,"flags":[],"fullname":"_thread.LockType.__enter__","name":"__enter__","type":{".class":"CallableType","arg_kinds":[0],"arg_names":[null],"arg_types":["_thread.LockType"],"bound_args":[],"def_extras":{"first_arg":"self"},"fallback":"builtins.function","from_concatenate":false,"implicit":false,"is_ellipsis_args":false,"name":"__enter__ of LockType","ret_type":"builtins.bool","type_guard":null,"unpack_kwargs":false,"variables":[]}}},"__exit__":{".class":"SymbolTableNode","kind":"Mdef","node":{".class":"FuncDef","abstract_status":0,"arg_kinds":[0,0,0,0],"arg_names":[null,null,null,null],"dataclass_transform_spec":null,"flags":[],"fullname":"_thread.LockType.__exit__","name":"__exit__","type":{".class":"CallableType","arg_kinds":[0,0,0,0],"arg_names":[null,null,null,null],"arg_types":["_thread.LockType",{".class":"UnionType","items":[{".class":"TypeType","item":"builtins.BaseException"},{".class":"NoneType"}]},{".class":"UnionType","items":["builtins.BaseException",{".class":"NoneType"}]},{".class":"UnionType","items":["types.TracebackType",{".class":"NoneType"}]}],"bound_args":[],"def_extras":{"first_arg":"self"},"fallback":"builtins.function","from_concatenate":false,"implicit":false,"is_ellipsis_args":false,"name":"__exit__ of LockType","ret_type":{".class":"NoneType"},"type_guard":null,"unpack_kwargs":false,"variables":[]}}},"acquire":{".class":"SymbolTableNode","kind":"Mdef","node":{".class":"FuncDef","abstract_status":0,"arg_kinds":[0,1,1],"arg_names":["self","blocking","timeout"],"dataclass_transform_spec":null,"flags":[],"fullname":"_thread.LockType.acquire","name":"acquire","type":{".class":"CallableType","arg_kinds":[0,1,1],"arg_names":["self","blocking","timeout"],"arg_types":["_thread.LockType","builtins.bool","builtins.float"],"bound_args":[],"def_extras":{"first_arg":"self"},"fallback":"builtins.function","from_concatenate":false,"implicit":false,"is_ellipsis_args":false,"name":"acquire of LockType","ret_type":"builtins.bool","type_guard":null,"unpack_kwargs":false,"variables":[]}}},"locked":{".class":"SymbolTableNode","kind":"Mdef","node":{".class":"FuncDef","abstract_status":0,"arg_kinds":[0],"arg_names":["self"],"dataclass_transform_spec":null,"flags":[],"fullname":"_thread.LockType.locked","name":"locked","type":{".class":"CallableType","arg_kinds":[0],"arg_names":["self"],"arg_types":["_thread.LockType"],"bound_args":[],"def_extras":{"first_arg":"self"},"fallback":"builtins.function","from_concatenate":false,"implicit":false,"is_ellipsis_args":false,"name":"locked of LockType","ret_type":"builtins.bool","type_guard":null,"unpack_kwargs":false,"variables":[]}}},"release":{".class":"SymbolTableNode","kind":"Mdef","node":{".class":"FuncDef","abstract_status":0,"arg_kinds":[0],"arg_names":["self"],"dataclass_transform_spec":null,"flags":[],"fullname":"_thread.LockType.release","name":"release","type":{".class":"CallableType","arg_kinds":[0],"arg_names":["self"],"arg_types":["_thread.LockType"],"bound_args":[],"def_extras":{"first_arg":"self"},"fallback":"builtins.function","from_concatenate":false,"implicit":false,"is_ellipsis_args":false,"name":"release of LockType","ret_type":{".class":"NoneType"},"type_guard":null,"unpack_kwargs":false,"variables":[]}}}},"self_type":null,"slots":null,"tuple_type":null,"type_vars":[],"typeddict_type":null}},"NoReturn":{".class":"SymbolTableNode","cross_ref":"typing.NoReturn","kind":"Gdef","module_hidden":true,"module_public":false},"TIMEOUT_MAX":{".class":"SymbolTableNode","kind":"Gdef","node":{".class":"Var","flags":["is_ready"],"fullname":"_thread.TIMEOUT_MAX","name":"TIMEOUT_MAX","type":"builtins.float"}},"Thread":{".class":"SymbolTableNode","cross_ref":"threading.Thread","kind":"Gdef","module_hidden":true,"module_public":false},"TracebackType":{".class":"SymbolTableNode","cross_ref":"types.TracebackType","kind":"Gdef","module_hidden":true,"module_public":false},"_ExceptHookArgs":{".class":"SymbolTableNode","kind":"Gdef","node":{".class":"TypeInfo","_promote":[],"abstract_attributes":[],"alt_promote":null,"bases":[{".class":"Instance","args":[{".class":"AnyType","missing_import_name":null,"source_any":null,"type_of_any":2}],"type_ref":"_typeshed.structseq"},{".class":"Instance","args":[{".class":"UnionType","items":[{".class":"TypeType","item":"builtins.BaseException"},"builtins.BaseException","types.TracebackType","threading.Thread"]}],"type_ref":"builtins.tuple"}],"dataclass_transform_spec":null,"declared_metaclass":null,"defn":{".class":"ClassDef","fullname":"_thread._ExceptHookArgs","name":"_ExceptHookArgs","type_vars":[]},"deletable_attributes":[],"flags":["is_final"],"fullname":"_thread._ExceptHookArgs","has_param_spec_type":false,"metaclass_type":"abc.ABCMeta","metadata":{},"module_name":"_thread","mro":["_thread._ExceptHookArgs","_typeshed.structseq","builtins.tuple","typing.Sequence","typing.Collection","typing.Reversible","typing.Iterable","typing.Container","builtins.object"],"names":{".class":"SymbolTable","__match_args__":{".class":"SymbolTableNode","kind":"Mdef","node":{".class":"Var","flags":["is_initialized_in_class","is_final","is_inferred","has_explicit_value","allow_incompatible_override"],"fullname":"_thread._ExceptHookArgs.__match_args__","name":"__match_args__","type":{".class":"TupleType","implicit":false,"items":[{".class":"Instance","args":[],"last_known_value":{".class":"LiteralType","fallback":"builtins.str","value":"exc_type"},"type_ref":"builtins.str"},{".class":"Instance","args":[],"last_known_value":{".class":"LiteralType","fallback":"builtins.str","value":"exc_value"},"type_ref":"builtins.str"},{".class":"Instance","args":[],"last_known_value":{".class":"LiteralType","fallback":"builtins.str","value":"exc_traceback"},"type_ref":"builtins.str"},{".class":"Instance","args":[],"last_known_value":{".class":"LiteralType","fallback":"builtins.str","value":"thread"},"type_ref":"builtins.str"}],"partial_fallback":{".class":"Instance","args":[{".class":"AnyType","missing_import_name":null,"source_any":null,"type_of_any":6}],"type_ref":"builtins.tuple"}}}},"exc_traceback":{".class":"SymbolTableNode","kind":"Mdef","node":{".class":"Decorator","func":{".class":"FuncDef","abstract_status":0,"arg_kinds":[0],"arg_names":["self"],"dataclass_transform_spec":null,"flags":["is_property","is_decorated"],"fullname":"_thread._ExceptHookArgs.exc_traceback","name":"exc_traceback","type":{".class":"CallableType","arg_kinds":[0],"arg_names":["self"],"arg_types":[{".class":"TupleType","implicit":false,"items":[{".class":"TypeType","item":"builtins.BaseException"},{".class":"UnionType","items":["builtins.BaseException",{".class":"NoneType"}]},{".class":"UnionType","items":["types.TracebackType",{".class":"NoneType"}]},{".class":"UnionType","items":["threading.Thread",{".class":"NoneType"}]}],"partial_fallback":"_thread._ExceptHookArgs"}],"bound_args":[],"def_extras":{"first_arg":"self"},"fallback":"builtins.function","from_concatenate":false,"implicit":false,"is_ellipsis_args":false,"name":"exc_traceback of _ExceptHookArgs","ret_type":{".class":"UnionType","items":["types.TracebackType",{".class":"NoneType"}]},"type_guard":null,"unpack_kwargs":false,"variables":[]}},"is_overload":false,"var":{".class":"Var","flags":["is_initialized_in_class","is_property","is_ready","is_inferred"],"fullname":"_thread._ExceptHookArgs.exc_traceback","name":"exc_traceback","type":{".class":"CallableType","arg_kinds":[0],"arg_names":["self"],"arg_types":[{".class":"TupleType","implicit":false,"items":[{".class":"TypeType","item":"builtins.BaseException"},{".class":"UnionType","items":["builtins.BaseException",{".class":"NoneType"}]},{".class":"UnionType","items":["types.TracebackType",{".class":"NoneType"}]},{".class":"UnionType","items":["threading.Thread",{".class":"NoneType"}]}],"partial_fallback":"_thread._ExceptHookArgs"}],"bound_args":[],"def_extras":{"first_arg":"self"},"fallback":"builtins.function","from_concatenate":false,"implicit":false,"is_ellipsis_args":false,"name":"exc_traceback of _ExceptHookArgs","ret_type":{".class":"UnionType","items":["types.TracebackType",{".class":"NoneType"}]},"type_guard":null,"unpack_kwargs":false,"variables":[]}}}},"exc_type":{".class":"SymbolTableNode","kind":"Mdef","node":{".class":"Decorator","func":{".class":"FuncDef","abstract_status":0,"arg_kinds":[0],"arg_names":["self"],"dataclass_transform_spec":null,"flags":["is_property","is_decorated"],"fullname":"_thread._ExceptHookArgs.exc_type","name":"exc_type","type":{".class":"CallableType","arg_kinds":[0],"arg_names":["self"],"arg_types":[{".class":"TupleType","implicit":false,"items":[{".class":"TypeType","item":"builtins.BaseException"},{".class":"UnionType","items":["builtins.BaseException",{".class":"NoneType"}]},{".class":"UnionType","items":["types.TracebackType",{".class":"NoneType"}]},{".class":"UnionType","items":["threading.Thread",{".class":"NoneType"}]}],"partial_fallback":"_thread._ExceptHookArgs"}],"bound_args":[],"def_extras":{"first_arg":"self"},"fallback":"builtins.function","from_concatenate":false,"implicit":false,"is_ellipsis_args":false,"name":"exc_type of _ExceptHookArgs","ret_type":{".class":"TypeType","item":"builtins.BaseException"},"type_guard":null,"unpack_kwargs":false,"variables":[]}},"is_overload":false,"var":{".class":"Var","flags":["is_initialized_in_class","is_property","is_ready","is_inferred"],"fullname":"_thread._ExceptHookArgs.exc_type","name":"exc_type","type":{".class":"CallableType","arg_kinds":[0],"arg_names":["self"],"arg_types":[{".class":"TupleType","implicit":false,"items":[{".class":"TypeType","item":"builtins.BaseException"},{".class":"UnionType","items":["builtins.BaseException",{".class":"NoneType"}]},{".class":"UnionType","items":["types.TracebackType",{".class":"NoneType"}]},{".class":"UnionType","items":["threading.Thread",{".class":"NoneType"}]}],"partial_fallback":"_thread._ExceptHookArgs"}],"bound_args":[],"def_extras":{"first_arg":"self"},"fallback":"builtins.function","from_concatenate":false,"implicit":false,"is_ellipsis_args":false,"name":"exc_type of _ExceptHookArgs","ret_type":{".class":"TypeType","item":"builtins.BaseException"},"type_guard":null,"unpack_kwargs":false,"variables":[]}}}},"exc_value":{".class":"SymbolTableNode","kind":"Mdef","node":{".class":"Decorator","func":{".class":"FuncDef","abstract_status":0,"arg_kinds":[0],"arg_names":["self"],"dataclass_transform_spec":null,"flags":["is_property","is_decorated"],"fullname":"_thread._ExceptHookArgs.exc_value","name":"exc_value","type":{".class":"CallableType","arg_kinds":[0],"arg_names":["self"],"arg_types":[{".class":"TupleType","implicit":false,"items":[{".class":"TypeType","item":"builtins.BaseException"},{".class":"UnionType","items":["builtins.BaseException",{".class":"NoneType"}]},{".class":"UnionType","items":["types.TracebackType",{".class":"NoneType"}]},{".class":"UnionType","items":["threading.Thread",{".class":"NoneType"}]}],"partial_fallback":"_thread._ExceptHookArgs"}],"bound_args":[],"def_extras":{"first_arg":"self"},"fallback":"builtins.function","from_concatenate":false,"implicit":false,"is_ellipsis_args":false,"name":"exc_value of _ExceptHookArgs","ret_type":{".class":"UnionType","items":["builtins.BaseException",{".class":"NoneType"}]},"type_guard":null,"unpack_kwargs":false,"variables":[]}},"is_overload":false,"var":{".class":"Var","flags":["is_initialized_in_class","is_property","is_ready","is_inferred"],"fullname":"_thread._ExceptHookArgs.exc_value","name":"exc_value","type":{".class":"CallableType","arg_kinds":[0],"arg_names":["self"],"arg_types":[{".class":"TupleType","implicit":false,"items":[{".class":"TypeType","item":"builtins.BaseException"},{".class":"UnionType","items":["builtins.BaseException",{".class":"NoneType"}]},{".class":"UnionType","items":["types.TracebackType",{".class":"NoneType"}]},{".class":"UnionType","items":["threading.Thread",{".class":"NoneType"}]}],"partial_fallback":"_thread._ExceptHookArgs"}],"bound_args":[],"def_extras":{"first_arg":"self"},"fallback":"builtins.function","from_concatenate":false,"implicit":false,"is_ellipsis_args":false,"name":"exc_value of _ExceptHookArgs","ret_type":{".class":"UnionType","items":["builtins.BaseException",{".class":"NoneType"}]},"type_guard":null,"unpack_kwargs":false,"variables":[]}}}},"thread":{".class":"SymbolTableNode","kind":"Mdef","node":{".class":"Decorator","func":{".class":"FuncDef","abstract_status":0,"arg_kinds":[0],"arg_names":["self"],"dataclass_transform_spec":null,"flags":["is_property","is_decorated"],"fullname":"_thread._ExceptHookArgs.thread","name":"thread","type":{".class":"CallableType","arg_kinds":[0],"arg_names":["self"],"arg_types":[{".class":"TupleType","implicit":false,"items":[{".class":"TypeType","item":"builtins.BaseException"},{".class":"UnionType","items":["builtins.BaseException",{".class":"NoneType"}]},{".class":"UnionType","items":["types.TracebackType",{".class":"NoneType"}]},{".class":"UnionType","items":["threading.Thread",{".class":"NoneType"}]}],"partial_fallback":"_thread._ExceptHookArgs"}],"bound_args":[],"def_extras":{"first_arg":"self"},"fallback":"builtins.function","from_concatenate":false,"implicit":false,"is_ellipsis_args":false,"name":"thread of _ExceptHookArgs","ret_type":{".class":"UnionType","items":["threading.Thread",{".class":"NoneType"}]},"type_guard":null,"unpack_kwargs":false,"variables":[]}},"is_overload":false,"var":{".class":"Var","flags":["is_initialized_in_class","is_property","is_ready","is_inferred"],"fullname":"_thread._ExceptHookArgs.thread","name":"thread","type":{".class":"CallableType","arg_kinds":[0],"arg_names":["self"],"arg_types":[{".class":"TupleType","implicit":false,"items":[{".class":"TypeType","item":"builtins.BaseException"},{".class":"UnionType","items":["builtins.BaseException",{".class":"NoneType"}]},{".class":"UnionType","items":["types.TracebackType",{".class":"NoneType"}]},{".class":"UnionType","items":["threading.Thread",{".class":"NoneType"}]}],"partial_fallback":"_thread._ExceptHookArgs"}],"bound_args":[],"def_extras":{"first_arg":"self"},"fallback":"builtins.function","from_concatenate":false,"implicit":false,"is_ellipsis_args":false,"name":"thread of _ExceptHookArgs","ret_type":{".class":"UnionType","items":["threading.Thread",{".class":"NoneType"}]},"type_guard":null,"unpack_kwargs":false,"variables":[]}}}}},"self_type":null,"slots":null,"tuple_type":{".class":"TupleType","implicit":false,"items":[{".class":"TypeType","item":"builtins.BaseException"},{".class":"UnionType","items":["builtins.BaseException",{".class":"NoneType"}]},{".class":"UnionType","items":["types.TracebackType",{".class":"NoneType"}]},{".class":"UnionType","items":["threading.Thread",{".class":"NoneType"}]}],"partial_fallback":{".class":"Instance","args":[{".class":"UnionType","items":[{".class":"TypeType","item":"builtins.BaseException"},"builtins.BaseException","types.TracebackType","threading.Thread"]}],"type_ref":"builtins.tuple"}},"type_vars":[],"typeddict_type":null}},"__annotations__":{".class":"SymbolTableNode","kind":"Gdef","node":{".class":"Var","flags":["is_ready"],"fullname":"_thread.__annotations__","name":"__annotations__","type":{".class":"Instance","args":["builtins.str",{".class":"AnyType","missing_import_name":null,"source_any":null,"type_of_any":6}],"type_ref":"builtins.dict"}}},"__doc__":{".class":"SymbolTableNode","kind":"Gdef","node":{".class":"Var","flags":["is_ready"],"fullname":"_thread.__doc__","name":"__doc__","type":"builtins.str"}},"__file__":{".class":"SymbolTableNode","kind":"Gdef","node":{".class":"Var","flags":["is_ready"],"fullname":"_thread.__file__","name":"__file__","type":"builtins.str"}},"__name__":{".class":"SymbolTableNode","kind":"Gdef","node":{".class":"Var","flags":["is_ready"],"fullname":"_thread.__name__","name":"__name__","type":"builtins.str"}},"__package__":{".class":"SymbolTableNode","kind":"Gdef","node":{".class":"Var","flags":["is_ready"],"fullname":"_thread.__package__","name":"__package__","type":"builtins.str"}},"_count":{".class":"SymbolTableNode","kind":"Gdef","node":{".class":"FuncDef","abstract_status":0,"arg_kinds":[],"arg_names":[],"dataclass_transform_spec":null,"flags":[],"fullname":"_thread._count","name":"_count","type":{".class":"CallableType","arg_kinds":[],"arg_names":[],"arg_types":[],"bound_args":[],"def_extras":{"first_arg":null},"fallback":"builtins.function","from_concatenate":false,"implicit":false,"is_ellipsis_args":false,"name":"_count","ret_type":"builtins.int","type_guard":null,"unpack_kwargs":false,"variables":[]}}},"_excepthook":{".class":"SymbolTableNode","kind":"Gdef","node":{".class":"Var","flags":["is_ready"],"fullname":"_thread._excepthook","name":"_excepthook","type":{".class":"CallableType","arg_kinds":[0],"arg_names":[null],"arg_types":[{".class":"TypeAliasType","args":[],"type_ref":"_thread._ExceptHookArgs"}],"bound_args":[],"def_extras":{},"fallback":"builtins.function","from_concatenate":false,"implicit":false,"is_ellipsis_args":false,"name":null,"ret_type":{".class":"AnyType","missing_import_name":null,"source_any":null,"type_of_any":2},"type_guard":null,"unpack_kwargs":false,"variables":[]}}},"allocate_lock":{".class":"SymbolTableNode","kind":"Gdef","node":{".class":"FuncDef","abstract_status":0,"arg_kinds":[],"arg_names":[],"dataclass_transform_spec":null,"flags":[],"fullname":"_thread.allocate_lock","name":"allocate_lock","type":{".class":"CallableType","arg_kinds":[],"arg_names":[],"arg_types":[],"bound_args":[],"def_extras":{"first_arg":null},"fallback":"builtins.function","from_concatenate":false,"implicit":false,"is_ellipsis_args":false,"name":"allocate_lock","ret_type":"_thread.LockType","type_guard":null,"unpack_kwargs":false,"variables":[]}}},"error":{".class":"SymbolTableNode","kind":"Gdef","node":{".class":"TypeAlias","alias_tvars":[],"column":0,"fullname":"_thread.error","line":9,"no_args":true,"normalized":false,"target":"builtins.RuntimeError"}},"exit":{".class":"SymbolTableNode","kind":"Gdef","node":{".class":"FuncDef","abstract_status":0,"arg_kinds":[],"arg_names":[],"dataclass_transform_spec":null,"flags":[],"fullname":"_thread.exit","name":"exit","type":{".class":"CallableType","arg_kinds":[],"arg_names":[],"arg_types":[],"bound_args":[],"def_extras":{"first_arg":null},"fallback":"builtins.function","from_concatenate":false,"implicit":false,"is_ellipsis_args":false,"name":"exit","ret_type":{".class":"UninhabitedType","is_noreturn":true},"type_guard":null,"unpack_kwargs":false,"variables":[]}}},"final":{".class":"SymbolTableNode","cross_ref":"typing_extensions.final","kind":"Gdef","module_hidden":true,"module_public":false},"get_ident":{".class":"SymbolTableNode","kind":"Gdef","node":{".class":"FuncDef","abstract_status":0,"arg_kinds":[],"arg_names":[],"dataclass_transform_spec":null,"flags":[],"fullname":"_thread.get_ident","name":"get_ident","type":{".class":"CallableType","arg_kinds":[],"arg_names":[],"arg_types":[],"bound_args":[],"def_extras":{"first_arg":null},"fallback":"builtins.function","from_concatenate":false,"implicit":false,"is_ellipsis_args":false,"name":"get_ident","ret_type":"builtins.int","type_guard":null,"unpack_kwargs":false,"variables":[]}}},"get_native_id":{".class":"SymbolTableNode","kind":"Gdef","node":{".class":"FuncDef","abstract_status":0,"arg_kinds":[],"arg_names":[],"dataclass_transform_spec":null,"flags":[],"fullname":"_thread.get_native_id","name":"get_native_id","type":{".class":"CallableType","arg_kinds":[],"arg_names":[],"arg_types":[],"bound_args":[],"def_extras":{"first_arg":null},"fallback":"builtins.function","from_concatenate":false,"implicit":false,"is_ellipsis_args":false,"name":"get_native_id","ret_type":"builtins.int","type_guard":null,"unpack_kwargs":false,"variables":[]}}},"interrupt_main":{".class":"SymbolTableNode","kind":"Gdef","node":{".class":"FuncDef","abstract_status":0,"arg_kinds":[],"arg_names":[],"dataclass_transform_spec":null,"flags":[],"fullname":"_thread.interrupt_main","name":"interrupt_main","type":{".class":"CallableType","arg_kinds":[],"arg_names":[],"arg_types":[],"bound_args":[],"def_extras":{"first_arg":null},"fallback":"builtins.function","from_concatenate":false,"implicit":false,"is_ellipsis_args":false,"name":"interrupt_main","ret_type":{".class":"NoneType"},"type_guard":null,"unpack_kwargs":false,"variables":[]}}},"stack_size":{".class":"SymbolTableNode","kind":"Gdef","node":{".class":"FuncDef","abstract_status":0,"arg_kinds":[1],"arg_names":["size"],"dataclass_transform_spec":null,"flags":[],"fullname":"_thread.stack_size","name":"stack_size","type":{".class":"CallableType","arg_kinds":[1],"arg_names":["size"],"arg_types":["builtins.int"],"bound_args":[],"def_extras":{"first_arg":null},"fallback":"builtins.function","from_concatenate":false,"implicit":false,"is_ellipsis_args":false,"name":"stack_size","ret_type":"builtins.int","type_guard":null,"unpack_kwargs":false,"variables":[]}}},"start_new_thread":{".class":"SymbolTableNode","kind":"Gdef","node":{".class":"FuncDef","abstract_status":0,"arg_kinds":[0,0,1],"arg_names":["function","args","kwargs"],"dataclass_transform_spec":null,"flags":[],"fullname":"_thread.start_new_thread","name":"start_new_thread","type":{".class":"CallableType","arg_kinds":[0,0,1],"arg_names":["function","args","kwargs"],"arg_types":[{".class":"CallableType","arg_kinds":[2,4],"arg_names":[null,null],"arg_types":[{".class":"AnyType","missing_import_name":null,"source_any":null,"type_of_any":2},{".class":"AnyType","missing_import_name":null,"source_any":null,"type_of_any":2}],"bound_args":[],"def_extras":{},"fallback":"builtins.function","from_concatenate":false,"implicit":false,"is_ellipsis_args":true,"name":null,"ret_type":"builtins.object","type_guard":null,"unpack_kwargs":false,"variables":[]},{".class":"Instance","args":[{".class":"AnyType","missing_import_name":null,"source_any":null,"type_of_any":2}],"type_ref":"builtins.tuple"},{".class":"Instance","args":["builtins.str",{".class":"AnyType","missing_import_name":null,"source_any":null,"type_of_any":2}],"type_ref":"builtins.dict"}],"bound_args":[],"def_extras":{"first_arg":null},"fallback":"builtins.function","from_concatenate":false,"implicit":false,"is_ellipsis_args":false,"name":"start_new_thread","ret_type":"builtins.int","type_guard":null,"unpack_kwargs":false,"variables":[]}}},"structseq":{".class":"SymbolTableNode","cross_ref":"_typeshed.structseq","kind":"Gdef","module_hidden":true,"module_public":false},"sys":{".class":"SymbolTableNode","cross_ref":"sys","kind":"Gdef","module_hidden":true,"module_public":false}},"path":"C:\\Users\\Vasilis\\AppData\\Local\\Programs\\Python\\Python313\\Lib\\site-packages\\mypy\\typeshed\\stdlib\\_thread.pyi"}