{".class":"MypyFile","_fullname":"_warnings","future_import_flags":[],"is_partial_stub_package":false,"is_stub":true,"names":{".class":"SymbolTable","Any":{".class":"SymbolTableNode","cross_ref":"typing.Any","kind":"Gdef","module_hidden":true,"module_public":false},"__annotations__":{".class":"SymbolTableNode","kind":"Gdef","node":{".class":"Var","flags":["is_ready"],"fullname":"_warnings.__annotations__","name":"__annotations__","type":{".class":"Instance","args":["builtins.str",{".class":"AnyType","missing_import_name":null,"source_any":null,"type_of_any":6}],"type_ref":"builtins.dict"}}},"__doc__":{".class":"SymbolTableNode","kind":"Gdef","node":{".class":"Var","flags":["is_ready"],"fullname":"_warnings.__doc__","name":"__doc__","type":"builtins.str"}},"__file__":{".class":"SymbolTableNode","kind":"Gdef","node":{".class":"Var","flags":["is_ready"],"fullname":"_warnings.__file__","name":"__file__","type":"builtins.str"}},"__name__":{".class":"SymbolTableNode","kind":"Gdef","node":{".class":"Var","flags":["is_ready"],"fullname":"_warnings.__name__","name":"__name__","type":"builtins.str"}},"__package__":{".class":"SymbolTableNode","kind":"Gdef","node":{".class":"Var","flags":["is_ready"],"fullname":"_warnings.__package__","name":"__package__","type":"builtins.str"}},"_defaultaction":{".class":"SymbolTableNode","kind":"Gdef","node":{".class":"Var","flags":["is_ready"],"fullname":"_warnings._defaultaction","name":"_defaultaction","type":"builtins.str"}},"_onceregistry":{".class":"SymbolTableNode","kind":"Gdef","node":{".class":"Var","flags":["is_ready"],"fullname":"_warnings._onceregistry","name":"_onceregistry","type":{".class":"Instance","args":[{".class":"AnyType","missing_import_name":null,"source_any":null,"type_of_any":2},{".class":"AnyType","missing_import_name":null,"source_any":null,"type_of_any":2}],"type_ref":"builtins.dict"}}},"filters":{".class":"SymbolTableNode","kind":"Gdef","node":{".class":"Var","flags":["is_ready"],"fullname":"_warnings.filters","name":"filters","type":{".class":"Instance","args":[{".class":"TupleType","implicit":false,"items":["builtins.str",{".class":"UnionType","items":["builtins.str",{".class":"NoneType"}]},{".class":"TypeType","item":"builtins.Warning"},{".class":"UnionType","items":["builtins.str",{".class":"NoneType"}]},"builtins.int"],"partial_fallback":{".class":"Instance","args":[{".class":"AnyType","missing_import_name":null,"source_any":null,"type_of_any":6}],"type_ref":"builtins.tuple"}}],"type_ref":"builtins.list"}}},"overload":{".class":"SymbolTableNode","cross_ref":"typing.overload","kind":"Gdef","module_hidden":true,"module_public":false},"warn":{".class":"SymbolTableNode","kind":"Gdef","node":{".class":"OverloadedFuncDef","flags":[],"fullname":"_warnings.warn","impl":null,"items":[{".class":"Decorator","func":{".class":"FuncDef","abstract_status":0,"arg_kinds":[0,1,1,1],"arg_names":["message","category","stacklevel","source"],"dataclass_transform_spec":null,"flags":["is_overload","is_decorated"],"fullname":"_warnings.warn","name":"warn","type":{".class":"CallableType","arg_kinds":[0,1,1,1],"arg_names":["message","category","stacklevel","source"],"arg_types":["builtins.str",{".class":"UnionType","items":[{".class":"TypeType","item":"builtins.Warning"},{".class":"NoneType"}]},"builtins.int",{".class":"UnionType","items":[{".class":"AnyType","missing_import_name":null,"source_any":null,"type_of_any":2},{".class":"NoneType"}]}],"bound_args":[],"def_extras":{"first_arg":null},"fallback":"builtins.function","from_concatenate":false,"implicit":false,"is_ellipsis_args":false,"name":"warn","ret_type":{".class":"NoneType"},"type_guard":null,"unpack_kwargs":false,"variables":[]}},"is_overload":true,"var":{".class":"Var","flags":["is_inferred"],"fullname":"_warnings.warn","name":"warn","type":null}},{".class":"Decorator","func":{".class":"FuncDef","abstract_status":0,"arg_kinds":[0,1,1,1],"arg_names":["message","category","stacklevel","source"],"dataclass_transform_spec":null,"flags":["is_overload","is_decorated"],"fullname":"_warnings.warn","name":"warn","type":{".class":"CallableType","arg_kinds":[0,1,1,1],"arg_names":["message","category","stacklevel","source"],"arg_types":["builtins.Warning",{".class":"UnionType","items":[{".class":"AnyType","missing_import_name":null,"source_any":null,"type_of_any":2},{".class":"NoneType"}]},"builtins.int",{".class":"UnionType","items":[{".class":"AnyType","missing_import_name":null,"source_any":null,"type_of_any":2},{".class":"NoneType"}]}],"bound_args":[],"def_extras":{"first_arg":null},"fallback":"builtins.function","from_concatenate":false,"implicit":false,"is_ellipsis_args":false,"name":"warn","ret_type":{".class":"NoneType"},"type_guard":null,"unpack_kwargs":false,"variables":[]}},"is_overload":true,"var":{".class":"Var","flags":["is_inferred"],"fullname":"_warnings.warn","name":"warn","type":null}}],"type":{".class":"Overloaded","items":[{".class":"CallableType","arg_kinds":[0,1,1,1],"arg_names":["message","category","stacklevel","source"],"arg_types":["builtins.str",{".class":"UnionType","items":[{".class":"TypeType","item":"builtins.Warning"},{".class":"NoneType"}]},"builtins.int",{".class":"UnionType","items":[{".class":"AnyType","missing_import_name":null,"source_any":null,"type_of_any":2},{".class":"NoneType"}]}],"bound_args":[],"def_extras":{"first_arg":null},"fallback":"builtins.function","from_concatenate":false,"implicit":false,"is_ellipsis_args":false,"name":"warn","ret_type":{".class":"NoneType"},"type_guard":null,"unpack_kwargs":false,"variables":[]},{".class":"CallableType","arg_kinds":[0,1,1,1],"arg_names":["message","category","stacklevel","source"],"arg_types":["builtins.Warning",{".class":"UnionType","items":[{".class":"AnyType","missing_import_name":null,"source_any":null,"type_of_any":2},{".class":"NoneType"}]},"builtins.int",{".class":"UnionType","items":[{".class":"AnyType","missing_import_name":null,"source_any":null,"type_of_any":2},{".class":"NoneType"}]}],"bound_args":[],"def_extras":{"first_arg":null},"fallback":"builtins.function","from_concatenate":false,"implicit":false,"is_ellipsis_args":false,"name":"warn","ret_type":{".class":"NoneType"},"type_guard":null,"unpack_kwargs":false,"variables":[]}]}}},"warn_explicit":{".class":"SymbolTableNode","kind":"Gdef","node":{".class":"OverloadedFuncDef","flags":[],"fullname":"_warnings.warn_explicit","impl":null,"items":[{".class":"Decorator","func":{".class":"FuncDef","abstract_status":0,"arg_kinds":[0,0,0,0,1,1,1,1],"arg_names":["message","category","filename","lineno","module","registry","module_globals","source"],"dataclass_transform_spec":null,"flags":["is_overload","is_decorated"],"fullname":"_warnings.warn_explicit","name":"warn_explicit","type":{".class":"CallableType","arg_kinds":[0,0,0,0,1,1,1,1],"arg_names":["message","category","filename","lineno","module","registry","module_globals","source"],"arg_types":["builtins.str",{".class":"TypeType","item":"builtins.Warning"},"builtins.str","builtins.int",{".class":"UnionType","items":["builtins.str",{".class":"NoneType"}]},{".class":"UnionType","items":[{".class":"Instance","args":[{".class":"UnionType","items":["builtins.str",{".class":"TupleType","implicit":false,"items":["builtins.str",{".class":"TypeType","item":"builtins.Warning"},"builtins.int"],"partial_fallback":{".class":"Instance","args":[{".class":"AnyType","missing_import_name":null,"source_any":null,"type_of_any":6}],"type_ref":"builtins.tuple"}}]},"builtins.int"],"type_ref":"builtins.dict"},{".class":"NoneType"}]},{".class":"UnionType","items":[{".class":"Instance","args":["builtins.str",{".class":"AnyType","missing_import_name":null,"source_any":null,"type_of_any":2}],"type_ref":"builtins.dict"},{".class":"NoneType"}]},{".class":"UnionType","items":[{".class":"AnyType","missing_import_name":null,"source_any":null,"type_of_any":2},{".class":"NoneType"}]}],"bound_args":[],"def_extras":{"first_arg":null},"fallback":"builtins.function","from_concatenate":false,"implicit":false,"is_ellipsis_args":false,"name":"warn_explicit","ret_type":{".class":"NoneType"},"type_guard":null,"unpack_kwargs":false,"variables":[]}},"is_overload":true,"var":{".class":"Var","flags":["is_inferred"],"fullname":"_warnings.warn_explicit","name":"warn_explicit","type":null}},{".class":"Decorator","func":{".class":"FuncDef","abstract_status":0,"arg_kinds":[0,0,0,0,1,1,1,1],"arg_names":["message","category","filename","lineno","module","registry","module_globals","source"],"dataclass_transform_spec":null,"flags":["is_overload","is_decorated"],"fullname":"_warnings.warn_explicit","name":"warn_explicit","type":{".class":"CallableType","arg_kinds":[0,0,0,0,1,1,1,1],"arg_names":["message","category","filename","lineno","module","registry","module_globals","source"],"arg_types":["builtins.Warning",{".class":"AnyType","missing_import_name":null,"source_any":null,"type_of_any":2},"builtins.str","builtins.int",{".class":"UnionType","items":["builtins.str",{".class":"NoneType"}]},{".class":"UnionType","items":[{".class":"Instance","args":[{".class":"UnionType","items":["builtins.str",{".class":"TupleType","implicit":false,"items":["builtins.str",{".class":"TypeType","item":"builtins.Warning"},"builtins.int"],"partial_fallback":{".class":"Instance","args":[{".class":"AnyType","missing_import_name":null,"source_any":null,"type_of_any":6}],"type_ref":"builtins.tuple"}}]},"builtins.int"],"type_ref":"builtins.dict"},{".class":"NoneType"}]},{".class":"UnionType","items":[{".class":"Instance","args":["builtins.str",{".class":"AnyType","missing_import_name":null,"source_any":null,"type_of_any":2}],"type_ref":"builtins.dict"},{".class":"NoneType"}]},{".class":"UnionType","items":[{".class":"AnyType","missing_import_name":null,"source_any":null,"type_of_any":2},{".class":"NoneType"}]}],"bound_args":[],"def_extras":{"first_arg":null},"fallback":"builtins.function","from_concatenate":false,"implicit":false,"is_ellipsis_args":false,"name":"warn_explicit","ret_type":{".class":"NoneType"},"type_guard":null,"unpack_kwargs":false,"variables":[]}},"is_overload":true,"var":{".class":"Var","flags":["is_inferred"],"fullname":"_warnings.warn_explicit","name":"warn_explicit","type":null}}],"type":{".class":"Overloaded","items":[{".class":"CallableType","arg_kinds":[0,0,0,0,1,1,1,1],"arg_names":["message","category","filename","lineno","module","registry","module_globals","source"],"arg_types":["builtins.str",{".class":"TypeType","item":"builtins.Warning"},"builtins.str","builtins.int",{".class":"UnionType","items":["builtins.str",{".class":"NoneType"}]},{".class":"UnionType","items":[{".class":"Instance","args":[{".class":"UnionType","items":["builtins.str",{".class":"TupleType","implicit":false,"items":["builtins.str",{".class":"TypeType","item":"builtins.Warning"},"builtins.int"],"partial_fallback":{".class":"Instance","args":[{".class":"AnyType","missing_import_name":null,"source_any":null,"type_of_any":6}],"type_ref":"builtins.tuple"}}]},"builtins.int"],"type_ref":"builtins.dict"},{".class":"NoneType"}]},{".class":"UnionType","items":[{".class":"Instance","args":["builtins.str",{".class":"AnyType","missing_import_name":null,"source_any":null,"type_of_any":2}],"type_ref":"builtins.dict"},{".class":"NoneType"}]},{".class":"UnionType","items":[{".class":"AnyType","missing_import_name":null,"source_any":null,"type_of_any":2},{".class":"NoneType"}]}],"bound_args":[],"def_extras":{"first_arg":null},"fallback":"builtins.function","from_concatenate":false,"implicit":false,"is_ellipsis_args":false,"name":"warn_explicit","ret_type":{".class":"NoneType"},"type_guard":null,"unpack_kwargs":false,"variables":[]},{".class":"CallableType","arg_kinds":[0,0,0,0,1,1,1,1],"arg_names":["message","category","filename","lineno","module","registry","module_globals","source"],"arg_types":["builtins.Warning",{".class":"AnyType","missing_import_name":null,"source_any":null,"type_of_any":2},"builtins.str","builtins.int",{".class":"UnionType","items":["builtins.str",{".class":"NoneType"}]},{".class":"UnionType","items":[{".class":"Instance","args":[{".class":"UnionType","items":["builtins.str",{".class":"TupleType","implicit":false,"items":["builtins.str",{".class":"TypeType","item":"builtins.Warning"},"builtins.int"],"partial_fallback":{".class":"Instance","args":[{".class":"AnyType","missing_import_name":null,"source_any":null,"type_of_any":6}],"type_ref":"builtins.tuple"}}]},"builtins.int"],"type_ref":"builtins.dict"},{".class":"NoneType"}]},{".class":"UnionType","items":[{".class":"Instance","args":["builtins.str",{".class":"AnyType","missing_import_name":null,"source_any":null,"type_of_any":2}],"type_ref":"builtins.dict"},{".class":"NoneType"}]},{".class":"UnionType","items":[{".class":"AnyType","missing_import_name":null,"source_any":null,"type_of_any":2},{".class":"NoneType"}]}],"bound_args":[],"def_extras":{"first_arg":null},"fallback":"builtins.function","from_concatenate":false,"implicit":false,"is_ellipsis_args":false,"name":"warn_explicit","ret_type":{".class":"NoneType"},"type_guard":null,"unpack_kwargs":false,"variables":[]}]}}}},"path":"C:\\Users\\Vasilis\\AppData\\Local\\Programs\\Python\\Python313\\Lib\\site-packages\\mypy\\typeshed\\stdlib\\_warnings.pyi"}