{"data_mtime":1762095563,"dep_lines":[16,17,19,20,29,37,41,42,44,242,16,18,19,26,33,1,3,4,14,18,1,1,1,1,1,1,1,1,1,1,1,1,1,1,1,1,1,1,1,1,1,1,1,1,1,1,1,1,1,1],"dep_prios":[10,10,10,10,25,25,20,25,25,20,20,10,20,25,25,5,10,5,5,20,5,30,30,30,30,30,30,30,30,30,30,30,30,30,30,30,30,30,30,30,30,30,30,30,30,30,30,30,30,30],"dependencies":["alembic.autogenerate.compare","alembic.autogenerate.render","alembic.operations.ops","alembic.util.sqla_compat","sqlalchemy.sql.schema","alembic.runtime.environment","alembic.runtime.migration","alembic.script.base","alembic.script.revision","sqlalchemy.engine.default","alembic.autogenerate","alembic.util","alembic.operations","sqlalchemy.engine","alembic.config","__future__","contextlib","typing","sqlalchemy","alembic","builtins","_typeshed","abc","alembic.runtime","alembic.script","alembic.util.exc","alembic.util.langhelpers","os","sqlalchemy.engine.base","sqlalchemy.engine.interfaces","sqlalchemy.engine.reflection","sqlalchemy.engine.url","sqlalchemy.inspection","sqlalchemy.log","sqlalchemy.orm","sqlalchemy.orm.base","sqlalchemy.orm.interfaces","sqlalchemy.orm.mapper","sqlalchemy.orm.state","sqlalchemy.sql","sqlalchemy.sql.annotation","sqlalchemy.sql.base","sqlalchemy.sql.elements","sqlalchemy.sql.roles","sqlalchemy.sql.selectable","sqlalchemy.sql.traversals","sqlalchemy.sql.visitors","sqlalchemy.util","sqlalchemy.util._collections","sqlalchemy.util.langhelpers"],"hash":"2f8aa46a94893b5629ca6c7c1ec8cb974bc516ddb4d9a830318b106c87ba66d2","id":"alembic.autogenerate.api","ignore_all":true,"interface_hash":"227f7679f01d70ae7b2deac60461f9466feeb5efdc4317c0a2e8e710a69e565e","mtime":1761854780,"options":{"allow_redefinition":false,"allow_untyped_globals":false,"always_false":[],"always_true":[],"bazel":false,"check_untyped_defs":false,"disable_bytearray_promotion":false,"disable_error_code":[],"disable_memoryview_promotion":false,"disabled_error_codes":[],"disallow_any_decorated":false,"disallow_any_explicit":false,"disallow_any_expr":false,"disallow_any_generics":false,"disallow_any_unimported":false,"disallow_incomplete_defs":false,"disallow_subclassing_any":false,"disallow_untyped_calls":false,"disallow_untyped_decorators":false,"disallow_untyped_defs":false,"enable_error_code":[],"enabled_error_codes":[],"follow_imports":"silent","follow_imports_for_stubs":false,"ignore_errors":false,"ignore_missing_imports":true,"implicit_optional":true,"implicit_reexport":true,"local_partial_types":false,"mypyc":false,"platform":"win32","plugins":[],"strict_concatenate":false,"strict_equality":false,"strict_optional":true,"warn_no_return":true,"warn_return_any":false,"warn_unreachable":false,"warn_unused_ignores":false},"path":"C:\\Users\\Vasilis\\AppData\\Local\\Programs\\Python\\Python313\\Lib\\site-packages\\alembic\\autogenerate\\api.py","plugin_data":null,"size":22219,"suppressed":[],"version_id":"1.3.0"}