{"data_mtime":1762095524,"dep_lines":[1,2,3,1,1],"dep_prios":[5,5,5,5,30],"dependencies":["collections.abc","typing","typing_extensions","builtins","abc"],"hash":"5ae714f53c5d86c4d485dbf839aad598cb4c8a40a8f3b1c08c688f08688b6536","id":"atexit","ignore_all":true,"interface_hash":"b5a04025a42ef9cbdb6cab931ed028bcfaf22e99b57c89be70f2f7fe8176000c","mtime":1762095442,"options":{"allow_redefinition":false,"allow_untyped_globals":false,"always_false":[],"always_true":[],"bazel":false,"check_untyped_defs":false,"disable_bytearray_promotion":false,"disable_error_code":[],"disable_memoryview_promotion":false,"disabled_error_codes":[],"disallow_any_decorated":false,"disallow_any_explicit":false,"disallow_any_expr":false,"disallow_any_generics":false,"disallow_any_unimported":false,"disallow_incomplete_defs":false,"disallow_subclassing_any":false,"disallow_untyped_calls":false,"disallow_untyped_decorators":false,"disallow_untyped_defs":false,"enable_error_code":[],"enabled_error_codes":[],"follow_imports":"silent","follow_imports_for_stubs":false,"ignore_errors":false,"ignore_missing_imports":true,"implicit_optional":true,"implicit_reexport":true,"local_partial_types":false,"mypyc":false,"platform":"win32","plugins":[],"strict_concatenate":false,"strict_equality":false,"strict_optional":true,"warn_no_return":true,"warn_return_any":false,"warn_unreachable":false,"warn_unused_ignores":false},"path":"C:\\Users\\Vasilis\\AppData\\Local\\Programs\\Python\\Python313\\Lib\\site-packages\\mypy\\typeshed\\stdlib\\atexit.pyi","plugin_data":null,"size":392,"suppressed":[],"version_id":"1.3.0"}