{"data_mtime":1762095563,"dep_lines":[25,27,28,30,31,43,46,53,69,573,27,29,41,42,50,68,574,3,5,6,7,8,29,40,1,1,1,1,1,1,1,1,1,1,1,1,1,1,1,1,1,1,1,1,1,1,1,1,1,1],"dep_prios":[5,10,10,5,5,25,25,25,25,20,20,10,25,25,25,25,20,5,5,10,10,5,20,25,5,30,30,30,30,30,30,30,30,30,30,30,30,30,30,30,30,30,30,30,30,30,30,30,30,30],"dependencies":["sqlalchemy.sql.elements","alembic.operations.batch","alembic.operations.schemaobj","alembic.util.sqla_compat","alembic.util.compat","sqlalchemy.sql.expression","sqlalchemy.sql.schema","alembic.operations.ops","alembic.runtime.migration","sqlalchemy.ext.asyncio","alembic.operations","alembic.util","sqlalchemy.engine","sqlalchemy.sql","sqlalchemy.types","alembic.ddl","sqlalchemy.util","__future__","contextlib","re","textwrap","typing","alembic","sqlalchemy","builtins","_typeshed","abc","alembic.ddl.impl","alembic.runtime","alembic.util.langhelpers","sqlalchemy.engine.base","sqlalchemy.engine.interfaces","sqlalchemy.ext","sqlalchemy.ext.asyncio.base","sqlalchemy.ext.asyncio.engine","sqlalchemy.future","sqlalchemy.future.engine","sqlalchemy.sql.annotation","sqlalchemy.sql.base","sqlalchemy.sql.operators","sqlalchemy.sql.roles","sqlalchemy.sql.selectable","sqlalchemy.sql.traversals","sqlalchemy.sql.type_api","sqlalchemy.sql.visitors","sqlalchemy.util._collections","sqlalchemy.util._concurrency_py3k","sqlalchemy.util.compat","sqlalchemy.util.langhelpers","types"],"hash":"9e9c358856e84e512c6904b46fb99bd92107b110d5e062d0aa78e171f99ae8d9","id":"alembic.operations.base","ignore_all":true,"interface_hash":"db0ee6f8bdc0a7f4c417f26a2e67f1133dd4e9c6e39e5c1cbe2ea08e6566801a","mtime":1761854780,"options":{"allow_redefinition":false,"allow_untyped_globals":false,"always_false":[],"always_true":[],"bazel":false,"check_untyped_defs":false,"disable_bytearray_promotion":false,"disable_error_code":[],"disable_memoryview_promotion":false,"disabled_error_codes":[],"disallow_any_decorated":false,"disallow_any_explicit":false,"disallow_any_expr":false,"disallow_any_generics":false,"disallow_any_unimported":false,"disallow_incomplete_defs":false,"disallow_subclassing_any":false,"disallow_untyped_calls":false,"disallow_untyped_decorators":false,"disallow_untyped_defs":false,"enable_error_code":[],"enabled_error_codes":[],"follow_imports":"silent","follow_imports_for_stubs":false,"ignore_errors":false,"ignore_missing_imports":true,"implicit_optional":true,"implicit_reexport":true,"local_partial_types":false,"mypyc":false,"platform":"win32","plugins":[],"strict_concatenate":false,"strict_equality":false,"strict_optional":true,"warn_no_return":true,"warn_return_any":false,"warn_unreachable":false,"warn_unused_ignores":false},"path":"C:\\Users\\Vasilis\\AppData\\Local\\Programs\\Python\\Python313\\Lib\\site-packages\\alembic\\operations\\base.py","plugin_data":null,"size":75157,"suppressed":[],"version_id":"1.3.0"}