{"data_mtime":1762095563,"dep_lines":[22,23,25,26,28,22,24,25,34,1,3,4,5,6,7,8,9,10,11,24,41,1,1,1,1,1,1,1,1,1,1,1,1,1,1,1],"dep_prios":[10,10,10,10,5,20,5,20,25,5,5,10,10,5,10,10,10,5,5,20,5,5,30,30,30,30,30,30,30,30,30,30,30,30,30,30],"dependencies":["alembic.script.revision","alembic.script.write_hooks","alembic.runtime.migration","alembic.util.compat","alembic.util.pyfiles","alembic.script","alembic.util","alembic.runtime","alembic.config","__future__","contextlib","datetime","os","pathlib","re","shutil","sys","types","typing","alembic","zoneinfo","builtins","_typeshed","abc","alembic.util.exc","alembic.util.langhelpers","alembic.util.messaging","array","ctypes","mmap","pickle","sqlalchemy","sqlalchemy.util","sqlalchemy.util._collections","sqlalchemy.util.langhelpers","typing_extensions"],"hash":"d6c752477a64c8dc81e509b91ca0a5b2edd6c6d6526da44afa7bbeb8656d1139","id":"alembic.script.base","ignore_all":true,"interface_hash":"d3f1f625fb6fa263e04a550e4d118852c3a908976defe4a1e4e80ffc18ae13fc","mtime":1761854780,"options":{"allow_redefinition":false,"allow_untyped_globals":false,"always_false":[],"always_true":[],"bazel":false,"check_untyped_defs":false,"disable_bytearray_promotion":false,"disable_error_code":[],"disable_memoryview_promotion":false,"disabled_error_codes":[],"disallow_any_decorated":false,"disallow_any_explicit":false,"disallow_any_expr":false,"disallow_any_generics":false,"disallow_any_unimported":false,"disallow_incomplete_defs":false,"disallow_subclassing_any":false,"disallow_untyped_calls":false,"disallow_untyped_decorators":false,"disallow_untyped_defs":false,"enable_error_code":[],"enabled_error_codes":[],"follow_imports":"silent","follow_imports_for_stubs":false,"ignore_errors":false,"ignore_missing_imports":true,"implicit_optional":true,"implicit_reexport":true,"local_partial_types":false,"mypyc":false,"platform":"win32","plugins":[],"strict_concatenate":false,"strict_equality":false,"strict_optional":true,"warn_no_return":true,"warn_return_any":false,"warn_unreachable":false,"warn_unused_ignores":false},"path":"C:\\Users\\Vasilis\\AppData\\Local\\Programs\\Python\\Python313\\Lib\\site-packages\\alembic\\script\\base.py","plugin_data":null,"size":36654,"suppressed":[],"version_id":"1.3.0"}