{"data_mtime":1762095563,"dep_lines":[14,17,19,30,33,34,35,37,11,13,15,4,6,7,11,1,1,1,1,1,1,1,1,1,1,1,1,1,1,1,1,1,1],"dep_prios":[5,5,5,25,25,25,25,25,10,10,5,5,10,5,5,5,30,30,30,30,30,30,30,30,30,30,30,30,30,30,30,30,30],"dependencies":["sqlalchemy.ext.compiler","sqlalchemy.sql.elements","alembic.util.sqla_compat","sqlalchemy.sql.compiler","sqlalchemy.sql.functions","sqlalchemy.sql.schema","sqlalchemy.sql.type_api","alembic.ddl.impl","sqlalchemy.exc","sqlalchemy.types","sqlalchemy.schema","__future__","functools","typing","sqlalchemy","builtins","abc","sqlalchemy.engine","sqlalchemy.engine.interfaces","sqlalchemy.ext","sqlalchemy.sql","sqlalchemy.sql.annotation","sqlalchemy.sql.base","sqlalchemy.sql.ddl","sqlalchemy.sql.operators","sqlalchemy.sql.roles","sqlalchemy.sql.selectable","sqlalchemy.sql.sqltypes","sqlalchemy.sql.traversals","sqlalchemy.sql.visitors","sqlalchemy.util","sqlalchemy.util.langhelpers","typing_extensions"],"hash":"0357fcf7eac266fab0fa18169816c8b3346ac7de252fa80a2c55c4f641deb6d0","id":"alembic.ddl.base","ignore_all":true,"interface_hash":"4efe15bded3eee1a7f16a00fd81cb5d7ec3165e9f29edf34e240e53325079b5a","mtime":1761854780,"options":{"allow_redefinition":false,"allow_untyped_globals":false,"always_false":[],"always_true":[],"bazel":false,"check_untyped_defs":false,"disable_bytearray_promotion":false,"disable_error_code":[],"disable_memoryview_promotion":false,"disabled_error_codes":[],"disallow_any_decorated":false,"disallow_any_explicit":false,"disallow_any_expr":false,"disallow_any_generics":false,"disallow_any_unimported":false,"disallow_incomplete_defs":false,"disallow_subclassing_any":false,"disallow_untyped_calls":false,"disallow_untyped_decorators":false,"disallow_untyped_defs":false,"enable_error_code":[],"enabled_error_codes":[],"follow_imports":"silent","follow_imports_for_stubs":false,"ignore_errors":false,"ignore_missing_imports":true,"implicit_optional":true,"implicit_reexport":true,"local_partial_types":false,"mypyc":false,"platform":"win32","plugins":[],"strict_concatenate":false,"strict_equality":false,"strict_optional":true,"warn_no_return":true,"warn_return_any":false,"warn_unreachable":false,"warn_unused_ignores":false},"path":"C:\\Users\\Vasilis\\AppData\\Local\\Programs\\Python\\Python313\\Lib\\site-packages\\alembic\\ddl\\base.py","plugin_data":null,"size":10478,"suppressed":[],"version_id":"1.3.0"}