{"data_mtime":1762095563,"dep_lines":[24,26,28,29,45,47,49,51,20,23,25,28,44,4,6,14,1,1,1,1,1,1,1,1,1,1,1,1,1,1,1,1,1,1,1,1,1,1,1,1],"dep_prios":[5,10,10,5,25,25,25,25,10,10,5,20,25,5,5,5,5,30,30,30,30,30,30,30,30,30,30,30,30,30,30,30,30,30,30,30,30,30,30,30],"dependencies":["sqlalchemy.sql.schema","sqlalchemy.util.topological","alembic.util.exc","alembic.util.sqla_compat","sqlalchemy.sql.elements","sqlalchemy.sql.functions","sqlalchemy.sql.type_api","alembic.ddl.impl","sqlalchemy.schema","sqlalchemy.types","sqlalchemy.util","alembic.util","sqlalchemy.engine","__future__","typing","sqlalchemy","builtins","_collections_abc","_typeshed","abc","alembic.ddl","contextlib","sqlalchemy.engine.base","sqlalchemy.engine.cursor","sqlalchemy.engine.interfaces","sqlalchemy.engine.result","sqlalchemy.log","sqlalchemy.sql","sqlalchemy.sql.annotation","sqlalchemy.sql.base","sqlalchemy.sql.dml","sqlalchemy.sql.expression","sqlalchemy.sql.operators","sqlalchemy.sql.roles","sqlalchemy.sql.selectable","sqlalchemy.sql.sqltypes","sqlalchemy.sql.traversals","sqlalchemy.sql.visitors","sqlalchemy.util._collections","sqlalchemy.util.langhelpers"],"hash":"d5498215cb0558e6e29d0585456a066648f29e5e781caa6575b3ecebb691e308","id":"alembic.operations.batch","ignore_all":true,"interface_hash":"91b4fdbbb709876180523640df0df58350664603885347deb0110265d55a6e03","mtime":1761854780,"options":{"allow_redefinition":false,"allow_untyped_globals":false,"always_false":[],"always_true":[],"bazel":false,"check_untyped_defs":false,"disable_bytearray_promotion":false,"disable_error_code":[],"disable_memoryview_promotion":false,"disabled_error_codes":[],"disallow_any_decorated":false,"disallow_any_explicit":false,"disallow_any_expr":false,"disallow_any_generics":false,"disallow_any_unimported":false,"disallow_incomplete_defs":false,"disallow_subclassing_any":false,"disallow_untyped_calls":false,"disallow_untyped_decorators":false,"disallow_untyped_defs":false,"enable_error_code":[],"enabled_error_codes":[],"follow_imports":"silent","follow_imports_for_stubs":false,"ignore_errors":false,"ignore_missing_imports":true,"implicit_optional":true,"implicit_reexport":true,"local_partial_types":false,"mypyc":false,"platform":"win32","plugins":[],"strict_concatenate":false,"strict_equality":false,"strict_optional":true,"warn_no_return":true,"warn_return_any":false,"warn_unreachable":false,"warn_unused_ignores":false},"path":"C:\\Users\\Vasilis\\AppData\\Local\\Programs\\Python\\Python313\\Lib\\site-packages\\alembic\\operations\\batch.py","plugin_data":null,"size":26923,"suppressed":[],"version_id":"1.3.0"}