{"data_mtime":1762095524,"dep_lines":[3,1,2,4,5,6,1,1],"dep_prios":[5,10,5,5,5,5,5,30],"dependencies":["collections.abc","sys","_typeshed","types","typing","typing_extensions","builtins","abc"],"hash":"fbd0c528c20c1fbb105c4080367b485ac89d374ae37a8ea0a711c2ce24002426","id":"bdb","ignore_all":true,"interface_hash":"3eb8c43c06be9704ba7a3fe988e2866c3ca5e7f79326d6473372d7aec3395181","mtime":1762095442,"options":{"allow_redefinition":false,"allow_untyped_globals":false,"always_false":[],"always_true":[],"bazel":false,"check_untyped_defs":false,"disable_bytearray_promotion":false,"disable_error_code":[],"disable_memoryview_promotion":false,"disabled_error_codes":[],"disallow_any_decorated":false,"disallow_any_explicit":false,"disallow_any_expr":false,"disallow_any_generics":false,"disallow_any_unimported":false,"disallow_incomplete_defs":false,"disallow_subclassing_any":false,"disallow_untyped_calls":false,"disallow_untyped_decorators":false,"disallow_untyped_defs":false,"enable_error_code":[],"enabled_error_codes":[],"follow_imports":"silent","follow_imports_for_stubs":false,"ignore_errors":false,"ignore_missing_imports":true,"implicit_optional":true,"implicit_reexport":true,"local_partial_types":false,"mypyc":false,"platform":"win32","plugins":[],"strict_concatenate":false,"strict_equality":false,"strict_optional":true,"warn_no_return":true,"warn_return_any":false,"warn_unreachable":false,"warn_unused_ignores":false},"path":"C:\\Users\\Vasilis\\AppData\\Local\\Programs\\Python\\Python313\\Lib\\site-packages\\mypy\\typeshed\\stdlib\\bdb.pyi","plugin_data":null,"size":4610,"suppressed":[],"version_id":"1.3.0"}