{".class":"MypyFile","_fullname":"bdb","future_import_flags":[],"is_partial_stub_package":false,"is_stub":true,"names":{".class":"SymbolTable","Any":{".class":"SymbolTableNode","cross_ref":"typing.Any","kind":"Gdef","module_hidden":true,"module_public":false},"Bdb":{".class":"SymbolTableNode","kind":"Gdef","node":{".class":"TypeInfo","_promote":[],"abstract_attributes":[],"alt_promote":null,"bases":["builtins.object"],"dataclass_transform_spec":null,"declared_metaclass":null,"defn":{".class":"ClassDef","fullname":"bdb.Bdb","name":"Bdb","type_vars":[]},"deletable_attributes":[],"flags":[],"fullname":"bdb.Bdb","has_param_spec_type":false,"metaclass_type":null,"metadata":{},"module_name":"bdb","mro":["bdb.Bdb","builtins.object"],"names":{".class":"SymbolTable","__init__":{".class":"SymbolTableNode","kind":"Mdef","node":{".class":"FuncDef","abstract_status":0,"arg_kinds":[0,1],"arg_names":["self","skip"],"dataclass_transform_spec":null,"flags":[],"fullname":"bdb.Bdb.__init__","name":"__init__","type":{".class":"CallableType","arg_kinds":[0,1],"arg_names":["self","skip"],"arg_types":["bdb.Bdb",{".class":"UnionType","items":[{".class":"Instance","args":["builtins.str"],"type_ref":"typing.Iterable"},{".class":"NoneType"}]}],"bound_args":[],"def_extras":{"first_arg":"self"},"fallback":"builtins.function","from_concatenate":false,"implicit":false,"is_ellipsis_args":false,"name":"__init__ of Bdb","ret_type":{".class":"NoneType"},"type_guard":null,"unpack_kwargs":false,"variables":[]}}},"botframe":{".class":"SymbolTableNode","kind":"Mdef","node":{".class":"Var","flags":["is_initialized_in_class","is_ready"],"fullname":"bdb.Bdb.botframe","name":"botframe","type":{".class":"UnionType","items":["types.FrameType",{".class":"NoneType"}]}}},"break_anywhere":{".class":"SymbolTableNode","kind":"Mdef","node":{".class":"FuncDef","abstract_status":0,"arg_kinds":[0,0],"arg_names":["self","frame"],"dataclass_transform_spec":null,"flags":[],"fullname":"bdb.Bdb.break_anywhere","name":"break_anywhere","type":{".class":"CallableType","arg_kinds":[0,0],"arg_names":["self","frame"],"arg_types":["bdb.Bdb","types.FrameType"],"bound_args":[],"def_extras":{"first_arg":"self"},"fallback":"builtins.function","from_concatenate":false,"implicit":false,"is_ellipsis_args":false,"name":"break_anywhere of Bdb","ret_type":"builtins.bool","type_guard":null,"unpack_kwargs":false,"variables":[]}}},"break_here":{".class":"SymbolTableNode","kind":"Mdef","node":{".class":"FuncDef","abstract_status":0,"arg_kinds":[0,0],"arg_names":["self","frame"],"dataclass_transform_spec":null,"flags":[],"fullname":"bdb.Bdb.break_here","name":"break_here","type":{".class":"CallableType","arg_kinds":[0,0],"arg_names":["self","frame"],"arg_types":["bdb.Bdb","types.FrameType"],"bound_args":[],"def_extras":{"first_arg":"self"},"fallback":"builtins.function","from_concatenate":false,"implicit":false,"is_ellipsis_args":false,"name":"break_here of Bdb","ret_type":"builtins.bool","type_guard":null,"unpack_kwargs":false,"variables":[]}}},"breaks":{".class":"SymbolTableNode","kind":"Mdef","node":{".class":"Var","flags":["is_initialized_in_class","is_ready"],"fullname":"bdb.Bdb.breaks","name":"breaks","type":{".class":"Instance","args":["builtins.str",{".class":"Instance","args":["builtins.int"],"type_ref":"builtins.list"}],"type_ref":"builtins.dict"}}},"canonic":{".class":"SymbolTableNode","kind":"Mdef","node":{".class":"FuncDef","abstract_status":0,"arg_kinds":[0,0],"arg_names":["self","filename"],"dataclass_transform_spec":null,"flags":[],"fullname":"bdb.Bdb.canonic","name":"canonic","type":{".class":"CallableType","arg_kinds":[0,0],"arg_names":["self","filename"],"arg_types":["bdb.Bdb","builtins.str"],"bound_args":[],"def_extras":{"first_arg":"self"},"fallback":"builtins.function","from_concatenate":false,"implicit":false,"is_ellipsis_args":false,"name":"canonic of Bdb","ret_type":"builtins.str","type_guard":null,"unpack_kwargs":false,"variables":[]}}},"clear_all_breaks":{".class":"SymbolTableNode","kind":"Mdef","node":{".class":"FuncDef","abstract_status":0,"arg_kinds":[0],"arg_names":["self"],"dataclass_transform_spec":null,"flags":[],"fullname":"bdb.Bdb.clear_all_breaks","name":"clear_all_breaks","type":{".class":"CallableType","arg_kinds":[0],"arg_names":["self"],"arg_types":["bdb.Bdb"],"bound_args":[],"def_extras":{"first_arg":"self"},"fallback":"builtins.function","from_concatenate":false,"implicit":false,"is_ellipsis_args":false,"name":"clear_all_breaks of Bdb","ret_type":{".class":"NoneType"},"type_guard":null,"unpack_kwargs":false,"variables":[]}}},"clear_all_file_breaks":{".class":"SymbolTableNode","kind":"Mdef","node":{".class":"FuncDef","abstract_status":0,"arg_kinds":[0,0],"arg_names":["self","filename"],"dataclass_transform_spec":null,"flags":[],"fullname":"bdb.Bdb.clear_all_file_breaks","name":"clear_all_file_breaks","type":{".class":"CallableType","arg_kinds":[0,0],"arg_names":["self","filename"],"arg_types":["bdb.Bdb","builtins.str"],"bound_args":[],"def_extras":{"first_arg":"self"},"fallback":"builtins.function","from_concatenate":false,"implicit":false,"is_ellipsis_args":false,"name":"clear_all_file_breaks of Bdb","ret_type":{".class":"NoneType"},"type_guard":null,"unpack_kwargs":false,"variables":[]}}},"clear_bpbynumber":{".class":"SymbolTableNode","kind":"Mdef","node":{".class":"FuncDef","abstract_status":0,"arg_kinds":[0,0],"arg_names":["self","arg"],"dataclass_transform_spec":null,"flags":[],"fullname":"bdb.Bdb.clear_bpbynumber","name":"clear_bpbynumber","type":{".class":"CallableType","arg_kinds":[0,0],"arg_names":["self","arg"],"arg_types":["bdb.Bdb","typing.SupportsInt"],"bound_args":[],"def_extras":{"first_arg":"self"},"fallback":"builtins.function","from_concatenate":false,"implicit":false,"is_ellipsis_args":false,"name":"clear_bpbynumber of Bdb","ret_type":{".class":"NoneType"},"type_guard":null,"unpack_kwargs":false,"variables":[]}}},"clear_break":{".class":"SymbolTableNode","kind":"Mdef","node":{".class":"FuncDef","abstract_status":0,"arg_kinds":[0,0,0],"arg_names":["self","filename","lineno"],"dataclass_transform_spec":null,"flags":[],"fullname":"bdb.Bdb.clear_break","name":"clear_break","type":{".class":"CallableType","arg_kinds":[0,0,0],"arg_names":["self","filename","lineno"],"arg_types":["bdb.Bdb","builtins.str","builtins.int"],"bound_args":[],"def_extras":{"first_arg":"self"},"fallback":"builtins.function","from_concatenate":false,"implicit":false,"is_ellipsis_args":false,"name":"clear_break of Bdb","ret_type":{".class":"NoneType"},"type_guard":null,"unpack_kwargs":false,"variables":[]}}},"dispatch_call":{".class":"SymbolTableNode","kind":"Mdef","node":{".class":"FuncDef","abstract_status":0,"arg_kinds":[0,0,0],"arg_names":["self","frame","arg"],"dataclass_transform_spec":null,"flags":[],"fullname":"bdb.Bdb.dispatch_call","name":"dispatch_call","type":{".class":"CallableType","arg_kinds":[0,0,0],"arg_names":["self","frame","arg"],"arg_types":["bdb.Bdb","types.FrameType",{".class":"NoneType"}],"bound_args":[],"def_extras":{"first_arg":"self"},"fallback":"builtins.function","from_concatenate":false,"implicit":false,"is_ellipsis_args":false,"name":"dispatch_call of Bdb","ret_type":{".class":"TypeAliasType","args":[],"type_ref":"_typeshed.TraceFunction"},"type_guard":null,"unpack_kwargs":false,"variables":[]}}},"dispatch_exception":{".class":"SymbolTableNode","kind":"Mdef","node":{".class":"FuncDef","abstract_status":0,"arg_kinds":[0,0,0],"arg_names":["self","frame","arg"],"dataclass_transform_spec":null,"flags":[],"fullname":"bdb.Bdb.dispatch_exception","name":"dispatch_exception","type":{".class":"CallableType","arg_kinds":[0,0,0],"arg_names":["self","frame","arg"],"arg_types":["bdb.Bdb","types.FrameType",{".class":"TypeAliasType","args":[],"type_ref":"_typeshed.ExcInfo"}],"bound_args":[],"def_extras":{"first_arg":"self"},"fallback":"builtins.function","from_concatenate":false,"implicit":false,"is_ellipsis_args":false,"name":"dispatch_exception of Bdb","ret_type":{".class":"TypeAliasType","args":[],"type_ref":"_typeshed.TraceFunction"},"type_guard":null,"unpack_kwargs":false,"variables":[]}}},"dispatch_line":{".class":"SymbolTableNode","kind":"Mdef","node":{".class":"FuncDef","abstract_status":0,"arg_kinds":[0,0],"arg_names":["self","frame"],"dataclass_transform_spec":null,"flags":[],"fullname":"bdb.Bdb.dispatch_line","name":"dispatch_line","type":{".class":"CallableType","arg_kinds":[0,0],"arg_names":["self","frame"],"arg_types":["bdb.Bdb","types.FrameType"],"bound_args":[],"def_extras":{"first_arg":"self"},"fallback":"builtins.function","from_concatenate":false,"implicit":false,"is_ellipsis_args":false,"name":"dispatch_line of Bdb","ret_type":{".class":"TypeAliasType","args":[],"type_ref":"_typeshed.TraceFunction"},"type_guard":null,"unpack_kwargs":false,"variables":[]}}},"dispatch_return":{".class":"SymbolTableNode","kind":"Mdef","node":{".class":"FuncDef","abstract_status":0,"arg_kinds":[0,0,0],"arg_names":["self","frame","arg"],"dataclass_transform_spec":null,"flags":[],"fullname":"bdb.Bdb.dispatch_return","name":"dispatch_return","type":{".class":"CallableType","arg_kinds":[0,0,0],"arg_names":["self","frame","arg"],"arg_types":["bdb.Bdb","types.FrameType",{".class":"AnyType","missing_import_name":null,"source_any":null,"type_of_any":2}],"bound_args":[],"def_extras":{"first_arg":"self"},"fallback":"builtins.function","from_concatenate":false,"implicit":false,"is_ellipsis_args":false,"name":"dispatch_return of Bdb","ret_type":{".class":"TypeAliasType","args":[],"type_ref":"_typeshed.TraceFunction"},"type_guard":null,"unpack_kwargs":false,"variables":[]}}},"do_clear":{".class":"SymbolTableNode","kind":"Mdef","node":{".class":"FuncDef","abstract_status":0,"arg_kinds":[0,0],"arg_names":["self","arg"],"dataclass_transform_spec":null,"flags":[],"fullname":"bdb.Bdb.do_clear","name":"do_clear","type":{".class":"CallableType","arg_kinds":[0,0],"arg_names":["self","arg"],"arg_types":["bdb.Bdb",{".class":"AnyType","missing_import_name":null,"source_any":null,"type_of_any":2}],"bound_args":[],"def_extras":{"first_arg":"self"},"fallback":"builtins.function","from_concatenate":false,"implicit":false,"is_ellipsis_args":false,"name":"do_clear of Bdb","ret_type":{".class":"UnionType","items":["builtins.bool",{".class":"NoneType"}]},"type_guard":null,"unpack_kwargs":false,"variables":[]}}},"fncache":{".class":"SymbolTableNode","kind":"Mdef","node":{".class":"Var","flags":["is_initialized_in_class","is_ready"],"fullname":"bdb.Bdb.fncache","name":"fncache","type":{".class":"Instance","args":["builtins.str","builtins.str"],"type_ref":"builtins.dict"}}},"format_stack_entry":{".class":"SymbolTableNode","kind":"Mdef","node":{".class":"FuncDef","abstract_status":0,"arg_kinds":[0,0,1],"arg_names":["self","frame_lineno","lprefix"],"dataclass_transform_spec":null,"flags":[],"fullname":"bdb.Bdb.format_stack_entry","name":"format_stack_entry","type":{".class":"CallableType","arg_kinds":[0,0,1],"arg_names":["self","frame_lineno","lprefix"],"arg_types":["bdb.Bdb","builtins.int","builtins.str"],"bound_args":[],"def_extras":{"first_arg":"self"},"fallback":"builtins.function","from_concatenate":false,"implicit":false,"is_ellipsis_args":false,"name":"format_stack_entry of Bdb","ret_type":"builtins.str","type_guard":null,"unpack_kwargs":false,"variables":[]}}},"frame_returning":{".class":"SymbolTableNode","kind":"Mdef","node":{".class":"Var","flags":["is_initialized_in_class","is_ready"],"fullname":"bdb.Bdb.frame_returning","name":"frame_returning","type":{".class":"UnionType","items":["types.FrameType",{".class":"NoneType"}]}}},"get_all_breaks":{".class":"SymbolTableNode","kind":"Mdef","node":{".class":"FuncDef","abstract_status":0,"arg_kinds":[0],"arg_names":["self"],"dataclass_transform_spec":null,"flags":[],"fullname":"bdb.Bdb.get_all_breaks","name":"get_all_breaks","type":{".class":"CallableType","arg_kinds":[0],"arg_names":["self"],"arg_types":["bdb.Bdb"],"bound_args":[],"def_extras":{"first_arg":"self"},"fallback":"builtins.function","from_concatenate":false,"implicit":false,"is_ellipsis_args":false,"name":"get_all_breaks of Bdb","ret_type":{".class":"Instance","args":["bdb.Breakpoint"],"type_ref":"builtins.list"},"type_guard":null,"unpack_kwargs":false,"variables":[]}}},"get_bpbynumber":{".class":"SymbolTableNode","kind":"Mdef","node":{".class":"FuncDef","abstract_status":0,"arg_kinds":[0,0],"arg_names":["self","arg"],"dataclass_transform_spec":null,"flags":[],"fullname":"bdb.Bdb.get_bpbynumber","name":"get_bpbynumber","type":{".class":"CallableType","arg_kinds":[0,0],"arg_names":["self","arg"],"arg_types":["bdb.Bdb","typing.SupportsInt"],"bound_args":[],"def_extras":{"first_arg":"self"},"fallback":"builtins.function","from_concatenate":false,"implicit":false,"is_ellipsis_args":false,"name":"get_bpbynumber of Bdb","ret_type":"bdb.Breakpoint","type_guard":null,"unpack_kwargs":false,"variables":[]}}},"get_break":{".class":"SymbolTableNode","kind":"Mdef","node":{".class":"FuncDef","abstract_status":0,"arg_kinds":[0,0,0],"arg_names":["self","filename","lineno"],"dataclass_transform_spec":null,"flags":[],"fullname":"bdb.Bdb.get_break","name":"get_break","type":{".class":"CallableType","arg_kinds":[0,0,0],"arg_names":["self","filename","lineno"],"arg_types":["bdb.Bdb","builtins.str","builtins.int"],"bound_args":[],"def_extras":{"first_arg":"self"},"fallback":"builtins.function","from_concatenate":false,"implicit":false,"is_ellipsis_args":false,"name":"get_break of Bdb","ret_type":"builtins.bool","type_guard":null,"unpack_kwargs":false,"variables":[]}}},"get_breaks":{".class":"SymbolTableNode","kind":"Mdef","node":{".class":"FuncDef","abstract_status":0,"arg_kinds":[0,0,0],"arg_names":["self","filename","lineno"],"dataclass_transform_spec":null,"flags":[],"fullname":"bdb.Bdb.get_breaks","name":"get_breaks","type":{".class":"CallableType","arg_kinds":[0,0,0],"arg_names":["self","filename","lineno"],"arg_types":["bdb.Bdb","builtins.str","builtins.int"],"bound_args":[],"def_extras":{"first_arg":"self"},"fallback":"builtins.function","from_concatenate":false,"implicit":false,"is_ellipsis_args":false,"name":"get_breaks of Bdb","ret_type":{".class":"Instance","args":["bdb.Breakpoint"],"type_ref":"builtins.list"},"type_guard":null,"unpack_kwargs":false,"variables":[]}}},"get_file_breaks":{".class":"SymbolTableNode","kind":"Mdef","node":{".class":"FuncDef","abstract_status":0,"arg_kinds":[0,0],"arg_names":["self","filename"],"dataclass_transform_spec":null,"flags":[],"fullname":"bdb.Bdb.get_file_breaks","name":"get_file_breaks","type":{".class":"CallableType","arg_kinds":[0,0],"arg_names":["self","filename"],"arg_types":["bdb.Bdb","builtins.str"],"bound_args":[],"def_extras":{"first_arg":"self"},"fallback":"builtins.function","from_concatenate":false,"implicit":false,"is_ellipsis_args":false,"name":"get_file_breaks of Bdb","ret_type":{".class":"Instance","args":["bdb.Breakpoint"],"type_ref":"builtins.list"},"type_guard":null,"unpack_kwargs":false,"variables":[]}}},"get_stack":{".class":"SymbolTableNode","kind":"Mdef","node":{".class":"FuncDef","abstract_status":0,"arg_kinds":[0,0,0],"arg_names":["self","f","t"],"dataclass_transform_spec":null,"flags":[],"fullname":"bdb.Bdb.get_stack","name":"get_stack","type":{".class":"CallableType","arg_kinds":[0,0,0],"arg_names":["self","f","t"],"arg_types":["bdb.Bdb",{".class":"UnionType","items":["types.FrameType",{".class":"NoneType"}]},{".class":"UnionType","items":["types.TracebackType",{".class":"NoneType"}]}],"bound_args":[],"def_extras":{"first_arg":"self"},"fallback":"builtins.function","from_concatenate":false,"implicit":false,"is_ellipsis_args":false,"name":"get_stack of Bdb","ret_type":{".class":"TupleType","implicit":false,"items":[{".class":"Instance","args":[{".class":"TupleType","implicit":false,"items":["types.FrameType","builtins.int"],"partial_fallback":{".class":"Instance","args":[{".class":"AnyType","missing_import_name":null,"source_any":null,"type_of_any":6}],"type_ref":"builtins.tuple"}}],"type_ref":"builtins.list"},"builtins.int"],"partial_fallback":{".class":"Instance","args":[{".class":"AnyType","missing_import_name":null,"source_any":null,"type_of_any":6}],"type_ref":"builtins.tuple"}},"type_guard":null,"unpack_kwargs":false,"variables":[]}}},"is_skipped_module":{".class":"SymbolTableNode","kind":"Mdef","node":{".class":"FuncDef","abstract_status":0,"arg_kinds":[0,0],"arg_names":["self","module_name"],"dataclass_transform_spec":null,"flags":[],"fullname":"bdb.Bdb.is_skipped_module","name":"is_skipped_module","type":{".class":"CallableType","arg_kinds":[0,0],"arg_names":["self","module_name"],"arg_types":["bdb.Bdb","builtins.str"],"bound_args":[],"def_extras":{"first_arg":"self"},"fallback":"builtins.function","from_concatenate":false,"implicit":false,"is_ellipsis_args":false,"name":"is_skipped_module of Bdb","ret_type":"builtins.bool","type_guard":null,"unpack_kwargs":false,"variables":[]}}},"quitting":{".class":"SymbolTableNode","kind":"Mdef","node":{".class":"Var","flags":["is_initialized_in_class","is_ready"],"fullname":"bdb.Bdb.quitting","name":"quitting","type":"builtins.bool"}},"reset":{".class":"SymbolTableNode","kind":"Mdef","node":{".class":"FuncDef","abstract_status":0,"arg_kinds":[0],"arg_names":["self"],"dataclass_transform_spec":null,"flags":[],"fullname":"bdb.Bdb.reset","name":"reset","type":{".class":"CallableType","arg_kinds":[0],"arg_names":["self"],"arg_types":["bdb.Bdb"],"bound_args":[],"def_extras":{"first_arg":"self"},"fallback":"builtins.function","from_concatenate":false,"implicit":false,"is_ellipsis_args":false,"name":"reset of Bdb","ret_type":{".class":"NoneType"},"type_guard":null,"unpack_kwargs":false,"variables":[]}}},"returnframe":{".class":"SymbolTableNode","kind":"Mdef","node":{".class":"Var","flags":["is_initialized_in_class","is_ready"],"fullname":"bdb.Bdb.returnframe","name":"returnframe","type":{".class":"UnionType","items":["types.FrameType",{".class":"NoneType"}]}}},"run":{".class":"SymbolTableNode","kind":"Mdef","node":{".class":"FuncDef","abstract_status":0,"arg_kinds":[0,0,1,1],"arg_names":["self","cmd","globals","locals"],"dataclass_transform_spec":null,"flags":[],"fullname":"bdb.Bdb.run","name":"run","type":{".class":"CallableType","arg_kinds":[0,0,1,1],"arg_names":["self","cmd","globals","locals"],"arg_types":["bdb.Bdb",{".class":"UnionType","items":["builtins.str","types.CodeType"]},{".class":"UnionType","items":[{".class":"Instance","args":["builtins.str",{".class":"AnyType","missing_import_name":null,"source_any":null,"type_of_any":2}],"type_ref":"builtins.dict"},{".class":"NoneType"}]},{".class":"UnionType","items":[{".class":"Instance","args":["builtins.str",{".class":"AnyType","missing_import_name":null,"source_any":null,"type_of_any":2}],"type_ref":"typing.Mapping"},{".class":"NoneType"}]}],"bound_args":[],"def_extras":{"first_arg":"self"},"fallback":"builtins.function","from_concatenate":false,"implicit":false,"is_ellipsis_args":false,"name":"run of Bdb","ret_type":{".class":"NoneType"},"type_guard":null,"unpack_kwargs":false,"variables":[]}}},"runcall":{".class":"SymbolTableNode","kind":"Mdef","node":{".class":"FuncDef","abstract_status":0,"arg_kinds":[0,0,2,4],"arg_names":["self",null,"args","kwds"],"dataclass_transform_spec":null,"flags":[],"fullname":"bdb.Bdb.runcall","name":"runcall","type":{".class":"CallableType","arg_kinds":[0,0,2,4],"arg_names":["self",null,"args","kwds"],"arg_types":["bdb.Bdb",{".class":"CallableType","arg_kinds":[2,4],"arg_names":[null,null],"arg_types":[{".class":"ParamSpecType","flavor":1,"fullname":"bdb._P","id":-1,"name":"_P","prefix":{".class":"Parameters","arg_kinds":[],"arg_names":[],"arg_types":[],"variables":[]},"upper_bound":{".class":"Instance","args":["builtins.object"],"type_ref":"builtins.tuple"}},{".class":"ParamSpecType","flavor":2,"fullname":"bdb._P","id":-1,"name":"_P","prefix":{".class":"Parameters","arg_kinds":[],"arg_names":[],"arg_types":[],"variables":[]},"upper_bound":{".class":"Instance","args":["builtins.str","builtins.object"],"type_ref":"builtins.dict"}}],"bound_args":[],"def_extras":{},"fallback":"builtins.function","from_concatenate":false,"implicit":false,"is_ellipsis_args":false,"name":null,"ret_type":{".class":"TypeVarType","fullname":"bdb._T","id":-2,"name":"_T","namespace":"","upper_bound":"builtins.object","values":[],"variance":0},"type_guard":null,"unpack_kwargs":false,"variables":[]},{".class":"ParamSpecType","flavor":1,"fullname":"bdb._P","id":-1,"name":"_P","prefix":{".class":"Parameters","arg_kinds":[],"arg_names":[],"arg_types":[],"variables":[]},"upper_bound":{".class":"Instance","args":["builtins.object"],"type_ref":"builtins.tuple"}},{".class":"ParamSpecType","flavor":2,"fullname":"bdb._P","id":-1,"name":"_P","prefix":{".class":"Parameters","arg_kinds":[],"arg_names":[],"arg_types":[],"variables":[]},"upper_bound":{".class":"Instance","args":["builtins.str","builtins.object"],"type_ref":"builtins.dict"}}],"bound_args":[],"def_extras":{"first_arg":"self"},"fallback":"builtins.function","from_concatenate":false,"implicit":false,"is_ellipsis_args":false,"name":"runcall of Bdb","ret_type":{".class":"UnionType","items":[{".class":"TypeVarType","fullname":"bdb._T","id":-2,"name":"_T","namespace":"","upper_bound":"builtins.object","values":[],"variance":0},{".class":"NoneType"}]},"type_guard":null,"unpack_kwargs":false,"variables":[{".class":"ParamSpecType","flavor":0,"fullname":"bdb._P","id":-1,"name":"_P","prefix":{".class":"Parameters","arg_kinds":[],"arg_names":[],"arg_types":[],"variables":[]},"upper_bound":"builtins.object"},{".class":"TypeVarType","fullname":"bdb._T","id":-2,"name":"_T","namespace":"","upper_bound":"builtins.object","values":[],"variance":0}]}}},"runctx":{".class":"SymbolTableNode","kind":"Mdef","node":{".class":"FuncDef","abstract_status":0,"arg_kinds":[0,0,0,0],"arg_names":["self","cmd","globals","locals"],"dataclass_transform_spec":null,"flags":[],"fullname":"bdb.Bdb.runctx","name":"runctx","type":{".class":"CallableType","arg_kinds":[0,0,0,0],"arg_names":["self","cmd","globals","locals"],"arg_types":["bdb.Bdb",{".class":"UnionType","items":["builtins.str","types.CodeType"]},{".class":"UnionType","items":[{".class":"Instance","args":["builtins.str",{".class":"AnyType","missing_import_name":null,"source_any":null,"type_of_any":2}],"type_ref":"builtins.dict"},{".class":"NoneType"}]},{".class":"UnionType","items":[{".class":"Instance","args":["builtins.str",{".class":"AnyType","missing_import_name":null,"source_any":null,"type_of_any":2}],"type_ref":"typing.Mapping"},{".class":"NoneType"}]}],"bound_args":[],"def_extras":{"first_arg":"self"},"fallback":"builtins.function","from_concatenate":false,"implicit":false,"is_ellipsis_args":false,"name":"runctx of Bdb","ret_type":{".class":"NoneType"},"type_guard":null,"unpack_kwargs":false,"variables":[]}}},"runeval":{".class":"SymbolTableNode","kind":"Mdef","node":{".class":"FuncDef","abstract_status":0,"arg_kinds":[0,0,1,1],"arg_names":["self","expr","globals","locals"],"dataclass_transform_spec":null,"flags":[],"fullname":"bdb.Bdb.runeval","name":"runeval","type":{".class":"CallableType","arg_kinds":[0,0,1,1],"arg_names":["self","expr","globals","locals"],"arg_types":["bdb.Bdb","builtins.str",{".class":"UnionType","items":[{".class":"Instance","args":["builtins.str",{".class":"AnyType","missing_import_name":null,"source_any":null,"type_of_any":2}],"type_ref":"builtins.dict"},{".class":"NoneType"}]},{".class":"UnionType","items":[{".class":"Instance","args":["builtins.str",{".class":"AnyType","missing_import_name":null,"source_any":null,"type_of_any":2}],"type_ref":"typing.Mapping"},{".class":"NoneType"}]}],"bound_args":[],"def_extras":{"first_arg":"self"},"fallback":"builtins.function","from_concatenate":false,"implicit":false,"is_ellipsis_args":false,"name":"runeval of Bdb","ret_type":{".class":"NoneType"},"type_guard":null,"unpack_kwargs":false,"variables":[]}}},"set_break":{".class":"SymbolTableNode","kind":"Mdef","node":{".class":"FuncDef","abstract_status":0,"arg_kinds":[0,0,0,1,1,1],"arg_names":["self","filename","lineno","temporary","cond","funcname"],"dataclass_transform_spec":null,"flags":[],"fullname":"bdb.Bdb.set_break","name":"set_break","type":{".class":"CallableType","arg_kinds":[0,0,0,1,1,1],"arg_names":["self","filename","lineno","temporary","cond","funcname"],"arg_types":["bdb.Bdb","builtins.str","builtins.int","builtins.bool",{".class":"UnionType","items":["builtins.str",{".class":"NoneType"}]},{".class":"UnionType","items":["builtins.str",{".class":"NoneType"}]}],"bound_args":[],"def_extras":{"first_arg":"self"},"fallback":"builtins.function","from_concatenate":false,"implicit":false,"is_ellipsis_args":false,"name":"set_break of Bdb","ret_type":{".class":"NoneType"},"type_guard":null,"unpack_kwargs":false,"variables":[]}}},"set_continue":{".class":"SymbolTableNode","kind":"Mdef","node":{".class":"FuncDef","abstract_status":0,"arg_kinds":[0],"arg_names":["self"],"dataclass_transform_spec":null,"flags":[],"fullname":"bdb.Bdb.set_continue","name":"set_continue","type":{".class":"CallableType","arg_kinds":[0],"arg_names":["self"],"arg_types":["bdb.Bdb"],"bound_args":[],"def_extras":{"first_arg":"self"},"fallback":"builtins.function","from_concatenate":false,"implicit":false,"is_ellipsis_args":false,"name":"set_continue of Bdb","ret_type":{".class":"NoneType"},"type_guard":null,"unpack_kwargs":false,"variables":[]}}},"set_next":{".class":"SymbolTableNode","kind":"Mdef","node":{".class":"FuncDef","abstract_status":0,"arg_kinds":[0,0],"arg_names":["self","frame"],"dataclass_transform_spec":null,"flags":[],"fullname":"bdb.Bdb.set_next","name":"set_next","type":{".class":"CallableType","arg_kinds":[0,0],"arg_names":["self","frame"],"arg_types":["bdb.Bdb","types.FrameType"],"bound_args":[],"def_extras":{"first_arg":"self"},"fallback":"builtins.function","from_concatenate":false,"implicit":false,"is_ellipsis_args":false,"name":"set_next of Bdb","ret_type":{".class":"NoneType"},"type_guard":null,"unpack_kwargs":false,"variables":[]}}},"set_quit":{".class":"SymbolTableNode","kind":"Mdef","node":{".class":"FuncDef","abstract_status":0,"arg_kinds":[0],"arg_names":["self"],"dataclass_transform_spec":null,"flags":[],"fullname":"bdb.Bdb.set_quit","name":"set_quit","type":{".class":"CallableType","arg_kinds":[0],"arg_names":["self"],"arg_types":["bdb.Bdb"],"bound_args":[],"def_extras":{"first_arg":"self"},"fallback":"builtins.function","from_concatenate":false,"implicit":false,"is_ellipsis_args":false,"name":"set_quit of Bdb","ret_type":{".class":"NoneType"},"type_guard":null,"unpack_kwargs":false,"variables":[]}}},"set_return":{".class":"SymbolTableNode","kind":"Mdef","node":{".class":"FuncDef","abstract_status":0,"arg_kinds":[0,0],"arg_names":["self","frame"],"dataclass_transform_spec":null,"flags":[],"fullname":"bdb.Bdb.set_return","name":"set_return","type":{".class":"CallableType","arg_kinds":[0,0],"arg_names":["self","frame"],"arg_types":["bdb.Bdb","types.FrameType"],"bound_args":[],"def_extras":{"first_arg":"self"},"fallback":"builtins.function","from_concatenate":false,"implicit":false,"is_ellipsis_args":false,"name":"set_return of Bdb","ret_type":{".class":"NoneType"},"type_guard":null,"unpack_kwargs":false,"variables":[]}}},"set_step":{".class":"SymbolTableNode","kind":"Mdef","node":{".class":"FuncDef","abstract_status":0,"arg_kinds":[0],"arg_names":["self"],"dataclass_transform_spec":null,"flags":[],"fullname":"bdb.Bdb.set_step","name":"set_step","type":{".class":"CallableType","arg_kinds":[0],"arg_names":["self"],"arg_types":["bdb.Bdb"],"bound_args":[],"def_extras":{"first_arg":"self"},"fallback":"builtins.function","from_concatenate":false,"implicit":false,"is_ellipsis_args":false,"name":"set_step of Bdb","ret_type":{".class":"NoneType"},"type_guard":null,"unpack_kwargs":false,"variables":[]}}},"set_trace":{".class":"SymbolTableNode","kind":"Mdef","node":{".class":"FuncDef","abstract_status":0,"arg_kinds":[0,1],"arg_names":["self","frame"],"dataclass_transform_spec":null,"flags":[],"fullname":"bdb.Bdb.set_trace","name":"set_trace","type":{".class":"CallableType","arg_kinds":[0,1],"arg_names":["self","frame"],"arg_types":["bdb.Bdb",{".class":"UnionType","items":["types.FrameType",{".class":"NoneType"}]}],"bound_args":[],"def_extras":{"first_arg":"self"},"fallback":"builtins.function","from_concatenate":false,"implicit":false,"is_ellipsis_args":false,"name":"set_trace of Bdb","ret_type":{".class":"NoneType"},"type_guard":null,"unpack_kwargs":false,"variables":[]}}},"set_until":{".class":"SymbolTableNode","kind":"Mdef","node":{".class":"FuncDef","abstract_status":0,"arg_kinds":[0,0,1],"arg_names":["self","frame","lineno"],"dataclass_transform_spec":null,"flags":[],"fullname":"bdb.Bdb.set_until","name":"set_until","type":{".class":"CallableType","arg_kinds":[0,0,1],"arg_names":["self","frame","lineno"],"arg_types":["bdb.Bdb","types.FrameType",{".class":"UnionType","items":["builtins.int",{".class":"NoneType"}]}],"bound_args":[],"def_extras":{"first_arg":"self"},"fallback":"builtins.function","from_concatenate":false,"implicit":false,"is_ellipsis_args":false,"name":"set_until of Bdb","ret_type":{".class":"NoneType"},"type_guard":null,"unpack_kwargs":false,"variables":[]}}},"skip":{".class":"SymbolTableNode","kind":"Mdef","node":{".class":"Var","flags":["is_initialized_in_class","is_ready"],"fullname":"bdb.Bdb.skip","name":"skip","type":{".class":"UnionType","items":[{".class":"Instance","args":["builtins.str"],"type_ref":"builtins.set"},{".class":"NoneType"}]}}},"stop_here":{".class":"SymbolTableNode","kind":"Mdef","node":{".class":"FuncDef","abstract_status":0,"arg_kinds":[0,0],"arg_names":["self","frame"],"dataclass_transform_spec":null,"flags":[],"fullname":"bdb.Bdb.stop_here","name":"stop_here","type":{".class":"CallableType","arg_kinds":[0,0],"arg_names":["self","frame"],"arg_types":["bdb.Bdb","types.FrameType"],"bound_args":[],"def_extras":{"first_arg":"self"},"fallback":"builtins.function","from_concatenate":false,"implicit":false,"is_ellipsis_args":false,"name":"stop_here of Bdb","ret_type":"builtins.bool","type_guard":null,"unpack_kwargs":false,"variables":[]}}},"stopframe":{".class":"SymbolTableNode","kind":"Mdef","node":{".class":"Var","flags":["is_initialized_in_class","is_ready"],"fullname":"bdb.Bdb.stopframe","name":"stopframe","type":{".class":"UnionType","items":["types.FrameType",{".class":"NoneType"}]}}},"stoplineno":{".class":"SymbolTableNode","kind":"Mdef","node":{".class":"Var","flags":["is_initialized_in_class","is_ready"],"fullname":"bdb.Bdb.stoplineno","name":"stoplineno","type":"builtins.int"}},"trace_dispatch":{".class":"SymbolTableNode","kind":"Mdef","node":{".class":"FuncDef","abstract_status":0,"arg_kinds":[0,0,0,0],"arg_names":["self","frame","event","arg"],"dataclass_transform_spec":null,"flags":[],"fullname":"bdb.Bdb.trace_dispatch","name":"trace_dispatch","type":{".class":"CallableType","arg_kinds":[0,0,0,0],"arg_names":["self","frame","event","arg"],"arg_types":["bdb.Bdb","types.FrameType","builtins.str",{".class":"AnyType","missing_import_name":null,"source_any":null,"type_of_any":2}],"bound_args":[],"def_extras":{"first_arg":"self"},"fallback":"builtins.function","from_concatenate":false,"implicit":false,"is_ellipsis_args":false,"name":"trace_dispatch of Bdb","ret_type":{".class":"TypeAliasType","args":[],"type_ref":"_typeshed.TraceFunction"},"type_guard":null,"unpack_kwargs":false,"variables":[]}}},"user_call":{".class":"SymbolTableNode","kind":"Mdef","node":{".class":"FuncDef","abstract_status":0,"arg_kinds":[0,0,0],"arg_names":["self","frame","argument_list"],"dataclass_transform_spec":null,"flags":[],"fullname":"bdb.Bdb.user_call","name":"user_call","type":{".class":"CallableType","arg_kinds":[0,0,0],"arg_names":["self","frame","argument_list"],"arg_types":["bdb.Bdb","types.FrameType",{".class":"NoneType"}],"bound_args":[],"def_extras":{"first_arg":"self"},"fallback":"builtins.function","from_concatenate":false,"implicit":false,"is_ellipsis_args":false,"name":"user_call of Bdb","ret_type":{".class":"NoneType"},"type_guard":null,"unpack_kwargs":false,"variables":[]}}},"user_exception":{".class":"SymbolTableNode","kind":"Mdef","node":{".class":"FuncDef","abstract_status":0,"arg_kinds":[0,0,0],"arg_names":["self","frame","exc_info"],"dataclass_transform_spec":null,"flags":[],"fullname":"bdb.Bdb.user_exception","name":"user_exception","type":{".class":"CallableType","arg_kinds":[0,0,0],"arg_names":["self","frame","exc_info"],"arg_types":["bdb.Bdb","types.FrameType",{".class":"TypeAliasType","args":[],"type_ref":"_typeshed.ExcInfo"}],"bound_args":[],"def_extras":{"first_arg":"self"},"fallback":"builtins.function","from_concatenate":false,"implicit":false,"is_ellipsis_args":false,"name":"user_exception of Bdb","ret_type":{".class":"NoneType"},"type_guard":null,"unpack_kwargs":false,"variables":[]}}},"user_line":{".class":"SymbolTableNode","kind":"Mdef","node":{".class":"FuncDef","abstract_status":0,"arg_kinds":[0,0],"arg_names":["self","frame"],"dataclass_transform_spec":null,"flags":[],"fullname":"bdb.Bdb.user_line","name":"user_line","type":{".class":"CallableType","arg_kinds":[0,0],"arg_names":["self","frame"],"arg_types":["bdb.Bdb","types.FrameType"],"bound_args":[],"def_extras":{"first_arg":"self"},"fallback":"builtins.function","from_concatenate":false,"implicit":false,"is_ellipsis_args":false,"name":"user_line of Bdb","ret_type":{".class":"NoneType"},"type_guard":null,"unpack_kwargs":false,"variables":[]}}},"user_return":{".class":"SymbolTableNode","kind":"Mdef","node":{".class":"FuncDef","abstract_status":0,"arg_kinds":[0,0,0],"arg_names":["self","frame","return_value"],"dataclass_transform_spec":null,"flags":[],"fullname":"bdb.Bdb.user_return","name":"user_return","type":{".class":"CallableType","arg_kinds":[0,0,0],"arg_names":["self","frame","return_value"],"arg_types":["bdb.Bdb","types.FrameType",{".class":"AnyType","missing_import_name":null,"source_any":null,"type_of_any":2}],"bound_args":[],"def_extras":{"first_arg":"self"},"fallback":"builtins.function","from_concatenate":false,"implicit":false,"is_ellipsis_args":false,"name":"user_return of Bdb","ret_type":{".class":"NoneType"},"type_guard":null,"unpack_kwargs":false,"variables":[]}}}},"self_type":null,"slots":null,"tuple_type":null,"type_vars":[],"typeddict_type":null}},"BdbQuit":{".class":"SymbolTableNode","kind":"Gdef","node":{".class":"TypeInfo","_promote":[],"abstract_attributes":[],"alt_promote":null,"bases":["builtins.Exception"],"dataclass_transform_spec":null,"declared_metaclass":null,"defn":{".class":"ClassDef","fullname":"bdb.BdbQuit","name":"BdbQuit","type_vars":[]},"deletable_attributes":[],"flags":[],"fullname":"bdb.BdbQuit","has_param_spec_type":false,"metaclass_type":null,"metadata":{},"module_name":"bdb","mro":["bdb.BdbQuit","builtins.Exception","builtins.BaseException","builtins.object"],"names":{".class":"SymbolTable"},"self_type":null,"slots":null,"tuple_type":null,"type_vars":[],"typeddict_type":null}},"Breakpoint":{".class":"SymbolTableNode","kind":"Gdef","node":{".class":"TypeInfo","_promote":[],"abstract_attributes":[],"alt_promote":null,"bases":["builtins.object"],"dataclass_transform_spec":null,"declared_metaclass":null,"defn":{".class":"ClassDef","fullname":"bdb.Breakpoint","name":"Breakpoint","type_vars":[]},"deletable_attributes":[],"flags":[],"fullname":"bdb.Breakpoint","has_param_spec_type":false,"metaclass_type":null,"metadata":{},"module_name":"bdb","mro":["bdb.Breakpoint","builtins.object"],"names":{".class":"SymbolTable","__init__":{".class":"SymbolTableNode","kind":"Mdef","node":{".class":"FuncDef","abstract_status":0,"arg_kinds":[0,0,0,1,1,1],"arg_names":["self","file","line","temporary","cond","funcname"],"dataclass_transform_spec":null,"flags":[],"fullname":"bdb.Breakpoint.__init__","name":"__init__","type":{".class":"CallableType","arg_kinds":[0,0,0,1,1,1],"arg_names":["self","file","line","temporary","cond","funcname"],"arg_types":["bdb.Breakpoint","builtins.str","builtins.int","builtins.bool",{".class":"UnionType","items":["builtins.str",{".class":"NoneType"}]},{".class":"UnionType","items":["builtins.str",{".class":"NoneType"}]}],"bound_args":[],"def_extras":{"first_arg":"self"},"fallback":"builtins.function","from_concatenate":false,"implicit":false,"is_ellipsis_args":false,"name":"__init__ of Breakpoint","ret_type":{".class":"NoneType"},"type_guard":null,"unpack_kwargs":false,"variables":[]}}},"bpbynumber":{".class":"SymbolTableNode","kind":"Mdef","node":{".class":"Var","flags":["is_initialized_in_class","is_ready"],"fullname":"bdb.Breakpoint.bpbynumber","name":"bpbynumber","type":{".class":"Instance","args":[{".class":"UnionType","items":["bdb.Breakpoint",{".class":"NoneType"}]}],"type_ref":"builtins.list"}}},"bpformat":{".class":"SymbolTableNode","kind":"Mdef","node":{".class":"FuncDef","abstract_status":0,"arg_kinds":[0],"arg_names":["self"],"dataclass_transform_spec":null,"flags":[],"fullname":"bdb.Breakpoint.bpformat","name":"bpformat","type":{".class":"CallableType","arg_kinds":[0],"arg_names":["self"],"arg_types":["bdb.Breakpoint"],"bound_args":[],"def_extras":{"first_arg":"self"},"fallback":"builtins.function","from_concatenate":false,"implicit":false,"is_ellipsis_args":false,"name":"bpformat of Breakpoint","ret_type":"builtins.str","type_guard":null,"unpack_kwargs":false,"variables":[]}}},"bplist":{".class":"SymbolTableNode","kind":"Mdef","node":{".class":"Var","flags":["is_initialized_in_class","is_ready"],"fullname":"bdb.Breakpoint.bplist","name":"bplist","type":{".class":"Instance","args":[{".class":"TupleType","implicit":false,"items":["builtins.str","builtins.int"],"partial_fallback":{".class":"Instance","args":[{".class":"AnyType","missing_import_name":null,"source_any":null,"type_of_any":6}],"type_ref":"builtins.tuple"}},{".class":"Instance","args":["bdb.Breakpoint"],"type_ref":"builtins.list"}],"type_ref":"builtins.dict"}}},"bpprint":{".class":"SymbolTableNode","kind":"Mdef","node":{".class":"FuncDef","abstract_status":0,"arg_kinds":[0,1],"arg_names":["self","out"],"dataclass_transform_spec":null,"flags":[],"fullname":"bdb.Breakpoint.bpprint","name":"bpprint","type":{".class":"CallableType","arg_kinds":[0,1],"arg_names":["self","out"],"arg_types":["bdb.Breakpoint",{".class":"UnionType","items":[{".class":"Instance","args":["builtins.str"],"type_ref":"typing.IO"},{".class":"NoneType"}]}],"bound_args":[],"def_extras":{"first_arg":"self"},"fallback":"builtins.function","from_concatenate":false,"implicit":false,"is_ellipsis_args":false,"name":"bpprint of Breakpoint","ret_type":{".class":"NoneType"},"type_guard":null,"unpack_kwargs":false,"variables":[]}}},"clearBreakpoints":{".class":"SymbolTableNode","kind":"Mdef","node":{".class":"Decorator","func":{".class":"FuncDef","abstract_status":0,"arg_kinds":[],"arg_names":[],"dataclass_transform_spec":null,"flags":["is_static","is_decorated"],"fullname":"bdb.Breakpoint.clearBreakpoints","name":"clearBreakpoints","type":{".class":"CallableType","arg_kinds":[],"arg_names":[],"arg_types":[],"bound_args":[],"def_extras":{"first_arg":null},"fallback":"builtins.function","from_concatenate":false,"implicit":false,"is_ellipsis_args":false,"name":"clearBreakpoints of Breakpoint","ret_type":{".class":"NoneType"},"type_guard":null,"unpack_kwargs":false,"variables":[]}},"is_overload":false,"var":{".class":"Var","flags":["is_initialized_in_class","is_staticmethod","is_ready","is_inferred"],"fullname":"bdb.Breakpoint.clearBreakpoints","name":"clearBreakpoints","type":{".class":"CallableType","arg_kinds":[],"arg_names":[],"arg_types":[],"bound_args":[],"def_extras":{"first_arg":null},"fallback":"builtins.function","from_concatenate":false,"implicit":false,"is_ellipsis_args":false,"name":"clearBreakpoints of Breakpoint","ret_type":{".class":"NoneType"},"type_guard":null,"unpack_kwargs":false,"variables":[]}}}},"cond":{".class":"SymbolTableNode","kind":"Mdef","node":{".class":"Var","flags":["is_initialized_in_class","is_ready"],"fullname":"bdb.Breakpoint.cond","name":"cond","type":{".class":"UnionType","items":["builtins.str",{".class":"NoneType"}]}}},"deleteMe":{".class":"SymbolTableNode","kind":"Mdef","node":{".class":"FuncDef","abstract_status":0,"arg_kinds":[0],"arg_names":["self"],"dataclass_transform_spec":null,"flags":[],"fullname":"bdb.Breakpoint.deleteMe","name":"deleteMe","type":{".class":"CallableType","arg_kinds":[0],"arg_names":["self"],"arg_types":["bdb.Breakpoint"],"bound_args":[],"def_extras":{"first_arg":"self"},"fallback":"builtins.function","from_concatenate":false,"implicit":false,"is_ellipsis_args":false,"name":"deleteMe of Breakpoint","ret_type":{".class":"NoneType"},"type_guard":null,"unpack_kwargs":false,"variables":[]}}},"disable":{".class":"SymbolTableNode","kind":"Mdef","node":{".class":"FuncDef","abstract_status":0,"arg_kinds":[0],"arg_names":["self"],"dataclass_transform_spec":null,"flags":[],"fullname":"bdb.Breakpoint.disable","name":"disable","type":{".class":"CallableType","arg_kinds":[0],"arg_names":["self"],"arg_types":["bdb.Breakpoint"],"bound_args":[],"def_extras":{"first_arg":"self"},"fallback":"builtins.function","from_concatenate":false,"implicit":false,"is_ellipsis_args":false,"name":"disable of Breakpoint","ret_type":{".class":"NoneType"},"type_guard":null,"unpack_kwargs":false,"variables":[]}}},"enable":{".class":"SymbolTableNode","kind":"Mdef","node":{".class":"FuncDef","abstract_status":0,"arg_kinds":[0],"arg_names":["self"],"dataclass_transform_spec":null,"flags":[],"fullname":"bdb.Breakpoint.enable","name":"enable","type":{".class":"CallableType","arg_kinds":[0],"arg_names":["self"],"arg_types":["bdb.Breakpoint"],"bound_args":[],"def_extras":{"first_arg":"self"},"fallback":"builtins.function","from_concatenate":false,"implicit":false,"is_ellipsis_args":false,"name":"enable of Breakpoint","ret_type":{".class":"NoneType"},"type_guard":null,"unpack_kwargs":false,"variables":[]}}},"enabled":{".class":"SymbolTableNode","kind":"Mdef","node":{".class":"Var","flags":["is_initialized_in_class","is_ready"],"fullname":"bdb.Breakpoint.enabled","name":"enabled","type":"builtins.bool"}},"file":{".class":"SymbolTableNode","kind":"Mdef","node":{".class":"Var","flags":["is_initialized_in_class","is_ready"],"fullname":"bdb.Breakpoint.file","name":"file","type":"builtins.str"}},"func_first_executable_line":{".class":"SymbolTableNode","kind":"Mdef","node":{".class":"Var","flags":["is_initialized_in_class","is_ready"],"fullname":"bdb.Breakpoint.func_first_executable_line","name":"func_first_executable_line","type":{".class":"UnionType","items":["builtins.int",{".class":"NoneType"}]}}},"funcname":{".class":"SymbolTableNode","kind":"Mdef","node":{".class":"Var","flags":["is_initialized_in_class","is_ready"],"fullname":"bdb.Breakpoint.funcname","name":"funcname","type":{".class":"UnionType","items":["builtins.str",{".class":"NoneType"}]}}},"hits":{".class":"SymbolTableNode","kind":"Mdef","node":{".class":"Var","flags":["is_initialized_in_class","is_ready"],"fullname":"bdb.Breakpoint.hits","name":"hits","type":"builtins.int"}},"ignore":{".class":"SymbolTableNode","kind":"Mdef","node":{".class":"Var","flags":["is_initialized_in_class","is_ready"],"fullname":"bdb.Breakpoint.ignore","name":"ignore","type":"builtins.int"}},"line":{".class":"SymbolTableNode","kind":"Mdef","node":{".class":"Var","flags":["is_initialized_in_class","is_ready"],"fullname":"bdb.Breakpoint.line","name":"line","type":"builtins.int"}},"next":{".class":"SymbolTableNode","kind":"Mdef","node":{".class":"Var","flags":["is_initialized_in_class","is_ready"],"fullname":"bdb.Breakpoint.next","name":"next","type":"builtins.int"}},"number":{".class":"SymbolTableNode","kind":"Mdef","node":{".class":"Var","flags":["is_initialized_in_class","is_ready"],"fullname":"bdb.Breakpoint.number","name":"number","type":"builtins.int"}},"temporary":{".class":"SymbolTableNode","kind":"Mdef","node":{".class":"Var","flags":["is_initialized_in_class","is_ready"],"fullname":"bdb.Breakpoint.temporary","name":"temporary","type":"builtins.bool"}}},"self_type":null,"slots":null,"tuple_type":null,"type_vars":[],"typeddict_type":null}},"Callable":{".class":"SymbolTableNode","cross_ref":"typing.Callable","kind":"Gdef","module_hidden":true,"module_public":false},"CodeType":{".class":"SymbolTableNode","cross_ref":"types.CodeType","kind":"Gdef","module_hidden":true,"module_public":false},"ExcInfo":{".class":"SymbolTableNode","cross_ref":"_typeshed.ExcInfo","kind":"Gdef","module_hidden":true,"module_public":false},"FrameType":{".class":"SymbolTableNode","cross_ref":"types.FrameType","kind":"Gdef","module_hidden":true,"module_public":false},"GENERATOR_AND_COROUTINE_FLAGS":{".class":"SymbolTableNode","kind":"Gdef","module_public":false,"node":{".class":"Var","flags":["is_ready"],"fullname":"bdb.GENERATOR_AND_COROUTINE_FLAGS","name":"GENERATOR_AND_COROUTINE_FLAGS","type":{".class":"LiteralType","fallback":"builtins.int","value":672}}},"IO":{".class":"SymbolTableNode","cross_ref":"typing.IO","kind":"Gdef","module_hidden":true,"module_public":false},"Iterable":{".class":"SymbolTableNode","cross_ref":"typing.Iterable","kind":"Gdef","module_hidden":true,"module_public":false},"Literal":{".class":"SymbolTableNode","cross_ref":"typing_extensions.Literal","kind":"Gdef","module_hidden":true,"module_public":false},"Mapping":{".class":"SymbolTableNode","cross_ref":"typing.Mapping","kind":"Gdef","module_hidden":true,"module_public":false},"ParamSpec":{".class":"SymbolTableNode","cross_ref":"typing_extensions.ParamSpec","kind":"Gdef","module_hidden":true,"module_public":false},"SupportsInt":{".class":"SymbolTableNode","cross_ref":"typing.SupportsInt","kind":"Gdef","module_hidden":true,"module_public":false},"TraceFunction":{".class":"SymbolTableNode","cross_ref":"_typeshed.TraceFunction","kind":"Gdef","module_hidden":true,"module_public":false},"TracebackType":{".class":"SymbolTableNode","cross_ref":"types.TracebackType","kind":"Gdef","module_hidden":true,"module_public":false},"TypeVar":{".class":"SymbolTableNode","cross_ref":"typing.TypeVar","kind":"Gdef","module_hidden":true,"module_public":false},"_P":{".class":"SymbolTableNode","kind":"Gdef","module_public":false,"node":{".class":"ParamSpecExpr","fullname":"bdb._P","name":"_P","upper_bound":"builtins.object","variance":0}},"_T":{".class":"SymbolTableNode","kind":"Gdef","module_public":false,"node":{".class":"TypeVarExpr","fullname":"bdb._T","name":"_T","upper_bound":"builtins.object","values":[],"variance":0}},"__all__":{".class":"SymbolTableNode","kind":"Gdef","module_public":false,"node":{".class":"Var","flags":["is_inferred","has_explicit_value"],"fullname":"bdb.__all__","name":"__all__","type":{".class":"Instance","args":["builtins.str"],"type_ref":"builtins.list"}}},"__annotations__":{".class":"SymbolTableNode","kind":"Gdef","module_public":false,"node":{".class":"Var","flags":["is_ready"],"fullname":"bdb.__annotations__","name":"__annotations__","type":{".class":"Instance","args":["builtins.str",{".class":"AnyType","missing_import_name":null,"source_any":null,"type_of_any":6}],"type_ref":"builtins.dict"}}},"__doc__":{".class":"SymbolTableNode","kind":"Gdef","module_public":false,"node":{".class":"Var","flags":["is_ready"],"fullname":"bdb.__doc__","name":"__doc__","type":"builtins.str"}},"__file__":{".class":"SymbolTableNode","kind":"Gdef","module_public":false,"node":{".class":"Var","flags":["is_ready"],"fullname":"bdb.__file__","name":"__file__","type":"builtins.str"}},"__name__":{".class":"SymbolTableNode","kind":"Gdef","module_public":false,"node":{".class":"Var","flags":["is_ready"],"fullname":"bdb.__name__","name":"__name__","type":"builtins.str"}},"__package__":{".class":"SymbolTableNode","kind":"Gdef","module_public":false,"node":{".class":"Var","flags":["is_ready"],"fullname":"bdb.__package__","name":"__package__","type":"builtins.str"}},"checkfuncname":{".class":"SymbolTableNode","kind":"Gdef","module_public":false,"node":{".class":"FuncDef","abstract_status":0,"arg_kinds":[0,0],"arg_names":["b","frame"],"dataclass_transform_spec":null,"flags":[],"fullname":"bdb.checkfuncname","name":"checkfuncname","type":{".class":"CallableType","arg_kinds":[0,0],"arg_names":["b","frame"],"arg_types":["bdb.Breakpoint","types.FrameType"],"bound_args":[],"def_extras":{"first_arg":null},"fallback":"builtins.function","from_concatenate":false,"implicit":false,"is_ellipsis_args":false,"name":"checkfuncname","ret_type":"builtins.bool","type_guard":null,"unpack_kwargs":false,"variables":[]}}},"effective":{".class":"SymbolTableNode","kind":"Gdef","module_public":false,"node":{".class":"FuncDef","abstract_status":0,"arg_kinds":[0,0,0],"arg_names":["file","line","frame"],"dataclass_transform_spec":null,"flags":[],"fullname":"bdb.effective","name":"effective","type":{".class":"CallableType","arg_kinds":[0,0,0],"arg_names":["file","line","frame"],"arg_types":["builtins.str","builtins.int","types.FrameType"],"bound_args":[],"def_extras":{"first_arg":null},"fallback":"builtins.function","from_concatenate":false,"implicit":false,"is_ellipsis_args":false,"name":"effective","ret_type":{".class":"UnionType","items":[{".class":"TupleType","implicit":false,"items":["bdb.Breakpoint","builtins.bool"],"partial_fallback":{".class":"Instance","args":[{".class":"AnyType","missing_import_name":null,"source_any":null,"type_of_any":6}],"type_ref":"builtins.tuple"}},{".class":"TupleType","implicit":false,"items":[{".class":"NoneType"},{".class":"NoneType"}],"partial_fallback":{".class":"Instance","args":[{".class":"AnyType","missing_import_name":null,"source_any":null,"type_of_any":6}],"type_ref":"builtins.tuple"}}]},"type_guard":null,"unpack_kwargs":false,"variables":[]}}},"set_trace":{".class":"SymbolTableNode","kind":"Gdef","module_public":false,"node":{".class":"FuncDef","abstract_status":0,"arg_kinds":[],"arg_names":[],"dataclass_transform_spec":null,"flags":[],"fullname":"bdb.set_trace","name":"set_trace","type":{".class":"CallableType","arg_kinds":[],"arg_names":[],"arg_types":[],"bound_args":[],"def_extras":{"first_arg":null},"fallback":"builtins.function","from_concatenate":false,"implicit":false,"is_ellipsis_args":false,"name":"set_trace","ret_type":{".class":"NoneType"},"type_guard":null,"unpack_kwargs":false,"variables":[]}}},"sys":{".class":"SymbolTableNode","cross_ref":"sys","kind":"Gdef","module_hidden":true,"module_public":false}},"path":"C:\\Users\\Vasilis\\AppData\\Local\\Programs\\Python\\Python313\\Lib\\site-packages\\mypy\\typeshed\\stdlib\\bdb.pyi"}