{".class":"MypyFile","_fullname":"binascii","future_import_flags":[],"is_partial_stub_package":false,"is_stub":true,"names":{".class":"SymbolTable","Error":{".class":"SymbolTableNode","kind":"Gdef","node":{".class":"TypeInfo","_promote":[],"abstract_attributes":[],"alt_promote":null,"bases":["builtins.ValueError"],"dataclass_transform_spec":null,"declared_metaclass":null,"defn":{".class":"ClassDef","fullname":"binascii.Error","name":"Error","type_vars":[]},"deletable_attributes":[],"flags":[],"fullname":"binascii.Error","has_param_spec_type":false,"metaclass_type":null,"metadata":{},"module_name":"binascii","mro":["binascii.Error","builtins.ValueError","builtins.Exception","builtins.BaseException","builtins.object"],"names":{".class":"SymbolTable"},"self_type":null,"slots":null,"tuple_type":null,"type_vars":[],"typeddict_type":null}},"Incomplete":{".class":"SymbolTableNode","kind":"Gdef","node":{".class":"TypeInfo","_promote":[],"abstract_attributes":[],"alt_promote":null,"bases":["builtins.Exception"],"dataclass_transform_spec":null,"declared_metaclass":null,"defn":{".class":"ClassDef","fullname":"binascii.Incomplete","name":"Incomplete","type_vars":[]},"deletable_attributes":[],"flags":[],"fullname":"binascii.Incomplete","has_param_spec_type":false,"metaclass_type":null,"metadata":{},"module_name":"binascii","mro":["binascii.Incomplete","builtins.Exception","builtins.BaseException","builtins.object"],"names":{".class":"SymbolTable"},"self_type":null,"slots":null,"tuple_type":null,"type_vars":[],"typeddict_type":null}},"ReadableBuffer":{".class":"SymbolTableNode","cross_ref":"_typeshed.ReadableBuffer","kind":"Gdef","module_hidden":true,"module_public":false},"TypeAlias":{".class":"SymbolTableNode","cross_ref":"typing.TypeAlias","kind":"Gdef","module_hidden":true,"module_public":false},"_AsciiBuffer":{".class":"SymbolTableNode","kind":"Gdef","node":{".class":"TypeAlias","alias_tvars":[],"column":0,"fullname":"binascii._AsciiBuffer","line":7,"no_args":false,"normalized":false,"target":{".class":"UnionType","items":["builtins.str",{".class":"TypeAliasType","args":[],"type_ref":"_typeshed.ReadableBuffer"}]}}},"__annotations__":{".class":"SymbolTableNode","kind":"Gdef","node":{".class":"Var","flags":["is_ready"],"fullname":"binascii.__annotations__","name":"__annotations__","type":{".class":"Instance","args":["builtins.str",{".class":"AnyType","missing_import_name":null,"source_any":null,"type_of_any":6}],"type_ref":"builtins.dict"}}},"__doc__":{".class":"SymbolTableNode","kind":"Gdef","node":{".class":"Var","flags":["is_ready"],"fullname":"binascii.__doc__","name":"__doc__","type":"builtins.str"}},"__file__":{".class":"SymbolTableNode","kind":"Gdef","node":{".class":"Var","flags":["is_ready"],"fullname":"binascii.__file__","name":"__file__","type":"builtins.str"}},"__name__":{".class":"SymbolTableNode","kind":"Gdef","node":{".class":"Var","flags":["is_ready"],"fullname":"binascii.__name__","name":"__name__","type":"builtins.str"}},"__package__":{".class":"SymbolTableNode","kind":"Gdef","node":{".class":"Var","flags":["is_ready"],"fullname":"binascii.__package__","name":"__package__","type":"builtins.str"}},"a2b_base64":{".class":"SymbolTableNode","kind":"Gdef","node":{".class":"FuncDef","abstract_status":0,"arg_kinds":[0,5],"arg_names":[null,"strict_mode"],"dataclass_transform_spec":null,"flags":[],"fullname":"binascii.a2b_base64","name":"a2b_base64","type":{".class":"CallableType","arg_kinds":[0,5],"arg_names":[null,"strict_mode"],"arg_types":[{".class":"TypeAliasType","args":[],"type_ref":"binascii._AsciiBuffer"},"builtins.bool"],"bound_args":[],"def_extras":{"first_arg":null},"fallback":"builtins.function","from_concatenate":false,"implicit":false,"is_ellipsis_args":false,"name":"a2b_base64","ret_type":"builtins.bytes","type_guard":null,"unpack_kwargs":false,"variables":[]}}},"a2b_hex":{".class":"SymbolTableNode","kind":"Gdef","node":{".class":"FuncDef","abstract_status":0,"arg_kinds":[0],"arg_names":[null],"dataclass_transform_spec":null,"flags":[],"fullname":"binascii.a2b_hex","name":"a2b_hex","type":{".class":"CallableType","arg_kinds":[0],"arg_names":[null],"arg_types":[{".class":"TypeAliasType","args":[],"type_ref":"binascii._AsciiBuffer"}],"bound_args":[],"def_extras":{"first_arg":null},"fallback":"builtins.function","from_concatenate":false,"implicit":false,"is_ellipsis_args":false,"name":"a2b_hex","ret_type":"builtins.bytes","type_guard":null,"unpack_kwargs":false,"variables":[]}}},"a2b_qp":{".class":"SymbolTableNode","kind":"Gdef","node":{".class":"FuncDef","abstract_status":0,"arg_kinds":[0,1],"arg_names":["data","header"],"dataclass_transform_spec":null,"flags":[],"fullname":"binascii.a2b_qp","name":"a2b_qp","type":{".class":"CallableType","arg_kinds":[0,1],"arg_names":["data","header"],"arg_types":[{".class":"TypeAliasType","args":[],"type_ref":"binascii._AsciiBuffer"},"builtins.bool"],"bound_args":[],"def_extras":{"first_arg":null},"fallback":"builtins.function","from_concatenate":false,"implicit":false,"is_ellipsis_args":false,"name":"a2b_qp","ret_type":"builtins.bytes","type_guard":null,"unpack_kwargs":false,"variables":[]}}},"a2b_uu":{".class":"SymbolTableNode","kind":"Gdef","node":{".class":"FuncDef","abstract_status":0,"arg_kinds":[0],"arg_names":[null],"dataclass_transform_spec":null,"flags":[],"fullname":"binascii.a2b_uu","name":"a2b_uu","type":{".class":"CallableType","arg_kinds":[0],"arg_names":[null],"arg_types":[{".class":"TypeAliasType","args":[],"type_ref":"binascii._AsciiBuffer"}],"bound_args":[],"def_extras":{"first_arg":null},"fallback":"builtins.function","from_concatenate":false,"implicit":false,"is_ellipsis_args":false,"name":"a2b_uu","ret_type":"builtins.bytes","type_guard":null,"unpack_kwargs":false,"variables":[]}}},"b2a_base64":{".class":"SymbolTableNode","kind":"Gdef","node":{".class":"FuncDef","abstract_status":0,"arg_kinds":[0,5],"arg_names":[null,"newline"],"dataclass_transform_spec":null,"flags":[],"fullname":"binascii.b2a_base64","name":"b2a_base64","type":{".class":"CallableType","arg_kinds":[0,5],"arg_names":[null,"newline"],"arg_types":[{".class":"TypeAliasType","args":[],"type_ref":"_typeshed.ReadableBuffer"},"builtins.bool"],"bound_args":[],"def_extras":{"first_arg":null},"fallback":"builtins.function","from_concatenate":false,"implicit":false,"is_ellipsis_args":false,"name":"b2a_base64","ret_type":"builtins.bytes","type_guard":null,"unpack_kwargs":false,"variables":[]}}},"b2a_hex":{".class":"SymbolTableNode","kind":"Gdef","node":{".class":"FuncDef","abstract_status":0,"arg_kinds":[0,1,1],"arg_names":["data","sep","bytes_per_sep"],"dataclass_transform_spec":null,"flags":[],"fullname":"binascii.b2a_hex","name":"b2a_hex","type":{".class":"CallableType","arg_kinds":[0,1,1],"arg_names":["data","sep","bytes_per_sep"],"arg_types":[{".class":"TypeAliasType","args":[],"type_ref":"_typeshed.ReadableBuffer"},{".class":"UnionType","items":["builtins.str","builtins.bytes"]},"builtins.int"],"bound_args":[],"def_extras":{"first_arg":null},"fallback":"builtins.function","from_concatenate":false,"implicit":false,"is_ellipsis_args":false,"name":"b2a_hex","ret_type":"builtins.bytes","type_guard":null,"unpack_kwargs":false,"variables":[]}}},"b2a_qp":{".class":"SymbolTableNode","kind":"Gdef","node":{".class":"FuncDef","abstract_status":0,"arg_kinds":[0,1,1,1],"arg_names":["data","quotetabs","istext","header"],"dataclass_transform_spec":null,"flags":[],"fullname":"binascii.b2a_qp","name":"b2a_qp","type":{".class":"CallableType","arg_kinds":[0,1,1,1],"arg_names":["data","quotetabs","istext","header"],"arg_types":[{".class":"TypeAliasType","args":[],"type_ref":"_typeshed.ReadableBuffer"},"builtins.bool","builtins.bool","builtins.bool"],"bound_args":[],"def_extras":{"first_arg":null},"fallback":"builtins.function","from_concatenate":false,"implicit":false,"is_ellipsis_args":false,"name":"b2a_qp","ret_type":"builtins.bytes","type_guard":null,"unpack_kwargs":false,"variables":[]}}},"b2a_uu":{".class":"SymbolTableNode","kind":"Gdef","node":{".class":"FuncDef","abstract_status":0,"arg_kinds":[0,5],"arg_names":[null,"backtick"],"dataclass_transform_spec":null,"flags":[],"fullname":"binascii.b2a_uu","name":"b2a_uu","type":{".class":"CallableType","arg_kinds":[0,5],"arg_names":[null,"backtick"],"arg_types":[{".class":"TypeAliasType","args":[],"type_ref":"_typeshed.ReadableBuffer"},"builtins.bool"],"bound_args":[],"def_extras":{"first_arg":null},"fallback":"builtins.function","from_concatenate":false,"implicit":false,"is_ellipsis_args":false,"name":"b2a_uu","ret_type":"builtins.bytes","type_guard":null,"unpack_kwargs":false,"variables":[]}}},"crc32":{".class":"SymbolTableNode","kind":"Gdef","node":{".class":"FuncDef","abstract_status":0,"arg_kinds":[0,1],"arg_names":[null,null],"dataclass_transform_spec":null,"flags":[],"fullname":"binascii.crc32","name":"crc32","type":{".class":"CallableType","arg_kinds":[0,1],"arg_names":[null,null],"arg_types":[{".class":"TypeAliasType","args":[],"type_ref":"_typeshed.ReadableBuffer"},"builtins.int"],"bound_args":[],"def_extras":{"first_arg":null},"fallback":"builtins.function","from_concatenate":false,"implicit":false,"is_ellipsis_args":false,"name":"crc32","ret_type":"builtins.int","type_guard":null,"unpack_kwargs":false,"variables":[]}}},"crc_hqx":{".class":"SymbolTableNode","kind":"Gdef","node":{".class":"FuncDef","abstract_status":0,"arg_kinds":[0,0],"arg_names":[null,null],"dataclass_transform_spec":null,"flags":[],"fullname":"binascii.crc_hqx","name":"crc_hqx","type":{".class":"CallableType","arg_kinds":[0,0],"arg_names":[null,null],"arg_types":[{".class":"TypeAliasType","args":[],"type_ref":"_typeshed.ReadableBuffer"},"builtins.int"],"bound_args":[],"def_extras":{"first_arg":null},"fallback":"builtins.function","from_concatenate":false,"implicit":false,"is_ellipsis_args":false,"name":"crc_hqx","ret_type":"builtins.int","type_guard":null,"unpack_kwargs":false,"variables":[]}}},"hexlify":{".class":"SymbolTableNode","kind":"Gdef","node":{".class":"FuncDef","abstract_status":0,"arg_kinds":[0,1,1],"arg_names":["data","sep","bytes_per_sep"],"dataclass_transform_spec":null,"flags":[],"fullname":"binascii.hexlify","name":"hexlify","type":{".class":"CallableType","arg_kinds":[0,1,1],"arg_names":["data","sep","bytes_per_sep"],"arg_types":[{".class":"TypeAliasType","args":[],"type_ref":"_typeshed.ReadableBuffer"},{".class":"UnionType","items":["builtins.str","builtins.bytes"]},"builtins.int"],"bound_args":[],"def_extras":{"first_arg":null},"fallback":"builtins.function","from_concatenate":false,"implicit":false,"is_ellipsis_args":false,"name":"hexlify","ret_type":"builtins.bytes","type_guard":null,"unpack_kwargs":false,"variables":[]}}},"sys":{".class":"SymbolTableNode","cross_ref":"sys","kind":"Gdef","module_hidden":true,"module_public":false},"unhexlify":{".class":"SymbolTableNode","kind":"Gdef","node":{".class":"FuncDef","abstract_status":0,"arg_kinds":[0],"arg_names":[null],"dataclass_transform_spec":null,"flags":[],"fullname":"binascii.unhexlify","name":"unhexlify","type":{".class":"CallableType","arg_kinds":[0],"arg_names":[null],"arg_types":[{".class":"TypeAliasType","args":[],"type_ref":"binascii._AsciiBuffer"}],"bound_args":[],"def_extras":{"first_arg":null},"fallback":"builtins.function","from_concatenate":false,"implicit":false,"is_ellipsis_args":false,"name":"unhexlify","ret_type":"builtins.bytes","type_guard":null,"unpack_kwargs":false,"variables":[]}}}},"path":"C:\\Users\\Vasilis\\AppData\\Local\\Programs\\Python\\Python313\\Lib\\site-packages\\mypy\\typeshed\\stdlib\\binascii.pyi"}