{".class":"MypyFile","_fullname":"bisect","future_import_flags":[],"is_partial_stub_package":false,"is_stub":true,"names":{".class":"SymbolTable","__annotations__":{".class":"SymbolTableNode","kind":"Gdef","node":{".class":"Var","flags":["is_ready"],"fullname":"bisect.__annotations__","name":"__annotations__","type":{".class":"Instance","args":["builtins.str",{".class":"AnyType","missing_import_name":null,"source_any":null,"type_of_any":6}],"type_ref":"builtins.dict"}}},"__doc__":{".class":"SymbolTableNode","kind":"Gdef","node":{".class":"Var","flags":["is_ready"],"fullname":"bisect.__doc__","name":"__doc__","type":"builtins.str"}},"__file__":{".class":"SymbolTableNode","kind":"Gdef","node":{".class":"Var","flags":["is_ready"],"fullname":"bisect.__file__","name":"__file__","type":"builtins.str"}},"__name__":{".class":"SymbolTableNode","kind":"Gdef","node":{".class":"Var","flags":["is_ready"],"fullname":"bisect.__name__","name":"__name__","type":"builtins.str"}},"__package__":{".class":"SymbolTableNode","kind":"Gdef","node":{".class":"Var","flags":["is_ready"],"fullname":"bisect.__package__","name":"__package__","type":"builtins.str"}},"bisect":{".class":"SymbolTableNode","kind":"Gdef","node":{".class":"Var","flags":["is_inferred","has_explicit_value"],"fullname":"bisect.bisect","name":"bisect","type":{".class":"Overloaded","items":[{".class":"CallableType","arg_kinds":[0,0,1,1,5],"arg_names":["a","x","lo","hi","key"],"arg_types":[{".class":"Instance","args":[{".class":"TypeVarType","fullname":"_typeshed.SupportsRichComparisonT","id":-1,"name":"SupportsRichComparisonT","namespace":"","upper_bound":{".class":"UnionType","items":[{".class":"Instance","args":[{".class":"AnyType","missing_import_name":null,"source_any":null,"type_of_any":6}],"type_ref":"_typeshed.SupportsDunderLT"},{".class":"Instance","args":[{".class":"AnyType","missing_import_name":null,"source_any":null,"type_of_any":6}],"type_ref":"_typeshed.SupportsDunderGT"}]},"values":[],"variance":0}],"type_ref":"_typeshed.SupportsLenAndGetItem"},{".class":"TypeVarType","fullname":"_typeshed.SupportsRichComparisonT","id":-1,"name":"SupportsRichComparisonT","namespace":"","upper_bound":{".class":"UnionType","items":[{".class":"Instance","args":[{".class":"AnyType","missing_import_name":null,"source_any":null,"type_of_any":6}],"type_ref":"_typeshed.SupportsDunderLT"},{".class":"Instance","args":[{".class":"AnyType","missing_import_name":null,"source_any":null,"type_of_any":6}],"type_ref":"_typeshed.SupportsDunderGT"}]},"values":[],"variance":0},"builtins.int",{".class":"UnionType","items":["builtins.int",{".class":"NoneType"}]},{".class":"NoneType"}],"bound_args":[],"def_extras":{"first_arg":null},"fallback":"builtins.function","from_concatenate":false,"implicit":false,"is_ellipsis_args":false,"name":null,"ret_type":"builtins.int","type_guard":null,"unpack_kwargs":false,"variables":[{".class":"TypeVarType","fullname":"_typeshed.SupportsRichComparisonT","id":-1,"name":"SupportsRichComparisonT","namespace":"","upper_bound":{".class":"UnionType","items":[{".class":"Instance","args":[{".class":"AnyType","missing_import_name":null,"source_any":null,"type_of_any":6}],"type_ref":"_typeshed.SupportsDunderLT"},{".class":"Instance","args":[{".class":"AnyType","missing_import_name":null,"source_any":null,"type_of_any":6}],"type_ref":"_typeshed.SupportsDunderGT"}]},"values":[],"variance":0}]},{".class":"CallableType","arg_kinds":[0,0,1,1,3],"arg_names":["a","x","lo","hi","key"],"arg_types":[{".class":"Instance","args":[{".class":"TypeVarType","fullname":"_bisect._T","id":-1,"name":"_T","namespace":"","upper_bound":"builtins.object","values":[],"variance":0}],"type_ref":"_typeshed.SupportsLenAndGetItem"},{".class":"TypeVarType","fullname":"_typeshed.SupportsRichComparisonT","id":-2,"name":"SupportsRichComparisonT","namespace":"","upper_bound":{".class":"UnionType","items":[{".class":"Instance","args":[{".class":"AnyType","missing_import_name":null,"source_any":null,"type_of_any":6}],"type_ref":"_typeshed.SupportsDunderLT"},{".class":"Instance","args":[{".class":"AnyType","missing_import_name":null,"source_any":null,"type_of_any":6}],"type_ref":"_typeshed.SupportsDunderGT"}]},"values":[],"variance":0},"builtins.int",{".class":"UnionType","items":["builtins.int",{".class":"NoneType"}]},{".class":"CallableType","arg_kinds":[0],"arg_names":[null],"arg_types":[{".class":"TypeVarType","fullname":"_bisect._T","id":-1,"name":"_T","namespace":"","upper_bound":"builtins.object","values":[],"variance":0}],"bound_args":[],"def_extras":{},"fallback":"builtins.function","from_concatenate":false,"implicit":false,"is_ellipsis_args":false,"name":null,"ret_type":{".class":"TypeVarType","fullname":"_typeshed.SupportsRichComparisonT","id":-2,"name":"SupportsRichComparisonT","namespace":"","upper_bound":{".class":"UnionType","items":[{".class":"Instance","args":[{".class":"AnyType","missing_import_name":null,"source_any":null,"type_of_any":6}],"type_ref":"_typeshed.SupportsDunderLT"},{".class":"Instance","args":[{".class":"AnyType","missing_import_name":null,"source_any":null,"type_of_any":6}],"type_ref":"_typeshed.SupportsDunderGT"}]},"values":[],"variance":0},"type_guard":null,"unpack_kwargs":false,"variables":[]}],"bound_args":[],"def_extras":{"first_arg":null},"fallback":"builtins.function","from_concatenate":false,"implicit":false,"is_ellipsis_args":false,"name":null,"ret_type":"builtins.int","type_guard":null,"unpack_kwargs":false,"variables":[{".class":"TypeVarType","fullname":"_bisect._T","id":-1,"name":"_T","namespace":"","upper_bound":"builtins.object","values":[],"variance":0},{".class":"TypeVarType","fullname":"_typeshed.SupportsRichComparisonT","id":-2,"name":"SupportsRichComparisonT","namespace":"","upper_bound":{".class":"UnionType","items":[{".class":"Instance","args":[{".class":"AnyType","missing_import_name":null,"source_any":null,"type_of_any":6}],"type_ref":"_typeshed.SupportsDunderLT"},{".class":"Instance","args":[{".class":"AnyType","missing_import_name":null,"source_any":null,"type_of_any":6}],"type_ref":"_typeshed.SupportsDunderGT"}]},"values":[],"variance":0}]}]}}},"bisect_left":{".class":"SymbolTableNode","cross_ref":"_bisect.bisect_left","kind":"Gdef"},"bisect_right":{".class":"SymbolTableNode","cross_ref":"_bisect.bisect_right","kind":"Gdef"},"insort":{".class":"SymbolTableNode","kind":"Gdef","node":{".class":"Var","flags":["is_inferred","has_explicit_value"],"fullname":"bisect.insort","name":"insort","type":{".class":"Overloaded","items":[{".class":"CallableType","arg_kinds":[0,0,1,1,5],"arg_names":["a","x","lo","hi","key"],"arg_types":[{".class":"Instance","args":[{".class":"TypeVarType","fullname":"_typeshed.SupportsRichComparisonT","id":-1,"name":"SupportsRichComparisonT","namespace":"","upper_bound":{".class":"UnionType","items":[{".class":"Instance","args":[{".class":"AnyType","missing_import_name":null,"source_any":null,"type_of_any":6}],"type_ref":"_typeshed.SupportsDunderLT"},{".class":"Instance","args":[{".class":"AnyType","missing_import_name":null,"source_any":null,"type_of_any":6}],"type_ref":"_typeshed.SupportsDunderGT"}]},"values":[],"variance":0}],"type_ref":"typing.MutableSequence"},{".class":"TypeVarType","fullname":"_typeshed.SupportsRichComparisonT","id":-1,"name":"SupportsRichComparisonT","namespace":"","upper_bound":{".class":"UnionType","items":[{".class":"Instance","args":[{".class":"AnyType","missing_import_name":null,"source_any":null,"type_of_any":6}],"type_ref":"_typeshed.SupportsDunderLT"},{".class":"Instance","args":[{".class":"AnyType","missing_import_name":null,"source_any":null,"type_of_any":6}],"type_ref":"_typeshed.SupportsDunderGT"}]},"values":[],"variance":0},"builtins.int",{".class":"UnionType","items":["builtins.int",{".class":"NoneType"}]},{".class":"NoneType"}],"bound_args":[],"def_extras":{"first_arg":null},"fallback":"builtins.function","from_concatenate":false,"implicit":false,"is_ellipsis_args":false,"name":null,"ret_type":{".class":"NoneType"},"type_guard":null,"unpack_kwargs":false,"variables":[{".class":"TypeVarType","fullname":"_typeshed.SupportsRichComparisonT","id":-1,"name":"SupportsRichComparisonT","namespace":"","upper_bound":{".class":"UnionType","items":[{".class":"Instance","args":[{".class":"AnyType","missing_import_name":null,"source_any":null,"type_of_any":6}],"type_ref":"_typeshed.SupportsDunderLT"},{".class":"Instance","args":[{".class":"AnyType","missing_import_name":null,"source_any":null,"type_of_any":6}],"type_ref":"_typeshed.SupportsDunderGT"}]},"values":[],"variance":0}]},{".class":"CallableType","arg_kinds":[0,0,1,1,3],"arg_names":["a","x","lo","hi","key"],"arg_types":[{".class":"Instance","args":[{".class":"TypeVarType","fullname":"_bisect._T","id":-1,"name":"_T","namespace":"","upper_bound":"builtins.object","values":[],"variance":0}],"type_ref":"typing.MutableSequence"},{".class":"TypeVarType","fullname":"_bisect._T","id":-1,"name":"_T","namespace":"","upper_bound":"builtins.object","values":[],"variance":0},"builtins.int",{".class":"UnionType","items":["builtins.int",{".class":"NoneType"}]},{".class":"CallableType","arg_kinds":[0],"arg_names":[null],"arg_types":[{".class":"TypeVarType","fullname":"_bisect._T","id":-1,"name":"_T","namespace":"","upper_bound":"builtins.object","values":[],"variance":0}],"bound_args":[],"def_extras":{},"fallback":"builtins.function","from_concatenate":false,"implicit":false,"is_ellipsis_args":false,"name":null,"ret_type":{".class":"TypeVarType","fullname":"_typeshed.SupportsRichComparisonT","id":-2,"name":"SupportsRichComparisonT","namespace":"","upper_bound":{".class":"UnionType","items":[{".class":"Instance","args":[{".class":"AnyType","missing_import_name":null,"source_any":null,"type_of_any":6}],"type_ref":"_typeshed.SupportsDunderLT"},{".class":"Instance","args":[{".class":"AnyType","missing_import_name":null,"source_any":null,"type_of_any":6}],"type_ref":"_typeshed.SupportsDunderGT"}]},"values":[],"variance":0},"type_guard":null,"unpack_kwargs":false,"variables":[]}],"bound_args":[],"def_extras":{"first_arg":null},"fallback":"builtins.function","from_concatenate":false,"implicit":false,"is_ellipsis_args":false,"name":null,"ret_type":{".class":"NoneType"},"type_guard":null,"unpack_kwargs":false,"variables":[{".class":"TypeVarType","fullname":"_bisect._T","id":-1,"name":"_T","namespace":"","upper_bound":"builtins.object","values":[],"variance":0},{".class":"TypeVarType","fullname":"_typeshed.SupportsRichComparisonT","id":-2,"name":"SupportsRichComparisonT","namespace":"","upper_bound":{".class":"UnionType","items":[{".class":"Instance","args":[{".class":"AnyType","missing_import_name":null,"source_any":null,"type_of_any":6}],"type_ref":"_typeshed.SupportsDunderLT"},{".class":"Instance","args":[{".class":"AnyType","missing_import_name":null,"source_any":null,"type_of_any":6}],"type_ref":"_typeshed.SupportsDunderGT"}]},"values":[],"variance":0}]}]}}},"insort_left":{".class":"SymbolTableNode","cross_ref":"_bisect.insort_left","kind":"Gdef"},"insort_right":{".class":"SymbolTableNode","cross_ref":"_bisect.insort_right","kind":"Gdef"}},"path":"C:\\Users\\Vasilis\\AppData\\Local\\Programs\\Python\\Python313\\Lib\\site-packages\\mypy\\typeshed\\stdlib\\bisect.pyi"}