{"data_mtime":1762095518,"dep_lines":[30,1,2,3,4,5,31,35,57,1,1,1,1,1,1,1],"dep_prios":[5,10,5,10,5,5,5,5,5,30,30,30,30,30,30,30],"dependencies":["collections.abc","_ast","_typeshed","sys","types","_collections_abc","io","typing","typing_extensions","abc","array","ctypes","importlib","mmap","os","pickle"],"hash":"c40d372b9738999cc202708777b2205bbb3a183ed81fd5bb2814e1527ca6bbe1","id":"builtins","ignore_all":true,"interface_hash":"ffcc45797b7c0a4501f21160e0f1a27b9ba26d7d8538a722c32173cf64177771","mtime":1762095442,"options":{"allow_redefinition":false,"allow_untyped_globals":false,"always_false":[],"always_true":[],"bazel":false,"check_untyped_defs":false,"disable_bytearray_promotion":false,"disable_error_code":[],"disable_memoryview_promotion":false,"disabled_error_codes":[],"disallow_any_decorated":false,"disallow_any_explicit":false,"disallow_any_expr":false,"disallow_any_generics":false,"disallow_any_unimported":false,"disallow_incomplete_defs":false,"disallow_subclassing_any":false,"disallow_untyped_calls":false,"disallow_untyped_decorators":false,"disallow_untyped_defs":false,"enable_error_code":[],"enabled_error_codes":[],"follow_imports":"silent","follow_imports_for_stubs":false,"ignore_errors":false,"ignore_missing_imports":true,"implicit_optional":true,"implicit_reexport":true,"local_partial_types":false,"mypyc":false,"platform":"win32","plugins":[],"strict_concatenate":false,"strict_equality":false,"strict_optional":true,"warn_no_return":true,"warn_return_any":false,"warn_unreachable":false,"warn_unused_ignores":false},"path":"C:\\Users\\Vasilis\\AppData\\Local\\Programs\\Python\\Python313\\Lib\\site-packages\\mypy\\typeshed\\stdlib\\builtins.pyi","plugin_data":null,"size":82961,"suppressed":[],"version_id":"1.3.0"}