{".class":"MypyFile","_fullname":"codeop","future_import_flags":[],"is_partial_stub_package":false,"is_stub":true,"names":{".class":"SymbolTable","CodeType":{".class":"SymbolTableNode","cross_ref":"types.CodeType","kind":"Gdef","module_hidden":true,"module_public":false},"CommandCompiler":{".class":"SymbolTableNode","kind":"Gdef","node":{".class":"TypeInfo","_promote":[],"abstract_attributes":[],"alt_promote":null,"bases":["builtins.object"],"dataclass_transform_spec":null,"declared_metaclass":null,"defn":{".class":"ClassDef","fullname":"codeop.CommandCompiler","name":"CommandCompiler","type_vars":[]},"deletable_attributes":[],"flags":[],"fullname":"codeop.CommandCompiler","has_param_spec_type":false,"metaclass_type":null,"metadata":{},"module_name":"codeop","mro":["codeop.CommandCompiler","builtins.object"],"names":{".class":"SymbolTable","__call__":{".class":"SymbolTableNode","kind":"Mdef","node":{".class":"FuncDef","abstract_status":0,"arg_kinds":[0,0,1,1],"arg_names":["self","source","filename","symbol"],"dataclass_transform_spec":null,"flags":[],"fullname":"codeop.CommandCompiler.__call__","name":"__call__","type":{".class":"CallableType","arg_kinds":[0,0,1,1],"arg_names":["self","source","filename","symbol"],"arg_types":["codeop.CommandCompiler","builtins.str","builtins.str","builtins.str"],"bound_args":[],"def_extras":{"first_arg":"self"},"fallback":"builtins.function","from_concatenate":false,"implicit":false,"is_ellipsis_args":false,"name":"__call__ of CommandCompiler","ret_type":{".class":"UnionType","items":["types.CodeType",{".class":"NoneType"}]},"type_guard":null,"unpack_kwargs":false,"variables":[]}}},"compiler":{".class":"SymbolTableNode","kind":"Mdef","node":{".class":"Var","flags":["is_initialized_in_class","is_ready"],"fullname":"codeop.CommandCompiler.compiler","name":"compiler","type":"codeop.Compile"}}},"self_type":null,"slots":null,"tuple_type":null,"type_vars":[],"typeddict_type":null}},"Compile":{".class":"SymbolTableNode","kind":"Gdef","node":{".class":"TypeInfo","_promote":[],"abstract_attributes":[],"alt_promote":null,"bases":["builtins.object"],"dataclass_transform_spec":null,"declared_metaclass":null,"defn":{".class":"ClassDef","fullname":"codeop.Compile","name":"Compile","type_vars":[]},"deletable_attributes":[],"flags":[],"fullname":"codeop.Compile","has_param_spec_type":false,"metaclass_type":null,"metadata":{},"module_name":"codeop","mro":["codeop.Compile","builtins.object"],"names":{".class":"SymbolTable","__call__":{".class":"SymbolTableNode","kind":"Mdef","node":{".class":"FuncDef","abstract_status":0,"arg_kinds":[0,0,0,0],"arg_names":["self","source","filename","symbol"],"dataclass_transform_spec":null,"flags":[],"fullname":"codeop.Compile.__call__","name":"__call__","type":{".class":"CallableType","arg_kinds":[0,0,0,0],"arg_names":["self","source","filename","symbol"],"arg_types":["codeop.Compile","builtins.str","builtins.str","builtins.str"],"bound_args":[],"def_extras":{"first_arg":"self"},"fallback":"builtins.function","from_concatenate":false,"implicit":false,"is_ellipsis_args":false,"name":"__call__ of Compile","ret_type":"types.CodeType","type_guard":null,"unpack_kwargs":false,"variables":[]}}},"flags":{".class":"SymbolTableNode","kind":"Mdef","node":{".class":"Var","flags":["is_initialized_in_class","is_ready"],"fullname":"codeop.Compile.flags","name":"flags","type":"builtins.int"}}},"self_type":null,"slots":null,"tuple_type":null,"type_vars":[],"typeddict_type":null}},"__all__":{".class":"SymbolTableNode","kind":"Gdef","module_public":false,"node":{".class":"Var","flags":["is_inferred","has_explicit_value"],"fullname":"codeop.__all__","name":"__all__","type":{".class":"Instance","args":["builtins.str"],"type_ref":"builtins.list"}}},"__annotations__":{".class":"SymbolTableNode","kind":"Gdef","module_public":false,"node":{".class":"Var","flags":["is_ready"],"fullname":"codeop.__annotations__","name":"__annotations__","type":{".class":"Instance","args":["builtins.str",{".class":"AnyType","missing_import_name":null,"source_any":null,"type_of_any":6}],"type_ref":"builtins.dict"}}},"__doc__":{".class":"SymbolTableNode","kind":"Gdef","module_public":false,"node":{".class":"Var","flags":["is_ready"],"fullname":"codeop.__doc__","name":"__doc__","type":"builtins.str"}},"__file__":{".class":"SymbolTableNode","kind":"Gdef","module_public":false,"node":{".class":"Var","flags":["is_ready"],"fullname":"codeop.__file__","name":"__file__","type":"builtins.str"}},"__name__":{".class":"SymbolTableNode","kind":"Gdef","module_public":false,"node":{".class":"Var","flags":["is_ready"],"fullname":"codeop.__name__","name":"__name__","type":"builtins.str"}},"__package__":{".class":"SymbolTableNode","kind":"Gdef","module_public":false,"node":{".class":"Var","flags":["is_ready"],"fullname":"codeop.__package__","name":"__package__","type":"builtins.str"}},"compile_command":{".class":"SymbolTableNode","kind":"Gdef","node":{".class":"FuncDef","abstract_status":0,"arg_kinds":[0,1,1],"arg_names":["source","filename","symbol"],"dataclass_transform_spec":null,"flags":[],"fullname":"codeop.compile_command","name":"compile_command","type":{".class":"CallableType","arg_kinds":[0,1,1],"arg_names":["source","filename","symbol"],"arg_types":["builtins.str","builtins.str","builtins.str"],"bound_args":[],"def_extras":{"first_arg":null},"fallback":"builtins.function","from_concatenate":false,"implicit":false,"is_ellipsis_args":false,"name":"compile_command","ret_type":{".class":"UnionType","items":["types.CodeType",{".class":"NoneType"}]},"type_guard":null,"unpack_kwargs":false,"variables":[]}}}},"path":"C:\\Users\\Vasilis\\AppData\\Local\\Programs\\Python\\Python313\\Lib\\site-packages\\mypy\\typeshed\\stdlib\\codeop.pyi"}