{".class":"MypyFile","_fullname":"colorsys","future_import_flags":[],"is_partial_stub_package":false,"is_stub":true,"names":{".class":"SymbolTable","ONE_SIXTH":{".class":"SymbolTableNode","kind":"Gdef","module_public":false,"node":{".class":"Var","flags":["is_ready"],"fullname":"colorsys.ONE_SIXTH","name":"ONE_SIXTH","type":"builtins.float"}},"ONE_THIRD":{".class":"SymbolTableNode","kind":"Gdef","module_public":false,"node":{".class":"Var","flags":["is_ready"],"fullname":"colorsys.ONE_THIRD","name":"ONE_THIRD","type":"builtins.float"}},"TWO_THIRD":{".class":"SymbolTableNode","kind":"Gdef","module_public":false,"node":{".class":"Var","flags":["is_ready"],"fullname":"colorsys.TWO_THIRD","name":"TWO_THIRD","type":"builtins.float"}},"__all__":{".class":"SymbolTableNode","kind":"Gdef","module_public":false,"node":{".class":"Var","flags":["is_inferred","has_explicit_value"],"fullname":"colorsys.__all__","name":"__all__","type":{".class":"Instance","args":["builtins.str"],"type_ref":"builtins.list"}}},"__annotations__":{".class":"SymbolTableNode","kind":"Gdef","module_public":false,"node":{".class":"Var","flags":["is_ready"],"fullname":"colorsys.__annotations__","name":"__annotations__","type":{".class":"Instance","args":["builtins.str",{".class":"AnyType","missing_import_name":null,"source_any":null,"type_of_any":6}],"type_ref":"builtins.dict"}}},"__doc__":{".class":"SymbolTableNode","kind":"Gdef","module_public":false,"node":{".class":"Var","flags":["is_ready"],"fullname":"colorsys.__doc__","name":"__doc__","type":"builtins.str"}},"__file__":{".class":"SymbolTableNode","kind":"Gdef","module_public":false,"node":{".class":"Var","flags":["is_ready"],"fullname":"colorsys.__file__","name":"__file__","type":"builtins.str"}},"__name__":{".class":"SymbolTableNode","kind":"Gdef","module_public":false,"node":{".class":"Var","flags":["is_ready"],"fullname":"colorsys.__name__","name":"__name__","type":"builtins.str"}},"__package__":{".class":"SymbolTableNode","kind":"Gdef","module_public":false,"node":{".class":"Var","flags":["is_ready"],"fullname":"colorsys.__package__","name":"__package__","type":"builtins.str"}},"hls_to_rgb":{".class":"SymbolTableNode","kind":"Gdef","node":{".class":"FuncDef","abstract_status":0,"arg_kinds":[0,0,0],"arg_names":["h","l","s"],"dataclass_transform_spec":null,"flags":[],"fullname":"colorsys.hls_to_rgb","name":"hls_to_rgb","type":{".class":"CallableType","arg_kinds":[0,0,0],"arg_names":["h","l","s"],"arg_types":["builtins.float","builtins.float","builtins.float"],"bound_args":[],"def_extras":{"first_arg":null},"fallback":"builtins.function","from_concatenate":false,"implicit":false,"is_ellipsis_args":false,"name":"hls_to_rgb","ret_type":{".class":"TupleType","implicit":false,"items":["builtins.float","builtins.float","builtins.float"],"partial_fallback":{".class":"Instance","args":[{".class":"AnyType","missing_import_name":null,"source_any":null,"type_of_any":6}],"type_ref":"builtins.tuple"}},"type_guard":null,"unpack_kwargs":false,"variables":[]}}},"hsv_to_rgb":{".class":"SymbolTableNode","kind":"Gdef","node":{".class":"FuncDef","abstract_status":0,"arg_kinds":[0,0,0],"arg_names":["h","s","v"],"dataclass_transform_spec":null,"flags":[],"fullname":"colorsys.hsv_to_rgb","name":"hsv_to_rgb","type":{".class":"CallableType","arg_kinds":[0,0,0],"arg_names":["h","s","v"],"arg_types":["builtins.float","builtins.float","builtins.float"],"bound_args":[],"def_extras":{"first_arg":null},"fallback":"builtins.function","from_concatenate":false,"implicit":false,"is_ellipsis_args":false,"name":"hsv_to_rgb","ret_type":{".class":"TupleType","implicit":false,"items":["builtins.float","builtins.float","builtins.float"],"partial_fallback":{".class":"Instance","args":[{".class":"AnyType","missing_import_name":null,"source_any":null,"type_of_any":6}],"type_ref":"builtins.tuple"}},"type_guard":null,"unpack_kwargs":false,"variables":[]}}},"rgb_to_hls":{".class":"SymbolTableNode","kind":"Gdef","node":{".class":"FuncDef","abstract_status":0,"arg_kinds":[0,0,0],"arg_names":["r","g","b"],"dataclass_transform_spec":null,"flags":[],"fullname":"colorsys.rgb_to_hls","name":"rgb_to_hls","type":{".class":"CallableType","arg_kinds":[0,0,0],"arg_names":["r","g","b"],"arg_types":["builtins.float","builtins.float","builtins.float"],"bound_args":[],"def_extras":{"first_arg":null},"fallback":"builtins.function","from_concatenate":false,"implicit":false,"is_ellipsis_args":false,"name":"rgb_to_hls","ret_type":{".class":"TupleType","implicit":false,"items":["builtins.float","builtins.float","builtins.float"],"partial_fallback":{".class":"Instance","args":[{".class":"AnyType","missing_import_name":null,"source_any":null,"type_of_any":6}],"type_ref":"builtins.tuple"}},"type_guard":null,"unpack_kwargs":false,"variables":[]}}},"rgb_to_hsv":{".class":"SymbolTableNode","kind":"Gdef","node":{".class":"FuncDef","abstract_status":0,"arg_kinds":[0,0,0],"arg_names":["r","g","b"],"dataclass_transform_spec":null,"flags":[],"fullname":"colorsys.rgb_to_hsv","name":"rgb_to_hsv","type":{".class":"CallableType","arg_kinds":[0,0,0],"arg_names":["r","g","b"],"arg_types":["builtins.float","builtins.float","builtins.float"],"bound_args":[],"def_extras":{"first_arg":null},"fallback":"builtins.function","from_concatenate":false,"implicit":false,"is_ellipsis_args":false,"name":"rgb_to_hsv","ret_type":{".class":"TupleType","implicit":false,"items":["builtins.float","builtins.float","builtins.float"],"partial_fallback":{".class":"Instance","args":[{".class":"AnyType","missing_import_name":null,"source_any":null,"type_of_any":6}],"type_ref":"builtins.tuple"}},"type_guard":null,"unpack_kwargs":false,"variables":[]}}},"rgb_to_yiq":{".class":"SymbolTableNode","kind":"Gdef","node":{".class":"FuncDef","abstract_status":0,"arg_kinds":[0,0,0],"arg_names":["r","g","b"],"dataclass_transform_spec":null,"flags":[],"fullname":"colorsys.rgb_to_yiq","name":"rgb_to_yiq","type":{".class":"CallableType","arg_kinds":[0,0,0],"arg_names":["r","g","b"],"arg_types":["builtins.float","builtins.float","builtins.float"],"bound_args":[],"def_extras":{"first_arg":null},"fallback":"builtins.function","from_concatenate":false,"implicit":false,"is_ellipsis_args":false,"name":"rgb_to_yiq","ret_type":{".class":"TupleType","implicit":false,"items":["builtins.float","builtins.float","builtins.float"],"partial_fallback":{".class":"Instance","args":[{".class":"AnyType","missing_import_name":null,"source_any":null,"type_of_any":6}],"type_ref":"builtins.tuple"}},"type_guard":null,"unpack_kwargs":false,"variables":[]}}},"yiq_to_rgb":{".class":"SymbolTableNode","kind":"Gdef","node":{".class":"FuncDef","abstract_status":0,"arg_kinds":[0,0,0],"arg_names":["y","i","q"],"dataclass_transform_spec":null,"flags":[],"fullname":"colorsys.yiq_to_rgb","name":"yiq_to_rgb","type":{".class":"CallableType","arg_kinds":[0,0,0],"arg_names":["y","i","q"],"arg_types":["builtins.float","builtins.float","builtins.float"],"bound_args":[],"def_extras":{"first_arg":null},"fallback":"builtins.function","from_concatenate":false,"implicit":false,"is_ellipsis_args":false,"name":"yiq_to_rgb","ret_type":{".class":"TupleType","implicit":false,"items":["builtins.float","builtins.float","builtins.float"],"partial_fallback":{".class":"Instance","args":[{".class":"AnyType","missing_import_name":null,"source_any":null,"type_of_any":6}],"type_ref":"builtins.tuple"}},"type_guard":null,"unpack_kwargs":false,"variables":[]}}}},"path":"C:\\Users\\Vasilis\\AppData\\Local\\Programs\\Python\\Python313\\Lib\\site-packages\\mypy\\typeshed\\stdlib\\colorsys.pyi"}