{"data_mtime":1762095563,"dep_lines":[14,16,20,21,12,13,15,19,3,5,6,7,12,1,1,1,1,1,1,1,1,1,1,1,1,1,1,1,1,1,1,1,1],"dep_prios":[5,10,25,25,10,10,5,25,5,10,10,5,20,5,30,30,30,30,30,30,30,30,30,30,30,30,30,30,30,30,30,30,30],"dependencies":["alembic.runtime.environment","alembic.util.compat","alembic.script.base","alembic.script.revision","alembic.autogenerate","alembic.util","alembic.script","alembic.config","__future__","os","pathlib","typing","alembic","builtins","_typeshed","abc","alembic.autogenerate.api","alembic.operations","alembic.operations.ops","alembic.runtime","alembic.runtime.migration","alembic.util.editor","alembic.util.exc","alembic.util.langhelpers","alembic.util.messaging","contextlib","io","sqlalchemy","sqlalchemy.util","sqlalchemy.util._collections","sqlalchemy.util.langhelpers","tomllib","typing_extensions"],"hash":"a593d05064b10a316eeeacb41cc7b4d872660723342ceaa888ad805ca7d13b70","id":"alembic.command","ignore_all":true,"interface_hash":"a6c4fd88a269516287b826b4ac3dbf4c66dab214fc04ffa237105cde12228b1e","mtime":1761854780,"options":{"allow_redefinition":false,"allow_untyped_globals":false,"always_false":[],"always_true":[],"bazel":false,"check_untyped_defs":false,"disable_bytearray_promotion":false,"disable_error_code":[],"disable_memoryview_promotion":false,"disabled_error_codes":[],"disallow_any_decorated":false,"disallow_any_explicit":false,"disallow_any_expr":false,"disallow_any_generics":false,"disallow_any_unimported":false,"disallow_incomplete_defs":false,"disallow_subclassing_any":false,"disallow_untyped_calls":false,"disallow_untyped_decorators":false,"disallow_untyped_defs":false,"enable_error_code":[],"enabled_error_codes":[],"follow_imports":"silent","follow_imports_for_stubs":false,"ignore_errors":false,"ignore_missing_imports":true,"implicit_optional":true,"implicit_reexport":true,"local_partial_types":false,"mypyc":false,"platform":"win32","plugins":[],"strict_concatenate":false,"strict_equality":false,"strict_optional":true,"warn_no_return":true,"warn_return_any":false,"warn_unreachable":false,"warn_unused_ignores":false},"path":"C:\\Users\\Vasilis\\AppData\\Local\\Programs\\Python\\Python313\\Lib\\site-packages\\alembic\\command.py","plugin_data":null,"size":24855,"suppressed":[],"version_id":"1.3.0"}