{"data_mtime":1762095563,"dep_lines":[26,27,28,34,36,37,42,48,49,21,23,25,26,31,33,36,4,6,7,8,9,21,33,1,1,1,1,1,1,1,1,1,1,1,1,1,1,1,1,1,1,1,1,1,1,1,1,1,1,1,1,1,1,1,1],"dep_prios":[10,5,5,5,10,10,25,25,25,10,10,10,20,5,10,20,5,10,10,10,5,5,20,5,30,30,30,30,30,30,30,30,30,30,30,30,30,30,30,30,30,30,30,30,30,30,30,30,30,30,30,30,30,30,30],"dependencies":["sqlalchemy.sql.expression","sqlalchemy.sql.elements","sqlalchemy.sql.schema","alembic.ddl._autogen","alembic.operations.ops","alembic.util.sqla_compat","sqlalchemy.engine.reflection","alembic.autogenerate.api","alembic.ddl.impl","sqlalchemy.event","sqlalchemy.schema","sqlalchemy.types","sqlalchemy.sql","sqlalchemy.util","alembic.util","alembic.operations","__future__","contextlib","logging","re","typing","sqlalchemy","alembic","builtins","_typeshed","abc","alembic.ddl","alembic.runtime","alembic.runtime.migration","alembic.util.langhelpers","alembic.util.messaging","sqlalchemy.engine","sqlalchemy.engine.base","sqlalchemy.engine.interfaces","sqlalchemy.event.api","sqlalchemy.inspection","sqlalchemy.log","sqlalchemy.orm","sqlalchemy.orm.base","sqlalchemy.orm.interfaces","sqlalchemy.orm.mapper","sqlalchemy.orm.state","sqlalchemy.sql.annotation","sqlalchemy.sql.base","sqlalchemy.sql.compiler","sqlalchemy.sql.operators","sqlalchemy.sql.roles","sqlalchemy.sql.selectable","sqlalchemy.sql.sqltypes","sqlalchemy.sql.traversals","sqlalchemy.sql.type_api","sqlalchemy.sql.visitors","sqlalchemy.util._collections","sqlalchemy.util.langhelpers","types"],"hash":"2d14f13628c406f7136aeb945ee2630ba4a0fe0527df71426014c5d277991701","id":"alembic.autogenerate.compare","ignore_all":true,"interface_hash":"27783a05c7abd980b8d0ade3d1b88cba74795826f5dd5f9b4237d0bc54d44748","mtime":1761854780,"options":{"allow_redefinition":false,"allow_untyped_globals":false,"always_false":[],"always_true":[],"bazel":false,"check_untyped_defs":false,"disable_bytearray_promotion":false,"disable_error_code":[],"disable_memoryview_promotion":false,"disabled_error_codes":[],"disallow_any_decorated":false,"disallow_any_explicit":false,"disallow_any_expr":false,"disallow_any_generics":false,"disallow_any_unimported":false,"disallow_incomplete_defs":false,"disallow_subclassing_any":false,"disallow_untyped_calls":false,"disallow_untyped_decorators":false,"disallow_untyped_defs":false,"enable_error_code":[],"enabled_error_codes":[],"follow_imports":"silent","follow_imports_for_stubs":false,"ignore_errors":false,"ignore_missing_imports":true,"implicit_optional":true,"implicit_reexport":true,"local_partial_types":false,"mypyc":false,"platform":"win32","plugins":[],"strict_concatenate":false,"strict_equality":false,"strict_optional":true,"warn_no_return":true,"warn_return_any":false,"warn_unreachable":false,"warn_unused_ignores":false},"path":"C:\\Users\\Vasilis\\AppData\\Local\\Programs\\Python\\Python313\\Lib\\site-packages\\alembic\\autogenerate\\compare.py","plugin_data":null,"size":45979,"suppressed":[],"version_id":"1.3.0"}