{"data_mtime":1762095550,"dep_lines":[22,6,19,3,5,6,8,9,10,11,12,43,1,1,1,1,45],"dep_prios":[5,5,5,5,5,20,10,10,5,10,5,10,5,30,30,30,10],"dependencies":["sqlalchemy.util.compat","importlib.metadata","sqlalchemy.util","__future__","configparser","importlib","io","os","pathlib","sys","typing","tomllib","builtins","_typeshed","abc","typing_extensions"],"hash":"372b6672c32d2bc584115c1673e65662548e8b9e41b519662578f19c5de7b21f","id":"alembic.util.compat","ignore_all":true,"interface_hash":"850351ad573bf4ecebbb7c8436f1ac5d5028c5ad8e47376c7f27c8c87be85628","mtime":1761854780,"options":{"allow_redefinition":false,"allow_untyped_globals":false,"always_false":[],"always_true":[],"bazel":false,"check_untyped_defs":false,"disable_bytearray_promotion":false,"disable_error_code":[],"disable_memoryview_promotion":false,"disabled_error_codes":[],"disallow_any_decorated":false,"disallow_any_explicit":false,"disallow_any_expr":false,"disallow_any_generics":false,"disallow_any_unimported":false,"disallow_incomplete_defs":false,"disallow_subclassing_any":false,"disallow_untyped_calls":false,"disallow_untyped_decorators":false,"disallow_untyped_defs":false,"enable_error_code":[],"enabled_error_codes":[],"follow_imports":"silent","follow_imports_for_stubs":false,"ignore_errors":false,"ignore_missing_imports":true,"implicit_optional":true,"implicit_reexport":true,"local_partial_types":false,"mypyc":false,"platform":"win32","plugins":[],"strict_concatenate":false,"strict_equality":false,"strict_optional":true,"warn_no_return":true,"warn_return_any":false,"warn_unreachable":false,"warn_unused_ignores":false},"path":"C:\\Users\\Vasilis\\AppData\\Local\\Programs\\Python\\Python313\\Lib\\site-packages\\alembic\\util\\compat.py","plugin_data":null,"size":3810,"suppressed":["tomli"],"version_id":"1.3.0"}