{".class":"MypyFile","_fullname":"alembic.config","future_import_flags":["annotations"],"is_partial_stub_package":false,"is_stub":false,"names":{".class":"SymbolTable","<subclass of \"dict\" and \"str\">":{".class":"SymbolTableNode","kind":"Gdef","node":{".class":"TypeInfo","_promote":[],"abstract_attributes":[],"alt_promote":null,"bases":[{".class":"Instance","args":[{".class":"AnyType","missing_import_name":null,"source_any":null,"type_of_any":6},{".class":"AnyType","missing_import_name":null,"source_any":null,"type_of_any":6}],"type_ref":"builtins.dict"},"builtins.str"],"dataclass_transform_spec":null,"declared_metaclass":null,"defn":{".class":"ClassDef","fullname":"alembic.config.<subclass of \"dict\" and \"str\">","name":"<subclass of \"dict\" and \"str\">","type_vars":[]},"deletable_attributes":[],"flags":["is_intersection"],"fullname":"alembic.config.<subclass of \"dict\" and \"str\">","has_param_spec_type":false,"metaclass_type":null,"metadata":{},"module_name":"alembic.config","mro":["alembic.config.<subclass of \"dict\" and \"str\">","builtins.dict","typing.MutableMapping","typing.Mapping","builtins.str","typing.Sequence","typing.Collection","typing.Reversible","typing.Iterable","typing.Container","builtins.object"],"names":{".class":"SymbolTable"},"self_type":null,"slots":null,"tuple_type":null,"type_vars":[],"typeddict_type":null}},"Any":{".class":"SymbolTableNode","cross_ref":"typing.Any","kind":"Gdef"},"ArgumentParser":{".class":"SymbolTableNode","cross_ref":"argparse.ArgumentParser","kind":"Gdef"},"CommandFunction":{".class":"SymbolTableNode","kind":"Gdef","node":{".class":"TypeInfo","_promote":[],"abstract_attributes":[["__call__",2],["__name__",1]],"alt_promote":null,"bases":["builtins.object"],"dataclass_transform_spec":null,"declared_metaclass":null,"defn":{".class":"ClassDef","fullname":"alembic.config.CommandFunction","name":"CommandFunction","type_vars":[]},"deletable_attributes":[],"flags":["is_abstract","is_protocol"],"fullname":"alembic.config.CommandFunction","has_param_spec_type":false,"metaclass_type":"abc.ABCMeta","metadata":{},"module_name":"alembic.config","mro":["alembic.config.CommandFunction","builtins.object"],"names":{".class":"SymbolTable","__call__":{".class":"SymbolTableNode","kind":"Mdef","node":{".class":"FuncDef","abstract_status":2,"arg_kinds":[0,0,2,4],"arg_names":["self","config","args","kwargs"],"dataclass_transform_spec":null,"flags":["is_trivial_body"],"fullname":"alembic.config.CommandFunction.__call__","name":"__call__","type":{".class":"CallableType","arg_kinds":[0,0,2,4],"arg_names":["self","config","args","kwargs"],"arg_types":["alembic.config.CommandFunction","alembic.config.Config",{".class":"AnyType","missing_import_name":null,"source_any":null,"type_of_any":2},{".class":"AnyType","missing_import_name":null,"source_any":null,"type_of_any":2}],"bound_args":[],"def_extras":{"first_arg":"self"},"fallback":"builtins.function","from_concatenate":false,"implicit":false,"is_ellipsis_args":false,"name":"__call__ of CommandFunction","ret_type":{".class":"AnyType","missing_import_name":null,"source_any":null,"type_of_any":2},"type_guard":null,"unpack_kwargs":false,"variables":[]}}},"__name__":{".class":"SymbolTableNode","kind":"Mdef","node":{".class":"Var","flags":["is_initialized_in_class","is_abstract_var","is_ready"],"fullname":"alembic.config.CommandFunction.__name__","name":"__name__","type":"builtins.str"}}},"self_type":null,"slots":null,"tuple_type":null,"type_vars":[],"typeddict_type":null}},"CommandLine":{".class":"SymbolTableNode","kind":"Gdef","node":{".class":"TypeInfo","_promote":[],"abstract_attributes":[],"alt_promote":null,"bases":["builtins.object"],"dataclass_transform_spec":null,"declared_metaclass":null,"defn":{".class":"ClassDef","fullname":"alembic.config.CommandLine","name":"CommandLine","type_vars":[]},"deletable_attributes":[],"flags":[],"fullname":"alembic.config.CommandLine","has_param_spec_type":false,"metaclass_type":null,"metadata":{},"module_name":"alembic.config","mro":["alembic.config.CommandLine","builtins.object"],"names":{".class":"SymbolTable","_KWARGS_OPTS":{".class":"SymbolTableNode","kind":"Mdef","node":{".class":"Var","flags":["is_initialized_in_class","is_inferred","has_explicit_value"],"fullname":"alembic.config.CommandLine._KWARGS_OPTS","name":"_KWARGS_OPTS","type":{".class":"Instance","args":["builtins.str",{".class":"Instance","args":[{".class":"Instance","args":["builtins.str"],"type_ref":"typing.Collection"}],"type_ref":"builtins.tuple"}],"type_ref":"builtins.dict"}}},"_POSITIONAL_OPTS":{".class":"SymbolTableNode","kind":"Mdef","node":{".class":"Var","flags":["is_initialized_in_class","is_inferred","has_explicit_value"],"fullname":"alembic.config.CommandLine._POSITIONAL_OPTS","name":"_POSITIONAL_OPTS","type":{".class":"Instance","args":["builtins.str",{".class":"Instance","args":["builtins.str","builtins.str"],"type_ref":"builtins.dict"}],"type_ref":"builtins.dict"}}},"_POSITIONAL_TRANSLATIONS":{".class":"SymbolTableNode","kind":"Mdef","node":{".class":"Var","flags":["is_initialized_in_class","is_ready","has_explicit_value"],"fullname":"alembic.config.CommandLine._POSITIONAL_TRANSLATIONS","name":"_POSITIONAL_TRANSLATIONS","type":{".class":"Instance","args":[{".class":"AnyType","missing_import_name":null,"source_any":null,"type_of_any":2},{".class":"Instance","args":["builtins.str","builtins.str"],"type_ref":"builtins.dict"}],"type_ref":"builtins.dict"}}},"__init__":{".class":"SymbolTableNode","kind":"Mdef","node":{".class":"FuncDef","abstract_status":0,"arg_kinds":[0,1],"arg_names":["self","prog"],"dataclass_transform_spec":null,"flags":[],"fullname":"alembic.config.CommandLine.__init__","name":"__init__","type":{".class":"CallableType","arg_kinds":[0,1],"arg_names":["self","prog"],"arg_types":["alembic.config.CommandLine",{".class":"UnionType","items":["builtins.str",{".class":"NoneType"}]}],"bound_args":[],"def_extras":{"first_arg":"self"},"fallback":"builtins.function","from_concatenate":false,"implicit":false,"is_ellipsis_args":false,"name":"__init__ of CommandLine","ret_type":{".class":"NoneType"},"type_guard":null,"unpack_kwargs":false,"variables":[]}}},"_generate_args":{".class":"SymbolTableNode","kind":"Mdef","node":{".class":"FuncDef","abstract_status":0,"arg_kinds":[0,0],"arg_names":["self","prog"],"dataclass_transform_spec":null,"flags":[],"fullname":"alembic.config.CommandLine._generate_args","name":"_generate_args","type":{".class":"CallableType","arg_kinds":[0,0],"arg_names":["self","prog"],"arg_types":["alembic.config.CommandLine",{".class":"UnionType","items":["builtins.str",{".class":"NoneType"}]}],"bound_args":[],"def_extras":{"first_arg":"self"},"fallback":"builtins.function","from_concatenate":false,"implicit":false,"is_ellipsis_args":false,"name":"_generate_args of CommandLine","ret_type":{".class":"NoneType"},"type_guard":null,"unpack_kwargs":false,"variables":[]}}},"_inis_from_config":{".class":"SymbolTableNode","kind":"Mdef","node":{".class":"FuncDef","abstract_status":0,"arg_kinds":[0,0],"arg_names":["self","options"],"dataclass_transform_spec":null,"flags":[],"fullname":"alembic.config.CommandLine._inis_from_config","name":"_inis_from_config","type":{".class":"CallableType","arg_kinds":[0,0],"arg_names":["self","options"],"arg_types":["alembic.config.CommandLine","argparse.Namespace"],"bound_args":[],"def_extras":{"first_arg":"self"},"fallback":"builtins.function","from_concatenate":false,"implicit":false,"is_ellipsis_args":false,"name":"_inis_from_config of CommandLine","ret_type":{".class":"TupleType","implicit":false,"items":["builtins.str","builtins.str"],"partial_fallback":{".class":"Instance","args":[{".class":"AnyType","missing_import_name":null,"source_any":null,"type_of_any":6}],"type_ref":"builtins.tuple"}},"type_guard":null,"unpack_kwargs":false,"variables":[]}}},"_inspect_function":{".class":"SymbolTableNode","kind":"Mdef","node":{".class":"FuncDef","abstract_status":0,"arg_kinds":[0,0],"arg_names":["self","fn"],"dataclass_transform_spec":null,"flags":[],"fullname":"alembic.config.CommandLine._inspect_function","name":"_inspect_function","type":{".class":"CallableType","arg_kinds":[0,0],"arg_names":["self","fn"],"arg_types":["alembic.config.CommandLine","alembic.config.CommandFunction"],"bound_args":[],"def_extras":{"first_arg":"self"},"fallback":"builtins.function","from_concatenate":false,"implicit":false,"is_ellipsis_args":false,"name":"_inspect_function of CommandLine","ret_type":{".class":"TupleType","implicit":false,"items":[{".class":"AnyType","missing_import_name":null,"source_any":null,"type_of_any":2},{".class":"AnyType","missing_import_name":null,"source_any":null,"type_of_any":2},"builtins.str"],"partial_fallback":{".class":"Instance","args":[{".class":"AnyType","missing_import_name":null,"source_any":null,"type_of_any":6}],"type_ref":"builtins.tuple"}},"type_guard":null,"unpack_kwargs":false,"variables":[]}}},"main":{".class":"SymbolTableNode","kind":"Mdef","node":{".class":"FuncDef","abstract_status":0,"arg_kinds":[0,1],"arg_names":["self","argv"],"dataclass_transform_spec":null,"flags":[],"fullname":"alembic.config.CommandLine.main","name":"main","type":{".class":"CallableType","arg_kinds":[0,1],"arg_names":["self","argv"],"arg_types":["alembic.config.CommandLine",{".class":"UnionType","items":[{".class":"Instance","args":["builtins.str"],"type_ref":"typing.Sequence"},{".class":"NoneType"}]}],"bound_args":[],"def_extras":{"first_arg":"self"},"fallback":"builtins.function","from_concatenate":false,"implicit":false,"is_ellipsis_args":false,"name":"main of CommandLine","ret_type":{".class":"NoneType"},"type_guard":null,"unpack_kwargs":false,"variables":[]}}},"parser":{".class":"SymbolTableNode","implicit":true,"kind":"Mdef","node":{".class":"Var","flags":["is_inferred"],"fullname":"alembic.config.CommandLine.parser","name":"parser","type":"argparse.ArgumentParser"}},"register_command":{".class":"SymbolTableNode","kind":"Mdef","node":{".class":"FuncDef","abstract_status":0,"arg_kinds":[0,0],"arg_names":["self","fn"],"dataclass_transform_spec":null,"flags":[],"fullname":"alembic.config.CommandLine.register_command","name":"register_command","type":{".class":"CallableType","arg_kinds":[0,0],"arg_names":["self","fn"],"arg_types":["alembic.config.CommandLine","alembic.config.CommandFunction"],"bound_args":[],"def_extras":{"first_arg":"self"},"fallback":"builtins.function","from_concatenate":false,"implicit":false,"is_ellipsis_args":false,"name":"register_command of CommandLine","ret_type":{".class":"NoneType"},"type_guard":null,"unpack_kwargs":false,"variables":[]}}},"run_cmd":{".class":"SymbolTableNode","kind":"Mdef","node":{".class":"FuncDef","abstract_status":0,"arg_kinds":[0,0,0],"arg_names":["self","config","options"],"dataclass_transform_spec":null,"flags":[],"fullname":"alembic.config.CommandLine.run_cmd","name":"run_cmd","type":{".class":"CallableType","arg_kinds":[0,0,0],"arg_names":["self","config","options"],"arg_types":["alembic.config.CommandLine","alembic.config.Config","argparse.Namespace"],"bound_args":[],"def_extras":{"first_arg":"self"},"fallback":"builtins.function","from_concatenate":false,"implicit":false,"is_ellipsis_args":false,"name":"run_cmd of CommandLine","ret_type":{".class":"NoneType"},"type_guard":null,"unpack_kwargs":false,"variables":[]}}},"subparsers":{".class":"SymbolTableNode","implicit":true,"kind":"Mdef","node":{".class":"Var","flags":["is_inferred"],"fullname":"alembic.config.CommandLine.subparsers","name":"subparsers","type":{".class":"Instance","args":["argparse.ArgumentParser"],"type_ref":"argparse._SubParsersAction"}}}},"self_type":null,"slots":null,"tuple_type":null,"type_vars":[],"typeddict_type":null}},"Config":{".class":"SymbolTableNode","kind":"Gdef","node":{".class":"TypeInfo","_promote":[],"abstract_attributes":[],"alt_promote":null,"bases":["builtins.object"],"dataclass_transform_spec":null,"declared_metaclass":null,"defn":{".class":"ClassDef","fullname":"alembic.config.Config","name":"Config","type_vars":[]},"deletable_attributes":[],"flags":[],"fullname":"alembic.config.Config","has_param_spec_type":false,"metaclass_type":null,"metadata":{},"module_name":"alembic.config","mro":["alembic.config.Config","builtins.object"],"names":{".class":"SymbolTable","__init__":{".class":"SymbolTableNode","kind":"Mdef","node":{".class":"FuncDef","abstract_status":0,"arg_kinds":[0,1,1,1,1,1,1,1,1],"arg_names":["self","file_","toml_file","ini_section","output_buffer","stdout","cmd_opts","config_args","attributes"],"dataclass_transform_spec":null,"flags":[],"fullname":"alembic.config.Config.__init__","name":"__init__","type":{".class":"CallableType","arg_kinds":[0,1,1,1,1,1,1,1,1],"arg_names":["self","file_","toml_file","ini_section","output_buffer","stdout","cmd_opts","config_args","attributes"],"arg_types":["alembic.config.Config",{".class":"UnionType","items":["builtins.str",{".class":"Instance","args":["builtins.str"],"type_ref":"os.PathLike"},{".class":"NoneType"}]},{".class":"UnionType","items":["builtins.str",{".class":"Instance","args":["builtins.str"],"type_ref":"os.PathLike"},{".class":"NoneType"}]},"builtins.str",{".class":"UnionType","items":["typing.TextIO",{".class":"NoneType"}]},"typing.TextIO",{".class":"UnionType","items":["argparse.Namespace",{".class":"NoneType"}]},{".class":"Instance","args":["builtins.str",{".class":"AnyType","missing_import_name":null,"source_any":null,"type_of_any":2}],"type_ref":"typing.Mapping"},{".class":"UnionType","items":[{".class":"Instance","args":["builtins.str",{".class":"AnyType","missing_import_name":null,"source_any":null,"type_of_any":2}],"type_ref":"builtins.dict"},{".class":"NoneType"}]}],"bound_args":[],"def_extras":{"first_arg":"self"},"fallback":"builtins.function","from_concatenate":false,"implicit":false,"is_ellipsis_args":false,"name":"__init__ of Config","ret_type":{".class":"NoneType"},"type_guard":null,"unpack_kwargs":false,"variables":[]}}},"_config_file_path":{".class":"SymbolTableNode","kind":"Mdef","node":{".class":"Decorator","func":{".class":"FuncDef","abstract_status":0,"arg_kinds":[0],"arg_names":["self"],"dataclass_transform_spec":null,"flags":["is_property","is_decorated"],"fullname":"alembic.config.Config._config_file_path","name":"_config_file_path","type":{".class":"CallableType","arg_kinds":[0],"arg_names":["self"],"arg_types":["alembic.config.Config"],"bound_args":[],"def_extras":{"first_arg":"self"},"fallback":"builtins.function","from_concatenate":false,"implicit":false,"is_ellipsis_args":false,"name":"_config_file_path of Config","ret_type":{".class":"UnionType","items":["pathlib.Path",{".class":"NoneType"}]},"type_guard":null,"unpack_kwargs":false,"variables":[]}},"is_overload":false,"var":{".class":"Var","flags":["is_initialized_in_class","is_property","is_ready","is_inferred"],"fullname":"alembic.config.Config._config_file_path","name":"_config_file_path","type":{".class":"CallableType","arg_kinds":[0],"arg_names":["self"],"arg_types":["alembic.config.Config"],"bound_args":[],"def_extras":{"first_arg":"self"},"fallback":"builtins.function","from_concatenate":false,"implicit":false,"is_ellipsis_args":false,"name":"_config_file_path of Config","ret_type":{".class":"UnionType","items":["pathlib.Path",{".class":"NoneType"}]},"type_guard":null,"unpack_kwargs":false,"variables":[]}}}},"_get_file_separator_char":{".class":"SymbolTableNode","kind":"Mdef","node":{".class":"FuncDef","abstract_status":0,"arg_kinds":[0,2],"arg_names":["self","names"],"dataclass_transform_spec":null,"flags":[],"fullname":"alembic.config.Config._get_file_separator_char","name":"_get_file_separator_char","type":{".class":"CallableType","arg_kinds":[0,2],"arg_names":["self","names"],"arg_types":["alembic.config.Config","builtins.str"],"bound_args":[],"def_extras":{"first_arg":"self"},"fallback":"builtins.function","from_concatenate":false,"implicit":false,"is_ellipsis_args":false,"name":"_get_file_separator_char of Config","ret_type":{".class":"UnionType","items":["builtins.str",{".class":"NoneType"}]},"type_guard":null,"unpack_kwargs":false,"variables":[]}}},"_get_template_path":{".class":"SymbolTableNode","kind":"Mdef","node":{".class":"FuncDef","abstract_status":0,"arg_kinds":[0],"arg_names":["self"],"dataclass_transform_spec":null,"flags":[],"fullname":"alembic.config.Config._get_template_path","name":"_get_template_path","type":{".class":"CallableType","arg_kinds":[0],"arg_names":["self"],"arg_types":["alembic.config.Config"],"bound_args":[],"def_extras":{"first_arg":"self"},"fallback":"builtins.function","from_concatenate":false,"implicit":false,"is_ellipsis_args":false,"name":"_get_template_path of Config","ret_type":"pathlib.Path","type_guard":null,"unpack_kwargs":false,"variables":[]}}},"_get_toml_config_value":{".class":"SymbolTableNode","kind":"Mdef","node":{".class":"FuncDef","abstract_status":0,"arg_kinds":[0,0,1],"arg_names":["self","name","default"],"dataclass_transform_spec":null,"flags":[],"fullname":"alembic.config.Config._get_toml_config_value","name":"_get_toml_config_value","type":{".class":"CallableType","arg_kinds":[0,0,1],"arg_names":["self","name","default"],"arg_types":["alembic.config.Config","builtins.str",{".class":"UnionType","items":[{".class":"AnyType","missing_import_name":null,"source_any":null,"type_of_any":2},{".class":"NoneType"}]}],"bound_args":[],"def_extras":{"first_arg":"self"},"fallback":"builtins.function","from_concatenate":false,"implicit":false,"is_ellipsis_args":false,"name":"_get_toml_config_value of Config","ret_type":{".class":"UnionType","items":[{".class":"NoneType"},"builtins.str",{".class":"Instance","args":["builtins.str"],"type_ref":"builtins.list"},{".class":"Instance","args":["builtins.str","builtins.str"],"type_ref":"builtins.dict"},{".class":"Instance","args":[{".class":"Instance","args":["builtins.str","builtins.str"],"type_ref":"builtins.dict"}],"type_ref":"builtins.list"},"builtins.int"]},"type_guard":null,"unpack_kwargs":false,"variables":[]}}},"_toml_file_path":{".class":"SymbolTableNode","kind":"Mdef","node":{".class":"Decorator","func":{".class":"FuncDef","abstract_status":0,"arg_kinds":[0],"arg_names":["self"],"dataclass_transform_spec":null,"flags":["is_property","is_decorated"],"fullname":"alembic.config.Config._toml_file_path","name":"_toml_file_path","type":{".class":"CallableType","arg_kinds":[0],"arg_names":["self"],"arg_types":["alembic.config.Config"],"bound_args":[],"def_extras":{"first_arg":"self"},"fallback":"builtins.function","from_concatenate":false,"implicit":false,"is_ellipsis_args":false,"name":"_toml_file_path of Config","ret_type":{".class":"UnionType","items":["pathlib.Path",{".class":"NoneType"}]},"type_guard":null,"unpack_kwargs":false,"variables":[]}},"is_overload":false,"var":{".class":"Var","flags":["is_initialized_in_class","is_property","is_ready","is_inferred"],"fullname":"alembic.config.Config._toml_file_path","name":"_toml_file_path","type":{".class":"CallableType","arg_kinds":[0],"arg_names":["self"],"arg_types":["alembic.config.Config"],"bound_args":[],"def_extras":{"first_arg":"self"},"fallback":"builtins.function","from_concatenate":false,"implicit":false,"is_ellipsis_args":false,"name":"_toml_file_path of Config","ret_type":{".class":"UnionType","items":["pathlib.Path",{".class":"NoneType"}]},"type_guard":null,"unpack_kwargs":false,"variables":[]}}}},"attributes":{".class":"SymbolTableNode","kind":"Mdef","node":{".class":"Decorator","func":{".class":"FuncDef","abstract_status":0,"arg_kinds":[0],"arg_names":["self"],"dataclass_transform_spec":null,"flags":["is_decorated"],"fullname":"alembic.config.Config.attributes","name":"attributes","type":{".class":"CallableType","arg_kinds":[0],"arg_names":["self"],"arg_types":["alembic.config.Config"],"bound_args":[],"def_extras":{"first_arg":"self"},"fallback":"builtins.function","from_concatenate":false,"implicit":false,"is_ellipsis_args":false,"name":"attributes of Config","ret_type":{".class":"Instance","args":["builtins.str",{".class":"AnyType","missing_import_name":null,"source_any":null,"type_of_any":2}],"type_ref":"builtins.dict"},"type_guard":null,"unpack_kwargs":false,"variables":[]}},"is_overload":false,"var":{".class":"Var","flags":["is_initialized_in_class","is_ready","is_inferred"],"fullname":"alembic.config.Config.attributes","name":"attributes","type":{".class":"Instance","args":[{".class":"Instance","args":["builtins.str",{".class":"AnyType","missing_import_name":null,"source_any":null,"type_of_any":2}],"type_ref":"builtins.dict"}],"type_ref":"sqlalchemy.util.langhelpers.memoized_property"}}}},"cmd_opts":{".class":"SymbolTableNode","kind":"Mdef","node":{".class":"Var","flags":["is_initialized_in_class","is_ready","has_explicit_value"],"fullname":"alembic.config.Config.cmd_opts","name":"cmd_opts","type":{".class":"UnionType","items":["argparse.Namespace",{".class":"NoneType"}]}}},"config_args":{".class":"SymbolTableNode","implicit":true,"kind":"Mdef","node":{".class":"Var","flags":["is_inferred"],"fullname":"alembic.config.Config.config_args","name":"config_args","type":{".class":"Instance","args":["builtins.str",{".class":"AnyType","missing_import_name":null,"source_any":{".class":"AnyType","missing_import_name":null,"source_any":null,"type_of_any":2},"type_of_any":7}],"type_ref":"builtins.dict"}}},"config_file_name":{".class":"SymbolTableNode","kind":"Mdef","node":{".class":"Var","flags":["is_initialized_in_class","is_ready","has_explicit_value"],"fullname":"alembic.config.Config.config_file_name","name":"config_file_name","type":{".class":"UnionType","items":["builtins.str",{".class":"NoneType"}]}}},"config_ini_section":{".class":"SymbolTableNode","kind":"Mdef","node":{".class":"Var","flags":["is_initialized_in_class","is_ready","has_explicit_value"],"fullname":"alembic.config.Config.config_ini_section","name":"config_ini_section","type":"builtins.str"}},"file_config":{".class":"SymbolTableNode","kind":"Mdef","node":{".class":"Decorator","func":{".class":"FuncDef","abstract_status":0,"arg_kinds":[0],"arg_names":["self"],"dataclass_transform_spec":null,"flags":["is_decorated"],"fullname":"alembic.config.Config.file_config","name":"file_config","type":{".class":"CallableType","arg_kinds":[0],"arg_names":["self"],"arg_types":["alembic.config.Config"],"bound_args":[],"def_extras":{"first_arg":"self"},"fallback":"builtins.function","from_concatenate":false,"implicit":false,"is_ellipsis_args":false,"name":"file_config of Config","ret_type":"configparser.ConfigParser","type_guard":null,"unpack_kwargs":false,"variables":[]}},"is_overload":false,"var":{".class":"Var","flags":["is_initialized_in_class","is_ready","is_inferred"],"fullname":"alembic.config.Config.file_config","name":"file_config","type":{".class":"Instance","args":["configparser.ConfigParser"],"type_ref":"sqlalchemy.util.langhelpers.memoized_property"}}}},"get_alembic_boolean_option":{".class":"SymbolTableNode","kind":"Mdef","node":{".class":"FuncDef","abstract_status":0,"arg_kinds":[0,0],"arg_names":["self","name"],"dataclass_transform_spec":null,"flags":[],"fullname":"alembic.config.Config.get_alembic_boolean_option","name":"get_alembic_boolean_option","type":{".class":"CallableType","arg_kinds":[0,0],"arg_names":["self","name"],"arg_types":["alembic.config.Config","builtins.str"],"bound_args":[],"def_extras":{"first_arg":"self"},"fallback":"builtins.function","from_concatenate":false,"implicit":false,"is_ellipsis_args":false,"name":"get_alembic_boolean_option of Config","ret_type":"builtins.bool","type_guard":null,"unpack_kwargs":false,"variables":[]}}},"get_alembic_option":{".class":"SymbolTableNode","kind":"Mdef","node":{".class":"OverloadedFuncDef","flags":[],"fullname":"alembic.config.Config.get_alembic_option","impl":{".class":"FuncDef","abstract_status":0,"arg_kinds":[0,0,1],"arg_names":["self","name","default"],"dataclass_transform_spec":null,"flags":["is_overload"],"fullname":"alembic.config.Config.get_alembic_option","name":"get_alembic_option","type":{".class":"CallableType","arg_kinds":[0,0,1],"arg_names":["self","name","default"],"arg_types":["alembic.config.Config","builtins.str",{".class":"UnionType","items":["builtins.str",{".class":"NoneType"}]}],"bound_args":[],"def_extras":{"first_arg":"self"},"fallback":"builtins.function","from_concatenate":false,"implicit":false,"is_ellipsis_args":false,"name":"get_alembic_option of Config","ret_type":{".class":"UnionType","items":[{".class":"NoneType"},"builtins.str",{".class":"Instance","args":["builtins.str"],"type_ref":"builtins.list"},{".class":"Instance","args":["builtins.str","builtins.str"],"type_ref":"builtins.dict"},{".class":"Instance","args":[{".class":"Instance","args":["builtins.str","builtins.str"],"type_ref":"builtins.dict"}],"type_ref":"builtins.list"},"builtins.int"]},"type_guard":null,"unpack_kwargs":false,"variables":[]}},"items":[{".class":"Decorator","func":{".class":"FuncDef","abstract_status":0,"arg_kinds":[0,0,0],"arg_names":["self","name","default"],"dataclass_transform_spec":null,"flags":["is_overload","is_decorated"],"fullname":"alembic.config.Config.get_alembic_option","name":"get_alembic_option","type":{".class":"CallableType","arg_kinds":[0,0,0],"arg_names":["self","name","default"],"arg_types":["alembic.config.Config","builtins.str","builtins.str"],"bound_args":[],"def_extras":{"first_arg":"self"},"fallback":"builtins.function","from_concatenate":false,"implicit":false,"is_ellipsis_args":false,"name":"get_alembic_option of Config","ret_type":"builtins.str","type_guard":null,"unpack_kwargs":false,"variables":[]}},"is_overload":true,"var":{".class":"Var","flags":["is_inferred"],"fullname":"alembic.config.Config.get_alembic_option","name":"get_alembic_option","type":null}},{".class":"Decorator","func":{".class":"FuncDef","abstract_status":0,"arg_kinds":[0,0,1],"arg_names":["self","name","default"],"dataclass_transform_spec":null,"flags":["is_overload","is_decorated"],"fullname":"alembic.config.Config.get_alembic_option","name":"get_alembic_option","type":{".class":"CallableType","arg_kinds":[0,0,1],"arg_names":["self","name","default"],"arg_types":["alembic.config.Config","builtins.str",{".class":"UnionType","items":["builtins.str",{".class":"NoneType"}]}],"bound_args":[],"def_extras":{"first_arg":"self"},"fallback":"builtins.function","from_concatenate":false,"implicit":false,"is_ellipsis_args":false,"name":"get_alembic_option of Config","ret_type":{".class":"UnionType","items":["builtins.str",{".class":"NoneType"}]},"type_guard":null,"unpack_kwargs":false,"variables":[]}},"is_overload":true,"var":{".class":"Var","flags":["is_inferred"],"fullname":"alembic.config.Config.get_alembic_option","name":"get_alembic_option","type":null}}],"type":{".class":"Overloaded","items":[{".class":"CallableType","arg_kinds":[0,0,0],"arg_names":["self","name","default"],"arg_types":["alembic.config.Config","builtins.str","builtins.str"],"bound_args":[],"def_extras":{"first_arg":"self"},"fallback":"builtins.function","from_concatenate":false,"implicit":false,"is_ellipsis_args":false,"name":"get_alembic_option of Config","ret_type":"builtins.str","type_guard":null,"unpack_kwargs":false,"variables":[]},{".class":"CallableType","arg_kinds":[0,0,1],"arg_names":["self","name","default"],"arg_types":["alembic.config.Config","builtins.str",{".class":"UnionType","items":["builtins.str",{".class":"NoneType"}]}],"bound_args":[],"def_extras":{"first_arg":"self"},"fallback":"builtins.function","from_concatenate":false,"implicit":false,"is_ellipsis_args":false,"name":"get_alembic_option of Config","ret_type":{".class":"UnionType","items":["builtins.str",{".class":"NoneType"}]},"type_guard":null,"unpack_kwargs":false,"variables":[]}]}}},"get_hooks_list":{".class":"SymbolTableNode","kind":"Mdef","node":{".class":"FuncDef","abstract_status":0,"arg_kinds":[0],"arg_names":["self"],"dataclass_transform_spec":null,"flags":[],"fullname":"alembic.config.Config.get_hooks_list","name":"get_hooks_list","type":{".class":"CallableType","arg_kinds":[0],"arg_names":["self"],"arg_types":["alembic.config.Config"],"bound_args":[],"def_extras":{"first_arg":"self"},"fallback":"builtins.function","from_concatenate":false,"implicit":false,"is_ellipsis_args":false,"name":"get_hooks_list of Config","ret_type":{".class":"Instance","args":[{".class":"TypeAliasType","args":[],"type_ref":"alembic.config.PostWriteHookConfig"}],"type_ref":"builtins.list"},"type_guard":null,"unpack_kwargs":false,"variables":[]}}},"get_main_option":{".class":"SymbolTableNode","kind":"Mdef","node":{".class":"OverloadedFuncDef","flags":[],"fullname":"alembic.config.Config.get_main_option","impl":{".class":"FuncDef","abstract_status":0,"arg_kinds":[0,0,1],"arg_names":["self","name","default"],"dataclass_transform_spec":null,"flags":["is_overload"],"fullname":"alembic.config.Config.get_main_option","name":"get_main_option","type":{".class":"CallableType","arg_kinds":[0,0,1],"arg_names":["self","name","default"],"arg_types":["alembic.config.Config","builtins.str",{".class":"UnionType","items":["builtins.str",{".class":"NoneType"}]}],"bound_args":[],"def_extras":{"first_arg":"self"},"fallback":"builtins.function","from_concatenate":false,"implicit":false,"is_ellipsis_args":false,"name":"get_main_option of Config","ret_type":{".class":"UnionType","items":["builtins.str",{".class":"NoneType"}]},"type_guard":null,"unpack_kwargs":false,"variables":[]}},"items":[{".class":"Decorator","func":{".class":"FuncDef","abstract_status":0,"arg_kinds":[0,0,0],"arg_names":["self","name","default"],"dataclass_transform_spec":null,"flags":["is_overload","is_decorated"],"fullname":"alembic.config.Config.get_main_option","name":"get_main_option","type":{".class":"CallableType","arg_kinds":[0,0,0],"arg_names":["self","name","default"],"arg_types":["alembic.config.Config","builtins.str","builtins.str"],"bound_args":[],"def_extras":{"first_arg":"self"},"fallback":"builtins.function","from_concatenate":false,"implicit":false,"is_ellipsis_args":false,"name":"get_main_option of Config","ret_type":"builtins.str","type_guard":null,"unpack_kwargs":false,"variables":[]}},"is_overload":true,"var":{".class":"Var","flags":["is_inferred"],"fullname":"alembic.config.Config.get_main_option","name":"get_main_option","type":null}},{".class":"Decorator","func":{".class":"FuncDef","abstract_status":0,"arg_kinds":[0,0,1],"arg_names":["self","name","default"],"dataclass_transform_spec":null,"flags":["is_overload","is_decorated"],"fullname":"alembic.config.Config.get_main_option","name":"get_main_option","type":{".class":"CallableType","arg_kinds":[0,0,1],"arg_names":["self","name","default"],"arg_types":["alembic.config.Config","builtins.str",{".class":"UnionType","items":["builtins.str",{".class":"NoneType"}]}],"bound_args":[],"def_extras":{"first_arg":"self"},"fallback":"builtins.function","from_concatenate":false,"implicit":false,"is_ellipsis_args":false,"name":"get_main_option of Config","ret_type":{".class":"UnionType","items":["builtins.str",{".class":"NoneType"}]},"type_guard":null,"unpack_kwargs":false,"variables":[]}},"is_overload":true,"var":{".class":"Var","flags":["is_inferred"],"fullname":"alembic.config.Config.get_main_option","name":"get_main_option","type":null}}],"type":{".class":"Overloaded","items":[{".class":"CallableType","arg_kinds":[0,0,0],"arg_names":["self","name","default"],"arg_types":["alembic.config.Config","builtins.str","builtins.str"],"bound_args":[],"def_extras":{"first_arg":"self"},"fallback":"builtins.function","from_concatenate":false,"implicit":false,"is_ellipsis_args":false,"name":"get_main_option of Config","ret_type":"builtins.str","type_guard":null,"unpack_kwargs":false,"variables":[]},{".class":"CallableType","arg_kinds":[0,0,1],"arg_names":["self","name","default"],"arg_types":["alembic.config.Config","builtins.str",{".class":"UnionType","items":["builtins.str",{".class":"NoneType"}]}],"bound_args":[],"def_extras":{"first_arg":"self"},"fallback":"builtins.function","from_concatenate":false,"implicit":false,"is_ellipsis_args":false,"name":"get_main_option of Config","ret_type":{".class":"UnionType","items":["builtins.str",{".class":"NoneType"}]},"type_guard":null,"unpack_kwargs":false,"variables":[]}]}}},"get_prepend_sys_paths_list":{".class":"SymbolTableNode","kind":"Mdef","node":{".class":"FuncDef","abstract_status":0,"arg_kinds":[0],"arg_names":["self"],"dataclass_transform_spec":null,"flags":[],"fullname":"alembic.config.Config.get_prepend_sys_paths_list","name":"get_prepend_sys_paths_list","type":{".class":"CallableType","arg_kinds":[0],"arg_names":["self"],"arg_types":["alembic.config.Config"],"bound_args":[],"def_extras":{"first_arg":"self"},"fallback":"builtins.function","from_concatenate":false,"implicit":false,"is_ellipsis_args":false,"name":"get_prepend_sys_paths_list of Config","ret_type":{".class":"UnionType","items":[{".class":"Instance","args":["builtins.str"],"type_ref":"builtins.list"},{".class":"NoneType"}]},"type_guard":null,"unpack_kwargs":false,"variables":[]}}},"get_section":{".class":"SymbolTableNode","kind":"Mdef","node":{".class":"OverloadedFuncDef","flags":[],"fullname":"alembic.config.Config.get_section","impl":{".class":"FuncDef","abstract_status":0,"arg_kinds":[0,0,1],"arg_names":["self","name","default"],"dataclass_transform_spec":null,"flags":["is_overload"],"fullname":"alembic.config.Config.get_section","name":"get_section","type":{".class":"CallableType","arg_kinds":[0,0,1],"arg_names":["self","name","default"],"arg_types":["alembic.config.Config","builtins.str",{".class":"UnionType","items":[{".class":"Instance","args":["builtins.str","builtins.str"],"type_ref":"typing.Mapping"},{".class":"NoneType"}]}],"bound_args":[],"def_extras":{"first_arg":"self"},"fallback":"builtins.function","from_concatenate":false,"implicit":false,"is_ellipsis_args":false,"name":"get_section of Config","ret_type":{".class":"UnionType","items":[{".class":"Instance","args":["builtins.str","builtins.str"],"type_ref":"typing.Mapping"},{".class":"NoneType"}]},"type_guard":null,"unpack_kwargs":false,"variables":[]}},"items":[{".class":"Decorator","func":{".class":"FuncDef","abstract_status":0,"arg_kinds":[0,0,1],"arg_names":["self","name","default"],"dataclass_transform_spec":null,"flags":["is_overload","is_decorated"],"fullname":"alembic.config.Config.get_section","name":"get_section","type":{".class":"CallableType","arg_kinds":[0,0,1],"arg_names":["self","name","default"],"arg_types":["alembic.config.Config","builtins.str",{".class":"NoneType"}],"bound_args":[],"def_extras":{"first_arg":"self"},"fallback":"builtins.function","from_concatenate":false,"implicit":false,"is_ellipsis_args":false,"name":"get_section of Config","ret_type":{".class":"UnionType","items":[{".class":"Instance","args":["builtins.str","builtins.str"],"type_ref":"builtins.dict"},{".class":"NoneType"}]},"type_guard":null,"unpack_kwargs":false,"variables":[]}},"is_overload":true,"var":{".class":"Var","flags":["is_inferred"],"fullname":"alembic.config.Config.get_section","name":"get_section","type":null}},{".class":"Decorator","func":{".class":"FuncDef","abstract_status":0,"arg_kinds":[0,0,0],"arg_names":["self","name","default"],"dataclass_transform_spec":null,"flags":["is_overload","is_decorated"],"fullname":"alembic.config.Config.get_section","name":"get_section","type":{".class":"CallableType","arg_kinds":[0,0,0],"arg_names":["self","name","default"],"arg_types":["alembic.config.Config","builtins.str",{".class":"Instance","args":["builtins.str","builtins.str"],"type_ref":"builtins.dict"}],"bound_args":[],"def_extras":{"first_arg":"self"},"fallback":"builtins.function","from_concatenate":false,"implicit":false,"is_ellipsis_args":false,"name":"get_section of Config","ret_type":{".class":"Instance","args":["builtins.str","builtins.str"],"type_ref":"builtins.dict"},"type_guard":null,"unpack_kwargs":false,"variables":[]}},"is_overload":true,"var":{".class":"Var","flags":["is_inferred"],"fullname":"alembic.config.Config.get_section","name":"get_section","type":null}},{".class":"Decorator","func":{".class":"FuncDef","abstract_status":0,"arg_kinds":[0,0,0],"arg_names":["self","name","default"],"dataclass_transform_spec":null,"flags":["is_overload","is_decorated"],"fullname":"alembic.config.Config.get_section","name":"get_section","type":{".class":"CallableType","arg_kinds":[0,0,0],"arg_names":["self","name","default"],"arg_types":["alembic.config.Config","builtins.str",{".class":"Instance","args":["builtins.str","builtins.str"],"type_ref":"typing.Mapping"}],"bound_args":[],"def_extras":{"first_arg":"self"},"fallback":"builtins.function","from_concatenate":false,"implicit":false,"is_ellipsis_args":false,"name":"get_section of Config","ret_type":{".class":"UnionType","items":[{".class":"Instance","args":["builtins.str","builtins.str"],"type_ref":"builtins.dict"},{".class":"Instance","args":["builtins.str","builtins.str"],"type_ref":"typing.Mapping"}]},"type_guard":null,"unpack_kwargs":false,"variables":[]}},"is_overload":true,"var":{".class":"Var","flags":["is_inferred"],"fullname":"alembic.config.Config.get_section","name":"get_section","type":null}}],"type":{".class":"Overloaded","items":[{".class":"CallableType","arg_kinds":[0,0,1],"arg_names":["self","name","default"],"arg_types":["alembic.config.Config","builtins.str",{".class":"NoneType"}],"bound_args":[],"def_extras":{"first_arg":"self"},"fallback":"builtins.function","from_concatenate":false,"implicit":false,"is_ellipsis_args":false,"name":"get_section of Config","ret_type":{".class":"UnionType","items":[{".class":"Instance","args":["builtins.str","builtins.str"],"type_ref":"builtins.dict"},{".class":"NoneType"}]},"type_guard":null,"unpack_kwargs":false,"variables":[]},{".class":"CallableType","arg_kinds":[0,0,0],"arg_names":["self","name","default"],"arg_types":["alembic.config.Config","builtins.str",{".class":"Instance","args":["builtins.str","builtins.str"],"type_ref":"builtins.dict"}],"bound_args":[],"def_extras":{"first_arg":"self"},"fallback":"builtins.function","from_concatenate":false,"implicit":false,"is_ellipsis_args":false,"name":"get_section of Config","ret_type":{".class":"Instance","args":["builtins.str","builtins.str"],"type_ref":"builtins.dict"},"type_guard":null,"unpack_kwargs":false,"variables":[]},{".class":"CallableType","arg_kinds":[0,0,0],"arg_names":["self","name","default"],"arg_types":["alembic.config.Config","builtins.str",{".class":"Instance","args":["builtins.str","builtins.str"],"type_ref":"typing.Mapping"}],"bound_args":[],"def_extras":{"first_arg":"self"},"fallback":"builtins.function","from_concatenate":false,"implicit":false,"is_ellipsis_args":false,"name":"get_section of Config","ret_type":{".class":"UnionType","items":[{".class":"Instance","args":["builtins.str","builtins.str"],"type_ref":"builtins.dict"},{".class":"Instance","args":["builtins.str","builtins.str"],"type_ref":"typing.Mapping"}]},"type_guard":null,"unpack_kwargs":false,"variables":[]}]}}},"get_section_option":{".class":"SymbolTableNode","kind":"Mdef","node":{".class":"FuncDef","abstract_status":0,"arg_kinds":[0,0,0,1],"arg_names":["self","section","name","default"],"dataclass_transform_spec":null,"flags":[],"fullname":"alembic.config.Config.get_section_option","name":"get_section_option","type":{".class":"CallableType","arg_kinds":[0,0,0,1],"arg_names":["self","section","name","default"],"arg_types":["alembic.config.Config","builtins.str","builtins.str",{".class":"UnionType","items":["builtins.str",{".class":"NoneType"}]}],"bound_args":[],"def_extras":{"first_arg":"self"},"fallback":"builtins.function","from_concatenate":false,"implicit":false,"is_ellipsis_args":false,"name":"get_section_option of Config","ret_type":{".class":"UnionType","items":["builtins.str",{".class":"NoneType"}]},"type_guard":null,"unpack_kwargs":false,"variables":[]}}},"get_template_directory":{".class":"SymbolTableNode","kind":"Mdef","node":{".class":"FuncDef","abstract_status":0,"arg_kinds":[0],"arg_names":["self"],"dataclass_transform_spec":null,"flags":[],"fullname":"alembic.config.Config.get_template_directory","name":"get_template_directory","type":{".class":"CallableType","arg_kinds":[0],"arg_names":["self"],"arg_types":["alembic.config.Config"],"bound_args":[],"def_extras":{"first_arg":"self"},"fallback":"builtins.function","from_concatenate":false,"implicit":false,"is_ellipsis_args":false,"name":"get_template_directory of Config","ret_type":"builtins.str","type_guard":null,"unpack_kwargs":false,"variables":[]}}},"get_version_locations_list":{".class":"SymbolTableNode","kind":"Mdef","node":{".class":"FuncDef","abstract_status":0,"arg_kinds":[0],"arg_names":["self"],"dataclass_transform_spec":null,"flags":[],"fullname":"alembic.config.Config.get_version_locations_list","name":"get_version_locations_list","type":{".class":"CallableType","arg_kinds":[0],"arg_names":["self"],"arg_types":["alembic.config.Config"],"bound_args":[],"def_extras":{"first_arg":"self"},"fallback":"builtins.function","from_concatenate":false,"implicit":false,"is_ellipsis_args":false,"name":"get_version_locations_list of Config","ret_type":{".class":"UnionType","items":[{".class":"Instance","args":["builtins.str"],"type_ref":"builtins.list"},{".class":"NoneType"}]},"type_guard":null,"unpack_kwargs":false,"variables":[]}}},"messaging_opts":{".class":"SymbolTableNode","kind":"Mdef","node":{".class":"Decorator","func":{".class":"FuncDef","abstract_status":0,"arg_kinds":[0],"arg_names":["self"],"dataclass_transform_spec":null,"flags":["is_decorated"],"fullname":"alembic.config.Config.messaging_opts","name":"messaging_opts","type":{".class":"CallableType","arg_kinds":[0],"arg_names":["self"],"arg_types":["alembic.config.Config"],"bound_args":[],"def_extras":{"first_arg":"self"},"fallback":"builtins.function","from_concatenate":false,"implicit":false,"is_ellipsis_args":false,"name":"messaging_opts of Config","ret_type":{".class":"TypeAliasType","args":[],"type_ref":"alembic.config.MessagingOptions"},"type_guard":null,"unpack_kwargs":false,"variables":[]}},"is_overload":false,"var":{".class":"Var","flags":["is_initialized_in_class","is_ready","is_inferred"],"fullname":"alembic.config.Config.messaging_opts","name":"messaging_opts","type":{".class":"Instance","args":[{".class":"TypedDictType","fallback":"alembic.config.MessagingOptions","items":[["quiet","builtins.bool"]],"required_keys":[]}],"type_ref":"sqlalchemy.util.langhelpers.memoized_property"}}}},"output_buffer":{".class":"SymbolTableNode","implicit":true,"kind":"Mdef","node":{".class":"Var","flags":["is_inferred"],"fullname":"alembic.config.Config.output_buffer","name":"output_buffer","type":{".class":"UnionType","items":["typing.TextIO",{".class":"NoneType"}]}}},"print_stdout":{".class":"SymbolTableNode","kind":"Mdef","node":{".class":"FuncDef","abstract_status":0,"arg_kinds":[0,0,2],"arg_names":["self","text","arg"],"dataclass_transform_spec":null,"flags":[],"fullname":"alembic.config.Config.print_stdout","name":"print_stdout","type":{".class":"CallableType","arg_kinds":[0,0,2],"arg_names":["self","text","arg"],"arg_types":["alembic.config.Config","builtins.str",{".class":"AnyType","missing_import_name":null,"source_any":null,"type_of_any":2}],"bound_args":[],"def_extras":{"first_arg":"self"},"fallback":"builtins.function","from_concatenate":false,"implicit":false,"is_ellipsis_args":false,"name":"print_stdout of Config","ret_type":{".class":"NoneType"},"type_guard":null,"unpack_kwargs":false,"variables":[]}}},"remove_main_option":{".class":"SymbolTableNode","kind":"Mdef","node":{".class":"FuncDef","abstract_status":0,"arg_kinds":[0,0],"arg_names":["self","name"],"dataclass_transform_spec":null,"flags":[],"fullname":"alembic.config.Config.remove_main_option","name":"remove_main_option","type":{".class":"CallableType","arg_kinds":[0,0],"arg_names":["self","name"],"arg_types":["alembic.config.Config","builtins.str"],"bound_args":[],"def_extras":{"first_arg":"self"},"fallback":"builtins.function","from_concatenate":false,"implicit":false,"is_ellipsis_args":false,"name":"remove_main_option of Config","ret_type":{".class":"NoneType"},"type_guard":null,"unpack_kwargs":false,"variables":[]}}},"set_main_option":{".class":"SymbolTableNode","kind":"Mdef","node":{".class":"FuncDef","abstract_status":0,"arg_kinds":[0,0,0],"arg_names":["self","name","value"],"dataclass_transform_spec":null,"flags":[],"fullname":"alembic.config.Config.set_main_option","name":"set_main_option","type":{".class":"CallableType","arg_kinds":[0,0,0],"arg_names":["self","name","value"],"arg_types":["alembic.config.Config","builtins.str","builtins.str"],"bound_args":[],"def_extras":{"first_arg":"self"},"fallback":"builtins.function","from_concatenate":false,"implicit":false,"is_ellipsis_args":false,"name":"set_main_option of Config","ret_type":{".class":"NoneType"},"type_guard":null,"unpack_kwargs":false,"variables":[]}}},"set_section_option":{".class":"SymbolTableNode","kind":"Mdef","node":{".class":"FuncDef","abstract_status":0,"arg_kinds":[0,0,0,0],"arg_names":["self","section","name","value"],"dataclass_transform_spec":null,"flags":[],"fullname":"alembic.config.Config.set_section_option","name":"set_section_option","type":{".class":"CallableType","arg_kinds":[0,0,0,0],"arg_names":["self","section","name","value"],"arg_types":["alembic.config.Config","builtins.str","builtins.str","builtins.str"],"bound_args":[],"def_extras":{"first_arg":"self"},"fallback":"builtins.function","from_concatenate":false,"implicit":false,"is_ellipsis_args":false,"name":"set_section_option of Config","ret_type":{".class":"NoneType"},"type_guard":null,"unpack_kwargs":false,"variables":[]}}},"stdout":{".class":"SymbolTableNode","implicit":true,"kind":"Mdef","node":{".class":"Var","flags":["is_inferred"],"fullname":"alembic.config.Config.stdout","name":"stdout","type":"typing.TextIO"}},"toml_alembic_config":{".class":"SymbolTableNode","kind":"Mdef","node":{".class":"Decorator","func":{".class":"FuncDef","abstract_status":0,"arg_kinds":[0],"arg_names":["self"],"dataclass_transform_spec":null,"flags":["is_decorated"],"fullname":"alembic.config.Config.toml_alembic_config","name":"toml_alembic_config","type":{".class":"CallableType","arg_kinds":[0],"arg_names":["self"],"arg_types":["alembic.config.Config"],"bound_args":[],"def_extras":{"first_arg":"self"},"fallback":"builtins.function","from_concatenate":false,"implicit":false,"is_ellipsis_args":false,"name":"toml_alembic_config of Config","ret_type":{".class":"Instance","args":["builtins.str",{".class":"AnyType","missing_import_name":null,"source_any":null,"type_of_any":2}],"type_ref":"typing.Mapping"},"type_guard":null,"unpack_kwargs":false,"variables":[]}},"is_overload":false,"var":{".class":"Var","flags":["is_initialized_in_class","is_ready","is_inferred"],"fullname":"alembic.config.Config.toml_alembic_config","name":"toml_alembic_config","type":{".class":"Instance","args":[{".class":"Instance","args":["builtins.str",{".class":"AnyType","missing_import_name":null,"source_any":null,"type_of_any":2}],"type_ref":"typing.Mapping"}],"type_ref":"sqlalchemy.util.langhelpers.memoized_property"}}}},"toml_args":{".class":"SymbolTableNode","implicit":true,"kind":"Mdef","node":{".class":"Var","flags":["is_inferred"],"fullname":"alembic.config.Config.toml_args","name":"toml_args","type":{".class":"Instance","args":["builtins.str",{".class":"AnyType","missing_import_name":null,"source_any":{".class":"AnyType","missing_import_name":null,"source_any":null,"type_of_any":2},"type_of_any":7}],"type_ref":"builtins.dict"}}},"toml_file_name":{".class":"SymbolTableNode","kind":"Mdef","node":{".class":"Var","flags":["is_initialized_in_class","is_ready","has_explicit_value"],"fullname":"alembic.config.Config.toml_file_name","name":"toml_file_name","type":{".class":"UnionType","items":["builtins.str",{".class":"NoneType"}]}}}},"self_type":null,"slots":null,"tuple_type":null,"type_vars":[],"typeddict_type":null}},"ConfigParser":{".class":"SymbolTableNode","cross_ref":"configparser.ConfigParser","kind":"Gdef"},"Dict":{".class":"SymbolTableNode","cross_ref":"typing.Dict","kind":"Gdef"},"Mapping":{".class":"SymbolTableNode","cross_ref":"typing.Mapping","kind":"Gdef"},"MessagingOptions":{".class":"SymbolTableNode","kind":"Gdef","node":{".class":"TypeInfo","_promote":[],"abstract_attributes":[],"alt_promote":null,"bases":["typing._TypedDict"],"dataclass_transform_spec":null,"declared_metaclass":null,"defn":{".class":"ClassDef","fullname":"alembic.config.MessagingOptions","name":"MessagingOptions","type_vars":[]},"deletable_attributes":[],"flags":[],"fullname":"alembic.config.MessagingOptions","has_param_spec_type":false,"metaclass_type":null,"metadata":{},"module_name":"alembic.config","mro":["alembic.config.MessagingOptions","typing._TypedDict","typing.Mapping","typing.Collection","typing.Iterable","typing.Container","builtins.object"],"names":{".class":"SymbolTable"},"self_type":null,"slots":null,"tuple_type":null,"type_vars":[],"typeddict_type":{".class":"TypedDictType","fallback":"typing._TypedDict","items":[["quiet","builtins.bool"]],"required_keys":[]}}},"Namespace":{".class":"SymbolTableNode","cross_ref":"argparse.Namespace","kind":"Gdef"},"Optional":{".class":"SymbolTableNode","cross_ref":"typing.Optional","kind":"Gdef"},"Path":{".class":"SymbolTableNode","cross_ref":"pathlib.Path","kind":"Gdef"},"PostWriteHookConfig":{".class":"SymbolTableNode","kind":"Gdef","node":{".class":"TypeAlias","alias_tvars":[],"column":0,"fullname":"alembic.config.PostWriteHookConfig","line":655,"no_args":false,"normalized":false,"target":{".class":"Instance","args":["builtins.str","builtins.str"],"type_ref":"typing.Mapping"}}},"Protocol":{".class":"SymbolTableNode","cross_ref":"typing.Protocol","kind":"Gdef"},"Sequence":{".class":"SymbolTableNode","cross_ref":"typing.Sequence","kind":"Gdef"},"TextIO":{".class":"SymbolTableNode","cross_ref":"typing.TextIO","kind":"Gdef"},"TypedDict":{".class":"SymbolTableNode","cross_ref":"typing_extensions.TypedDict","kind":"Gdef"},"Union":{".class":"SymbolTableNode","cross_ref":"typing.Union","kind":"Gdef"},"__annotations__":{".class":"SymbolTableNode","kind":"Gdef","node":{".class":"Var","flags":["is_ready"],"fullname":"alembic.config.__annotations__","name":"__annotations__","type":{".class":"Instance","args":["builtins.str",{".class":"AnyType","missing_import_name":null,"source_any":null,"type_of_any":6}],"type_ref":"builtins.dict"}}},"__doc__":{".class":"SymbolTableNode","kind":"Gdef","node":{".class":"Var","flags":["is_ready"],"fullname":"alembic.config.__doc__","name":"__doc__","type":"builtins.str"}},"__file__":{".class":"SymbolTableNode","kind":"Gdef","node":{".class":"Var","flags":["is_ready"],"fullname":"alembic.config.__file__","name":"__file__","type":"builtins.str"}},"__name__":{".class":"SymbolTableNode","kind":"Gdef","node":{".class":"Var","flags":["is_ready"],"fullname":"alembic.config.__name__","name":"__name__","type":"builtins.str"}},"__package__":{".class":"SymbolTableNode","kind":"Gdef","node":{".class":"Var","flags":["is_ready"],"fullname":"alembic.config.__package__","name":"__package__","type":"builtins.str"}},"__version__":{".class":"SymbolTableNode","cross_ref":"alembic.__version__","kind":"Gdef"},"_preserving_path_as_str":{".class":"SymbolTableNode","cross_ref":"alembic.util.pyfiles._preserving_path_as_str","kind":"Gdef"},"annotations":{".class":"SymbolTableNode","cross_ref":"__future__.annotations","kind":"Gdef"},"cast":{".class":"SymbolTableNode","cross_ref":"typing.cast","kind":"Gdef"},"command":{".class":"SymbolTableNode","cross_ref":"alembic.command","kind":"Gdef"},"compat":{".class":"SymbolTableNode","cross_ref":"alembic.util.compat","kind":"Gdef"},"inspect":{".class":"SymbolTableNode","cross_ref":"inspect","kind":"Gdef"},"main":{".class":"SymbolTableNode","kind":"Gdef","node":{".class":"FuncDef","abstract_status":0,"arg_kinds":[1,1,4],"arg_names":["argv","prog","kwargs"],"dataclass_transform_spec":null,"flags":[],"fullname":"alembic.config.main","name":"main","type":{".class":"CallableType","arg_kinds":[1,1,4],"arg_names":["argv","prog","kwargs"],"arg_types":[{".class":"UnionType","items":[{".class":"Instance","args":["builtins.str"],"type_ref":"typing.Sequence"},{".class":"NoneType"}]},{".class":"UnionType","items":["builtins.str",{".class":"NoneType"}]},{".class":"AnyType","missing_import_name":null,"source_any":null,"type_of_any":2}],"bound_args":[],"def_extras":{"first_arg":null},"fallback":"builtins.function","from_concatenate":false,"implicit":false,"is_ellipsis_args":false,"name":"main","ret_type":{".class":"NoneType"},"type_guard":null,"unpack_kwargs":false,"variables":[]}}},"os":{".class":"SymbolTableNode","cross_ref":"os","kind":"Gdef"},"overload":{".class":"SymbolTableNode","cross_ref":"typing.overload","kind":"Gdef"},"re":{".class":"SymbolTableNode","cross_ref":"re","kind":"Gdef"},"sys":{".class":"SymbolTableNode","cross_ref":"sys","kind":"Gdef"},"util":{".class":"SymbolTableNode","cross_ref":"alembic.util","kind":"Gdef"}},"path":"C:\\Users\\Vasilis\\AppData\\Local\\Programs\\Python\\Python313\\Lib\\site-packages\\alembic\\config.py"}