{"data_mtime":1762095563,"dep_lines":[27,28,25,26,1,3,5,6,7,8,9,10,11,22,24,1,1,1,1,1,1,1,1,1,1,1,1,1,1,1,1,1,1,1],"dep_prios":[10,5,10,10,5,5,5,10,10,5,10,10,5,5,5,5,30,30,30,30,30,30,30,30,30,30,30,30,30,30,30,30,30,30],"dependencies":["alembic.util.compat","alembic.util.pyfiles","alembic.command","alembic.util","__future__","argparse","configparser","inspect","os","pathlib","re","sys","typing","typing_extensions","alembic","builtins","_collections_abc","_typeshed","abc","alembic.util.exc","alembic.util.messaging","array","ctypes","io","mmap","pickle","posixpath","sqlalchemy","sqlalchemy.util","sqlalchemy.util._collections","sqlalchemy.util.compat","sqlalchemy.util.langhelpers","tomllib","types"],"hash":"9dfc0dfce3853e979ef8e638a35d0300d87b546fc4e0eedb756d345b1f0d34a6","id":"alembic.config","ignore_all":true,"interface_hash":"999de988e08539ed4fbc78d5462554b919149f30a7a7b42b923155de5cec6d32","mtime":1761854780,"options":{"allow_redefinition":false,"allow_untyped_globals":false,"always_false":[],"always_true":[],"bazel":false,"check_untyped_defs":false,"disable_bytearray_promotion":false,"disable_error_code":[],"disable_memoryview_promotion":false,"disabled_error_codes":[],"disallow_any_decorated":false,"disallow_any_explicit":false,"disallow_any_expr":false,"disallow_any_generics":false,"disallow_any_unimported":false,"disallow_incomplete_defs":false,"disallow_subclassing_any":false,"disallow_untyped_calls":false,"disallow_untyped_decorators":false,"disallow_untyped_defs":false,"enable_error_code":[],"enabled_error_codes":[],"follow_imports":"silent","follow_imports_for_stubs":false,"ignore_errors":false,"ignore_missing_imports":true,"implicit_optional":true,"implicit_reexport":true,"local_partial_types":false,"mypyc":false,"platform":"win32","plugins":[],"strict_concatenate":false,"strict_equality":false,"strict_optional":true,"warn_no_return":true,"warn_return_any":false,"warn_unreachable":false,"warn_unused_ignores":false},"path":"C:\\Users\\Vasilis\\AppData\\Local\\Programs\\Python\\Python313\\Lib\\site-packages\\alembic\\config.py","plugin_data":null,"size":34237,"suppressed":[],"version_id":"1.3.0"}