{"data_mtime":1762095525,"dep_lines":[2,1,3,4,7,1,1,1],"dep_prios":[5,10,5,5,5,5,30,30],"dependencies":["collections.abc","sys","typing","typing_extensions","types","builtins","_typeshed","abc"],"hash":"c730bd77cc76cabc7f64184a3390f262af0217a69cde1081eddb6a99d2acc2c1","id":"contextvars","ignore_all":true,"interface_hash":"6b41334f9d3c64bb27fe05e430c9041d2dc63c3535f894d60b3593cec29d385e","mtime":1762095443,"options":{"allow_redefinition":false,"allow_untyped_globals":false,"always_false":[],"always_true":[],"bazel":false,"check_untyped_defs":false,"disable_bytearray_promotion":false,"disable_error_code":[],"disable_memoryview_promotion":false,"disabled_error_codes":[],"disallow_any_decorated":false,"disallow_any_explicit":false,"disallow_any_expr":false,"disallow_any_generics":false,"disallow_any_unimported":false,"disallow_incomplete_defs":false,"disallow_subclassing_any":false,"disallow_untyped_calls":false,"disallow_untyped_decorators":false,"disallow_untyped_defs":false,"enable_error_code":[],"enabled_error_codes":[],"follow_imports":"silent","follow_imports_for_stubs":false,"ignore_errors":false,"ignore_missing_imports":true,"implicit_optional":true,"implicit_reexport":true,"local_partial_types":false,"mypyc":false,"platform":"win32","plugins":[],"strict_concatenate":false,"strict_equality":false,"strict_optional":true,"warn_no_return":true,"warn_return_any":false,"warn_unreachable":false,"warn_unused_ignores":false},"path":"C:\\Users\\Vasilis\\AppData\\Local\\Programs\\Python\\Python313\\Lib\\site-packages\\mypy\\typeshed\\stdlib\\contextvars.pyi","plugin_data":null,"size":2044,"suppressed":[],"version_id":"1.3.0"}