{"data_mtime":1762095518,"dep_lines":[5,1,2,3,6,7,8,1,1],"dep_prios":[5,5,10,5,5,5,5,5,30],"dependencies":["collections.abc","abc","sys","_typeshed","types","typing","typing_extensions","builtins","os"],"hash":"c4656ab0b855c3aed90b09036223336af2d28ce8f7b002882c0cd4971d758511","id":"contextlib","ignore_all":true,"interface_hash":"efa520882b98b80510b84fa346e5192ff52fac4b2da20143232ac4fe5bd483ee","mtime":1762095443,"options":{"allow_redefinition":false,"allow_untyped_globals":false,"always_false":[],"always_true":[],"bazel":false,"check_untyped_defs":false,"disable_bytearray_promotion":false,"disable_error_code":[],"disable_memoryview_promotion":false,"disabled_error_codes":[],"disallow_any_decorated":false,"disallow_any_explicit":false,"disallow_any_expr":false,"disallow_any_generics":false,"disallow_any_unimported":false,"disallow_incomplete_defs":false,"disallow_subclassing_any":false,"disallow_untyped_calls":false,"disallow_untyped_decorators":false,"disallow_untyped_defs":false,"enable_error_code":[],"enabled_error_codes":[],"follow_imports":"silent","follow_imports_for_stubs":false,"ignore_errors":false,"ignore_missing_imports":true,"implicit_optional":true,"implicit_reexport":true,"local_partial_types":false,"mypyc":false,"platform":"win32","plugins":[],"strict_concatenate":false,"strict_equality":false,"strict_optional":true,"warn_no_return":true,"warn_return_any":false,"warn_unreachable":false,"warn_unused_ignores":false},"path":"C:\\Users\\Vasilis\\AppData\\Local\\Programs\\Python\\Python313\\Lib\\site-packages\\mypy\\typeshed\\stdlib\\contextlib.pyi","plugin_data":null,"size":8986,"suppressed":[],"version_id":"1.3.0"}