{"data_mtime":1762095563,"dep_lines":[25,26,28,32,34,36,37,27,35,40,3,5,22,1,1,1,1,1,1,1,1,1,1,1,1,1,1,1,1,1,1,1],"dep_prios":[25,25,25,25,25,25,25,25,25,25,5,5,5,5,30,30,30,30,30,30,30,30,30,30,30,30,30,30,30,30,30,30],"dependencies":["sqlalchemy.engine.base","sqlalchemy.engine.url","sqlalchemy.sql.schema","sqlalchemy.sql.type_api","alembic.autogenerate.api","alembic.operations.ops","alembic.runtime.migration","sqlalchemy.sql","alembic.config","alembic.script","__future__","typing","typing_extensions","builtins","abc","alembic.autogenerate","alembic.operations","alembic.runtime","alembic.script.base","contextlib","sqlalchemy","sqlalchemy.engine","sqlalchemy.engine.interfaces","sqlalchemy.sql.annotation","sqlalchemy.sql.base","sqlalchemy.sql.elements","sqlalchemy.sql.operators","sqlalchemy.sql.roles","sqlalchemy.sql.traversals","sqlalchemy.sql.visitors","sqlalchemy.util","sqlalchemy.util.langhelpers"],"hash":"7dd78535345cd1b5208bb9f6799595161e8d1be4f322fff480071aa5b7c79ca6","id":"alembic.context","ignore_all":true,"interface_hash":"cdf3df19457204c8f213f25da0e5e6604fdfe07884cb07ce62361a6444e2cb5e","mtime":1761854780,"options":{"allow_redefinition":false,"allow_untyped_globals":false,"always_false":[],"always_true":[],"bazel":false,"check_untyped_defs":false,"disable_bytearray_promotion":false,"disable_error_code":[],"disable_memoryview_promotion":false,"disabled_error_codes":[],"disallow_any_decorated":false,"disallow_any_explicit":false,"disallow_any_expr":false,"disallow_any_generics":false,"disallow_any_unimported":false,"disallow_incomplete_defs":false,"disallow_subclassing_any":false,"disallow_untyped_calls":false,"disallow_untyped_decorators":false,"disallow_untyped_defs":false,"enable_error_code":[],"enabled_error_codes":[],"follow_imports":"silent","follow_imports_for_stubs":false,"ignore_errors":false,"ignore_missing_imports":true,"implicit_optional":true,"implicit_reexport":true,"local_partial_types":false,"mypyc":false,"platform":"win32","plugins":[],"strict_concatenate":false,"strict_equality":false,"strict_optional":true,"warn_no_return":true,"warn_return_any":false,"warn_unreachable":false,"warn_unused_ignores":false},"path":"C:\\Users\\Vasilis\\AppData\\Local\\Programs\\Python\\Python313\\Lib\\site-packages\\alembic\\context.pyi","plugin_data":null,"size":31773,"suppressed":[],"version_id":"1.3.0"}