{"data_mtime":1762095523,"dep_lines":[1,2,3,1,1,1],"dep_prios":[5,5,5,5,30,30],"dependencies":["collections.abc","typing","typing_extensions","builtins","_typeshed","abc"],"hash":"e7d60f484090279a69b0499827172f6f534e69ce944c0bb90aa3f748c77a54be","id":"copyreg","ignore_all":true,"interface_hash":"48141c77183016146cfb0bcac556224dcfed970c6bdcefbc5f15c9476a7ada9b","mtime":1762095443,"options":{"allow_redefinition":false,"allow_untyped_globals":false,"always_false":[],"always_true":[],"bazel":false,"check_untyped_defs":false,"disable_bytearray_promotion":false,"disable_error_code":[],"disable_memoryview_promotion":false,"disabled_error_codes":[],"disallow_any_decorated":false,"disallow_any_explicit":false,"disallow_any_expr":false,"disallow_any_generics":false,"disallow_any_unimported":false,"disallow_incomplete_defs":false,"disallow_subclassing_any":false,"disallow_untyped_calls":false,"disallow_untyped_decorators":false,"disallow_untyped_defs":false,"enable_error_code":[],"enabled_error_codes":[],"follow_imports":"silent","follow_imports_for_stubs":false,"ignore_errors":false,"ignore_missing_imports":true,"implicit_optional":true,"implicit_reexport":true,"local_partial_types":false,"mypyc":false,"platform":"win32","plugins":[],"strict_concatenate":false,"strict_equality":false,"strict_optional":true,"warn_no_return":true,"warn_return_any":false,"warn_unreachable":false,"warn_unused_ignores":false},"path":"C:\\Users\\Vasilis\\AppData\\Local\\Programs\\Python\\Python313\\Lib\\site-packages\\mypy\\typeshed\\stdlib\\copyreg.pyi","plugin_data":null,"size":983,"suppressed":[],"version_id":"1.3.0"}