{"data_mtime":1762095527,"dep_lines":[1,2,3,4,5,1,1],"dep_prios":[10,5,5,5,5,5,30],"dependencies":["sys","abc","time","typing","typing_extensions","builtins","_typeshed"],"hash":"0c60f43831b1f7d0abcfb453bf4fcc2d42dc7a37ad8ffe0d7344f047a6ecb87e","id":"datetime","ignore_all":true,"interface_hash":"e97fd5f613af53c8e33ac23654662f1a1cfe347dcc29ada20d1360e19e865090","mtime":1762095443,"options":{"allow_redefinition":false,"allow_untyped_globals":false,"always_false":[],"always_true":[],"bazel":false,"check_untyped_defs":false,"disable_bytearray_promotion":false,"disable_error_code":[],"disable_memoryview_promotion":false,"disabled_error_codes":[],"disallow_any_decorated":false,"disallow_any_explicit":false,"disallow_any_expr":false,"disallow_any_generics":false,"disallow_any_unimported":false,"disallow_incomplete_defs":false,"disallow_subclassing_any":false,"disallow_untyped_calls":false,"disallow_untyped_decorators":false,"disallow_untyped_defs":false,"enable_error_code":[],"enabled_error_codes":[],"follow_imports":"silent","follow_imports_for_stubs":false,"ignore_errors":false,"ignore_missing_imports":true,"implicit_optional":true,"implicit_reexport":true,"local_partial_types":false,"mypyc":false,"platform":"win32","plugins":[],"strict_concatenate":false,"strict_equality":false,"strict_optional":true,"warn_no_return":true,"warn_return_any":false,"warn_unreachable":false,"warn_unused_ignores":false},"path":"C:\\Users\\Vasilis\\AppData\\Local\\Programs\\Python\\Python313\\Lib\\site-packages\\mypy\\typeshed\\stdlib\\datetime.pyi","plugin_data":null,"size":11534,"suppressed":[],"version_id":"1.3.0"}