{".class":"MypyFile","_fullname":"decimal","future_import_flags":[],"is_partial_stub_package":false,"is_stub":true,"names":{".class":"SymbolTable","BasicContext":{".class":"SymbolTableNode","cross_ref":"_decimal.BasicContext","kind":"Gdef"},"Clamped":{".class":"SymbolTableNode","cross_ref":"_decimal.Clamped","kind":"Gdef"},"Context":{".class":"SymbolTableNode","cross_ref":"_decimal.Context","kind":"Gdef"},"ConversionSyntax":{".class":"SymbolTableNode","cross_ref":"_decimal.ConversionSyntax","kind":"Gdef"},"Decimal":{".class":"SymbolTableNode","cross_ref":"_decimal.Decimal","kind":"Gdef"},"DecimalException":{".class":"SymbolTableNode","cross_ref":"_decimal.DecimalException","kind":"Gdef"},"DecimalTuple":{".class":"SymbolTableNode","cross_ref":"_decimal.DecimalTuple","kind":"Gdef"},"DefaultContext":{".class":"SymbolTableNode","cross_ref":"_decimal.DefaultContext","kind":"Gdef"},"DivisionByZero":{".class":"SymbolTableNode","cross_ref":"_decimal.DivisionByZero","kind":"Gdef"},"DivisionImpossible":{".class":"SymbolTableNode","cross_ref":"_decimal.DivisionImpossible","kind":"Gdef"},"DivisionUndefined":{".class":"SymbolTableNode","cross_ref":"_decimal.DivisionUndefined","kind":"Gdef"},"ExtendedContext":{".class":"SymbolTableNode","cross_ref":"_decimal.ExtendedContext","kind":"Gdef"},"FloatOperation":{".class":"SymbolTableNode","cross_ref":"_decimal.FloatOperation","kind":"Gdef"},"HAVE_CONTEXTVAR":{".class":"SymbolTableNode","cross_ref":"_decimal.HAVE_CONTEXTVAR","kind":"Gdef"},"HAVE_THREADS":{".class":"SymbolTableNode","cross_ref":"_decimal.HAVE_THREADS","kind":"Gdef"},"Inexact":{".class":"SymbolTableNode","cross_ref":"_decimal.Inexact","kind":"Gdef"},"InvalidContext":{".class":"SymbolTableNode","cross_ref":"_decimal.InvalidContext","kind":"Gdef"},"InvalidOperation":{".class":"SymbolTableNode","cross_ref":"_decimal.InvalidOperation","kind":"Gdef"},"MAX_EMAX":{".class":"SymbolTableNode","cross_ref":"_decimal.MAX_EMAX","kind":"Gdef"},"MAX_PREC":{".class":"SymbolTableNode","cross_ref":"_decimal.MAX_PREC","kind":"Gdef"},"MIN_EMIN":{".class":"SymbolTableNode","cross_ref":"_decimal.MIN_EMIN","kind":"Gdef"},"MIN_ETINY":{".class":"SymbolTableNode","cross_ref":"_decimal.MIN_ETINY","kind":"Gdef"},"Overflow":{".class":"SymbolTableNode","cross_ref":"_decimal.Overflow","kind":"Gdef"},"ROUND_05UP":{".class":"SymbolTableNode","cross_ref":"_decimal.ROUND_05UP","kind":"Gdef"},"ROUND_CEILING":{".class":"SymbolTableNode","cross_ref":"_decimal.ROUND_CEILING","kind":"Gdef"},"ROUND_DOWN":{".class":"SymbolTableNode","cross_ref":"_decimal.ROUND_DOWN","kind":"Gdef"},"ROUND_FLOOR":{".class":"SymbolTableNode","cross_ref":"_decimal.ROUND_FLOOR","kind":"Gdef"},"ROUND_HALF_DOWN":{".class":"SymbolTableNode","cross_ref":"_decimal.ROUND_HALF_DOWN","kind":"Gdef"},"ROUND_HALF_EVEN":{".class":"SymbolTableNode","cross_ref":"_decimal.ROUND_HALF_EVEN","kind":"Gdef"},"ROUND_HALF_UP":{".class":"SymbolTableNode","cross_ref":"_decimal.ROUND_HALF_UP","kind":"Gdef"},"ROUND_UP":{".class":"SymbolTableNode","cross_ref":"_decimal.ROUND_UP","kind":"Gdef"},"Rounded":{".class":"SymbolTableNode","cross_ref":"_decimal.Rounded","kind":"Gdef"},"Subnormal":{".class":"SymbolTableNode","cross_ref":"_decimal.Subnormal","kind":"Gdef"},"Underflow":{".class":"SymbolTableNode","cross_ref":"_decimal.Underflow","kind":"Gdef"},"__annotations__":{".class":"SymbolTableNode","kind":"Gdef","node":{".class":"Var","flags":["is_ready"],"fullname":"decimal.__annotations__","name":"__annotations__","type":{".class":"Instance","args":["builtins.str",{".class":"AnyType","missing_import_name":null,"source_any":null,"type_of_any":6}],"type_ref":"builtins.dict"}}},"__doc__":{".class":"SymbolTableNode","kind":"Gdef","node":{".class":"Var","flags":["is_ready"],"fullname":"decimal.__doc__","name":"__doc__","type":"builtins.str"}},"__file__":{".class":"SymbolTableNode","kind":"Gdef","node":{".class":"Var","flags":["is_ready"],"fullname":"decimal.__file__","name":"__file__","type":"builtins.str"}},"__libmpdec_version__":{".class":"SymbolTableNode","cross_ref":"_decimal.__libmpdec_version__","kind":"Gdef"},"__name__":{".class":"SymbolTableNode","kind":"Gdef","node":{".class":"Var","flags":["is_ready"],"fullname":"decimal.__name__","name":"__name__","type":"builtins.str"}},"__package__":{".class":"SymbolTableNode","kind":"Gdef","node":{".class":"Var","flags":["is_ready"],"fullname":"decimal.__package__","name":"__package__","type":"builtins.str"}},"__version__":{".class":"SymbolTableNode","cross_ref":"_decimal.__version__","kind":"Gdef"},"getcontext":{".class":"SymbolTableNode","cross_ref":"_decimal.getcontext","kind":"Gdef"},"localcontext":{".class":"SymbolTableNode","cross_ref":"_decimal.localcontext","kind":"Gdef"},"setcontext":{".class":"SymbolTableNode","cross_ref":"_decimal.setcontext","kind":"Gdef"}},"path":"C:\\Users\\Vasilis\\AppData\\Local\\Programs\\Python\\Python313\\Lib\\site-packages\\mypy\\typeshed\\stdlib\\decimal.pyi"}