{".class":"MypyFile","_fullname":"difflib","future_import_flags":[],"is_partial_stub_package":false,"is_stub":true,"names":{".class":"SymbolTable","Any":{".class":"SymbolTableNode","cross_ref":"typing.Any","kind":"Gdef","module_hidden":true,"module_public":false},"AnyStr":{".class":"SymbolTableNode","cross_ref":"typing.AnyStr","kind":"Gdef","module_hidden":true,"module_public":false},"Callable":{".class":"SymbolTableNode","cross_ref":"typing.Callable","kind":"Gdef","module_hidden":true,"module_public":false},"Differ":{".class":"SymbolTableNode","kind":"Gdef","node":{".class":"TypeInfo","_promote":[],"abstract_attributes":[],"alt_promote":null,"bases":["builtins.object"],"dataclass_transform_spec":null,"declared_metaclass":null,"defn":{".class":"ClassDef","fullname":"difflib.Differ","name":"Differ","type_vars":[]},"deletable_attributes":[],"flags":[],"fullname":"difflib.Differ","has_param_spec_type":false,"metaclass_type":null,"metadata":{},"module_name":"difflib","mro":["difflib.Differ","builtins.object"],"names":{".class":"SymbolTable","__init__":{".class":"SymbolTableNode","kind":"Mdef","node":{".class":"FuncDef","abstract_status":0,"arg_kinds":[0,1,1],"arg_names":["self","linejunk","charjunk"],"dataclass_transform_spec":null,"flags":[],"fullname":"difflib.Differ.__init__","name":"__init__","type":{".class":"CallableType","arg_kinds":[0,1,1],"arg_names":["self","linejunk","charjunk"],"arg_types":["difflib.Differ",{".class":"UnionType","items":[{".class":"CallableType","arg_kinds":[0],"arg_names":[null],"arg_types":["builtins.str"],"bound_args":[],"def_extras":{},"fallback":"builtins.function","from_concatenate":false,"implicit":false,"is_ellipsis_args":false,"name":null,"ret_type":"builtins.bool","type_guard":null,"unpack_kwargs":false,"variables":[]},{".class":"NoneType"}]},{".class":"UnionType","items":[{".class":"CallableType","arg_kinds":[0],"arg_names":[null],"arg_types":["builtins.str"],"bound_args":[],"def_extras":{},"fallback":"builtins.function","from_concatenate":false,"implicit":false,"is_ellipsis_args":false,"name":null,"ret_type":"builtins.bool","type_guard":null,"unpack_kwargs":false,"variables":[]},{".class":"NoneType"}]}],"bound_args":[],"def_extras":{"first_arg":"self"},"fallback":"builtins.function","from_concatenate":false,"implicit":false,"is_ellipsis_args":false,"name":"__init__ of Differ","ret_type":{".class":"NoneType"},"type_guard":null,"unpack_kwargs":false,"variables":[]}}},"compare":{".class":"SymbolTableNode","kind":"Mdef","node":{".class":"FuncDef","abstract_status":0,"arg_kinds":[0,0,0],"arg_names":["self","a","b"],"dataclass_transform_spec":null,"flags":[],"fullname":"difflib.Differ.compare","name":"compare","type":{".class":"CallableType","arg_kinds":[0,0,0],"arg_names":["self","a","b"],"arg_types":["difflib.Differ",{".class":"Instance","args":["builtins.str"],"type_ref":"typing.Sequence"},{".class":"Instance","args":["builtins.str"],"type_ref":"typing.Sequence"}],"bound_args":[],"def_extras":{"first_arg":"self"},"fallback":"builtins.function","from_concatenate":false,"implicit":false,"is_ellipsis_args":false,"name":"compare of Differ","ret_type":{".class":"Instance","args":["builtins.str"],"type_ref":"typing.Iterator"},"type_guard":null,"unpack_kwargs":false,"variables":[]}}}},"self_type":null,"slots":null,"tuple_type":null,"type_vars":[],"typeddict_type":null}},"Generic":{".class":"SymbolTableNode","cross_ref":"typing.Generic","kind":"Gdef","module_hidden":true,"module_public":false},"GenericAlias":{".class":"SymbolTableNode","cross_ref":"types.GenericAlias","kind":"Gdef","module_hidden":true,"module_public":false},"HtmlDiff":{".class":"SymbolTableNode","kind":"Gdef","node":{".class":"TypeInfo","_promote":[],"abstract_attributes":[],"alt_promote":null,"bases":["builtins.object"],"dataclass_transform_spec":null,"declared_metaclass":null,"defn":{".class":"ClassDef","fullname":"difflib.HtmlDiff","name":"HtmlDiff","type_vars":[]},"deletable_attributes":[],"flags":[],"fullname":"difflib.HtmlDiff","has_param_spec_type":false,"metaclass_type":null,"metadata":{},"module_name":"difflib","mro":["difflib.HtmlDiff","builtins.object"],"names":{".class":"SymbolTable","__init__":{".class":"SymbolTableNode","kind":"Mdef","node":{".class":"FuncDef","abstract_status":0,"arg_kinds":[0,1,1,1,1],"arg_names":["self","tabsize","wrapcolumn","linejunk","charjunk"],"dataclass_transform_spec":null,"flags":[],"fullname":"difflib.HtmlDiff.__init__","name":"__init__","type":{".class":"CallableType","arg_kinds":[0,1,1,1,1],"arg_names":["self","tabsize","wrapcolumn","linejunk","charjunk"],"arg_types":["difflib.HtmlDiff","builtins.int",{".class":"UnionType","items":["builtins.int",{".class":"NoneType"}]},{".class":"UnionType","items":[{".class":"CallableType","arg_kinds":[0],"arg_names":[null],"arg_types":["builtins.str"],"bound_args":[],"def_extras":{},"fallback":"builtins.function","from_concatenate":false,"implicit":false,"is_ellipsis_args":false,"name":null,"ret_type":"builtins.bool","type_guard":null,"unpack_kwargs":false,"variables":[]},{".class":"NoneType"}]},{".class":"UnionType","items":[{".class":"CallableType","arg_kinds":[0],"arg_names":[null],"arg_types":["builtins.str"],"bound_args":[],"def_extras":{},"fallback":"builtins.function","from_concatenate":false,"implicit":false,"is_ellipsis_args":false,"name":null,"ret_type":"builtins.bool","type_guard":null,"unpack_kwargs":false,"variables":[]},{".class":"NoneType"}]}],"bound_args":[],"def_extras":{"first_arg":"self"},"fallback":"builtins.function","from_concatenate":false,"implicit":false,"is_ellipsis_args":false,"name":"__init__ of HtmlDiff","ret_type":{".class":"NoneType"},"type_guard":null,"unpack_kwargs":false,"variables":[]}}},"make_file":{".class":"SymbolTableNode","kind":"Mdef","node":{".class":"FuncDef","abstract_status":0,"arg_kinds":[0,0,0,1,1,1,1,5],"arg_names":["self","fromlines","tolines","fromdesc","todesc","context","numlines","charset"],"dataclass_transform_spec":null,"flags":[],"fullname":"difflib.HtmlDiff.make_file","name":"make_file","type":{".class":"CallableType","arg_kinds":[0,0,0,1,1,1,1,5],"arg_names":["self","fromlines","tolines","fromdesc","todesc","context","numlines","charset"],"arg_types":["difflib.HtmlDiff",{".class":"Instance","args":["builtins.str"],"type_ref":"typing.Sequence"},{".class":"Instance","args":["builtins.str"],"type_ref":"typing.Sequence"},"builtins.str","builtins.str","builtins.bool","builtins.int","builtins.str"],"bound_args":[],"def_extras":{"first_arg":"self"},"fallback":"builtins.function","from_concatenate":false,"implicit":false,"is_ellipsis_args":false,"name":"make_file of HtmlDiff","ret_type":"builtins.str","type_guard":null,"unpack_kwargs":false,"variables":[]}}},"make_table":{".class":"SymbolTableNode","kind":"Mdef","node":{".class":"FuncDef","abstract_status":0,"arg_kinds":[0,0,0,1,1,1,1],"arg_names":["self","fromlines","tolines","fromdesc","todesc","context","numlines"],"dataclass_transform_spec":null,"flags":[],"fullname":"difflib.HtmlDiff.make_table","name":"make_table","type":{".class":"CallableType","arg_kinds":[0,0,0,1,1,1,1],"arg_names":["self","fromlines","tolines","fromdesc","todesc","context","numlines"],"arg_types":["difflib.HtmlDiff",{".class":"Instance","args":["builtins.str"],"type_ref":"typing.Sequence"},{".class":"Instance","args":["builtins.str"],"type_ref":"typing.Sequence"},"builtins.str","builtins.str","builtins.bool","builtins.int"],"bound_args":[],"def_extras":{"first_arg":"self"},"fallback":"builtins.function","from_concatenate":false,"implicit":false,"is_ellipsis_args":false,"name":"make_table of HtmlDiff","ret_type":"builtins.str","type_guard":null,"unpack_kwargs":false,"variables":[]}}}},"self_type":null,"slots":null,"tuple_type":null,"type_vars":[],"typeddict_type":null}},"IS_CHARACTER_JUNK":{".class":"SymbolTableNode","kind":"Gdef","node":{".class":"FuncDef","abstract_status":0,"arg_kinds":[0,1],"arg_names":["ch","ws"],"dataclass_transform_spec":null,"flags":[],"fullname":"difflib.IS_CHARACTER_JUNK","name":"IS_CHARACTER_JUNK","type":{".class":"CallableType","arg_kinds":[0,1],"arg_names":["ch","ws"],"arg_types":["builtins.str","builtins.str"],"bound_args":[],"def_extras":{"first_arg":null},"fallback":"builtins.function","from_concatenate":false,"implicit":false,"is_ellipsis_args":false,"name":"IS_CHARACTER_JUNK","ret_type":"builtins.bool","type_guard":null,"unpack_kwargs":false,"variables":[]}}},"IS_LINE_JUNK":{".class":"SymbolTableNode","kind":"Gdef","node":{".class":"FuncDef","abstract_status":0,"arg_kinds":[0,1],"arg_names":["line","pat"],"dataclass_transform_spec":null,"flags":[],"fullname":"difflib.IS_LINE_JUNK","name":"IS_LINE_JUNK","type":{".class":"CallableType","arg_kinds":[0,1],"arg_names":["line","pat"],"arg_types":["builtins.str",{".class":"AnyType","missing_import_name":null,"source_any":null,"type_of_any":2}],"bound_args":[],"def_extras":{"first_arg":null},"fallback":"builtins.function","from_concatenate":false,"implicit":false,"is_ellipsis_args":false,"name":"IS_LINE_JUNK","ret_type":"builtins.bool","type_guard":null,"unpack_kwargs":false,"variables":[]}}},"Iterable":{".class":"SymbolTableNode","cross_ref":"typing.Iterable","kind":"Gdef","module_hidden":true,"module_public":false},"Iterator":{".class":"SymbolTableNode","cross_ref":"typing.Iterator","kind":"Gdef","module_hidden":true,"module_public":false},"Match":{".class":"SymbolTableNode","kind":"Gdef","node":{".class":"TypeInfo","_promote":[],"abstract_attributes":[],"alt_promote":null,"bases":[{".class":"Instance","args":["builtins.int"],"type_ref":"builtins.tuple"}],"dataclass_transform_spec":null,"declared_metaclass":null,"defn":{".class":"ClassDef","fullname":"difflib.Match","name":"Match","type_vars":[]},"deletable_attributes":[],"flags":["is_named_tuple"],"fullname":"difflib.Match","has_param_spec_type":false,"metaclass_type":null,"metadata":{"namedtuple":{"fields":["a","b","size"]}},"module_name":"difflib","mro":["difflib.Match","builtins.tuple","typing.Sequence","typing.Collection","typing.Reversible","typing.Iterable","typing.Container","builtins.object"],"names":{".class":"SymbolTable","_NT":{".class":"SymbolTableNode","kind":"Mdef","node":{".class":"TypeVarExpr","fullname":"difflib.Match._NT","name":"_NT","upper_bound":{".class":"TupleType","implicit":false,"items":["builtins.int","builtins.int","builtins.int"],"partial_fallback":{".class":"Instance","args":["builtins.int"],"type_ref":"builtins.tuple"}},"values":[],"variance":0}},"__annotations__":{".class":"SymbolTableNode","kind":"Mdef","node":{".class":"Var","flags":["is_initialized_in_class","is_ready"],"fullname":"difflib.Match.__annotations__","name":"__annotations__","type":{".class":"Instance","args":["builtins.str",{".class":"AnyType","missing_import_name":null,"source_any":null,"type_of_any":6}],"type_ref":"builtins.dict"}}},"__doc__":{".class":"SymbolTableNode","kind":"Mdef","node":{".class":"Var","flags":["is_initialized_in_class","is_ready"],"fullname":"difflib.Match.__doc__","name":"__doc__","type":"builtins.str"}},"__match_args__":{".class":"SymbolTableNode","kind":"Mdef","node":{".class":"Var","flags":["is_initialized_in_class","is_ready"],"fullname":"difflib.Match.__match_args__","name":"__match_args__","type":{".class":"TupleType","implicit":false,"items":[{".class":"LiteralType","fallback":"builtins.str","value":"a"},{".class":"LiteralType","fallback":"builtins.str","value":"b"},{".class":"LiteralType","fallback":"builtins.str","value":"size"}],"partial_fallback":{".class":"Instance","args":[{".class":"AnyType","missing_import_name":null,"source_any":null,"type_of_any":6}],"type_ref":"builtins.tuple"}}}},"__new__":{".class":"SymbolTableNode","kind":"Mdef","node":{".class":"FuncDef","abstract_status":0,"arg_kinds":[0,0,0,0],"arg_names":["_cls","a","b","size"],"dataclass_transform_spec":null,"flags":[],"fullname":"difflib.Match.__new__","name":"__new__","type":{".class":"CallableType","arg_kinds":[0,0,0,0],"arg_names":["_cls","a","b","size"],"arg_types":[{".class":"TypeType","item":{".class":"TypeVarType","fullname":"difflib.Match._NT","id":-1,"name":"_NT","namespace":"","upper_bound":{".class":"TupleType","implicit":false,"items":["builtins.int","builtins.int","builtins.int"],"partial_fallback":{".class":"Instance","args":["builtins.int"],"type_ref":"builtins.tuple"}},"values":[],"variance":0}},"builtins.int","builtins.int","builtins.int"],"bound_args":[],"def_extras":{},"fallback":"builtins.function","from_concatenate":false,"implicit":false,"is_ellipsis_args":false,"name":"__new__ of Match","ret_type":{".class":"TypeVarType","fullname":"difflib.Match._NT","id":-1,"name":"_NT","namespace":"","upper_bound":{".class":"TupleType","implicit":false,"items":["builtins.int","builtins.int","builtins.int"],"partial_fallback":{".class":"Instance","args":["builtins.int"],"type_ref":"builtins.tuple"}},"values":[],"variance":0},"type_guard":null,"unpack_kwargs":false,"variables":[{".class":"TypeVarType","fullname":"difflib.Match._NT","id":-1,"name":"_NT","namespace":"","upper_bound":{".class":"TupleType","implicit":false,"items":["builtins.int","builtins.int","builtins.int"],"partial_fallback":{".class":"Instance","args":["builtins.int"],"type_ref":"builtins.tuple"}},"values":[],"variance":0}]}},"plugin_generated":true},"_asdict":{".class":"SymbolTableNode","kind":"Mdef","node":{".class":"FuncDef","abstract_status":0,"arg_kinds":[0],"arg_names":["_self"],"dataclass_transform_spec":null,"flags":[],"fullname":"difflib.Match._asdict","name":"_asdict","type":{".class":"CallableType","arg_kinds":[0],"arg_names":["_self"],"arg_types":[{".class":"TypeVarType","fullname":"difflib.Match._NT","id":-1,"name":"_NT","namespace":"","upper_bound":{".class":"TupleType","implicit":false,"items":["builtins.int","builtins.int","builtins.int"],"partial_fallback":{".class":"Instance","args":["builtins.int"],"type_ref":"builtins.tuple"}},"values":[],"variance":0}],"bound_args":[],"def_extras":{},"fallback":"builtins.function","from_concatenate":false,"implicit":false,"is_ellipsis_args":false,"name":"_asdict of Match","ret_type":{".class":"Instance","args":["builtins.str",{".class":"AnyType","missing_import_name":null,"source_any":null,"type_of_any":6}],"type_ref":"builtins.dict"},"type_guard":null,"unpack_kwargs":false,"variables":[{".class":"TypeVarType","fullname":"difflib.Match._NT","id":-1,"name":"_NT","namespace":"","upper_bound":{".class":"TupleType","implicit":false,"items":["builtins.int","builtins.int","builtins.int"],"partial_fallback":{".class":"Instance","args":["builtins.int"],"type_ref":"builtins.tuple"}},"values":[],"variance":0}]}},"plugin_generated":true},"_field_defaults":{".class":"SymbolTableNode","kind":"Mdef","node":{".class":"Var","flags":["is_initialized_in_class","is_ready"],"fullname":"difflib.Match._field_defaults","name":"_field_defaults","type":{".class":"Instance","args":["builtins.str",{".class":"AnyType","missing_import_name":null,"source_any":null,"type_of_any":6}],"type_ref":"builtins.dict"}}},"_field_types":{".class":"SymbolTableNode","kind":"Mdef","node":{".class":"Var","flags":["is_initialized_in_class","is_ready"],"fullname":"difflib.Match._field_types","name":"_field_types","type":{".class":"Instance","args":["builtins.str",{".class":"AnyType","missing_import_name":null,"source_any":null,"type_of_any":6}],"type_ref":"builtins.dict"}}},"_fields":{".class":"SymbolTableNode","kind":"Mdef","node":{".class":"Var","flags":["is_initialized_in_class","is_ready"],"fullname":"difflib.Match._fields","name":"_fields","type":{".class":"TupleType","implicit":false,"items":["builtins.str","builtins.str","builtins.str"],"partial_fallback":{".class":"Instance","args":[{".class":"AnyType","missing_import_name":null,"source_any":null,"type_of_any":6}],"type_ref":"builtins.tuple"}}}},"_make":{".class":"SymbolTableNode","kind":"Mdef","node":{".class":"Decorator","func":{".class":"FuncDef","abstract_status":0,"arg_kinds":[0,0,5,5],"arg_names":["_cls","iterable","new","len"],"dataclass_transform_spec":null,"flags":["is_class","is_decorated"],"fullname":"difflib.Match._make","name":"_make","type":{".class":"CallableType","arg_kinds":[0,0,5,5],"arg_names":["_cls","iterable","new","len"],"arg_types":[{".class":"TypeType","item":{".class":"TypeVarType","fullname":"difflib.Match._NT","id":-1,"name":"_NT","namespace":"","upper_bound":{".class":"TupleType","implicit":false,"items":["builtins.int","builtins.int","builtins.int"],"partial_fallback":{".class":"Instance","args":["builtins.int"],"type_ref":"builtins.tuple"}},"values":[],"variance":0}},{".class":"Instance","args":[{".class":"AnyType","missing_import_name":null,"source_any":null,"type_of_any":6}],"type_ref":"typing.Iterable"},{".class":"AnyType","missing_import_name":null,"source_any":null,"type_of_any":6},{".class":"AnyType","missing_import_name":null,"source_any":null,"type_of_any":6}],"bound_args":[],"def_extras":{},"fallback":"builtins.function","from_concatenate":false,"implicit":false,"is_ellipsis_args":false,"name":"_make of Match","ret_type":{".class":"TypeVarType","fullname":"difflib.Match._NT","id":-1,"name":"_NT","namespace":"","upper_bound":{".class":"TupleType","implicit":false,"items":["builtins.int","builtins.int","builtins.int"],"partial_fallback":{".class":"Instance","args":["builtins.int"],"type_ref":"builtins.tuple"}},"values":[],"variance":0},"type_guard":null,"unpack_kwargs":false,"variables":[{".class":"TypeVarType","fullname":"difflib.Match._NT","id":-1,"name":"_NT","namespace":"","upper_bound":{".class":"TupleType","implicit":false,"items":["builtins.int","builtins.int","builtins.int"],"partial_fallback":{".class":"Instance","args":["builtins.int"],"type_ref":"builtins.tuple"}},"values":[],"variance":0}]}},"is_overload":false,"var":{".class":"Var","flags":["is_classmethod","is_ready"],"fullname":"difflib.Match._make","name":"_make","type":{".class":"CallableType","arg_kinds":[0,0,5,5],"arg_names":["_cls","iterable","new","len"],"arg_types":[{".class":"TypeType","item":{".class":"TypeVarType","fullname":"difflib.Match._NT","id":-1,"name":"_NT","namespace":"","upper_bound":{".class":"TupleType","implicit":false,"items":["builtins.int","builtins.int","builtins.int"],"partial_fallback":{".class":"Instance","args":["builtins.int"],"type_ref":"builtins.tuple"}},"values":[],"variance":0}},{".class":"Instance","args":[{".class":"AnyType","missing_import_name":null,"source_any":null,"type_of_any":6}],"type_ref":"typing.Iterable"},{".class":"AnyType","missing_import_name":null,"source_any":null,"type_of_any":6},{".class":"AnyType","missing_import_name":null,"source_any":null,"type_of_any":6}],"bound_args":[],"def_extras":{},"fallback":"builtins.function","from_concatenate":false,"implicit":false,"is_ellipsis_args":false,"name":"_make of Match","ret_type":{".class":"TypeVarType","fullname":"difflib.Match._NT","id":-1,"name":"_NT","namespace":"","upper_bound":{".class":"TupleType","implicit":false,"items":["builtins.int","builtins.int","builtins.int"],"partial_fallback":{".class":"Instance","args":["builtins.int"],"type_ref":"builtins.tuple"}},"values":[],"variance":0},"type_guard":null,"unpack_kwargs":false,"variables":[{".class":"TypeVarType","fullname":"difflib.Match._NT","id":-1,"name":"_NT","namespace":"","upper_bound":{".class":"TupleType","implicit":false,"items":["builtins.int","builtins.int","builtins.int"],"partial_fallback":{".class":"Instance","args":["builtins.int"],"type_ref":"builtins.tuple"}},"values":[],"variance":0}]}}},"plugin_generated":true},"_replace":{".class":"SymbolTableNode","kind":"Mdef","node":{".class":"FuncDef","abstract_status":0,"arg_kinds":[0,5,5,5],"arg_names":["_self","a","b","size"],"dataclass_transform_spec":null,"flags":[],"fullname":"difflib.Match._replace","name":"_replace","type":{".class":"CallableType","arg_kinds":[0,5,5,5],"arg_names":["_self","a","b","size"],"arg_types":[{".class":"TypeVarType","fullname":"difflib.Match._NT","id":-1,"name":"_NT","namespace":"","upper_bound":{".class":"TupleType","implicit":false,"items":["builtins.int","builtins.int","builtins.int"],"partial_fallback":{".class":"Instance","args":["builtins.int"],"type_ref":"builtins.tuple"}},"values":[],"variance":0},"builtins.int","builtins.int","builtins.int"],"bound_args":[],"def_extras":{},"fallback":"builtins.function","from_concatenate":false,"implicit":false,"is_ellipsis_args":false,"name":"_replace of Match","ret_type":{".class":"TypeVarType","fullname":"difflib.Match._NT","id":-1,"name":"_NT","namespace":"","upper_bound":{".class":"TupleType","implicit":false,"items":["builtins.int","builtins.int","builtins.int"],"partial_fallback":{".class":"Instance","args":["builtins.int"],"type_ref":"builtins.tuple"}},"values":[],"variance":0},"type_guard":null,"unpack_kwargs":false,"variables":[{".class":"TypeVarType","fullname":"difflib.Match._NT","id":-1,"name":"_NT","namespace":"","upper_bound":{".class":"TupleType","implicit":false,"items":["builtins.int","builtins.int","builtins.int"],"partial_fallback":{".class":"Instance","args":["builtins.int"],"type_ref":"builtins.tuple"}},"values":[],"variance":0}]}},"plugin_generated":true},"_source":{".class":"SymbolTableNode","kind":"Mdef","node":{".class":"Var","flags":["is_initialized_in_class","is_ready"],"fullname":"difflib.Match._source","name":"_source","type":"builtins.str"}},"a":{".class":"SymbolTableNode","kind":"Mdef","node":{".class":"Var","flags":["is_property","is_ready"],"fullname":"difflib.Match.a","name":"a","type":"builtins.int"}},"a-redefinition":{".class":"SymbolTableNode","cross_ref":"difflib.Match.a","kind":"Mdef"},"b":{".class":"SymbolTableNode","kind":"Mdef","node":{".class":"Var","flags":["is_property","is_ready"],"fullname":"difflib.Match.b","name":"b","type":"builtins.int"}},"b-redefinition":{".class":"SymbolTableNode","cross_ref":"difflib.Match.b","kind":"Mdef"},"size":{".class":"SymbolTableNode","kind":"Mdef","node":{".class":"Var","flags":["is_property","is_ready"],"fullname":"difflib.Match.size","name":"size","type":"builtins.int"}},"size-redefinition":{".class":"SymbolTableNode","cross_ref":"difflib.Match.size","kind":"Mdef"}},"self_type":null,"slots":null,"tuple_type":{".class":"TupleType","implicit":false,"items":["builtins.int","builtins.int","builtins.int"],"partial_fallback":{".class":"Instance","args":["builtins.int"],"type_ref":"builtins.tuple"}},"type_vars":[],"typeddict_type":null}},"NamedTuple":{".class":"SymbolTableNode","cross_ref":"typing.NamedTuple","kind":"Gdef","module_hidden":true,"module_public":false},"Sequence":{".class":"SymbolTableNode","cross_ref":"typing.Sequence","kind":"Gdef","module_hidden":true,"module_public":false},"SequenceMatcher":{".class":"SymbolTableNode","kind":"Gdef","node":{".class":"TypeInfo","_promote":[],"abstract_attributes":[],"alt_promote":null,"bases":["builtins.object"],"dataclass_transform_spec":null,"declared_metaclass":null,"defn":{".class":"ClassDef","fullname":"difflib.SequenceMatcher","name":"SequenceMatcher","type_vars":[{".class":"TypeVarType","fullname":"difflib._T","id":1,"name":"_T","namespace":"difflib.SequenceMatcher","upper_bound":"builtins.object","values":[],"variance":0}]},"deletable_attributes":[],"flags":[],"fullname":"difflib.SequenceMatcher","has_param_spec_type":false,"metaclass_type":null,"metadata":{},"module_name":"difflib","mro":["difflib.SequenceMatcher","builtins.object"],"names":{".class":"SymbolTable","__class_getitem__":{".class":"SymbolTableNode","kind":"Mdef","node":{".class":"FuncDef","abstract_status":0,"arg_kinds":[0,0],"arg_names":["cls","item"],"dataclass_transform_spec":null,"flags":["is_class"],"fullname":"difflib.SequenceMatcher.__class_getitem__","name":"__class_getitem__","type":{".class":"CallableType","arg_kinds":[0,0],"arg_names":["cls","item"],"arg_types":[{".class":"TypeType","item":{".class":"Instance","args":[{".class":"TypeVarType","fullname":"difflib._T","id":1,"name":"_T","namespace":"difflib.SequenceMatcher","upper_bound":"builtins.object","values":[],"variance":0}],"type_ref":"difflib.SequenceMatcher"}},{".class":"AnyType","missing_import_name":null,"source_any":null,"type_of_any":2}],"bound_args":[],"def_extras":{"first_arg":"cls"},"fallback":"builtins.function","from_concatenate":false,"implicit":false,"is_ellipsis_args":false,"name":"__class_getitem__ of SequenceMatcher","ret_type":"types.GenericAlias","type_guard":null,"unpack_kwargs":false,"variables":[]}}},"__init__":{".class":"SymbolTableNode","kind":"Mdef","node":{".class":"OverloadedFuncDef","flags":[],"fullname":"difflib.SequenceMatcher.__init__","impl":null,"items":[{".class":"Decorator","func":{".class":"FuncDef","abstract_status":0,"arg_kinds":[0,0,0,0,1],"arg_names":["self","isjunk","a","b","autojunk"],"dataclass_transform_spec":null,"flags":["is_overload","is_decorated"],"fullname":"difflib.SequenceMatcher.__init__","name":"__init__","type":{".class":"CallableType","arg_kinds":[0,0,0,0,1],"arg_names":["self","isjunk","a","b","autojunk"],"arg_types":[{".class":"Instance","args":[{".class":"TypeVarType","fullname":"difflib._T","id":1,"name":"_T","namespace":"difflib.SequenceMatcher","upper_bound":"builtins.object","values":[],"variance":0}],"type_ref":"difflib.SequenceMatcher"},{".class":"UnionType","items":[{".class":"CallableType","arg_kinds":[0],"arg_names":[null],"arg_types":[{".class":"TypeVarType","fullname":"difflib._T","id":1,"name":"_T","namespace":"difflib.SequenceMatcher","upper_bound":"builtins.object","values":[],"variance":0}],"bound_args":[],"def_extras":{},"fallback":"builtins.function","from_concatenate":false,"implicit":false,"is_ellipsis_args":false,"name":null,"ret_type":"builtins.bool","type_guard":null,"unpack_kwargs":false,"variables":[]},{".class":"NoneType"}]},{".class":"Instance","args":[{".class":"TypeVarType","fullname":"difflib._T","id":1,"name":"_T","namespace":"difflib.SequenceMatcher","upper_bound":"builtins.object","values":[],"variance":0}],"type_ref":"typing.Sequence"},{".class":"Instance","args":[{".class":"TypeVarType","fullname":"difflib._T","id":1,"name":"_T","namespace":"difflib.SequenceMatcher","upper_bound":"builtins.object","values":[],"variance":0}],"type_ref":"typing.Sequence"},"builtins.bool"],"bound_args":[],"def_extras":{"first_arg":"self"},"fallback":"builtins.function","from_concatenate":false,"implicit":false,"is_ellipsis_args":false,"name":"__init__ of SequenceMatcher","ret_type":{".class":"NoneType"},"type_guard":null,"unpack_kwargs":false,"variables":[]}},"is_overload":true,"var":{".class":"Var","flags":["is_inferred"],"fullname":"difflib.SequenceMatcher.__init__","name":"__init__","type":null}},{".class":"Decorator","func":{".class":"FuncDef","abstract_status":0,"arg_kinds":[0,3,3,5],"arg_names":["self","a","b","autojunk"],"dataclass_transform_spec":null,"flags":["is_overload","is_decorated"],"fullname":"difflib.SequenceMatcher.__init__","name":"__init__","type":{".class":"CallableType","arg_kinds":[0,3,3,5],"arg_names":["self","a","b","autojunk"],"arg_types":[{".class":"Instance","args":[{".class":"TypeVarType","fullname":"difflib._T","id":1,"name":"_T","namespace":"difflib.SequenceMatcher","upper_bound":"builtins.object","values":[],"variance":0}],"type_ref":"difflib.SequenceMatcher"},{".class":"Instance","args":[{".class":"TypeVarType","fullname":"difflib._T","id":1,"name":"_T","namespace":"difflib.SequenceMatcher","upper_bound":"builtins.object","values":[],"variance":0}],"type_ref":"typing.Sequence"},{".class":"Instance","args":[{".class":"TypeVarType","fullname":"difflib._T","id":1,"name":"_T","namespace":"difflib.SequenceMatcher","upper_bound":"builtins.object","values":[],"variance":0}],"type_ref":"typing.Sequence"},"builtins.bool"],"bound_args":[],"def_extras":{"first_arg":"self"},"fallback":"builtins.function","from_concatenate":false,"implicit":false,"is_ellipsis_args":false,"name":"__init__ of SequenceMatcher","ret_type":{".class":"NoneType"},"type_guard":null,"unpack_kwargs":false,"variables":[]}},"is_overload":true,"var":{".class":"Var","flags":["is_inferred"],"fullname":"difflib.SequenceMatcher.__init__","name":"__init__","type":null}},{".class":"Decorator","func":{".class":"FuncDef","abstract_status":0,"arg_kinds":[0,1,1,1,1],"arg_names":["self","isjunk","a","b","autojunk"],"dataclass_transform_spec":null,"flags":["is_overload","is_decorated"],"fullname":"difflib.SequenceMatcher.__init__","name":"__init__","type":{".class":"CallableType","arg_kinds":[0,1,1,1,1],"arg_names":["self","isjunk","a","b","autojunk"],"arg_types":[{".class":"Instance","args":["builtins.str"],"type_ref":"difflib.SequenceMatcher"},{".class":"UnionType","items":[{".class":"CallableType","arg_kinds":[0],"arg_names":[null],"arg_types":["builtins.str"],"bound_args":[],"def_extras":{},"fallback":"builtins.function","from_concatenate":false,"implicit":false,"is_ellipsis_args":false,"name":null,"ret_type":"builtins.bool","type_guard":null,"unpack_kwargs":false,"variables":[]},{".class":"NoneType"}]},{".class":"Instance","args":["builtins.str"],"type_ref":"typing.Sequence"},{".class":"Instance","args":["builtins.str"],"type_ref":"typing.Sequence"},"builtins.bool"],"bound_args":[],"def_extras":{"first_arg":"self"},"fallback":"builtins.function","from_concatenate":false,"implicit":false,"is_ellipsis_args":false,"name":"__init__ of SequenceMatcher","ret_type":{".class":"NoneType"},"type_guard":null,"unpack_kwargs":false,"variables":[]}},"is_overload":true,"var":{".class":"Var","flags":["is_inferred"],"fullname":"difflib.SequenceMatcher.__init__","name":"__init__","type":null}}],"type":{".class":"Overloaded","items":[{".class":"CallableType","arg_kinds":[0,0,0,0,1],"arg_names":["self","isjunk","a","b","autojunk"],"arg_types":[{".class":"Instance","args":[{".class":"TypeVarType","fullname":"difflib._T","id":1,"name":"_T","namespace":"difflib.SequenceMatcher","upper_bound":"builtins.object","values":[],"variance":0}],"type_ref":"difflib.SequenceMatcher"},{".class":"UnionType","items":[{".class":"CallableType","arg_kinds":[0],"arg_names":[null],"arg_types":[{".class":"TypeVarType","fullname":"difflib._T","id":1,"name":"_T","namespace":"difflib.SequenceMatcher","upper_bound":"builtins.object","values":[],"variance":0}],"bound_args":[],"def_extras":{},"fallback":"builtins.function","from_concatenate":false,"implicit":false,"is_ellipsis_args":false,"name":null,"ret_type":"builtins.bool","type_guard":null,"unpack_kwargs":false,"variables":[]},{".class":"NoneType"}]},{".class":"Instance","args":[{".class":"TypeVarType","fullname":"difflib._T","id":1,"name":"_T","namespace":"difflib.SequenceMatcher","upper_bound":"builtins.object","values":[],"variance":0}],"type_ref":"typing.Sequence"},{".class":"Instance","args":[{".class":"TypeVarType","fullname":"difflib._T","id":1,"name":"_T","namespace":"difflib.SequenceMatcher","upper_bound":"builtins.object","values":[],"variance":0}],"type_ref":"typing.Sequence"},"builtins.bool"],"bound_args":[],"def_extras":{"first_arg":"self"},"fallback":"builtins.function","from_concatenate":false,"implicit":false,"is_ellipsis_args":false,"name":"__init__ of SequenceMatcher","ret_type":{".class":"NoneType"},"type_guard":null,"unpack_kwargs":false,"variables":[]},{".class":"CallableType","arg_kinds":[0,3,3,5],"arg_names":["self","a","b","autojunk"],"arg_types":[{".class":"Instance","args":[{".class":"TypeVarType","fullname":"difflib._T","id":1,"name":"_T","namespace":"difflib.SequenceMatcher","upper_bound":"builtins.object","values":[],"variance":0}],"type_ref":"difflib.SequenceMatcher"},{".class":"Instance","args":[{".class":"TypeVarType","fullname":"difflib._T","id":1,"name":"_T","namespace":"difflib.SequenceMatcher","upper_bound":"builtins.object","values":[],"variance":0}],"type_ref":"typing.Sequence"},{".class":"Instance","args":[{".class":"TypeVarType","fullname":"difflib._T","id":1,"name":"_T","namespace":"difflib.SequenceMatcher","upper_bound":"builtins.object","values":[],"variance":0}],"type_ref":"typing.Sequence"},"builtins.bool"],"bound_args":[],"def_extras":{"first_arg":"self"},"fallback":"builtins.function","from_concatenate":false,"implicit":false,"is_ellipsis_args":false,"name":"__init__ of SequenceMatcher","ret_type":{".class":"NoneType"},"type_guard":null,"unpack_kwargs":false,"variables":[]},{".class":"CallableType","arg_kinds":[0,1,1,1,1],"arg_names":["self","isjunk","a","b","autojunk"],"arg_types":[{".class":"Instance","args":["builtins.str"],"type_ref":"difflib.SequenceMatcher"},{".class":"UnionType","items":[{".class":"CallableType","arg_kinds":[0],"arg_names":[null],"arg_types":["builtins.str"],"bound_args":[],"def_extras":{},"fallback":"builtins.function","from_concatenate":false,"implicit":false,"is_ellipsis_args":false,"name":null,"ret_type":"builtins.bool","type_guard":null,"unpack_kwargs":false,"variables":[]},{".class":"NoneType"}]},{".class":"Instance","args":["builtins.str"],"type_ref":"typing.Sequence"},{".class":"Instance","args":["builtins.str"],"type_ref":"typing.Sequence"},"builtins.bool"],"bound_args":[],"def_extras":{"first_arg":"self"},"fallback":"builtins.function","from_concatenate":false,"implicit":false,"is_ellipsis_args":false,"name":"__init__ of SequenceMatcher","ret_type":{".class":"NoneType"},"type_guard":null,"unpack_kwargs":false,"variables":[]}]}}},"find_longest_match":{".class":"SymbolTableNode","kind":"Mdef","node":{".class":"FuncDef","abstract_status":0,"arg_kinds":[0,1,1,1,1],"arg_names":["self","alo","ahi","blo","bhi"],"dataclass_transform_spec":null,"flags":[],"fullname":"difflib.SequenceMatcher.find_longest_match","name":"find_longest_match","type":{".class":"CallableType","arg_kinds":[0,1,1,1,1],"arg_names":["self","alo","ahi","blo","bhi"],"arg_types":[{".class":"Instance","args":[{".class":"TypeVarType","fullname":"difflib._T","id":1,"name":"_T","namespace":"difflib.SequenceMatcher","upper_bound":"builtins.object","values":[],"variance":0}],"type_ref":"difflib.SequenceMatcher"},"builtins.int",{".class":"UnionType","items":["builtins.int",{".class":"NoneType"}]},"builtins.int",{".class":"UnionType","items":["builtins.int",{".class":"NoneType"}]}],"bound_args":[],"def_extras":{"first_arg":"self"},"fallback":"builtins.function","from_concatenate":false,"implicit":false,"is_ellipsis_args":false,"name":"find_longest_match of SequenceMatcher","ret_type":{".class":"TypeAliasType","args":[],"type_ref":"difflib.Match"},"type_guard":null,"unpack_kwargs":false,"variables":[]}}},"get_grouped_opcodes":{".class":"SymbolTableNode","kind":"Mdef","node":{".class":"FuncDef","abstract_status":0,"arg_kinds":[0,1],"arg_names":["self","n"],"dataclass_transform_spec":null,"flags":[],"fullname":"difflib.SequenceMatcher.get_grouped_opcodes","name":"get_grouped_opcodes","type":{".class":"CallableType","arg_kinds":[0,1],"arg_names":["self","n"],"arg_types":[{".class":"Instance","args":[{".class":"TypeVarType","fullname":"difflib._T","id":1,"name":"_T","namespace":"difflib.SequenceMatcher","upper_bound":"builtins.object","values":[],"variance":0}],"type_ref":"difflib.SequenceMatcher"},"builtins.int"],"bound_args":[],"def_extras":{"first_arg":"self"},"fallback":"builtins.function","from_concatenate":false,"implicit":false,"is_ellipsis_args":false,"name":"get_grouped_opcodes of SequenceMatcher","ret_type":{".class":"Instance","args":[{".class":"Instance","args":[{".class":"TupleType","implicit":false,"items":["builtins.str","builtins.int","builtins.int","builtins.int","builtins.int"],"partial_fallback":{".class":"Instance","args":[{".class":"AnyType","missing_import_name":null,"source_any":null,"type_of_any":6}],"type_ref":"builtins.tuple"}}],"type_ref":"builtins.list"}],"type_ref":"typing.Iterable"},"type_guard":null,"unpack_kwargs":false,"variables":[]}}},"get_matching_blocks":{".class":"SymbolTableNode","kind":"Mdef","node":{".class":"FuncDef","abstract_status":0,"arg_kinds":[0],"arg_names":["self"],"dataclass_transform_spec":null,"flags":[],"fullname":"difflib.SequenceMatcher.get_matching_blocks","name":"get_matching_blocks","type":{".class":"CallableType","arg_kinds":[0],"arg_names":["self"],"arg_types":[{".class":"Instance","args":[{".class":"TypeVarType","fullname":"difflib._T","id":1,"name":"_T","namespace":"difflib.SequenceMatcher","upper_bound":"builtins.object","values":[],"variance":0}],"type_ref":"difflib.SequenceMatcher"}],"bound_args":[],"def_extras":{"first_arg":"self"},"fallback":"builtins.function","from_concatenate":false,"implicit":false,"is_ellipsis_args":false,"name":"get_matching_blocks of SequenceMatcher","ret_type":{".class":"Instance","args":[{".class":"TypeAliasType","args":[],"type_ref":"difflib.Match"}],"type_ref":"builtins.list"},"type_guard":null,"unpack_kwargs":false,"variables":[]}}},"get_opcodes":{".class":"SymbolTableNode","kind":"Mdef","node":{".class":"FuncDef","abstract_status":0,"arg_kinds":[0],"arg_names":["self"],"dataclass_transform_spec":null,"flags":[],"fullname":"difflib.SequenceMatcher.get_opcodes","name":"get_opcodes","type":{".class":"CallableType","arg_kinds":[0],"arg_names":["self"],"arg_types":[{".class":"Instance","args":[{".class":"TypeVarType","fullname":"difflib._T","id":1,"name":"_T","namespace":"difflib.SequenceMatcher","upper_bound":"builtins.object","values":[],"variance":0}],"type_ref":"difflib.SequenceMatcher"}],"bound_args":[],"def_extras":{"first_arg":"self"},"fallback":"builtins.function","from_concatenate":false,"implicit":false,"is_ellipsis_args":false,"name":"get_opcodes of SequenceMatcher","ret_type":{".class":"Instance","args":[{".class":"TupleType","implicit":false,"items":["builtins.str","builtins.int","builtins.int","builtins.int","builtins.int"],"partial_fallback":{".class":"Instance","args":[{".class":"AnyType","missing_import_name":null,"source_any":null,"type_of_any":6}],"type_ref":"builtins.tuple"}}],"type_ref":"builtins.list"},"type_guard":null,"unpack_kwargs":false,"variables":[]}}},"quick_ratio":{".class":"SymbolTableNode","kind":"Mdef","node":{".class":"FuncDef","abstract_status":0,"arg_kinds":[0],"arg_names":["self"],"dataclass_transform_spec":null,"flags":[],"fullname":"difflib.SequenceMatcher.quick_ratio","name":"quick_ratio","type":{".class":"CallableType","arg_kinds":[0],"arg_names":["self"],"arg_types":[{".class":"Instance","args":[{".class":"TypeVarType","fullname":"difflib._T","id":1,"name":"_T","namespace":"difflib.SequenceMatcher","upper_bound":"builtins.object","values":[],"variance":0}],"type_ref":"difflib.SequenceMatcher"}],"bound_args":[],"def_extras":{"first_arg":"self"},"fallback":"builtins.function","from_concatenate":false,"implicit":false,"is_ellipsis_args":false,"name":"quick_ratio of SequenceMatcher","ret_type":"builtins.float","type_guard":null,"unpack_kwargs":false,"variables":[]}}},"ratio":{".class":"SymbolTableNode","kind":"Mdef","node":{".class":"FuncDef","abstract_status":0,"arg_kinds":[0],"arg_names":["self"],"dataclass_transform_spec":null,"flags":[],"fullname":"difflib.SequenceMatcher.ratio","name":"ratio","type":{".class":"CallableType","arg_kinds":[0],"arg_names":["self"],"arg_types":[{".class":"Instance","args":[{".class":"TypeVarType","fullname":"difflib._T","id":1,"name":"_T","namespace":"difflib.SequenceMatcher","upper_bound":"builtins.object","values":[],"variance":0}],"type_ref":"difflib.SequenceMatcher"}],"bound_args":[],"def_extras":{"first_arg":"self"},"fallback":"builtins.function","from_concatenate":false,"implicit":false,"is_ellipsis_args":false,"name":"ratio of SequenceMatcher","ret_type":"builtins.float","type_guard":null,"unpack_kwargs":false,"variables":[]}}},"real_quick_ratio":{".class":"SymbolTableNode","kind":"Mdef","node":{".class":"FuncDef","abstract_status":0,"arg_kinds":[0],"arg_names":["self"],"dataclass_transform_spec":null,"flags":[],"fullname":"difflib.SequenceMatcher.real_quick_ratio","name":"real_quick_ratio","type":{".class":"CallableType","arg_kinds":[0],"arg_names":["self"],"arg_types":[{".class":"Instance","args":[{".class":"TypeVarType","fullname":"difflib._T","id":1,"name":"_T","namespace":"difflib.SequenceMatcher","upper_bound":"builtins.object","values":[],"variance":0}],"type_ref":"difflib.SequenceMatcher"}],"bound_args":[],"def_extras":{"first_arg":"self"},"fallback":"builtins.function","from_concatenate":false,"implicit":false,"is_ellipsis_args":false,"name":"real_quick_ratio of SequenceMatcher","ret_type":"builtins.float","type_guard":null,"unpack_kwargs":false,"variables":[]}}},"set_seq1":{".class":"SymbolTableNode","kind":"Mdef","node":{".class":"FuncDef","abstract_status":0,"arg_kinds":[0,0],"arg_names":["self","a"],"dataclass_transform_spec":null,"flags":[],"fullname":"difflib.SequenceMatcher.set_seq1","name":"set_seq1","type":{".class":"CallableType","arg_kinds":[0,0],"arg_names":["self","a"],"arg_types":[{".class":"Instance","args":[{".class":"TypeVarType","fullname":"difflib._T","id":1,"name":"_T","namespace":"difflib.SequenceMatcher","upper_bound":"builtins.object","values":[],"variance":0}],"type_ref":"difflib.SequenceMatcher"},{".class":"Instance","args":[{".class":"TypeVarType","fullname":"difflib._T","id":1,"name":"_T","namespace":"difflib.SequenceMatcher","upper_bound":"builtins.object","values":[],"variance":0}],"type_ref":"typing.Sequence"}],"bound_args":[],"def_extras":{"first_arg":"self"},"fallback":"builtins.function","from_concatenate":false,"implicit":false,"is_ellipsis_args":false,"name":"set_seq1 of SequenceMatcher","ret_type":{".class":"NoneType"},"type_guard":null,"unpack_kwargs":false,"variables":[]}}},"set_seq2":{".class":"SymbolTableNode","kind":"Mdef","node":{".class":"FuncDef","abstract_status":0,"arg_kinds":[0,0],"arg_names":["self","b"],"dataclass_transform_spec":null,"flags":[],"fullname":"difflib.SequenceMatcher.set_seq2","name":"set_seq2","type":{".class":"CallableType","arg_kinds":[0,0],"arg_names":["self","b"],"arg_types":[{".class":"Instance","args":[{".class":"TypeVarType","fullname":"difflib._T","id":1,"name":"_T","namespace":"difflib.SequenceMatcher","upper_bound":"builtins.object","values":[],"variance":0}],"type_ref":"difflib.SequenceMatcher"},{".class":"Instance","args":[{".class":"TypeVarType","fullname":"difflib._T","id":1,"name":"_T","namespace":"difflib.SequenceMatcher","upper_bound":"builtins.object","values":[],"variance":0}],"type_ref":"typing.Sequence"}],"bound_args":[],"def_extras":{"first_arg":"self"},"fallback":"builtins.function","from_concatenate":false,"implicit":false,"is_ellipsis_args":false,"name":"set_seq2 of SequenceMatcher","ret_type":{".class":"NoneType"},"type_guard":null,"unpack_kwargs":false,"variables":[]}}},"set_seqs":{".class":"SymbolTableNode","kind":"Mdef","node":{".class":"FuncDef","abstract_status":0,"arg_kinds":[0,0,0],"arg_names":["self","a","b"],"dataclass_transform_spec":null,"flags":[],"fullname":"difflib.SequenceMatcher.set_seqs","name":"set_seqs","type":{".class":"CallableType","arg_kinds":[0,0,0],"arg_names":["self","a","b"],"arg_types":[{".class":"Instance","args":[{".class":"TypeVarType","fullname":"difflib._T","id":1,"name":"_T","namespace":"difflib.SequenceMatcher","upper_bound":"builtins.object","values":[],"variance":0}],"type_ref":"difflib.SequenceMatcher"},{".class":"Instance","args":[{".class":"TypeVarType","fullname":"difflib._T","id":1,"name":"_T","namespace":"difflib.SequenceMatcher","upper_bound":"builtins.object","values":[],"variance":0}],"type_ref":"typing.Sequence"},{".class":"Instance","args":[{".class":"TypeVarType","fullname":"difflib._T","id":1,"name":"_T","namespace":"difflib.SequenceMatcher","upper_bound":"builtins.object","values":[],"variance":0}],"type_ref":"typing.Sequence"}],"bound_args":[],"def_extras":{"first_arg":"self"},"fallback":"builtins.function","from_concatenate":false,"implicit":false,"is_ellipsis_args":false,"name":"set_seqs of SequenceMatcher","ret_type":{".class":"NoneType"},"type_guard":null,"unpack_kwargs":false,"variables":[]}}}},"self_type":null,"slots":null,"tuple_type":null,"type_vars":["_T"],"typeddict_type":null}},"TypeVar":{".class":"SymbolTableNode","cross_ref":"typing.TypeVar","kind":"Gdef","module_hidden":true,"module_public":false},"_T":{".class":"SymbolTableNode","kind":"Gdef","module_public":false,"node":{".class":"TypeVarExpr","fullname":"difflib._T","name":"_T","upper_bound":"builtins.object","values":[],"variance":0}},"__all__":{".class":"SymbolTableNode","kind":"Gdef","module_public":false,"node":{".class":"Var","flags":["is_inferred","has_explicit_value"],"fullname":"difflib.__all__","name":"__all__","type":{".class":"Instance","args":["builtins.str"],"type_ref":"builtins.list"}}},"__annotations__":{".class":"SymbolTableNode","kind":"Gdef","module_public":false,"node":{".class":"Var","flags":["is_ready"],"fullname":"difflib.__annotations__","name":"__annotations__","type":{".class":"Instance","args":["builtins.str",{".class":"AnyType","missing_import_name":null,"source_any":null,"type_of_any":6}],"type_ref":"builtins.dict"}}},"__doc__":{".class":"SymbolTableNode","kind":"Gdef","module_public":false,"node":{".class":"Var","flags":["is_ready"],"fullname":"difflib.__doc__","name":"__doc__","type":"builtins.str"}},"__file__":{".class":"SymbolTableNode","kind":"Gdef","module_public":false,"node":{".class":"Var","flags":["is_ready"],"fullname":"difflib.__file__","name":"__file__","type":"builtins.str"}},"__name__":{".class":"SymbolTableNode","kind":"Gdef","module_public":false,"node":{".class":"Var","flags":["is_ready"],"fullname":"difflib.__name__","name":"__name__","type":"builtins.str"}},"__package__":{".class":"SymbolTableNode","kind":"Gdef","module_public":false,"node":{".class":"Var","flags":["is_ready"],"fullname":"difflib.__package__","name":"__package__","type":"builtins.str"}},"context_diff":{".class":"SymbolTableNode","kind":"Gdef","node":{".class":"FuncDef","abstract_status":0,"arg_kinds":[0,0,1,1,1,1,1,1],"arg_names":["a","b","fromfile","tofile","fromfiledate","tofiledate","n","lineterm"],"dataclass_transform_spec":null,"flags":[],"fullname":"difflib.context_diff","name":"context_diff","type":{".class":"CallableType","arg_kinds":[0,0,1,1,1,1,1,1],"arg_names":["a","b","fromfile","tofile","fromfiledate","tofiledate","n","lineterm"],"arg_types":[{".class":"Instance","args":["builtins.str"],"type_ref":"typing.Sequence"},{".class":"Instance","args":["builtins.str"],"type_ref":"typing.Sequence"},"builtins.str","builtins.str","builtins.str","builtins.str","builtins.int","builtins.str"],"bound_args":[],"def_extras":{"first_arg":null},"fallback":"builtins.function","from_concatenate":false,"implicit":false,"is_ellipsis_args":false,"name":"context_diff","ret_type":{".class":"Instance","args":["builtins.str"],"type_ref":"typing.Iterator"},"type_guard":null,"unpack_kwargs":false,"variables":[]}}},"diff_bytes":{".class":"SymbolTableNode","kind":"Gdef","node":{".class":"FuncDef","abstract_status":0,"arg_kinds":[0,0,0,1,1,1,1,1,1],"arg_names":["dfunc","a","b","fromfile","tofile","fromfiledate","tofiledate","n","lineterm"],"dataclass_transform_spec":null,"flags":[],"fullname":"difflib.diff_bytes","name":"diff_bytes","type":{".class":"CallableType","arg_kinds":[0,0,0,1,1,1,1,1,1],"arg_names":["dfunc","a","b","fromfile","tofile","fromfiledate","tofiledate","n","lineterm"],"arg_types":[{".class":"CallableType","arg_kinds":[0,0,0,0,0,0,0,0],"arg_names":[null,null,null,null,null,null,null,null],"arg_types":[{".class":"Instance","args":["builtins.str"],"type_ref":"typing.Sequence"},{".class":"Instance","args":["builtins.str"],"type_ref":"typing.Sequence"},"builtins.str","builtins.str","builtins.str","builtins.str","builtins.int","builtins.str"],"bound_args":[],"def_extras":{},"fallback":"builtins.function","from_concatenate":false,"implicit":false,"is_ellipsis_args":false,"name":null,"ret_type":{".class":"Instance","args":["builtins.str"],"type_ref":"typing.Iterator"},"type_guard":null,"unpack_kwargs":false,"variables":[]},{".class":"Instance","args":[{".class":"UnionType","items":["builtins.bytes","builtins.bytearray"]}],"type_ref":"typing.Iterable"},{".class":"Instance","args":[{".class":"UnionType","items":["builtins.bytes","builtins.bytearray"]}],"type_ref":"typing.Iterable"},{".class":"UnionType","items":["builtins.bytes","builtins.bytearray"]},{".class":"UnionType","items":["builtins.bytes","builtins.bytearray"]},{".class":"UnionType","items":["builtins.bytes","builtins.bytearray"]},{".class":"UnionType","items":["builtins.bytes","builtins.bytearray"]},"builtins.int",{".class":"UnionType","items":["builtins.bytes","builtins.bytearray"]}],"bound_args":[],"def_extras":{"first_arg":null},"fallback":"builtins.function","from_concatenate":false,"implicit":false,"is_ellipsis_args":false,"name":"diff_bytes","ret_type":{".class":"Instance","args":["builtins.bytes"],"type_ref":"typing.Iterator"},"type_guard":null,"unpack_kwargs":false,"variables":[]}}},"get_close_matches":{".class":"SymbolTableNode","kind":"Gdef","node":{".class":"OverloadedFuncDef","flags":[],"fullname":"difflib.get_close_matches","impl":null,"items":[{".class":"Decorator","func":{".class":"FuncDef","abstract_status":0,"arg_kinds":[0,0,1,1],"arg_names":["word","possibilities","n","cutoff"],"dataclass_transform_spec":null,"flags":["is_overload","is_decorated"],"fullname":"difflib.get_close_matches","name":"get_close_matches","type":{".class":"CallableType","arg_kinds":[0,0,1,1],"arg_names":["word","possibilities","n","cutoff"],"arg_types":[{".class":"TypeVarType","fullname":"typing.AnyStr","id":-1,"name":"AnyStr","namespace":"","upper_bound":"builtins.object","values":["builtins.str","builtins.bytes"],"variance":0},{".class":"Instance","args":[{".class":"TypeVarType","fullname":"typing.AnyStr","id":-1,"name":"AnyStr","namespace":"","upper_bound":"builtins.object","values":["builtins.str","builtins.bytes"],"variance":0}],"type_ref":"typing.Iterable"},"builtins.int","builtins.float"],"bound_args":[],"def_extras":{"first_arg":null},"fallback":"builtins.function","from_concatenate":false,"implicit":false,"is_ellipsis_args":false,"name":"get_close_matches","ret_type":{".class":"Instance","args":[{".class":"TypeVarType","fullname":"typing.AnyStr","id":-1,"name":"AnyStr","namespace":"","upper_bound":"builtins.object","values":["builtins.str","builtins.bytes"],"variance":0}],"type_ref":"builtins.list"},"type_guard":null,"unpack_kwargs":false,"variables":[{".class":"TypeVarType","fullname":"typing.AnyStr","id":-1,"name":"AnyStr","namespace":"","upper_bound":"builtins.object","values":["builtins.str","builtins.bytes"],"variance":0}]}},"is_overload":true,"var":{".class":"Var","flags":["is_inferred"],"fullname":"difflib.get_close_matches","name":"get_close_matches","type":null}},{".class":"Decorator","func":{".class":"FuncDef","abstract_status":0,"arg_kinds":[0,0,1,1],"arg_names":["word","possibilities","n","cutoff"],"dataclass_transform_spec":null,"flags":["is_overload","is_decorated"],"fullname":"difflib.get_close_matches","name":"get_close_matches","type":{".class":"CallableType","arg_kinds":[0,0,1,1],"arg_names":["word","possibilities","n","cutoff"],"arg_types":[{".class":"Instance","args":[{".class":"TypeVarType","fullname":"difflib._T","id":-1,"name":"_T","namespace":"","upper_bound":"builtins.object","values":[],"variance":0}],"type_ref":"typing.Sequence"},{".class":"Instance","args":[{".class":"Instance","args":[{".class":"TypeVarType","fullname":"difflib._T","id":-1,"name":"_T","namespace":"","upper_bound":"builtins.object","values":[],"variance":0}],"type_ref":"typing.Sequence"}],"type_ref":"typing.Iterable"},"builtins.int","builtins.float"],"bound_args":[],"def_extras":{"first_arg":null},"fallback":"builtins.function","from_concatenate":false,"implicit":false,"is_ellipsis_args":false,"name":"get_close_matches","ret_type":{".class":"Instance","args":[{".class":"Instance","args":[{".class":"TypeVarType","fullname":"difflib._T","id":-1,"name":"_T","namespace":"","upper_bound":"builtins.object","values":[],"variance":0}],"type_ref":"typing.Sequence"}],"type_ref":"builtins.list"},"type_guard":null,"unpack_kwargs":false,"variables":[{".class":"TypeVarType","fullname":"difflib._T","id":-1,"name":"_T","namespace":"","upper_bound":"builtins.object","values":[],"variance":0}]}},"is_overload":true,"var":{".class":"Var","flags":["is_inferred"],"fullname":"difflib.get_close_matches","name":"get_close_matches","type":null}}],"type":{".class":"Overloaded","items":[{".class":"CallableType","arg_kinds":[0,0,1,1],"arg_names":["word","possibilities","n","cutoff"],"arg_types":[{".class":"TypeVarType","fullname":"typing.AnyStr","id":-1,"name":"AnyStr","namespace":"","upper_bound":"builtins.object","values":["builtins.str","builtins.bytes"],"variance":0},{".class":"Instance","args":[{".class":"TypeVarType","fullname":"typing.AnyStr","id":-1,"name":"AnyStr","namespace":"","upper_bound":"builtins.object","values":["builtins.str","builtins.bytes"],"variance":0}],"type_ref":"typing.Iterable"},"builtins.int","builtins.float"],"bound_args":[],"def_extras":{"first_arg":null},"fallback":"builtins.function","from_concatenate":false,"implicit":false,"is_ellipsis_args":false,"name":"get_close_matches","ret_type":{".class":"Instance","args":[{".class":"TypeVarType","fullname":"typing.AnyStr","id":-1,"name":"AnyStr","namespace":"","upper_bound":"builtins.object","values":["builtins.str","builtins.bytes"],"variance":0}],"type_ref":"builtins.list"},"type_guard":null,"unpack_kwargs":false,"variables":[{".class":"TypeVarType","fullname":"typing.AnyStr","id":-1,"name":"AnyStr","namespace":"","upper_bound":"builtins.object","values":["builtins.str","builtins.bytes"],"variance":0}]},{".class":"CallableType","arg_kinds":[0,0,1,1],"arg_names":["word","possibilities","n","cutoff"],"arg_types":[{".class":"Instance","args":[{".class":"TypeVarType","fullname":"difflib._T","id":-1,"name":"_T","namespace":"","upper_bound":"builtins.object","values":[],"variance":0}],"type_ref":"typing.Sequence"},{".class":"Instance","args":[{".class":"Instance","args":[{".class":"TypeVarType","fullname":"difflib._T","id":-1,"name":"_T","namespace":"","upper_bound":"builtins.object","values":[],"variance":0}],"type_ref":"typing.Sequence"}],"type_ref":"typing.Iterable"},"builtins.int","builtins.float"],"bound_args":[],"def_extras":{"first_arg":null},"fallback":"builtins.function","from_concatenate":false,"implicit":false,"is_ellipsis_args":false,"name":"get_close_matches","ret_type":{".class":"Instance","args":[{".class":"Instance","args":[{".class":"TypeVarType","fullname":"difflib._T","id":-1,"name":"_T","namespace":"","upper_bound":"builtins.object","values":[],"variance":0}],"type_ref":"typing.Sequence"}],"type_ref":"builtins.list"},"type_guard":null,"unpack_kwargs":false,"variables":[{".class":"TypeVarType","fullname":"difflib._T","id":-1,"name":"_T","namespace":"","upper_bound":"builtins.object","values":[],"variance":0}]}]}}},"ndiff":{".class":"SymbolTableNode","kind":"Gdef","node":{".class":"FuncDef","abstract_status":0,"arg_kinds":[0,0,1,1],"arg_names":["a","b","linejunk","charjunk"],"dataclass_transform_spec":null,"flags":[],"fullname":"difflib.ndiff","name":"ndiff","type":{".class":"CallableType","arg_kinds":[0,0,1,1],"arg_names":["a","b","linejunk","charjunk"],"arg_types":[{".class":"Instance","args":["builtins.str"],"type_ref":"typing.Sequence"},{".class":"Instance","args":["builtins.str"],"type_ref":"typing.Sequence"},{".class":"UnionType","items":[{".class":"CallableType","arg_kinds":[0],"arg_names":[null],"arg_types":["builtins.str"],"bound_args":[],"def_extras":{},"fallback":"builtins.function","from_concatenate":false,"implicit":false,"is_ellipsis_args":false,"name":null,"ret_type":"builtins.bool","type_guard":null,"unpack_kwargs":false,"variables":[]},{".class":"NoneType"}]},{".class":"UnionType","items":[{".class":"CallableType","arg_kinds":[0],"arg_names":[null],"arg_types":["builtins.str"],"bound_args":[],"def_extras":{},"fallback":"builtins.function","from_concatenate":false,"implicit":false,"is_ellipsis_args":false,"name":null,"ret_type":"builtins.bool","type_guard":null,"unpack_kwargs":false,"variables":[]},{".class":"NoneType"}]}],"bound_args":[],"def_extras":{"first_arg":null},"fallback":"builtins.function","from_concatenate":false,"implicit":false,"is_ellipsis_args":false,"name":"ndiff","ret_type":{".class":"Instance","args":["builtins.str"],"type_ref":"typing.Iterator"},"type_guard":null,"unpack_kwargs":false,"variables":[]}}},"overload":{".class":"SymbolTableNode","cross_ref":"typing.overload","kind":"Gdef","module_hidden":true,"module_public":false},"restore":{".class":"SymbolTableNode","kind":"Gdef","node":{".class":"FuncDef","abstract_status":0,"arg_kinds":[0,0],"arg_names":["delta","which"],"dataclass_transform_spec":null,"flags":[],"fullname":"difflib.restore","name":"restore","type":{".class":"CallableType","arg_kinds":[0,0],"arg_names":["delta","which"],"arg_types":[{".class":"Instance","args":["builtins.str"],"type_ref":"typing.Iterable"},"builtins.int"],"bound_args":[],"def_extras":{"first_arg":null},"fallback":"builtins.function","from_concatenate":false,"implicit":false,"is_ellipsis_args":false,"name":"restore","ret_type":{".class":"Instance","args":["builtins.str"],"type_ref":"typing.Iterator"},"type_guard":null,"unpack_kwargs":false,"variables":[]}}},"sys":{".class":"SymbolTableNode","cross_ref":"sys","kind":"Gdef","module_hidden":true,"module_public":false},"unified_diff":{".class":"SymbolTableNode","kind":"Gdef","node":{".class":"FuncDef","abstract_status":0,"arg_kinds":[0,0,1,1,1,1,1,1],"arg_names":["a","b","fromfile","tofile","fromfiledate","tofiledate","n","lineterm"],"dataclass_transform_spec":null,"flags":[],"fullname":"difflib.unified_diff","name":"unified_diff","type":{".class":"CallableType","arg_kinds":[0,0,1,1,1,1,1,1],"arg_names":["a","b","fromfile","tofile","fromfiledate","tofiledate","n","lineterm"],"arg_types":[{".class":"Instance","args":["builtins.str"],"type_ref":"typing.Sequence"},{".class":"Instance","args":["builtins.str"],"type_ref":"typing.Sequence"},"builtins.str","builtins.str","builtins.str","builtins.str","builtins.int","builtins.str"],"bound_args":[],"def_extras":{"first_arg":null},"fallback":"builtins.function","from_concatenate":false,"implicit":false,"is_ellipsis_args":false,"name":"unified_diff","ret_type":{".class":"Instance","args":["builtins.str"],"type_ref":"typing.Iterator"},"type_guard":null,"unpack_kwargs":false,"variables":[]}}}},"path":"C:\\Users\\Vasilis\\AppData\\Local\\Programs\\Python\\Python313\\Lib\\site-packages\\mypy\\typeshed\\stdlib\\difflib.pyi"}