{".class":"MypyFile","_fullname":"dis","future_import_flags":[],"is_partial_stub_package":false,"is_stub":true,"names":{".class":"SymbolTable","Any":{".class":"SymbolTableNode","cross_ref":"typing.Any","kind":"Gdef","module_hidden":true,"module_public":false},"Bytecode":{".class":"SymbolTableNode","kind":"Gdef","node":{".class":"TypeInfo","_promote":[],"abstract_attributes":[],"alt_promote":null,"bases":["builtins.object"],"dataclass_transform_spec":null,"declared_metaclass":null,"defn":{".class":"ClassDef","fullname":"dis.Bytecode","name":"Bytecode","type_vars":[]},"deletable_attributes":[],"flags":[],"fullname":"dis.Bytecode","has_param_spec_type":false,"metaclass_type":null,"metadata":{},"module_name":"dis","mro":["dis.Bytecode","builtins.object"],"names":{".class":"SymbolTable","__init__":{".class":"SymbolTableNode","kind":"Mdef","node":{".class":"FuncDef","abstract_status":0,"arg_kinds":[0,0,5,5,5,5],"arg_names":["self","x","first_line","current_offset","show_caches","adaptive"],"dataclass_transform_spec":null,"flags":[],"fullname":"dis.Bytecode.__init__","name":"__init__","type":{".class":"CallableType","arg_kinds":[0,0,5,5,5,5],"arg_names":["self","x","first_line","current_offset","show_caches","adaptive"],"arg_types":["dis.Bytecode",{".class":"UnionType","items":[{".class":"TypeAliasType","args":[],"type_ref":"dis._HaveCodeType"},"builtins.str"]},{".class":"UnionType","items":["builtins.int",{".class":"NoneType"}]},{".class":"UnionType","items":["builtins.int",{".class":"NoneType"}]},"builtins.bool","builtins.bool"],"bound_args":[],"def_extras":{"first_arg":"self"},"fallback":"builtins.function","from_concatenate":false,"implicit":false,"is_ellipsis_args":false,"name":"__init__ of Bytecode","ret_type":{".class":"NoneType"},"type_guard":null,"unpack_kwargs":false,"variables":[]}}},"__iter__":{".class":"SymbolTableNode","kind":"Mdef","node":{".class":"FuncDef","abstract_status":0,"arg_kinds":[0],"arg_names":[null],"dataclass_transform_spec":null,"flags":[],"fullname":"dis.Bytecode.__iter__","name":"__iter__","type":{".class":"CallableType","arg_kinds":[0],"arg_names":[null],"arg_types":["dis.Bytecode"],"bound_args":[],"def_extras":{"first_arg":"self"},"fallback":"builtins.function","from_concatenate":false,"implicit":false,"is_ellipsis_args":false,"name":"__iter__ of Bytecode","ret_type":{".class":"Instance","args":[{".class":"TypeAliasType","args":[],"type_ref":"dis.Instruction"}],"type_ref":"typing.Iterator"},"type_guard":null,"unpack_kwargs":false,"variables":[]}}},"codeobj":{".class":"SymbolTableNode","kind":"Mdef","node":{".class":"Var","flags":["is_initialized_in_class","is_ready"],"fullname":"dis.Bytecode.codeobj","name":"codeobj","type":"types.CodeType"}},"dis":{".class":"SymbolTableNode","kind":"Mdef","node":{".class":"FuncDef","abstract_status":0,"arg_kinds":[0],"arg_names":["self"],"dataclass_transform_spec":null,"flags":[],"fullname":"dis.Bytecode.dis","name":"dis","type":{".class":"CallableType","arg_kinds":[0],"arg_names":["self"],"arg_types":["dis.Bytecode"],"bound_args":[],"def_extras":{"first_arg":"self"},"fallback":"builtins.function","from_concatenate":false,"implicit":false,"is_ellipsis_args":false,"name":"dis of Bytecode","ret_type":"builtins.str","type_guard":null,"unpack_kwargs":false,"variables":[]}}},"first_line":{".class":"SymbolTableNode","kind":"Mdef","node":{".class":"Var","flags":["is_initialized_in_class","is_ready"],"fullname":"dis.Bytecode.first_line","name":"first_line","type":"builtins.int"}},"from_traceback":{".class":"SymbolTableNode","kind":"Mdef","node":{".class":"Decorator","func":{".class":"FuncDef","abstract_status":0,"arg_kinds":[0,0,5,5],"arg_names":["cls","tb","show_caches","adaptive"],"dataclass_transform_spec":null,"flags":["is_class","is_decorated"],"fullname":"dis.Bytecode.from_traceback","name":"from_traceback","type":{".class":"CallableType","arg_kinds":[0,0,5,5],"arg_names":["cls","tb","show_caches","adaptive"],"arg_types":[{".class":"TypeType","item":{".class":"TypeVarType","fullname":"dis.Bytecode.Self","id":0,"name":"Self","namespace":"","upper_bound":"dis.Bytecode","values":[],"variance":0}},"types.TracebackType","builtins.bool","builtins.bool"],"bound_args":[],"def_extras":{"first_arg":"cls"},"fallback":"builtins.function","from_concatenate":false,"implicit":false,"is_ellipsis_args":false,"name":"from_traceback of Bytecode","ret_type":{".class":"TypeVarType","fullname":"dis.Bytecode.Self","id":0,"name":"Self","namespace":"","upper_bound":"dis.Bytecode","values":[],"variance":0},"type_guard":null,"unpack_kwargs":false,"variables":[{".class":"TypeVarType","fullname":"dis.Bytecode.Self","id":0,"name":"Self","namespace":"","upper_bound":"dis.Bytecode","values":[],"variance":0}]}},"is_overload":false,"var":{".class":"Var","flags":["is_initialized_in_class","is_classmethod","is_ready","is_inferred"],"fullname":"dis.Bytecode.from_traceback","name":"from_traceback","type":{".class":"CallableType","arg_kinds":[0,0,5,5],"arg_names":["cls","tb","show_caches","adaptive"],"arg_types":[{".class":"TypeType","item":{".class":"TypeVarType","fullname":"dis.Bytecode.Self","id":0,"name":"Self","namespace":"","upper_bound":"dis.Bytecode","values":[],"variance":0}},"types.TracebackType","builtins.bool","builtins.bool"],"bound_args":[],"def_extras":{"first_arg":"cls"},"fallback":"builtins.function","from_concatenate":false,"implicit":false,"is_ellipsis_args":false,"name":"from_traceback of Bytecode","ret_type":{".class":"TypeVarType","fullname":"dis.Bytecode.Self","id":0,"name":"Self","namespace":"","upper_bound":"dis.Bytecode","values":[],"variance":0},"type_guard":null,"unpack_kwargs":false,"variables":[{".class":"TypeVarType","fullname":"dis.Bytecode.Self","id":0,"name":"Self","namespace":"","upper_bound":"dis.Bytecode","values":[],"variance":0}]}}}},"info":{".class":"SymbolTableNode","kind":"Mdef","node":{".class":"FuncDef","abstract_status":0,"arg_kinds":[0],"arg_names":["self"],"dataclass_transform_spec":null,"flags":[],"fullname":"dis.Bytecode.info","name":"info","type":{".class":"CallableType","arg_kinds":[0],"arg_names":["self"],"arg_types":["dis.Bytecode"],"bound_args":[],"def_extras":{"first_arg":"self"},"fallback":"builtins.function","from_concatenate":false,"implicit":false,"is_ellipsis_args":false,"name":"info of Bytecode","ret_type":"builtins.str","type_guard":null,"unpack_kwargs":false,"variables":[]}}}},"self_type":{".class":"TypeVarType","fullname":"dis.Bytecode.Self","id":0,"name":"Self","namespace":"","upper_bound":"dis.Bytecode","values":[],"variance":0},"slots":null,"tuple_type":null,"type_vars":[],"typeddict_type":null}},"COMPILER_FLAG_NAMES":{".class":"SymbolTableNode","kind":"Gdef","module_public":false,"node":{".class":"Var","flags":["is_ready"],"fullname":"dis.COMPILER_FLAG_NAMES","name":"COMPILER_FLAG_NAMES","type":{".class":"Instance","args":["builtins.int","builtins.str"],"type_ref":"builtins.dict"}}},"Callable":{".class":"SymbolTableNode","cross_ref":"typing.Callable","kind":"Gdef","module_hidden":true,"module_public":false},"EXTENDED_ARG":{".class":"SymbolTableNode","cross_ref":"opcode.EXTENDED_ARG","kind":"Gdef"},"HAVE_ARGUMENT":{".class":"SymbolTableNode","cross_ref":"opcode.HAVE_ARGUMENT","kind":"Gdef"},"IO":{".class":"SymbolTableNode","cross_ref":"typing.IO","kind":"Gdef","module_hidden":true,"module_public":false},"Instruction":{".class":"SymbolTableNode","kind":"Gdef","node":{".class":"TypeInfo","_promote":[],"abstract_attributes":[],"alt_promote":null,"bases":[{".class":"Instance","args":[{".class":"AnyType","missing_import_name":null,"source_any":null,"type_of_any":2}],"type_ref":"builtins.tuple"}],"dataclass_transform_spec":null,"declared_metaclass":null,"defn":{".class":"ClassDef","fullname":"dis.Instruction","name":"Instruction","type_vars":[]},"deletable_attributes":[],"flags":["is_named_tuple"],"fullname":"dis.Instruction","has_param_spec_type":false,"metaclass_type":null,"metadata":{"namedtuple":{"fields":["opname","opcode","arg","argval","argrepr","offset","starts_line","is_jump_target","positions"]}},"module_name":"dis","mro":["dis.Instruction","builtins.tuple","typing.Sequence","typing.Collection","typing.Reversible","typing.Iterable","typing.Container","builtins.object"],"names":{".class":"SymbolTable","_NT":{".class":"SymbolTableNode","kind":"Mdef","node":{".class":"TypeVarExpr","fullname":"dis.Instruction._NT","name":"_NT","upper_bound":{".class":"TupleType","implicit":false,"items":["builtins.str","builtins.int",{".class":"UnionType","items":["builtins.int",{".class":"NoneType"}]},{".class":"AnyType","missing_import_name":null,"source_any":null,"type_of_any":2},"builtins.str","builtins.int",{".class":"UnionType","items":["builtins.int",{".class":"NoneType"}]},"builtins.bool",{".class":"UnionType","items":[{".class":"TypeAliasType","args":[],"type_ref":"dis.Positions"},{".class":"NoneType"}]}],"partial_fallback":{".class":"Instance","args":[{".class":"AnyType","missing_import_name":null,"source_any":null,"type_of_any":2}],"type_ref":"builtins.tuple"}},"values":[],"variance":0}},"__annotations__":{".class":"SymbolTableNode","kind":"Mdef","node":{".class":"Var","flags":["is_initialized_in_class","is_ready"],"fullname":"dis.Instruction.__annotations__","name":"__annotations__","type":{".class":"Instance","args":["builtins.str",{".class":"AnyType","missing_import_name":null,"source_any":null,"type_of_any":6}],"type_ref":"builtins.dict"}}},"__doc__":{".class":"SymbolTableNode","kind":"Mdef","node":{".class":"Var","flags":["is_initialized_in_class","is_ready"],"fullname":"dis.Instruction.__doc__","name":"__doc__","type":"builtins.str"}},"__match_args__":{".class":"SymbolTableNode","kind":"Mdef","node":{".class":"Var","flags":["is_initialized_in_class","is_ready"],"fullname":"dis.Instruction.__match_args__","name":"__match_args__","type":{".class":"TupleType","implicit":false,"items":[{".class":"LiteralType","fallback":"builtins.str","value":"opname"},{".class":"LiteralType","fallback":"builtins.str","value":"opcode"},{".class":"LiteralType","fallback":"builtins.str","value":"arg"},{".class":"LiteralType","fallback":"builtins.str","value":"argval"},{".class":"LiteralType","fallback":"builtins.str","value":"argrepr"},{".class":"LiteralType","fallback":"builtins.str","value":"offset"},{".class":"LiteralType","fallback":"builtins.str","value":"starts_line"},{".class":"LiteralType","fallback":"builtins.str","value":"is_jump_target"},{".class":"LiteralType","fallback":"builtins.str","value":"positions"}],"partial_fallback":{".class":"Instance","args":[{".class":"AnyType","missing_import_name":null,"source_any":null,"type_of_any":6}],"type_ref":"builtins.tuple"}}}},"__new__":{".class":"SymbolTableNode","kind":"Mdef","node":{".class":"FuncDef","abstract_status":0,"arg_kinds":[0,0,0,0,0,0,0,0,0,1],"arg_names":["_cls","opname","opcode","arg","argval","argrepr","offset","starts_line","is_jump_target","positions"],"dataclass_transform_spec":null,"flags":[],"fullname":"dis.Instruction.__new__","name":"__new__","type":{".class":"CallableType","arg_kinds":[0,0,0,0,0,0,0,0,0,1],"arg_names":["_cls","opname","opcode","arg","argval","argrepr","offset","starts_line","is_jump_target","positions"],"arg_types":[{".class":"TypeType","item":{".class":"TypeVarType","fullname":"dis.Instruction._NT","id":-1,"name":"_NT","namespace":"","upper_bound":{".class":"TupleType","implicit":false,"items":["builtins.str","builtins.int",{".class":"UnionType","items":["builtins.int",{".class":"NoneType"}]},{".class":"AnyType","missing_import_name":null,"source_any":null,"type_of_any":2},"builtins.str","builtins.int",{".class":"UnionType","items":["builtins.int",{".class":"NoneType"}]},"builtins.bool",{".class":"UnionType","items":[{".class":"TypeAliasType","args":[],"type_ref":"dis.Positions"},{".class":"NoneType"}]}],"partial_fallback":{".class":"Instance","args":[{".class":"AnyType","missing_import_name":null,"source_any":null,"type_of_any":2}],"type_ref":"builtins.tuple"}},"values":[],"variance":0}},"builtins.str","builtins.int",{".class":"UnionType","items":["builtins.int",{".class":"NoneType"}]},{".class":"AnyType","missing_import_name":null,"source_any":null,"type_of_any":2},"builtins.str","builtins.int",{".class":"UnionType","items":["builtins.int",{".class":"NoneType"}]},"builtins.bool",{".class":"UnionType","items":[{".class":"TypeAliasType","args":[],"type_ref":"dis.Positions"},{".class":"NoneType"}]}],"bound_args":[],"def_extras":{},"fallback":"builtins.function","from_concatenate":false,"implicit":false,"is_ellipsis_args":false,"name":"__new__ of Instruction","ret_type":{".class":"TypeVarType","fullname":"dis.Instruction._NT","id":-1,"name":"_NT","namespace":"","upper_bound":{".class":"TupleType","implicit":false,"items":["builtins.str","builtins.int",{".class":"UnionType","items":["builtins.int",{".class":"NoneType"}]},{".class":"AnyType","missing_import_name":null,"source_any":null,"type_of_any":2},"builtins.str","builtins.int",{".class":"UnionType","items":["builtins.int",{".class":"NoneType"}]},"builtins.bool",{".class":"UnionType","items":[{".class":"TypeAliasType","args":[],"type_ref":"dis.Positions"},{".class":"NoneType"}]}],"partial_fallback":{".class":"Instance","args":[{".class":"AnyType","missing_import_name":null,"source_any":null,"type_of_any":2}],"type_ref":"builtins.tuple"}},"values":[],"variance":0},"type_guard":null,"unpack_kwargs":false,"variables":[{".class":"TypeVarType","fullname":"dis.Instruction._NT","id":-1,"name":"_NT","namespace":"","upper_bound":{".class":"TupleType","implicit":false,"items":["builtins.str","builtins.int",{".class":"UnionType","items":["builtins.int",{".class":"NoneType"}]},{".class":"AnyType","missing_import_name":null,"source_any":null,"type_of_any":2},"builtins.str","builtins.int",{".class":"UnionType","items":["builtins.int",{".class":"NoneType"}]},"builtins.bool",{".class":"UnionType","items":[{".class":"TypeAliasType","args":[],"type_ref":"dis.Positions"},{".class":"NoneType"}]}],"partial_fallback":{".class":"Instance","args":[{".class":"AnyType","missing_import_name":null,"source_any":null,"type_of_any":2}],"type_ref":"builtins.tuple"}},"values":[],"variance":0}]}},"plugin_generated":true},"_asdict":{".class":"SymbolTableNode","kind":"Mdef","node":{".class":"FuncDef","abstract_status":0,"arg_kinds":[0],"arg_names":["_self"],"dataclass_transform_spec":null,"flags":[],"fullname":"dis.Instruction._asdict","name":"_asdict","type":{".class":"CallableType","arg_kinds":[0],"arg_names":["_self"],"arg_types":[{".class":"TypeVarType","fullname":"dis.Instruction._NT","id":-1,"name":"_NT","namespace":"","upper_bound":{".class":"TupleType","implicit":false,"items":["builtins.str","builtins.int",{".class":"UnionType","items":["builtins.int",{".class":"NoneType"}]},{".class":"AnyType","missing_import_name":null,"source_any":null,"type_of_any":2},"builtins.str","builtins.int",{".class":"UnionType","items":["builtins.int",{".class":"NoneType"}]},"builtins.bool",{".class":"UnionType","items":[{".class":"TypeAliasType","args":[],"type_ref":"dis.Positions"},{".class":"NoneType"}]}],"partial_fallback":{".class":"Instance","args":[{".class":"AnyType","missing_import_name":null,"source_any":null,"type_of_any":2}],"type_ref":"builtins.tuple"}},"values":[],"variance":0}],"bound_args":[],"def_extras":{},"fallback":"builtins.function","from_concatenate":false,"implicit":false,"is_ellipsis_args":false,"name":"_asdict of Instruction","ret_type":{".class":"Instance","args":["builtins.str",{".class":"AnyType","missing_import_name":null,"source_any":null,"type_of_any":6}],"type_ref":"builtins.dict"},"type_guard":null,"unpack_kwargs":false,"variables":[{".class":"TypeVarType","fullname":"dis.Instruction._NT","id":-1,"name":"_NT","namespace":"","upper_bound":{".class":"TupleType","implicit":false,"items":["builtins.str","builtins.int",{".class":"UnionType","items":["builtins.int",{".class":"NoneType"}]},{".class":"AnyType","missing_import_name":null,"source_any":null,"type_of_any":2},"builtins.str","builtins.int",{".class":"UnionType","items":["builtins.int",{".class":"NoneType"}]},"builtins.bool",{".class":"UnionType","items":[{".class":"TypeAliasType","args":[],"type_ref":"dis.Positions"},{".class":"NoneType"}]}],"partial_fallback":{".class":"Instance","args":[{".class":"AnyType","missing_import_name":null,"source_any":null,"type_of_any":2}],"type_ref":"builtins.tuple"}},"values":[],"variance":0}]}},"plugin_generated":true},"_field_defaults":{".class":"SymbolTableNode","kind":"Mdef","node":{".class":"Var","flags":["is_initialized_in_class","is_ready"],"fullname":"dis.Instruction._field_defaults","name":"_field_defaults","type":{".class":"Instance","args":["builtins.str",{".class":"AnyType","missing_import_name":null,"source_any":null,"type_of_any":6}],"type_ref":"builtins.dict"}}},"_field_types":{".class":"SymbolTableNode","kind":"Mdef","node":{".class":"Var","flags":["is_initialized_in_class","is_ready"],"fullname":"dis.Instruction._field_types","name":"_field_types","type":{".class":"Instance","args":["builtins.str",{".class":"AnyType","missing_import_name":null,"source_any":null,"type_of_any":6}],"type_ref":"builtins.dict"}}},"_fields":{".class":"SymbolTableNode","kind":"Mdef","node":{".class":"Var","flags":["is_initialized_in_class","is_ready"],"fullname":"dis.Instruction._fields","name":"_fields","type":{".class":"TupleType","implicit":false,"items":["builtins.str","builtins.str","builtins.str","builtins.str","builtins.str","builtins.str","builtins.str","builtins.str","builtins.str"],"partial_fallback":{".class":"Instance","args":[{".class":"AnyType","missing_import_name":null,"source_any":null,"type_of_any":6}],"type_ref":"builtins.tuple"}}}},"_make":{".class":"SymbolTableNode","kind":"Mdef","node":{".class":"Decorator","func":{".class":"FuncDef","abstract_status":0,"arg_kinds":[0,0,5,5],"arg_names":["_cls","iterable","new","len"],"dataclass_transform_spec":null,"flags":["is_class","is_decorated"],"fullname":"dis.Instruction._make","name":"_make","type":{".class":"CallableType","arg_kinds":[0,0,5,5],"arg_names":["_cls","iterable","new","len"],"arg_types":[{".class":"TypeType","item":{".class":"TypeVarType","fullname":"dis.Instruction._NT","id":-1,"name":"_NT","namespace":"","upper_bound":{".class":"TupleType","implicit":false,"items":["builtins.str","builtins.int",{".class":"UnionType","items":["builtins.int",{".class":"NoneType"}]},{".class":"AnyType","missing_import_name":null,"source_any":null,"type_of_any":2},"builtins.str","builtins.int",{".class":"UnionType","items":["builtins.int",{".class":"NoneType"}]},"builtins.bool",{".class":"UnionType","items":[{".class":"TypeAliasType","args":[],"type_ref":"dis.Positions"},{".class":"NoneType"}]}],"partial_fallback":{".class":"Instance","args":[{".class":"AnyType","missing_import_name":null,"source_any":null,"type_of_any":2}],"type_ref":"builtins.tuple"}},"values":[],"variance":0}},{".class":"Instance","args":[{".class":"AnyType","missing_import_name":null,"source_any":null,"type_of_any":6}],"type_ref":"typing.Iterable"},{".class":"AnyType","missing_import_name":null,"source_any":null,"type_of_any":6},{".class":"AnyType","missing_import_name":null,"source_any":null,"type_of_any":6}],"bound_args":[],"def_extras":{},"fallback":"builtins.function","from_concatenate":false,"implicit":false,"is_ellipsis_args":false,"name":"_make of Instruction","ret_type":{".class":"TypeVarType","fullname":"dis.Instruction._NT","id":-1,"name":"_NT","namespace":"","upper_bound":{".class":"TupleType","implicit":false,"items":["builtins.str","builtins.int",{".class":"UnionType","items":["builtins.int",{".class":"NoneType"}]},{".class":"AnyType","missing_import_name":null,"source_any":null,"type_of_any":2},"builtins.str","builtins.int",{".class":"UnionType","items":["builtins.int",{".class":"NoneType"}]},"builtins.bool",{".class":"UnionType","items":[{".class":"TypeAliasType","args":[],"type_ref":"dis.Positions"},{".class":"NoneType"}]}],"partial_fallback":{".class":"Instance","args":[{".class":"AnyType","missing_import_name":null,"source_any":null,"type_of_any":2}],"type_ref":"builtins.tuple"}},"values":[],"variance":0},"type_guard":null,"unpack_kwargs":false,"variables":[{".class":"TypeVarType","fullname":"dis.Instruction._NT","id":-1,"name":"_NT","namespace":"","upper_bound":{".class":"TupleType","implicit":false,"items":["builtins.str","builtins.int",{".class":"UnionType","items":["builtins.int",{".class":"NoneType"}]},{".class":"AnyType","missing_import_name":null,"source_any":null,"type_of_any":2},"builtins.str","builtins.int",{".class":"UnionType","items":["builtins.int",{".class":"NoneType"}]},"builtins.bool",{".class":"UnionType","items":[{".class":"TypeAliasType","args":[],"type_ref":"dis.Positions"},{".class":"NoneType"}]}],"partial_fallback":{".class":"Instance","args":[{".class":"AnyType","missing_import_name":null,"source_any":null,"type_of_any":2}],"type_ref":"builtins.tuple"}},"values":[],"variance":0}]}},"is_overload":false,"var":{".class":"Var","flags":["is_classmethod","is_ready"],"fullname":"dis.Instruction._make","name":"_make","type":{".class":"CallableType","arg_kinds":[0,0,5,5],"arg_names":["_cls","iterable","new","len"],"arg_types":[{".class":"TypeType","item":{".class":"TypeVarType","fullname":"dis.Instruction._NT","id":-1,"name":"_NT","namespace":"","upper_bound":{".class":"TupleType","implicit":false,"items":["builtins.str","builtins.int",{".class":"UnionType","items":["builtins.int",{".class":"NoneType"}]},{".class":"AnyType","missing_import_name":null,"source_any":null,"type_of_any":2},"builtins.str","builtins.int",{".class":"UnionType","items":["builtins.int",{".class":"NoneType"}]},"builtins.bool",{".class":"UnionType","items":[{".class":"TypeAliasType","args":[],"type_ref":"dis.Positions"},{".class":"NoneType"}]}],"partial_fallback":{".class":"Instance","args":[{".class":"AnyType","missing_import_name":null,"source_any":null,"type_of_any":2}],"type_ref":"builtins.tuple"}},"values":[],"variance":0}},{".class":"Instance","args":[{".class":"AnyType","missing_import_name":null,"source_any":null,"type_of_any":6}],"type_ref":"typing.Iterable"},{".class":"AnyType","missing_import_name":null,"source_any":null,"type_of_any":6},{".class":"AnyType","missing_import_name":null,"source_any":null,"type_of_any":6}],"bound_args":[],"def_extras":{},"fallback":"builtins.function","from_concatenate":false,"implicit":false,"is_ellipsis_args":false,"name":"_make of Instruction","ret_type":{".class":"TypeVarType","fullname":"dis.Instruction._NT","id":-1,"name":"_NT","namespace":"","upper_bound":{".class":"TupleType","implicit":false,"items":["builtins.str","builtins.int",{".class":"UnionType","items":["builtins.int",{".class":"NoneType"}]},{".class":"AnyType","missing_import_name":null,"source_any":null,"type_of_any":2},"builtins.str","builtins.int",{".class":"UnionType","items":["builtins.int",{".class":"NoneType"}]},"builtins.bool",{".class":"UnionType","items":[{".class":"TypeAliasType","args":[],"type_ref":"dis.Positions"},{".class":"NoneType"}]}],"partial_fallback":{".class":"Instance","args":[{".class":"AnyType","missing_import_name":null,"source_any":null,"type_of_any":2}],"type_ref":"builtins.tuple"}},"values":[],"variance":0},"type_guard":null,"unpack_kwargs":false,"variables":[{".class":"TypeVarType","fullname":"dis.Instruction._NT","id":-1,"name":"_NT","namespace":"","upper_bound":{".class":"TupleType","implicit":false,"items":["builtins.str","builtins.int",{".class":"UnionType","items":["builtins.int",{".class":"NoneType"}]},{".class":"AnyType","missing_import_name":null,"source_any":null,"type_of_any":2},"builtins.str","builtins.int",{".class":"UnionType","items":["builtins.int",{".class":"NoneType"}]},"builtins.bool",{".class":"UnionType","items":[{".class":"TypeAliasType","args":[],"type_ref":"dis.Positions"},{".class":"NoneType"}]}],"partial_fallback":{".class":"Instance","args":[{".class":"AnyType","missing_import_name":null,"source_any":null,"type_of_any":2}],"type_ref":"builtins.tuple"}},"values":[],"variance":0}]}}},"plugin_generated":true},"_replace":{".class":"SymbolTableNode","kind":"Mdef","node":{".class":"FuncDef","abstract_status":0,"arg_kinds":[0,5,5,5,5,5,5,5,5,5],"arg_names":["_self","opname","opcode","arg","argval","argrepr","offset","starts_line","is_jump_target","positions"],"dataclass_transform_spec":null,"flags":[],"fullname":"dis.Instruction._replace","name":"_replace","type":{".class":"CallableType","arg_kinds":[0,5,5,5,5,5,5,5,5,5],"arg_names":["_self","opname","opcode","arg","argval","argrepr","offset","starts_line","is_jump_target","positions"],"arg_types":[{".class":"TypeVarType","fullname":"dis.Instruction._NT","id":-1,"name":"_NT","namespace":"","upper_bound":{".class":"TupleType","implicit":false,"items":["builtins.str","builtins.int",{".class":"UnionType","items":["builtins.int",{".class":"NoneType"}]},{".class":"AnyType","missing_import_name":null,"source_any":null,"type_of_any":2},"builtins.str","builtins.int",{".class":"UnionType","items":["builtins.int",{".class":"NoneType"}]},"builtins.bool",{".class":"UnionType","items":[{".class":"TypeAliasType","args":[],"type_ref":"dis.Positions"},{".class":"NoneType"}]}],"partial_fallback":{".class":"Instance","args":[{".class":"AnyType","missing_import_name":null,"source_any":null,"type_of_any":2}],"type_ref":"builtins.tuple"}},"values":[],"variance":0},"builtins.str","builtins.int",{".class":"UnionType","items":["builtins.int",{".class":"NoneType"}]},{".class":"AnyType","missing_import_name":null,"source_any":null,"type_of_any":2},"builtins.str","builtins.int",{".class":"UnionType","items":["builtins.int",{".class":"NoneType"}]},"builtins.bool",{".class":"UnionType","items":[{".class":"TypeAliasType","args":[],"type_ref":"dis.Positions"},{".class":"NoneType"}]}],"bound_args":[],"def_extras":{},"fallback":"builtins.function","from_concatenate":false,"implicit":false,"is_ellipsis_args":false,"name":"_replace of Instruction","ret_type":{".class":"TypeVarType","fullname":"dis.Instruction._NT","id":-1,"name":"_NT","namespace":"","upper_bound":{".class":"TupleType","implicit":false,"items":["builtins.str","builtins.int",{".class":"UnionType","items":["builtins.int",{".class":"NoneType"}]},{".class":"AnyType","missing_import_name":null,"source_any":null,"type_of_any":2},"builtins.str","builtins.int",{".class":"UnionType","items":["builtins.int",{".class":"NoneType"}]},"builtins.bool",{".class":"UnionType","items":[{".class":"TypeAliasType","args":[],"type_ref":"dis.Positions"},{".class":"NoneType"}]}],"partial_fallback":{".class":"Instance","args":[{".class":"AnyType","missing_import_name":null,"source_any":null,"type_of_any":2}],"type_ref":"builtins.tuple"}},"values":[],"variance":0},"type_guard":null,"unpack_kwargs":false,"variables":[{".class":"TypeVarType","fullname":"dis.Instruction._NT","id":-1,"name":"_NT","namespace":"","upper_bound":{".class":"TupleType","implicit":false,"items":["builtins.str","builtins.int",{".class":"UnionType","items":["builtins.int",{".class":"NoneType"}]},{".class":"AnyType","missing_import_name":null,"source_any":null,"type_of_any":2},"builtins.str","builtins.int",{".class":"UnionType","items":["builtins.int",{".class":"NoneType"}]},"builtins.bool",{".class":"UnionType","items":[{".class":"TypeAliasType","args":[],"type_ref":"dis.Positions"},{".class":"NoneType"}]}],"partial_fallback":{".class":"Instance","args":[{".class":"AnyType","missing_import_name":null,"source_any":null,"type_of_any":2}],"type_ref":"builtins.tuple"}},"values":[],"variance":0}]}},"plugin_generated":true},"_source":{".class":"SymbolTableNode","kind":"Mdef","node":{".class":"Var","flags":["is_initialized_in_class","is_ready"],"fullname":"dis.Instruction._source","name":"_source","type":"builtins.str"}},"arg":{".class":"SymbolTableNode","kind":"Mdef","node":{".class":"Var","flags":["is_property","is_ready"],"fullname":"dis.Instruction.arg","name":"arg","type":{".class":"UnionType","items":["builtins.int",{".class":"NoneType"}]}}},"arg-redefinition":{".class":"SymbolTableNode","cross_ref":"dis.Instruction.arg","kind":"Mdef"},"argrepr":{".class":"SymbolTableNode","kind":"Mdef","node":{".class":"Var","flags":["is_property","is_ready"],"fullname":"dis.Instruction.argrepr","name":"argrepr","type":"builtins.str"}},"argrepr-redefinition":{".class":"SymbolTableNode","cross_ref":"dis.Instruction.argrepr","kind":"Mdef"},"argval":{".class":"SymbolTableNode","kind":"Mdef","node":{".class":"Var","flags":["is_property","is_ready"],"fullname":"dis.Instruction.argval","name":"argval","type":{".class":"AnyType","missing_import_name":null,"source_any":null,"type_of_any":2}}},"argval-redefinition":{".class":"SymbolTableNode","cross_ref":"dis.Instruction.argval","kind":"Mdef"},"is_jump_target":{".class":"SymbolTableNode","kind":"Mdef","node":{".class":"Var","flags":["is_property","is_ready"],"fullname":"dis.Instruction.is_jump_target","name":"is_jump_target","type":"builtins.bool"}},"is_jump_target-redefinition":{".class":"SymbolTableNode","cross_ref":"dis.Instruction.is_jump_target","kind":"Mdef"},"offset":{".class":"SymbolTableNode","kind":"Mdef","node":{".class":"Var","flags":["is_property","is_ready"],"fullname":"dis.Instruction.offset","name":"offset","type":"builtins.int"}},"offset-redefinition":{".class":"SymbolTableNode","cross_ref":"dis.Instruction.offset","kind":"Mdef"},"opcode":{".class":"SymbolTableNode","kind":"Mdef","node":{".class":"Var","flags":["is_property","is_ready"],"fullname":"dis.Instruction.opcode","name":"opcode","type":"builtins.int"}},"opcode-redefinition":{".class":"SymbolTableNode","cross_ref":"dis.Instruction.opcode","kind":"Mdef"},"opname":{".class":"SymbolTableNode","kind":"Mdef","node":{".class":"Var","flags":["is_property","is_ready"],"fullname":"dis.Instruction.opname","name":"opname","type":"builtins.str"}},"opname-redefinition":{".class":"SymbolTableNode","cross_ref":"dis.Instruction.opname","kind":"Mdef"},"positions":{".class":"SymbolTableNode","kind":"Mdef","node":{".class":"Var","flags":["is_property","is_ready"],"fullname":"dis.Instruction.positions","name":"positions","type":{".class":"UnionType","items":[{".class":"TypeAliasType","args":[],"type_ref":"dis.Positions"},{".class":"NoneType"}]}}},"positions-redefinition":{".class":"SymbolTableNode","cross_ref":"dis.Instruction.positions","kind":"Mdef"},"starts_line":{".class":"SymbolTableNode","kind":"Mdef","node":{".class":"Var","flags":["is_property","is_ready"],"fullname":"dis.Instruction.starts_line","name":"starts_line","type":{".class":"UnionType","items":["builtins.int",{".class":"NoneType"}]}}},"starts_line-redefinition":{".class":"SymbolTableNode","cross_ref":"dis.Instruction.starts_line","kind":"Mdef"}},"self_type":null,"slots":null,"tuple_type":{".class":"TupleType","implicit":false,"items":["builtins.str","builtins.int",{".class":"UnionType","items":["builtins.int",{".class":"NoneType"}]},{".class":"AnyType","missing_import_name":null,"source_any":null,"type_of_any":2},"builtins.str","builtins.int",{".class":"UnionType","items":["builtins.int",{".class":"NoneType"}]},"builtins.bool",{".class":"UnionType","items":[{".class":"TypeAliasType","args":[],"type_ref":"dis.Positions"},{".class":"NoneType"}]}],"partial_fallback":{".class":"Instance","args":[{".class":"AnyType","missing_import_name":null,"source_any":null,"type_of_any":2}],"type_ref":"builtins.tuple"}},"type_vars":[],"typeddict_type":null}},"Iterator":{".class":"SymbolTableNode","cross_ref":"typing.Iterator","kind":"Gdef","module_hidden":true,"module_public":false},"NamedTuple":{".class":"SymbolTableNode","cross_ref":"typing.NamedTuple","kind":"Gdef","module_hidden":true,"module_public":false},"Positions":{".class":"SymbolTableNode","kind":"Gdef","module_public":false,"node":{".class":"TypeInfo","_promote":[],"abstract_attributes":[],"alt_promote":null,"bases":[{".class":"Instance","args":[{".class":"UnionType","items":["builtins.int",{".class":"NoneType"}]}],"type_ref":"builtins.tuple"}],"dataclass_transform_spec":null,"declared_metaclass":null,"defn":{".class":"ClassDef","fullname":"dis.Positions","name":"Positions","type_vars":[]},"deletable_attributes":[],"flags":["is_named_tuple"],"fullname":"dis.Positions","has_param_spec_type":false,"metaclass_type":null,"metadata":{"namedtuple":{"fields":["lineno","end_lineno","col_offset","end_col_offset"]}},"module_name":"dis","mro":["dis.Positions","builtins.tuple","typing.Sequence","typing.Collection","typing.Reversible","typing.Iterable","typing.Container","builtins.object"],"names":{".class":"SymbolTable","_NT":{".class":"SymbolTableNode","kind":"Mdef","node":{".class":"TypeVarExpr","fullname":"dis.Positions._NT","name":"_NT","upper_bound":{".class":"TupleType","implicit":false,"items":[{".class":"UnionType","items":["builtins.int",{".class":"NoneType"}]},{".class":"UnionType","items":["builtins.int",{".class":"NoneType"}]},{".class":"UnionType","items":["builtins.int",{".class":"NoneType"}]},{".class":"UnionType","items":["builtins.int",{".class":"NoneType"}]}],"partial_fallback":{".class":"Instance","args":[{".class":"UnionType","items":["builtins.int",{".class":"NoneType"}]}],"type_ref":"builtins.tuple"}},"values":[],"variance":0}},"__annotations__":{".class":"SymbolTableNode","kind":"Mdef","node":{".class":"Var","flags":["is_initialized_in_class","is_ready"],"fullname":"dis.Positions.__annotations__","name":"__annotations__","type":{".class":"Instance","args":["builtins.str",{".class":"AnyType","missing_import_name":null,"source_any":null,"type_of_any":6}],"type_ref":"builtins.dict"}}},"__doc__":{".class":"SymbolTableNode","kind":"Mdef","node":{".class":"Var","flags":["is_initialized_in_class","is_ready"],"fullname":"dis.Positions.__doc__","name":"__doc__","type":"builtins.str"}},"__match_args__":{".class":"SymbolTableNode","kind":"Mdef","node":{".class":"Var","flags":["is_initialized_in_class","is_ready"],"fullname":"dis.Positions.__match_args__","name":"__match_args__","type":{".class":"TupleType","implicit":false,"items":[{".class":"LiteralType","fallback":"builtins.str","value":"lineno"},{".class":"LiteralType","fallback":"builtins.str","value":"end_lineno"},{".class":"LiteralType","fallback":"builtins.str","value":"col_offset"},{".class":"LiteralType","fallback":"builtins.str","value":"end_col_offset"}],"partial_fallback":{".class":"Instance","args":[{".class":"AnyType","missing_import_name":null,"source_any":null,"type_of_any":6}],"type_ref":"builtins.tuple"}}}},"__new__":{".class":"SymbolTableNode","kind":"Mdef","node":{".class":"FuncDef","abstract_status":0,"arg_kinds":[0,1,1,1,1],"arg_names":["_cls","lineno","end_lineno","col_offset","end_col_offset"],"dataclass_transform_spec":null,"flags":[],"fullname":"dis.Positions.__new__","name":"__new__","type":{".class":"CallableType","arg_kinds":[0,1,1,1,1],"arg_names":["_cls","lineno","end_lineno","col_offset","end_col_offset"],"arg_types":[{".class":"TypeType","item":{".class":"TypeVarType","fullname":"dis.Positions._NT","id":-1,"name":"_NT","namespace":"","upper_bound":{".class":"TupleType","implicit":false,"items":[{".class":"UnionType","items":["builtins.int",{".class":"NoneType"}]},{".class":"UnionType","items":["builtins.int",{".class":"NoneType"}]},{".class":"UnionType","items":["builtins.int",{".class":"NoneType"}]},{".class":"UnionType","items":["builtins.int",{".class":"NoneType"}]}],"partial_fallback":{".class":"Instance","args":[{".class":"UnionType","items":["builtins.int",{".class":"NoneType"}]}],"type_ref":"builtins.tuple"}},"values":[],"variance":0}},{".class":"UnionType","items":["builtins.int",{".class":"NoneType"}]},{".class":"UnionType","items":["builtins.int",{".class":"NoneType"}]},{".class":"UnionType","items":["builtins.int",{".class":"NoneType"}]},{".class":"UnionType","items":["builtins.int",{".class":"NoneType"}]}],"bound_args":[],"def_extras":{},"fallback":"builtins.function","from_concatenate":false,"implicit":false,"is_ellipsis_args":false,"name":"__new__ of Positions","ret_type":{".class":"TypeVarType","fullname":"dis.Positions._NT","id":-1,"name":"_NT","namespace":"","upper_bound":{".class":"TupleType","implicit":false,"items":[{".class":"UnionType","items":["builtins.int",{".class":"NoneType"}]},{".class":"UnionType","items":["builtins.int",{".class":"NoneType"}]},{".class":"UnionType","items":["builtins.int",{".class":"NoneType"}]},{".class":"UnionType","items":["builtins.int",{".class":"NoneType"}]}],"partial_fallback":{".class":"Instance","args":[{".class":"UnionType","items":["builtins.int",{".class":"NoneType"}]}],"type_ref":"builtins.tuple"}},"values":[],"variance":0},"type_guard":null,"unpack_kwargs":false,"variables":[{".class":"TypeVarType","fullname":"dis.Positions._NT","id":-1,"name":"_NT","namespace":"","upper_bound":{".class":"TupleType","implicit":false,"items":[{".class":"UnionType","items":["builtins.int",{".class":"NoneType"}]},{".class":"UnionType","items":["builtins.int",{".class":"NoneType"}]},{".class":"UnionType","items":["builtins.int",{".class":"NoneType"}]},{".class":"UnionType","items":["builtins.int",{".class":"NoneType"}]}],"partial_fallback":{".class":"Instance","args":[{".class":"UnionType","items":["builtins.int",{".class":"NoneType"}]}],"type_ref":"builtins.tuple"}},"values":[],"variance":0}]}},"plugin_generated":true},"_asdict":{".class":"SymbolTableNode","kind":"Mdef","node":{".class":"FuncDef","abstract_status":0,"arg_kinds":[0],"arg_names":["_self"],"dataclass_transform_spec":null,"flags":[],"fullname":"dis.Positions._asdict","name":"_asdict","type":{".class":"CallableType","arg_kinds":[0],"arg_names":["_self"],"arg_types":[{".class":"TypeVarType","fullname":"dis.Positions._NT","id":-1,"name":"_NT","namespace":"","upper_bound":{".class":"TupleType","implicit":false,"items":[{".class":"UnionType","items":["builtins.int",{".class":"NoneType"}]},{".class":"UnionType","items":["builtins.int",{".class":"NoneType"}]},{".class":"UnionType","items":["builtins.int",{".class":"NoneType"}]},{".class":"UnionType","items":["builtins.int",{".class":"NoneType"}]}],"partial_fallback":{".class":"Instance","args":[{".class":"UnionType","items":["builtins.int",{".class":"NoneType"}]}],"type_ref":"builtins.tuple"}},"values":[],"variance":0}],"bound_args":[],"def_extras":{},"fallback":"builtins.function","from_concatenate":false,"implicit":false,"is_ellipsis_args":false,"name":"_asdict of Positions","ret_type":{".class":"Instance","args":["builtins.str",{".class":"AnyType","missing_import_name":null,"source_any":null,"type_of_any":6}],"type_ref":"builtins.dict"},"type_guard":null,"unpack_kwargs":false,"variables":[{".class":"TypeVarType","fullname":"dis.Positions._NT","id":-1,"name":"_NT","namespace":"","upper_bound":{".class":"TupleType","implicit":false,"items":[{".class":"UnionType","items":["builtins.int",{".class":"NoneType"}]},{".class":"UnionType","items":["builtins.int",{".class":"NoneType"}]},{".class":"UnionType","items":["builtins.int",{".class":"NoneType"}]},{".class":"UnionType","items":["builtins.int",{".class":"NoneType"}]}],"partial_fallback":{".class":"Instance","args":[{".class":"UnionType","items":["builtins.int",{".class":"NoneType"}]}],"type_ref":"builtins.tuple"}},"values":[],"variance":0}]}},"plugin_generated":true},"_field_defaults":{".class":"SymbolTableNode","kind":"Mdef","node":{".class":"Var","flags":["is_initialized_in_class","is_ready"],"fullname":"dis.Positions._field_defaults","name":"_field_defaults","type":{".class":"Instance","args":["builtins.str",{".class":"AnyType","missing_import_name":null,"source_any":null,"type_of_any":6}],"type_ref":"builtins.dict"}}},"_field_types":{".class":"SymbolTableNode","kind":"Mdef","node":{".class":"Var","flags":["is_initialized_in_class","is_ready"],"fullname":"dis.Positions._field_types","name":"_field_types","type":{".class":"Instance","args":["builtins.str",{".class":"AnyType","missing_import_name":null,"source_any":null,"type_of_any":6}],"type_ref":"builtins.dict"}}},"_fields":{".class":"SymbolTableNode","kind":"Mdef","node":{".class":"Var","flags":["is_initialized_in_class","is_ready"],"fullname":"dis.Positions._fields","name":"_fields","type":{".class":"TupleType","implicit":false,"items":["builtins.str","builtins.str","builtins.str","builtins.str"],"partial_fallback":{".class":"Instance","args":[{".class":"AnyType","missing_import_name":null,"source_any":null,"type_of_any":6}],"type_ref":"builtins.tuple"}}}},"_make":{".class":"SymbolTableNode","kind":"Mdef","node":{".class":"Decorator","func":{".class":"FuncDef","abstract_status":0,"arg_kinds":[0,0,5,5],"arg_names":["_cls","iterable","new","len"],"dataclass_transform_spec":null,"flags":["is_class","is_decorated"],"fullname":"dis.Positions._make","name":"_make","type":{".class":"CallableType","arg_kinds":[0,0,5,5],"arg_names":["_cls","iterable","new","len"],"arg_types":[{".class":"TypeType","item":{".class":"TypeVarType","fullname":"dis.Positions._NT","id":-1,"name":"_NT","namespace":"","upper_bound":{".class":"TupleType","implicit":false,"items":[{".class":"UnionType","items":["builtins.int",{".class":"NoneType"}]},{".class":"UnionType","items":["builtins.int",{".class":"NoneType"}]},{".class":"UnionType","items":["builtins.int",{".class":"NoneType"}]},{".class":"UnionType","items":["builtins.int",{".class":"NoneType"}]}],"partial_fallback":{".class":"Instance","args":[{".class":"UnionType","items":["builtins.int",{".class":"NoneType"}]}],"type_ref":"builtins.tuple"}},"values":[],"variance":0}},{".class":"Instance","args":[{".class":"AnyType","missing_import_name":null,"source_any":null,"type_of_any":6}],"type_ref":"typing.Iterable"},{".class":"AnyType","missing_import_name":null,"source_any":null,"type_of_any":6},{".class":"AnyType","missing_import_name":null,"source_any":null,"type_of_any":6}],"bound_args":[],"def_extras":{},"fallback":"builtins.function","from_concatenate":false,"implicit":false,"is_ellipsis_args":false,"name":"_make of Positions","ret_type":{".class":"TypeVarType","fullname":"dis.Positions._NT","id":-1,"name":"_NT","namespace":"","upper_bound":{".class":"TupleType","implicit":false,"items":[{".class":"UnionType","items":["builtins.int",{".class":"NoneType"}]},{".class":"UnionType","items":["builtins.int",{".class":"NoneType"}]},{".class":"UnionType","items":["builtins.int",{".class":"NoneType"}]},{".class":"UnionType","items":["builtins.int",{".class":"NoneType"}]}],"partial_fallback":{".class":"Instance","args":[{".class":"UnionType","items":["builtins.int",{".class":"NoneType"}]}],"type_ref":"builtins.tuple"}},"values":[],"variance":0},"type_guard":null,"unpack_kwargs":false,"variables":[{".class":"TypeVarType","fullname":"dis.Positions._NT","id":-1,"name":"_NT","namespace":"","upper_bound":{".class":"TupleType","implicit":false,"items":[{".class":"UnionType","items":["builtins.int",{".class":"NoneType"}]},{".class":"UnionType","items":["builtins.int",{".class":"NoneType"}]},{".class":"UnionType","items":["builtins.int",{".class":"NoneType"}]},{".class":"UnionType","items":["builtins.int",{".class":"NoneType"}]}],"partial_fallback":{".class":"Instance","args":[{".class":"UnionType","items":["builtins.int",{".class":"NoneType"}]}],"type_ref":"builtins.tuple"}},"values":[],"variance":0}]}},"is_overload":false,"var":{".class":"Var","flags":["is_classmethod","is_ready"],"fullname":"dis.Positions._make","name":"_make","type":{".class":"CallableType","arg_kinds":[0,0,5,5],"arg_names":["_cls","iterable","new","len"],"arg_types":[{".class":"TypeType","item":{".class":"TypeVarType","fullname":"dis.Positions._NT","id":-1,"name":"_NT","namespace":"","upper_bound":{".class":"TupleType","implicit":false,"items":[{".class":"UnionType","items":["builtins.int",{".class":"NoneType"}]},{".class":"UnionType","items":["builtins.int",{".class":"NoneType"}]},{".class":"UnionType","items":["builtins.int",{".class":"NoneType"}]},{".class":"UnionType","items":["builtins.int",{".class":"NoneType"}]}],"partial_fallback":{".class":"Instance","args":[{".class":"UnionType","items":["builtins.int",{".class":"NoneType"}]}],"type_ref":"builtins.tuple"}},"values":[],"variance":0}},{".class":"Instance","args":[{".class":"AnyType","missing_import_name":null,"source_any":null,"type_of_any":6}],"type_ref":"typing.Iterable"},{".class":"AnyType","missing_import_name":null,"source_any":null,"type_of_any":6},{".class":"AnyType","missing_import_name":null,"source_any":null,"type_of_any":6}],"bound_args":[],"def_extras":{},"fallback":"builtins.function","from_concatenate":false,"implicit":false,"is_ellipsis_args":false,"name":"_make of Positions","ret_type":{".class":"TypeVarType","fullname":"dis.Positions._NT","id":-1,"name":"_NT","namespace":"","upper_bound":{".class":"TupleType","implicit":false,"items":[{".class":"UnionType","items":["builtins.int",{".class":"NoneType"}]},{".class":"UnionType","items":["builtins.int",{".class":"NoneType"}]},{".class":"UnionType","items":["builtins.int",{".class":"NoneType"}]},{".class":"UnionType","items":["builtins.int",{".class":"NoneType"}]}],"partial_fallback":{".class":"Instance","args":[{".class":"UnionType","items":["builtins.int",{".class":"NoneType"}]}],"type_ref":"builtins.tuple"}},"values":[],"variance":0},"type_guard":null,"unpack_kwargs":false,"variables":[{".class":"TypeVarType","fullname":"dis.Positions._NT","id":-1,"name":"_NT","namespace":"","upper_bound":{".class":"TupleType","implicit":false,"items":[{".class":"UnionType","items":["builtins.int",{".class":"NoneType"}]},{".class":"UnionType","items":["builtins.int",{".class":"NoneType"}]},{".class":"UnionType","items":["builtins.int",{".class":"NoneType"}]},{".class":"UnionType","items":["builtins.int",{".class":"NoneType"}]}],"partial_fallback":{".class":"Instance","args":[{".class":"UnionType","items":["builtins.int",{".class":"NoneType"}]}],"type_ref":"builtins.tuple"}},"values":[],"variance":0}]}}},"plugin_generated":true},"_replace":{".class":"SymbolTableNode","kind":"Mdef","node":{".class":"FuncDef","abstract_status":0,"arg_kinds":[0,5,5,5,5],"arg_names":["_self","lineno","end_lineno","col_offset","end_col_offset"],"dataclass_transform_spec":null,"flags":[],"fullname":"dis.Positions._replace","name":"_replace","type":{".class":"CallableType","arg_kinds":[0,5,5,5,5],"arg_names":["_self","lineno","end_lineno","col_offset","end_col_offset"],"arg_types":[{".class":"TypeVarType","fullname":"dis.Positions._NT","id":-1,"name":"_NT","namespace":"","upper_bound":{".class":"TupleType","implicit":false,"items":[{".class":"UnionType","items":["builtins.int",{".class":"NoneType"}]},{".class":"UnionType","items":["builtins.int",{".class":"NoneType"}]},{".class":"UnionType","items":["builtins.int",{".class":"NoneType"}]},{".class":"UnionType","items":["builtins.int",{".class":"NoneType"}]}],"partial_fallback":{".class":"Instance","args":[{".class":"UnionType","items":["builtins.int",{".class":"NoneType"}]}],"type_ref":"builtins.tuple"}},"values":[],"variance":0},{".class":"UnionType","items":["builtins.int",{".class":"NoneType"}]},{".class":"UnionType","items":["builtins.int",{".class":"NoneType"}]},{".class":"UnionType","items":["builtins.int",{".class":"NoneType"}]},{".class":"UnionType","items":["builtins.int",{".class":"NoneType"}]}],"bound_args":[],"def_extras":{},"fallback":"builtins.function","from_concatenate":false,"implicit":false,"is_ellipsis_args":false,"name":"_replace of Positions","ret_type":{".class":"TypeVarType","fullname":"dis.Positions._NT","id":-1,"name":"_NT","namespace":"","upper_bound":{".class":"TupleType","implicit":false,"items":[{".class":"UnionType","items":["builtins.int",{".class":"NoneType"}]},{".class":"UnionType","items":["builtins.int",{".class":"NoneType"}]},{".class":"UnionType","items":["builtins.int",{".class":"NoneType"}]},{".class":"UnionType","items":["builtins.int",{".class":"NoneType"}]}],"partial_fallback":{".class":"Instance","args":[{".class":"UnionType","items":["builtins.int",{".class":"NoneType"}]}],"type_ref":"builtins.tuple"}},"values":[],"variance":0},"type_guard":null,"unpack_kwargs":false,"variables":[{".class":"TypeVarType","fullname":"dis.Positions._NT","id":-1,"name":"_NT","namespace":"","upper_bound":{".class":"TupleType","implicit":false,"items":[{".class":"UnionType","items":["builtins.int",{".class":"NoneType"}]},{".class":"UnionType","items":["builtins.int",{".class":"NoneType"}]},{".class":"UnionType","items":["builtins.int",{".class":"NoneType"}]},{".class":"UnionType","items":["builtins.int",{".class":"NoneType"}]}],"partial_fallback":{".class":"Instance","args":[{".class":"UnionType","items":["builtins.int",{".class":"NoneType"}]}],"type_ref":"builtins.tuple"}},"values":[],"variance":0}]}},"plugin_generated":true},"_source":{".class":"SymbolTableNode","kind":"Mdef","node":{".class":"Var","flags":["is_initialized_in_class","is_ready"],"fullname":"dis.Positions._source","name":"_source","type":"builtins.str"}},"col_offset":{".class":"SymbolTableNode","kind":"Mdef","node":{".class":"Var","flags":["is_property","is_ready"],"fullname":"dis.Positions.col_offset","name":"col_offset","type":{".class":"UnionType","items":["builtins.int",{".class":"NoneType"}]}}},"col_offset-redefinition":{".class":"SymbolTableNode","cross_ref":"dis.Positions.col_offset","kind":"Mdef"},"end_col_offset":{".class":"SymbolTableNode","kind":"Mdef","node":{".class":"Var","flags":["is_property","is_ready"],"fullname":"dis.Positions.end_col_offset","name":"end_col_offset","type":{".class":"UnionType","items":["builtins.int",{".class":"NoneType"}]}}},"end_col_offset-redefinition":{".class":"SymbolTableNode","cross_ref":"dis.Positions.end_col_offset","kind":"Mdef"},"end_lineno":{".class":"SymbolTableNode","kind":"Mdef","node":{".class":"Var","flags":["is_property","is_ready"],"fullname":"dis.Positions.end_lineno","name":"end_lineno","type":{".class":"UnionType","items":["builtins.int",{".class":"NoneType"}]}}},"end_lineno-redefinition":{".class":"SymbolTableNode","cross_ref":"dis.Positions.end_lineno","kind":"Mdef"},"lineno":{".class":"SymbolTableNode","kind":"Mdef","node":{".class":"Var","flags":["is_property","is_ready"],"fullname":"dis.Positions.lineno","name":"lineno","type":{".class":"UnionType","items":["builtins.int",{".class":"NoneType"}]}}},"lineno-redefinition":{".class":"SymbolTableNode","cross_ref":"dis.Positions.lineno","kind":"Mdef"}},"self_type":null,"slots":null,"tuple_type":{".class":"TupleType","implicit":false,"items":[{".class":"UnionType","items":["builtins.int",{".class":"NoneType"}]},{".class":"UnionType","items":["builtins.int",{".class":"NoneType"}]},{".class":"UnionType","items":["builtins.int",{".class":"NoneType"}]},{".class":"UnionType","items":["builtins.int",{".class":"NoneType"}]}],"partial_fallback":{".class":"Instance","args":[{".class":"UnionType","items":["builtins.int",{".class":"NoneType"}]}],"type_ref":"builtins.tuple"}},"type_vars":[],"typeddict_type":null}},"Self":{".class":"SymbolTableNode","cross_ref":"typing.Self","kind":"Gdef","module_hidden":true,"module_public":false},"TypeAlias":{".class":"SymbolTableNode","cross_ref":"typing.TypeAlias","kind":"Gdef","module_hidden":true,"module_public":false},"_HaveCodeType":{".class":"SymbolTableNode","kind":"Gdef","module_public":false,"node":{".class":"TypeAlias","alias_tvars":[],"column":0,"fullname":"dis._HaveCodeType","line":38,"no_args":false,"normalized":false,"target":{".class":"UnionType","items":["types.MethodType","types.FunctionType","types.CodeType","builtins.type",{".class":"CallableType","arg_kinds":[2,4],"arg_names":[null,null],"arg_types":[{".class":"AnyType","missing_import_name":null,"source_any":null,"type_of_any":6},{".class":"AnyType","missing_import_name":null,"source_any":null,"type_of_any":6}],"bound_args":[],"def_extras":{},"fallback":"builtins.function","from_concatenate":false,"implicit":false,"is_ellipsis_args":true,"name":null,"ret_type":{".class":"AnyType","missing_import_name":null,"source_any":null,"type_of_any":6},"type_guard":null,"unpack_kwargs":false,"variables":[]}]}}},"__all__":{".class":"SymbolTableNode","kind":"Gdef","module_public":false,"node":{".class":"Var","flags":["is_inferred","has_explicit_value"],"fullname":"dis.__all__","name":"__all__","type":{".class":"Instance","args":["builtins.str"],"type_ref":"builtins.list"}}},"__annotations__":{".class":"SymbolTableNode","kind":"Gdef","module_public":false,"node":{".class":"Var","flags":["is_ready"],"fullname":"dis.__annotations__","name":"__annotations__","type":{".class":"Instance","args":["builtins.str",{".class":"AnyType","missing_import_name":null,"source_any":null,"type_of_any":6}],"type_ref":"builtins.dict"}}},"__doc__":{".class":"SymbolTableNode","kind":"Gdef","module_public":false,"node":{".class":"Var","flags":["is_ready"],"fullname":"dis.__doc__","name":"__doc__","type":"builtins.str"}},"__file__":{".class":"SymbolTableNode","kind":"Gdef","module_public":false,"node":{".class":"Var","flags":["is_ready"],"fullname":"dis.__file__","name":"__file__","type":"builtins.str"}},"__name__":{".class":"SymbolTableNode","kind":"Gdef","module_public":false,"node":{".class":"Var","flags":["is_ready"],"fullname":"dis.__name__","name":"__name__","type":"builtins.str"}},"__package__":{".class":"SymbolTableNode","kind":"Gdef","module_public":false,"node":{".class":"Var","flags":["is_ready"],"fullname":"dis.__package__","name":"__package__","type":"builtins.str"}},"cmp_op":{".class":"SymbolTableNode","cross_ref":"opcode.cmp_op","kind":"Gdef"},"code_info":{".class":"SymbolTableNode","kind":"Gdef","node":{".class":"FuncDef","abstract_status":0,"arg_kinds":[0],"arg_names":["x"],"dataclass_transform_spec":null,"flags":[],"fullname":"dis.code_info","name":"code_info","type":{".class":"CallableType","arg_kinds":[0],"arg_names":["x"],"arg_types":[{".class":"UnionType","items":[{".class":"TypeAliasType","args":[],"type_ref":"dis._HaveCodeType"},"builtins.str"]}],"bound_args":[],"def_extras":{"first_arg":null},"fallback":"builtins.function","from_concatenate":false,"implicit":false,"is_ellipsis_args":false,"name":"code_info","ret_type":"builtins.str","type_guard":null,"unpack_kwargs":false,"variables":[]}}},"dis":{".class":"SymbolTableNode","kind":"Gdef","node":{".class":"FuncDef","abstract_status":0,"arg_kinds":[1,5,5,5,5],"arg_names":["x","file","depth","show_caches","adaptive"],"dataclass_transform_spec":null,"flags":[],"fullname":"dis.dis","name":"dis","type":{".class":"CallableType","arg_kinds":[1,5,5,5,5],"arg_names":["x","file","depth","show_caches","adaptive"],"arg_types":[{".class":"UnionType","items":[{".class":"TypeAliasType","args":[],"type_ref":"dis._HaveCodeType"},"builtins.str","builtins.bytes","builtins.bytearray",{".class":"NoneType"}]},{".class":"UnionType","items":[{".class":"Instance","args":["builtins.str"],"type_ref":"typing.IO"},{".class":"NoneType"}]},{".class":"UnionType","items":["builtins.int",{".class":"NoneType"}]},"builtins.bool","builtins.bool"],"bound_args":[],"def_extras":{"first_arg":null},"fallback":"builtins.function","from_concatenate":false,"implicit":false,"is_ellipsis_args":false,"name":"dis","ret_type":{".class":"NoneType"},"type_guard":null,"unpack_kwargs":false,"variables":[]}}},"disassemble":{".class":"SymbolTableNode","kind":"Gdef","node":{".class":"FuncDef","abstract_status":0,"arg_kinds":[0,1,5,5,5],"arg_names":["co","lasti","file","show_caches","adaptive"],"dataclass_transform_spec":null,"flags":[],"fullname":"dis.disassemble","name":"disassemble","type":{".class":"CallableType","arg_kinds":[0,1,5,5,5],"arg_names":["co","lasti","file","show_caches","adaptive"],"arg_types":[{".class":"TypeAliasType","args":[],"type_ref":"dis._HaveCodeType"},"builtins.int",{".class":"UnionType","items":[{".class":"Instance","args":["builtins.str"],"type_ref":"typing.IO"},{".class":"NoneType"}]},"builtins.bool","builtins.bool"],"bound_args":[],"def_extras":{"first_arg":null},"fallback":"builtins.function","from_concatenate":false,"implicit":false,"is_ellipsis_args":false,"name":"disassemble","ret_type":{".class":"NoneType"},"type_guard":null,"unpack_kwargs":false,"variables":[]}}},"disco":{".class":"SymbolTableNode","kind":"Gdef","node":{".class":"FuncDef","abstract_status":0,"arg_kinds":[0,1,5,5,5],"arg_names":["co","lasti","file","show_caches","adaptive"],"dataclass_transform_spec":null,"flags":[],"fullname":"dis.disco","name":"disco","type":{".class":"CallableType","arg_kinds":[0,1,5,5,5],"arg_names":["co","lasti","file","show_caches","adaptive"],"arg_types":[{".class":"TypeAliasType","args":[],"type_ref":"dis._HaveCodeType"},"builtins.int",{".class":"UnionType","items":[{".class":"Instance","args":["builtins.str"],"type_ref":"typing.IO"},{".class":"NoneType"}]},"builtins.bool","builtins.bool"],"bound_args":[],"def_extras":{"first_arg":null},"fallback":"builtins.function","from_concatenate":false,"implicit":false,"is_ellipsis_args":false,"name":"disco","ret_type":{".class":"NoneType"},"type_guard":null,"unpack_kwargs":false,"variables":[]}}},"distb":{".class":"SymbolTableNode","kind":"Gdef","node":{".class":"FuncDef","abstract_status":0,"arg_kinds":[1,5,5,5],"arg_names":["tb","file","show_caches","adaptive"],"dataclass_transform_spec":null,"flags":[],"fullname":"dis.distb","name":"distb","type":{".class":"CallableType","arg_kinds":[1,5,5,5],"arg_names":["tb","file","show_caches","adaptive"],"arg_types":[{".class":"UnionType","items":["types.TracebackType",{".class":"NoneType"}]},{".class":"UnionType","items":[{".class":"Instance","args":["builtins.str"],"type_ref":"typing.IO"},{".class":"NoneType"}]},"builtins.bool","builtins.bool"],"bound_args":[],"def_extras":{"first_arg":null},"fallback":"builtins.function","from_concatenate":false,"implicit":false,"is_ellipsis_args":false,"name":"distb","ret_type":{".class":"NoneType"},"type_guard":null,"unpack_kwargs":false,"variables":[]}}},"findlabels":{".class":"SymbolTableNode","kind":"Gdef","node":{".class":"FuncDef","abstract_status":0,"arg_kinds":[0],"arg_names":["code"],"dataclass_transform_spec":null,"flags":[],"fullname":"dis.findlabels","name":"findlabels","type":{".class":"CallableType","arg_kinds":[0],"arg_names":["code"],"arg_types":[{".class":"TypeAliasType","args":[],"type_ref":"dis._HaveCodeType"}],"bound_args":[],"def_extras":{"first_arg":null},"fallback":"builtins.function","from_concatenate":false,"implicit":false,"is_ellipsis_args":false,"name":"findlabels","ret_type":{".class":"Instance","args":["builtins.int"],"type_ref":"builtins.list"},"type_guard":null,"unpack_kwargs":false,"variables":[]}}},"findlinestarts":{".class":"SymbolTableNode","kind":"Gdef","node":{".class":"FuncDef","abstract_status":0,"arg_kinds":[0],"arg_names":["code"],"dataclass_transform_spec":null,"flags":[],"fullname":"dis.findlinestarts","name":"findlinestarts","type":{".class":"CallableType","arg_kinds":[0],"arg_names":["code"],"arg_types":[{".class":"TypeAliasType","args":[],"type_ref":"dis._HaveCodeType"}],"bound_args":[],"def_extras":{"first_arg":null},"fallback":"builtins.function","from_concatenate":false,"implicit":false,"is_ellipsis_args":false,"name":"findlinestarts","ret_type":{".class":"Instance","args":[{".class":"TupleType","implicit":false,"items":["builtins.int","builtins.int"],"partial_fallback":{".class":"Instance","args":[{".class":"AnyType","missing_import_name":null,"source_any":null,"type_of_any":6}],"type_ref":"builtins.tuple"}}],"type_ref":"typing.Iterator"},"type_guard":null,"unpack_kwargs":false,"variables":[]}}},"get_instructions":{".class":"SymbolTableNode","kind":"Gdef","node":{".class":"FuncDef","abstract_status":0,"arg_kinds":[0,5,5,5],"arg_names":["x","first_line","show_caches","adaptive"],"dataclass_transform_spec":null,"flags":[],"fullname":"dis.get_instructions","name":"get_instructions","type":{".class":"CallableType","arg_kinds":[0,5,5,5],"arg_names":["x","first_line","show_caches","adaptive"],"arg_types":[{".class":"TypeAliasType","args":[],"type_ref":"dis._HaveCodeType"},{".class":"UnionType","items":["builtins.int",{".class":"NoneType"}]},"builtins.bool","builtins.bool"],"bound_args":[],"def_extras":{"first_arg":null},"fallback":"builtins.function","from_concatenate":false,"implicit":false,"is_ellipsis_args":false,"name":"get_instructions","ret_type":{".class":"Instance","args":[{".class":"TypeAliasType","args":[],"type_ref":"dis.Instruction"}],"type_ref":"typing.Iterator"},"type_guard":null,"unpack_kwargs":false,"variables":[]}}},"hascompare":{".class":"SymbolTableNode","cross_ref":"opcode.hascompare","kind":"Gdef"},"hasconst":{".class":"SymbolTableNode","cross_ref":"opcode.hasconst","kind":"Gdef"},"hasfree":{".class":"SymbolTableNode","cross_ref":"opcode.hasfree","kind":"Gdef"},"hasjabs":{".class":"SymbolTableNode","cross_ref":"opcode.hasjabs","kind":"Gdef"},"hasjrel":{".class":"SymbolTableNode","cross_ref":"opcode.hasjrel","kind":"Gdef"},"haslocal":{".class":"SymbolTableNode","cross_ref":"opcode.haslocal","kind":"Gdef"},"hasname":{".class":"SymbolTableNode","cross_ref":"opcode.hasname","kind":"Gdef"},"hasnargs":{".class":"SymbolTableNode","cross_ref":"opcode.hasnargs","kind":"Gdef"},"opmap":{".class":"SymbolTableNode","cross_ref":"opcode.opmap","kind":"Gdef"},"opname":{".class":"SymbolTableNode","cross_ref":"opcode.opname","kind":"Gdef"},"pretty_flags":{".class":"SymbolTableNode","kind":"Gdef","module_public":false,"node":{".class":"FuncDef","abstract_status":0,"arg_kinds":[0],"arg_names":["flags"],"dataclass_transform_spec":null,"flags":[],"fullname":"dis.pretty_flags","name":"pretty_flags","type":{".class":"CallableType","arg_kinds":[0],"arg_names":["flags"],"arg_types":["builtins.int"],"bound_args":[],"def_extras":{"first_arg":null},"fallback":"builtins.function","from_concatenate":false,"implicit":false,"is_ellipsis_args":false,"name":"pretty_flags","ret_type":"builtins.str","type_guard":null,"unpack_kwargs":false,"variables":[]}}},"show_code":{".class":"SymbolTableNode","kind":"Gdef","node":{".class":"FuncDef","abstract_status":0,"arg_kinds":[0,5],"arg_names":["co","file"],"dataclass_transform_spec":null,"flags":[],"fullname":"dis.show_code","name":"show_code","type":{".class":"CallableType","arg_kinds":[0,5],"arg_names":["co","file"],"arg_types":[{".class":"TypeAliasType","args":[],"type_ref":"dis._HaveCodeType"},{".class":"UnionType","items":[{".class":"Instance","args":["builtins.str"],"type_ref":"typing.IO"},{".class":"NoneType"}]}],"bound_args":[],"def_extras":{"first_arg":null},"fallback":"builtins.function","from_concatenate":false,"implicit":false,"is_ellipsis_args":false,"name":"show_code","ret_type":{".class":"NoneType"},"type_guard":null,"unpack_kwargs":false,"variables":[]}}},"stack_effect":{".class":"SymbolTableNode","cross_ref":"opcode.stack_effect","kind":"Gdef"},"sys":{".class":"SymbolTableNode","cross_ref":"sys","kind":"Gdef","module_hidden":true,"module_public":false},"types":{".class":"SymbolTableNode","cross_ref":"types","kind":"Gdef","module_hidden":true,"module_public":false}},"path":"C:\\Users\\Vasilis\\AppData\\Local\\Programs\\Python\\Python313\\Lib\\site-packages\\mypy\\typeshed\\stdlib\\dis.pyi"}