{"data_mtime":1762095563,"dep_lines":[13,14,4,1,3,7,8,1,1,1,1,1,1],"dep_prios":[5,5,5,5,10,5,5,5,30,30,30,30,30],"dependencies":["alembic.util.compat","alembic.util.exc","os.path","__future__","os","subprocess","typing","builtins","abc","genericpath","ntpath","posixpath","typing_extensions"],"hash":"248cfafc176057cfe82ad9e1791e8366807baa7ac7ae54605a3c74f40b13b14c","id":"alembic.util.editor","ignore_all":true,"interface_hash":"73ddc71d6b378583b84cec6521b91cf73ada083b6267aa19b9baef7243773959","mtime":1761854780,"options":{"allow_redefinition":false,"allow_untyped_globals":false,"always_false":[],"always_true":[],"bazel":false,"check_untyped_defs":false,"disable_bytearray_promotion":false,"disable_error_code":[],"disable_memoryview_promotion":false,"disabled_error_codes":[],"disallow_any_decorated":false,"disallow_any_explicit":false,"disallow_any_expr":false,"disallow_any_generics":false,"disallow_any_unimported":false,"disallow_incomplete_defs":false,"disallow_subclassing_any":false,"disallow_untyped_calls":false,"disallow_untyped_decorators":false,"disallow_untyped_defs":false,"enable_error_code":[],"enabled_error_codes":[],"follow_imports":"silent","follow_imports_for_stubs":false,"ignore_errors":false,"ignore_missing_imports":true,"implicit_optional":true,"implicit_reexport":true,"local_partial_types":false,"mypyc":false,"platform":"win32","plugins":[],"strict_concatenate":false,"strict_equality":false,"strict_optional":true,"warn_no_return":true,"warn_return_any":false,"warn_unreachable":false,"warn_unused_ignores":false},"path":"C:\\Users\\Vasilis\\AppData\\Local\\Programs\\Python\\Python313\\Lib\\site-packages\\alembic\\util\\editor.py","plugin_data":null,"size":2546,"suppressed":[],"version_id":"1.3.0"}