{"data_mtime":1762095518,"dep_lines":[7,1,2,3,5,6,8,9],"dep_prios":[5,5,10,10,5,5,5,5],"dependencies":["collections.abc","_typeshed","sys","types","abc","builtins","typing","typing_extensions"],"hash":"ed43c787e02aed02cae5cca660012347f2c99e5ea96f4fd79d96d060f4aa5685","id":"enum","ignore_all":true,"interface_hash":"4bc3200e42ff6987c9a00b7c588e769b613e25705d5fca538402241382c59196","mtime":1762095443,"options":{"allow_redefinition":false,"allow_untyped_globals":false,"always_false":[],"always_true":[],"bazel":false,"check_untyped_defs":false,"disable_bytearray_promotion":false,"disable_error_code":[],"disable_memoryview_promotion":false,"disabled_error_codes":[],"disallow_any_decorated":false,"disallow_any_explicit":false,"disallow_any_expr":false,"disallow_any_generics":false,"disallow_any_unimported":false,"disallow_incomplete_defs":false,"disallow_subclassing_any":false,"disallow_untyped_calls":false,"disallow_untyped_decorators":false,"disallow_untyped_defs":false,"enable_error_code":[],"enabled_error_codes":[],"follow_imports":"silent","follow_imports_for_stubs":false,"ignore_errors":false,"ignore_missing_imports":true,"implicit_optional":true,"implicit_reexport":true,"local_partial_types":false,"mypyc":false,"platform":"win32","plugins":[],"strict_concatenate":false,"strict_equality":false,"strict_optional":true,"warn_no_return":true,"warn_return_any":false,"warn_unreachable":false,"warn_unused_ignores":false},"path":"C:\\Users\\Vasilis\\AppData\\Local\\Programs\\Python\\Python313\\Lib\\site-packages\\mypy\\typeshed\\stdlib\\enum.pyi","plugin_data":null,"size":10374,"suppressed":[],"version_id":"1.3.0"}