{".class":"MypyFile","_fullname":"alembic.runtime.environment","future_import_flags":["annotations"],"is_partial_stub_package":false,"is_stub":false,"names":{".class":"SymbolTable","Any":{".class":"SymbolTableNode","cross_ref":"typing.Any","kind":"Gdef"},"AutogenContext":{".class":"SymbolTableNode","cross_ref":"alembic.autogenerate.api.AutogenContext","kind":"Gdef"},"Callable":{".class":"SymbolTableNode","cross_ref":"typing.Callable","kind":"Gdef"},"Collection":{".class":"SymbolTableNode","cross_ref":"typing.Collection","kind":"Gdef"},"Column":{".class":"SymbolTableNode","cross_ref":"sqlalchemy.sql.schema.Column","kind":"Gdef"},"CompareServerDefault":{".class":"SymbolTableNode","kind":"Gdef","node":{".class":"TypeAlias","alias_tvars":[],"column":0,"fullname":"alembic.runtime.environment.CompareServerDefault","line":86,"no_args":false,"normalized":false,"target":{".class":"CallableType","arg_kinds":[0,0,0,0,0,0],"arg_names":[null,null,null,null,null,null],"arg_types":["alembic.runtime.migration.MigrationContext",{".class":"Instance","args":[{".class":"AnyType","missing_import_name":null,"source_any":null,"type_of_any":6}],"type_ref":"sqlalchemy.sql.schema.Column"},{".class":"Instance","args":[{".class":"AnyType","missing_import_name":null,"source_any":null,"type_of_any":6}],"type_ref":"sqlalchemy.sql.schema.Column"},{".class":"UnionType","items":["builtins.str",{".class":"NoneType"}]},{".class":"UnionType","items":["sqlalchemy.sql.schema.FetchedValue",{".class":"NoneType"}]},{".class":"UnionType","items":["builtins.str",{".class":"NoneType"}]}],"bound_args":[],"def_extras":{},"fallback":"builtins.function","from_concatenate":false,"implicit":false,"is_ellipsis_args":false,"name":null,"ret_type":{".class":"UnionType","items":["builtins.bool",{".class":"NoneType"}]},"type_guard":null,"unpack_kwargs":false,"variables":[]}}},"CompareType":{".class":"SymbolTableNode","kind":"Gdef","node":{".class":"TypeAlias","alias_tvars":[],"column":0,"fullname":"alembic.runtime.environment.CompareType","line":98,"no_args":false,"normalized":false,"target":{".class":"CallableType","arg_kinds":[0,0,0,0,0],"arg_names":[null,null,null,null,null],"arg_types":["alembic.runtime.migration.MigrationContext",{".class":"Instance","args":[{".class":"AnyType","missing_import_name":null,"source_any":null,"type_of_any":6}],"type_ref":"sqlalchemy.sql.schema.Column"},{".class":"Instance","args":[{".class":"AnyType","missing_import_name":null,"source_any":null,"type_of_any":6}],"type_ref":"sqlalchemy.sql.schema.Column"},{".class":"Instance","args":[{".class":"AnyType","missing_import_name":null,"source_any":null,"type_of_any":6}],"type_ref":"sqlalchemy.sql.type_api.TypeEngine"},{".class":"Instance","args":[{".class":"AnyType","missing_import_name":null,"source_any":null,"type_of_any":6}],"type_ref":"sqlalchemy.sql.type_api.TypeEngine"}],"bound_args":[],"def_extras":{},"fallback":"builtins.function","from_concatenate":false,"implicit":false,"is_ellipsis_args":false,"name":null,"ret_type":{".class":"UnionType","items":["builtins.bool",{".class":"NoneType"}]},"type_guard":null,"unpack_kwargs":false,"variables":[]}}},"Config":{".class":"SymbolTableNode","cross_ref":"alembic.config.Config","kind":"Gdef"},"Connection":{".class":"SymbolTableNode","cross_ref":"sqlalchemy.engine.base.Connection","kind":"Gdef"},"ContextManager":{".class":"SymbolTableNode","cross_ref":"typing.ContextManager","kind":"Gdef"},"DefaultImpl":{".class":"SymbolTableNode","cross_ref":"alembic.ddl.impl.DefaultImpl","kind":"Gdef"},"Dict":{".class":"SymbolTableNode","cross_ref":"typing.Dict","kind":"Gdef"},"EnvironmentContext":{".class":"SymbolTableNode","kind":"Gdef","node":{".class":"TypeInfo","_promote":[],"abstract_attributes":[],"alt_promote":null,"bases":["alembic.util.langhelpers.ModuleClsProxy"],"dataclass_transform_spec":null,"declared_metaclass":null,"defn":{".class":"ClassDef","fullname":"alembic.runtime.environment.EnvironmentContext","name":"EnvironmentContext","type_vars":[]},"deletable_attributes":[],"flags":[],"fullname":"alembic.runtime.environment.EnvironmentContext","has_param_spec_type":false,"metaclass_type":"alembic.util.langhelpers._ModuleClsMeta","metadata":{},"module_name":"alembic.runtime.environment","mro":["alembic.runtime.environment.EnvironmentContext","alembic.util.langhelpers.ModuleClsProxy","builtins.object"],"names":{".class":"SymbolTable","__enter__":{".class":"SymbolTableNode","kind":"Mdef","node":{".class":"FuncDef","abstract_status":0,"arg_kinds":[0],"arg_names":[null],"dataclass_transform_spec":null,"flags":[],"fullname":"alembic.runtime.environment.EnvironmentContext.__enter__","name":"__enter__","type":{".class":"CallableType","arg_kinds":[0],"arg_names":[null],"arg_types":["alembic.runtime.environment.EnvironmentContext"],"bound_args":[],"def_extras":{"first_arg":"self"},"fallback":"builtins.function","from_concatenate":false,"implicit":false,"is_ellipsis_args":false,"name":"__enter__ of EnvironmentContext","ret_type":"alembic.runtime.environment.EnvironmentContext","type_guard":null,"unpack_kwargs":false,"variables":[]}}},"__exit__":{".class":"SymbolTableNode","kind":"Mdef","node":{".class":"FuncDef","abstract_status":0,"arg_kinds":[0,2,4],"arg_names":[null,null,null],"dataclass_transform_spec":null,"flags":[],"fullname":"alembic.runtime.environment.EnvironmentContext.__exit__","name":"__exit__","type":{".class":"CallableType","arg_kinds":[0,2,4],"arg_names":[null,null,null],"arg_types":["alembic.runtime.environment.EnvironmentContext",{".class":"AnyType","missing_import_name":null,"source_any":null,"type_of_any":2},{".class":"AnyType","missing_import_name":null,"source_any":null,"type_of_any":2}],"bound_args":[],"def_extras":{"first_arg":"self"},"fallback":"builtins.function","from_concatenate":false,"implicit":false,"is_ellipsis_args":false,"name":"__exit__ of EnvironmentContext","ret_type":{".class":"NoneType"},"type_guard":null,"unpack_kwargs":false,"variables":[]}}},"__init__":{".class":"SymbolTableNode","kind":"Mdef","node":{".class":"FuncDef","abstract_status":0,"arg_kinds":[0,0,0,4],"arg_names":["self","config","script","kw"],"dataclass_transform_spec":null,"flags":[],"fullname":"alembic.runtime.environment.EnvironmentContext.__init__","name":"__init__","type":{".class":"CallableType","arg_kinds":[0,0,0,4],"arg_names":["self","config","script","kw"],"arg_types":["alembic.runtime.environment.EnvironmentContext","alembic.config.Config","alembic.script.base.ScriptDirectory",{".class":"AnyType","missing_import_name":null,"source_any":null,"type_of_any":2}],"bound_args":[],"def_extras":{"first_arg":"self"},"fallback":"builtins.function","from_concatenate":false,"implicit":false,"is_ellipsis_args":false,"name":"__init__ of EnvironmentContext","ret_type":{".class":"NoneType"},"type_guard":null,"unpack_kwargs":false,"variables":[]}}},"_migration_context":{".class":"SymbolTableNode","kind":"Mdef","node":{".class":"Var","flags":["is_initialized_in_class","is_ready","has_explicit_value"],"fullname":"alembic.runtime.environment.EnvironmentContext._migration_context","name":"_migration_context","type":{".class":"UnionType","items":["alembic.runtime.migration.MigrationContext",{".class":"NoneType"}]}}},"begin_transaction":{".class":"SymbolTableNode","kind":"Mdef","node":{".class":"FuncDef","abstract_status":0,"arg_kinds":[0],"arg_names":["self"],"dataclass_transform_spec":null,"flags":[],"fullname":"alembic.runtime.environment.EnvironmentContext.begin_transaction","name":"begin_transaction","type":{".class":"CallableType","arg_kinds":[0],"arg_names":["self"],"arg_types":["alembic.runtime.environment.EnvironmentContext"],"bound_args":[],"def_extras":{"first_arg":"self"},"fallback":"builtins.function","from_concatenate":false,"implicit":false,"is_ellipsis_args":false,"name":"begin_transaction of EnvironmentContext","ret_type":{".class":"UnionType","items":["alembic.runtime.migration._ProxyTransaction",{".class":"Instance","args":[{".class":"AnyType","missing_import_name":null,"source_any":null,"type_of_any":5}],"type_ref":"contextlib.AbstractContextManager"}]},"type_guard":null,"unpack_kwargs":false,"variables":[]}}},"config":{".class":"SymbolTableNode","kind":"Mdef","node":{".class":"Var","flags":["is_initialized_in_class","is_ready","has_explicit_value"],"fullname":"alembic.runtime.environment.EnvironmentContext.config","name":"config","type":"alembic.config.Config"}},"configure":{".class":"SymbolTableNode","kind":"Mdef","node":{".class":"FuncDef","abstract_status":0,"arg_kinds":[0,1,1,1,1,1,1,1,1,1,1,1,1,1,1,1,1,1,1,1,1,1,1,1,1,1,1,4],"arg_names":["self","connection","url","dialect_name","dialect_opts","transactional_ddl","transaction_per_migration","output_buffer","starting_rev","tag","template_args","render_as_batch","target_metadata","include_name","include_object","include_schemas","process_revision_directives","compare_type","compare_server_default","render_item","literal_binds","upgrade_token","downgrade_token","alembic_module_prefix","sqlalchemy_module_prefix","user_module_prefix","on_version_apply","kw"],"dataclass_transform_spec":null,"flags":[],"fullname":"alembic.runtime.environment.EnvironmentContext.configure","name":"configure","type":{".class":"CallableType","arg_kinds":[0,1,1,1,1,1,1,1,1,1,1,1,1,1,1,1,1,1,1,1,1,1,1,1,1,1,1,4],"arg_names":["self","connection","url","dialect_name","dialect_opts","transactional_ddl","transaction_per_migration","output_buffer","starting_rev","tag","template_args","render_as_batch","target_metadata","include_name","include_object","include_schemas","process_revision_directives","compare_type","compare_server_default","render_item","literal_binds","upgrade_token","downgrade_token","alembic_module_prefix","sqlalchemy_module_prefix","user_module_prefix","on_version_apply","kw"],"arg_types":["alembic.runtime.environment.EnvironmentContext",{".class":"UnionType","items":["sqlalchemy.engine.base.Connection",{".class":"NoneType"}]},{".class":"UnionType","items":["builtins.str",{".class":"TypeAliasType","args":[],"type_ref":"sqlalchemy.engine.url.URL"},{".class":"NoneType"}]},{".class":"UnionType","items":["builtins.str",{".class":"NoneType"}]},{".class":"UnionType","items":[{".class":"Instance","args":["builtins.str",{".class":"AnyType","missing_import_name":null,"source_any":null,"type_of_any":2}],"type_ref":"builtins.dict"},{".class":"NoneType"}]},{".class":"UnionType","items":["builtins.bool",{".class":"NoneType"}]},"builtins.bool",{".class":"UnionType","items":["typing.TextIO",{".class":"NoneType"}]},{".class":"UnionType","items":["builtins.str",{".class":"NoneType"}]},{".class":"UnionType","items":["builtins.str",{".class":"NoneType"}]},{".class":"UnionType","items":[{".class":"Instance","args":["builtins.str",{".class":"AnyType","missing_import_name":null,"source_any":null,"type_of_any":2}],"type_ref":"builtins.dict"},{".class":"NoneType"}]},"builtins.bool",{".class":"UnionType","items":["sqlalchemy.sql.schema.MetaData",{".class":"Instance","args":["sqlalchemy.sql.schema.MetaData"],"type_ref":"typing.Sequence"},{".class":"NoneType"}]},{".class":"UnionType","items":[{".class":"TypeAliasType","args":[],"type_ref":"alembic.runtime.environment.IncludeNameFn"},{".class":"NoneType"}]},{".class":"UnionType","items":[{".class":"TypeAliasType","args":[],"type_ref":"alembic.runtime.environment.IncludeObjectFn"},{".class":"NoneType"}]},"builtins.bool",{".class":"UnionType","items":[{".class":"TypeAliasType","args":[],"type_ref":"alembic.runtime.environment.ProcessRevisionDirectiveFn"},{".class":"NoneType"}]},{".class":"UnionType","items":["builtins.bool",{".class":"TypeAliasType","args":[],"type_ref":"alembic.runtime.environment.CompareType"}]},{".class":"UnionType","items":["builtins.bool",{".class":"TypeAliasType","args":[],"type_ref":"alembic.runtime.environment.CompareServerDefault"}]},{".class":"UnionType","items":[{".class":"TypeAliasType","args":[],"type_ref":"alembic.runtime.environment.RenderItemFn"},{".class":"NoneType"}]},"builtins.bool","builtins.str","builtins.str","builtins.str","builtins.str",{".class":"UnionType","items":["builtins.str",{".class":"NoneType"}]},{".class":"UnionType","items":[{".class":"TypeAliasType","args":[],"type_ref":"alembic.runtime.environment.OnVersionApplyFn"},{".class":"NoneType"}]},{".class":"AnyType","missing_import_name":null,"source_any":null,"type_of_any":2}],"bound_args":[],"def_extras":{"first_arg":"self"},"fallback":"builtins.function","from_concatenate":false,"implicit":false,"is_ellipsis_args":false,"name":"configure of EnvironmentContext","ret_type":{".class":"NoneType"},"type_guard":null,"unpack_kwargs":false,"variables":[]}}},"context_opts":{".class":"SymbolTableNode","implicit":true,"kind":"Mdef","node":{".class":"Var","flags":["is_inferred"],"fullname":"alembic.runtime.environment.EnvironmentContext.context_opts","name":"context_opts","type":{".class":"Instance","args":["builtins.str",{".class":"AnyType","missing_import_name":null,"source_any":null,"type_of_any":2}],"type_ref":"builtins.dict"}}},"execute":{".class":"SymbolTableNode","kind":"Mdef","node":{".class":"FuncDef","abstract_status":0,"arg_kinds":[0,0,1],"arg_names":["self","sql","execution_options"],"dataclass_transform_spec":null,"flags":[],"fullname":"alembic.runtime.environment.EnvironmentContext.execute","name":"execute","type":{".class":"CallableType","arg_kinds":[0,0,1],"arg_names":["self","sql","execution_options"],"arg_types":["alembic.runtime.environment.EnvironmentContext",{".class":"UnionType","items":["sqlalchemy.sql.base.Executable","builtins.str"]},{".class":"UnionType","items":[{".class":"Instance","args":["builtins.str",{".class":"AnyType","missing_import_name":null,"source_any":null,"type_of_any":2}],"type_ref":"builtins.dict"},{".class":"NoneType"}]}],"bound_args":[],"def_extras":{"first_arg":"self"},"fallback":"builtins.function","from_concatenate":false,"implicit":false,"is_ellipsis_args":false,"name":"execute of EnvironmentContext","ret_type":{".class":"NoneType"},"type_guard":null,"unpack_kwargs":false,"variables":[]}}},"get_bind":{".class":"SymbolTableNode","kind":"Mdef","node":{".class":"FuncDef","abstract_status":0,"arg_kinds":[0],"arg_names":["self"],"dataclass_transform_spec":null,"flags":[],"fullname":"alembic.runtime.environment.EnvironmentContext.get_bind","name":"get_bind","type":{".class":"CallableType","arg_kinds":[0],"arg_names":["self"],"arg_types":["alembic.runtime.environment.EnvironmentContext"],"bound_args":[],"def_extras":{"first_arg":"self"},"fallback":"builtins.function","from_concatenate":false,"implicit":false,"is_ellipsis_args":false,"name":"get_bind of EnvironmentContext","ret_type":"sqlalchemy.engine.base.Connection","type_guard":null,"unpack_kwargs":false,"variables":[]}}},"get_context":{".class":"SymbolTableNode","kind":"Mdef","node":{".class":"FuncDef","abstract_status":0,"arg_kinds":[0],"arg_names":["self"],"dataclass_transform_spec":null,"flags":[],"fullname":"alembic.runtime.environment.EnvironmentContext.get_context","name":"get_context","type":{".class":"CallableType","arg_kinds":[0],"arg_names":["self"],"arg_types":["alembic.runtime.environment.EnvironmentContext"],"bound_args":[],"def_extras":{"first_arg":"self"},"fallback":"builtins.function","from_concatenate":false,"implicit":false,"is_ellipsis_args":false,"name":"get_context of EnvironmentContext","ret_type":"alembic.runtime.migration.MigrationContext","type_guard":null,"unpack_kwargs":false,"variables":[]}}},"get_head_revision":{".class":"SymbolTableNode","kind":"Mdef","node":{".class":"FuncDef","abstract_status":0,"arg_kinds":[0],"arg_names":["self"],"dataclass_transform_spec":null,"flags":[],"fullname":"alembic.runtime.environment.EnvironmentContext.get_head_revision","name":"get_head_revision","type":{".class":"CallableType","arg_kinds":[0],"arg_names":["self"],"arg_types":["alembic.runtime.environment.EnvironmentContext"],"bound_args":[],"def_extras":{"first_arg":"self"},"fallback":"builtins.function","from_concatenate":false,"implicit":false,"is_ellipsis_args":false,"name":"get_head_revision of EnvironmentContext","ret_type":{".class":"TypeAliasType","args":[],"type_ref":"alembic.runtime.environment._RevNumber"},"type_guard":null,"unpack_kwargs":false,"variables":[]}}},"get_head_revisions":{".class":"SymbolTableNode","kind":"Mdef","node":{".class":"FuncDef","abstract_status":0,"arg_kinds":[0],"arg_names":["self"],"dataclass_transform_spec":null,"flags":[],"fullname":"alembic.runtime.environment.EnvironmentContext.get_head_revisions","name":"get_head_revisions","type":{".class":"CallableType","arg_kinds":[0],"arg_names":["self"],"arg_types":["alembic.runtime.environment.EnvironmentContext"],"bound_args":[],"def_extras":{"first_arg":"self"},"fallback":"builtins.function","from_concatenate":false,"implicit":false,"is_ellipsis_args":false,"name":"get_head_revisions of EnvironmentContext","ret_type":{".class":"TypeAliasType","args":[],"type_ref":"alembic.runtime.environment._RevNumber"},"type_guard":null,"unpack_kwargs":false,"variables":[]}}},"get_impl":{".class":"SymbolTableNode","kind":"Mdef","node":{".class":"FuncDef","abstract_status":0,"arg_kinds":[0],"arg_names":["self"],"dataclass_transform_spec":null,"flags":[],"fullname":"alembic.runtime.environment.EnvironmentContext.get_impl","name":"get_impl","type":{".class":"CallableType","arg_kinds":[0],"arg_names":["self"],"arg_types":["alembic.runtime.environment.EnvironmentContext"],"bound_args":[],"def_extras":{"first_arg":"self"},"fallback":"builtins.function","from_concatenate":false,"implicit":false,"is_ellipsis_args":false,"name":"get_impl of EnvironmentContext","ret_type":"alembic.ddl.impl.DefaultImpl","type_guard":null,"unpack_kwargs":false,"variables":[]}}},"get_revision_argument":{".class":"SymbolTableNode","kind":"Mdef","node":{".class":"FuncDef","abstract_status":0,"arg_kinds":[0],"arg_names":["self"],"dataclass_transform_spec":null,"flags":[],"fullname":"alembic.runtime.environment.EnvironmentContext.get_revision_argument","name":"get_revision_argument","type":{".class":"CallableType","arg_kinds":[0],"arg_names":["self"],"arg_types":["alembic.runtime.environment.EnvironmentContext"],"bound_args":[],"def_extras":{"first_arg":"self"},"fallback":"builtins.function","from_concatenate":false,"implicit":false,"is_ellipsis_args":false,"name":"get_revision_argument of EnvironmentContext","ret_type":{".class":"TypeAliasType","args":[],"type_ref":"alembic.runtime.environment._RevNumber"},"type_guard":null,"unpack_kwargs":false,"variables":[]}}},"get_starting_revision_argument":{".class":"SymbolTableNode","kind":"Mdef","node":{".class":"FuncDef","abstract_status":0,"arg_kinds":[0],"arg_names":["self"],"dataclass_transform_spec":null,"flags":[],"fullname":"alembic.runtime.environment.EnvironmentContext.get_starting_revision_argument","name":"get_starting_revision_argument","type":{".class":"CallableType","arg_kinds":[0],"arg_names":["self"],"arg_types":["alembic.runtime.environment.EnvironmentContext"],"bound_args":[],"def_extras":{"first_arg":"self"},"fallback":"builtins.function","from_concatenate":false,"implicit":false,"is_ellipsis_args":false,"name":"get_starting_revision_argument of EnvironmentContext","ret_type":{".class":"TypeAliasType","args":[],"type_ref":"alembic.runtime.environment._RevNumber"},"type_guard":null,"unpack_kwargs":false,"variables":[]}}},"get_tag_argument":{".class":"SymbolTableNode","kind":"Mdef","node":{".class":"FuncDef","abstract_status":0,"arg_kinds":[0],"arg_names":["self"],"dataclass_transform_spec":null,"flags":[],"fullname":"alembic.runtime.environment.EnvironmentContext.get_tag_argument","name":"get_tag_argument","type":{".class":"CallableType","arg_kinds":[0],"arg_names":["self"],"arg_types":["alembic.runtime.environment.EnvironmentContext"],"bound_args":[],"def_extras":{"first_arg":"self"},"fallback":"builtins.function","from_concatenate":false,"implicit":false,"is_ellipsis_args":false,"name":"get_tag_argument of EnvironmentContext","ret_type":{".class":"UnionType","items":["builtins.str",{".class":"NoneType"}]},"type_guard":null,"unpack_kwargs":false,"variables":[]}}},"get_x_argument":{".class":"SymbolTableNode","kind":"Mdef","node":{".class":"OverloadedFuncDef","flags":[],"fullname":"alembic.runtime.environment.EnvironmentContext.get_x_argument","impl":{".class":"FuncDef","abstract_status":0,"arg_kinds":[0,1],"arg_names":["self","as_dictionary"],"dataclass_transform_spec":null,"flags":["is_overload"],"fullname":"alembic.runtime.environment.EnvironmentContext.get_x_argument","name":"get_x_argument","type":{".class":"CallableType","arg_kinds":[0,1],"arg_names":["self","as_dictionary"],"arg_types":["alembic.runtime.environment.EnvironmentContext","builtins.bool"],"bound_args":[],"def_extras":{"first_arg":"self"},"fallback":"builtins.function","from_concatenate":false,"implicit":false,"is_ellipsis_args":false,"name":"get_x_argument of EnvironmentContext","ret_type":{".class":"UnionType","items":[{".class":"Instance","args":["builtins.str"],"type_ref":"builtins.list"},{".class":"Instance","args":["builtins.str","builtins.str"],"type_ref":"builtins.dict"}]},"type_guard":null,"unpack_kwargs":false,"variables":[]}},"items":[{".class":"Decorator","func":{".class":"FuncDef","abstract_status":0,"arg_kinds":[0,0],"arg_names":["self","as_dictionary"],"dataclass_transform_spec":null,"flags":["is_overload","is_decorated"],"fullname":"alembic.runtime.environment.EnvironmentContext.get_x_argument","name":"get_x_argument","type":{".class":"CallableType","arg_kinds":[0,0],"arg_names":["self","as_dictionary"],"arg_types":["alembic.runtime.environment.EnvironmentContext",{".class":"LiteralType","fallback":"builtins.bool","value":false}],"bound_args":[],"def_extras":{"first_arg":"self"},"fallback":"builtins.function","from_concatenate":false,"implicit":false,"is_ellipsis_args":false,"name":"get_x_argument of EnvironmentContext","ret_type":{".class":"Instance","args":["builtins.str"],"type_ref":"builtins.list"},"type_guard":null,"unpack_kwargs":false,"variables":[]}},"is_overload":true,"var":{".class":"Var","flags":["is_inferred"],"fullname":"alembic.runtime.environment.EnvironmentContext.get_x_argument","name":"get_x_argument","type":null}},{".class":"Decorator","func":{".class":"FuncDef","abstract_status":0,"arg_kinds":[0,0],"arg_names":["self","as_dictionary"],"dataclass_transform_spec":null,"flags":["is_overload","is_decorated"],"fullname":"alembic.runtime.environment.EnvironmentContext.get_x_argument","name":"get_x_argument","type":{".class":"CallableType","arg_kinds":[0,0],"arg_names":["self","as_dictionary"],"arg_types":["alembic.runtime.environment.EnvironmentContext",{".class":"LiteralType","fallback":"builtins.bool","value":true}],"bound_args":[],"def_extras":{"first_arg":"self"},"fallback":"builtins.function","from_concatenate":false,"implicit":false,"is_ellipsis_args":false,"name":"get_x_argument of EnvironmentContext","ret_type":{".class":"Instance","args":["builtins.str","builtins.str"],"type_ref":"builtins.dict"},"type_guard":null,"unpack_kwargs":false,"variables":[]}},"is_overload":true,"var":{".class":"Var","flags":["is_inferred"],"fullname":"alembic.runtime.environment.EnvironmentContext.get_x_argument","name":"get_x_argument","type":null}},{".class":"Decorator","func":{".class":"FuncDef","abstract_status":0,"arg_kinds":[0,1],"arg_names":["self","as_dictionary"],"dataclass_transform_spec":null,"flags":["is_overload","is_decorated"],"fullname":"alembic.runtime.environment.EnvironmentContext.get_x_argument","name":"get_x_argument","type":{".class":"CallableType","arg_kinds":[0,1],"arg_names":["self","as_dictionary"],"arg_types":["alembic.runtime.environment.EnvironmentContext","builtins.bool"],"bound_args":[],"def_extras":{"first_arg":"self"},"fallback":"builtins.function","from_concatenate":false,"implicit":false,"is_ellipsis_args":false,"name":"get_x_argument of EnvironmentContext","ret_type":{".class":"UnionType","items":[{".class":"Instance","args":["builtins.str"],"type_ref":"builtins.list"},{".class":"Instance","args":["builtins.str","builtins.str"],"type_ref":"builtins.dict"}]},"type_guard":null,"unpack_kwargs":false,"variables":[]}},"is_overload":true,"var":{".class":"Var","flags":["is_inferred"],"fullname":"alembic.runtime.environment.EnvironmentContext.get_x_argument","name":"get_x_argument","type":null}}],"type":{".class":"Overloaded","items":[{".class":"CallableType","arg_kinds":[0,0],"arg_names":["self","as_dictionary"],"arg_types":["alembic.runtime.environment.EnvironmentContext",{".class":"LiteralType","fallback":"builtins.bool","value":false}],"bound_args":[],"def_extras":{"first_arg":"self"},"fallback":"builtins.function","from_concatenate":false,"implicit":false,"is_ellipsis_args":false,"name":"get_x_argument of EnvironmentContext","ret_type":{".class":"Instance","args":["builtins.str"],"type_ref":"builtins.list"},"type_guard":null,"unpack_kwargs":false,"variables":[]},{".class":"CallableType","arg_kinds":[0,0],"arg_names":["self","as_dictionary"],"arg_types":["alembic.runtime.environment.EnvironmentContext",{".class":"LiteralType","fallback":"builtins.bool","value":true}],"bound_args":[],"def_extras":{"first_arg":"self"},"fallback":"builtins.function","from_concatenate":false,"implicit":false,"is_ellipsis_args":false,"name":"get_x_argument of EnvironmentContext","ret_type":{".class":"Instance","args":["builtins.str","builtins.str"],"type_ref":"builtins.dict"},"type_guard":null,"unpack_kwargs":false,"variables":[]},{".class":"CallableType","arg_kinds":[0,1],"arg_names":["self","as_dictionary"],"arg_types":["alembic.runtime.environment.EnvironmentContext","builtins.bool"],"bound_args":[],"def_extras":{"first_arg":"self"},"fallback":"builtins.function","from_concatenate":false,"implicit":false,"is_ellipsis_args":false,"name":"get_x_argument of EnvironmentContext","ret_type":{".class":"UnionType","items":[{".class":"Instance","args":["builtins.str"],"type_ref":"builtins.list"},{".class":"Instance","args":["builtins.str","builtins.str"],"type_ref":"builtins.dict"}]},"type_guard":null,"unpack_kwargs":false,"variables":[]}]}}},"is_offline_mode":{".class":"SymbolTableNode","kind":"Mdef","node":{".class":"FuncDef","abstract_status":0,"arg_kinds":[0],"arg_names":["self"],"dataclass_transform_spec":null,"flags":[],"fullname":"alembic.runtime.environment.EnvironmentContext.is_offline_mode","name":"is_offline_mode","type":{".class":"CallableType","arg_kinds":[0],"arg_names":["self"],"arg_types":["alembic.runtime.environment.EnvironmentContext"],"bound_args":[],"def_extras":{"first_arg":"self"},"fallback":"builtins.function","from_concatenate":false,"implicit":false,"is_ellipsis_args":false,"name":"is_offline_mode of EnvironmentContext","ret_type":"builtins.bool","type_guard":null,"unpack_kwargs":false,"variables":[]}}},"is_transactional_ddl":{".class":"SymbolTableNode","kind":"Mdef","node":{".class":"FuncDef","abstract_status":0,"arg_kinds":[0],"arg_names":["self"],"dataclass_transform_spec":null,"flags":[],"fullname":"alembic.runtime.environment.EnvironmentContext.is_transactional_ddl","name":"is_transactional_ddl","type":{".class":"CallableType","arg_kinds":[0],"arg_names":["self"],"arg_types":["alembic.runtime.environment.EnvironmentContext"],"bound_args":[],"def_extras":{"first_arg":"self"},"fallback":"builtins.function","from_concatenate":false,"implicit":false,"is_ellipsis_args":false,"name":"is_transactional_ddl of EnvironmentContext","ret_type":"builtins.bool","type_guard":null,"unpack_kwargs":false,"variables":[]}}},"requires_connection":{".class":"SymbolTableNode","kind":"Mdef","node":{".class":"FuncDef","abstract_status":0,"arg_kinds":[0],"arg_names":["self"],"dataclass_transform_spec":null,"flags":[],"fullname":"alembic.runtime.environment.EnvironmentContext.requires_connection","name":"requires_connection","type":{".class":"CallableType","arg_kinds":[0],"arg_names":["self"],"arg_types":["alembic.runtime.environment.EnvironmentContext"],"bound_args":[],"def_extras":{"first_arg":"self"},"fallback":"builtins.function","from_concatenate":false,"implicit":false,"is_ellipsis_args":false,"name":"requires_connection of EnvironmentContext","ret_type":"builtins.bool","type_guard":null,"unpack_kwargs":false,"variables":[]}}},"run_migrations":{".class":"SymbolTableNode","kind":"Mdef","node":{".class":"FuncDef","abstract_status":0,"arg_kinds":[0,4],"arg_names":["self","kw"],"dataclass_transform_spec":null,"flags":[],"fullname":"alembic.runtime.environment.EnvironmentContext.run_migrations","name":"run_migrations","type":{".class":"CallableType","arg_kinds":[0,4],"arg_names":["self","kw"],"arg_types":["alembic.runtime.environment.EnvironmentContext",{".class":"AnyType","missing_import_name":null,"source_any":null,"type_of_any":2}],"bound_args":[],"def_extras":{"first_arg":"self"},"fallback":"builtins.function","from_concatenate":false,"implicit":false,"is_ellipsis_args":false,"name":"run_migrations of EnvironmentContext","ret_type":{".class":"NoneType"},"type_guard":null,"unpack_kwargs":false,"variables":[]}}},"script":{".class":"SymbolTableNode","kind":"Mdef","node":{".class":"Var","flags":["is_initialized_in_class","is_ready","has_explicit_value"],"fullname":"alembic.runtime.environment.EnvironmentContext.script","name":"script","type":"alembic.script.base.ScriptDirectory"}},"static_output":{".class":"SymbolTableNode","kind":"Mdef","node":{".class":"FuncDef","abstract_status":0,"arg_kinds":[0,0],"arg_names":["self","text"],"dataclass_transform_spec":null,"flags":[],"fullname":"alembic.runtime.environment.EnvironmentContext.static_output","name":"static_output","type":{".class":"CallableType","arg_kinds":[0,0],"arg_names":["self","text"],"arg_types":["alembic.runtime.environment.EnvironmentContext","builtins.str"],"bound_args":[],"def_extras":{"first_arg":"self"},"fallback":"builtins.function","from_concatenate":false,"implicit":false,"is_ellipsis_args":false,"name":"static_output of EnvironmentContext","ret_type":{".class":"NoneType"},"type_guard":null,"unpack_kwargs":false,"variables":[]}}}},"self_type":null,"slots":null,"tuple_type":null,"type_vars":[],"typeddict_type":null}},"Executable":{".class":"SymbolTableNode","cross_ref":"sqlalchemy.sql.base.Executable","kind":"Gdef"},"FetchedValue":{".class":"SymbolTableNode","cross_ref":"sqlalchemy.sql.schema.FetchedValue","kind":"Gdef"},"IncludeNameFn":{".class":"SymbolTableNode","kind":"Gdef","node":{".class":"TypeAlias","alias_tvars":[],"column":0,"fullname":"alembic.runtime.environment.IncludeNameFn","line":66,"no_args":false,"normalized":false,"target":{".class":"CallableType","arg_kinds":[0,0,0],"arg_names":[null,null,null],"arg_types":[{".class":"UnionType","items":["builtins.str",{".class":"NoneType"}]},{".class":"TypeAliasType","args":[],"type_ref":"alembic.runtime.environment.NameFilterType"},{".class":"TypeAliasType","args":[],"type_ref":"alembic.runtime.environment.NameFilterParentNames"}],"bound_args":[],"def_extras":{},"fallback":"builtins.function","from_concatenate":false,"implicit":false,"is_ellipsis_args":false,"name":null,"ret_type":"builtins.bool","type_guard":null,"unpack_kwargs":false,"variables":[]}}},"IncludeObjectFn":{".class":"SymbolTableNode","kind":"Gdef","node":{".class":"TypeAlias","alias_tvars":[],"column":0,"fullname":"alembic.runtime.environment.IncludeObjectFn","line":70,"no_args":false,"normalized":false,"target":{".class":"CallableType","arg_kinds":[0,0,0,0,0],"arg_names":[null,null,null,null,null],"arg_types":["sqlalchemy.sql.schema.SchemaItem",{".class":"UnionType","items":["builtins.str",{".class":"NoneType"}]},{".class":"TypeAliasType","args":[],"type_ref":"alembic.runtime.environment.NameFilterType"},"builtins.bool",{".class":"UnionType","items":["sqlalchemy.sql.schema.SchemaItem",{".class":"NoneType"}]}],"bound_args":[],"def_extras":{},"fallback":"builtins.function","from_concatenate":false,"implicit":false,"is_ellipsis_args":false,"name":null,"ret_type":"builtins.bool","type_guard":null,"unpack_kwargs":false,"variables":[]}}},"List":{".class":"SymbolTableNode","cross_ref":"typing.List","kind":"Gdef"},"Literal":{".class":"SymbolTableNode","cross_ref":"typing_extensions.Literal","kind":"Gdef"},"Mapping":{".class":"SymbolTableNode","cross_ref":"typing.Mapping","kind":"Gdef"},"MetaData":{".class":"SymbolTableNode","cross_ref":"sqlalchemy.sql.schema.MetaData","kind":"Gdef"},"MigrationContext":{".class":"SymbolTableNode","cross_ref":"alembic.runtime.migration.MigrationContext","kind":"Gdef"},"MigrationInfo":{".class":"SymbolTableNode","cross_ref":"alembic.runtime.migration.MigrationInfo","kind":"Gdef"},"MigrationScript":{".class":"SymbolTableNode","cross_ref":"alembic.operations.ops.MigrationScript","kind":"Gdef"},"MutableMapping":{".class":"SymbolTableNode","cross_ref":"typing.MutableMapping","kind":"Gdef"},"NameFilterParentNames":{".class":"SymbolTableNode","kind":"Gdef","node":{".class":"TypeAlias","alias_tvars":[],"column":0,"fullname":"alembic.runtime.environment.NameFilterParentNames","line":62,"no_args":false,"normalized":false,"target":{".class":"Instance","args":[{".class":"UnionType","items":[{".class":"LiteralType","fallback":"builtins.str","value":"schema_name"},{".class":"LiteralType","fallback":"builtins.str","value":"table_name"},{".class":"LiteralType","fallback":"builtins.str","value":"schema_qualified_table_name"}]},{".class":"UnionType","items":["builtins.str",{".class":"NoneType"}]}],"type_ref":"typing.MutableMapping"}}},"NameFilterType":{".class":"SymbolTableNode","kind":"Gdef","node":{".class":"TypeAlias","alias_tvars":[],"column":0,"fullname":"alembic.runtime.environment.NameFilterType","line":54,"no_args":false,"normalized":false,"target":{".class":"UnionType","items":[{".class":"LiteralType","fallback":"builtins.str","value":"schema"},{".class":"LiteralType","fallback":"builtins.str","value":"table"},{".class":"LiteralType","fallback":"builtins.str","value":"column"},{".class":"LiteralType","fallback":"builtins.str","value":"index"},{".class":"LiteralType","fallback":"builtins.str","value":"unique_constraint"},{".class":"LiteralType","fallback":"builtins.str","value":"foreign_key_constraint"}]}}},"OnVersionApplyFn":{".class":"SymbolTableNode","kind":"Gdef","node":{".class":"TypeAlias","alias_tvars":[],"column":0,"fullname":"alembic.runtime.environment.OnVersionApplyFn","line":81,"no_args":false,"normalized":false,"target":{".class":"CallableType","arg_kinds":[0,0,0,0],"arg_names":[null,null,null,null],"arg_types":["alembic.runtime.migration.MigrationContext","alembic.runtime.migration.MigrationInfo",{".class":"Instance","args":[{".class":"AnyType","missing_import_name":null,"source_any":null,"type_of_any":6}],"type_ref":"typing.Collection"},{".class":"Instance","args":["builtins.str",{".class":"AnyType","missing_import_name":null,"source_any":null,"type_of_any":6}],"type_ref":"typing.Mapping"}],"bound_args":[],"def_extras":{},"fallback":"builtins.function","from_concatenate":false,"implicit":false,"is_ellipsis_args":false,"name":null,"ret_type":{".class":"NoneType"},"type_guard":null,"unpack_kwargs":false,"variables":[]}}},"Operations":{".class":"SymbolTableNode","cross_ref":"alembic.operations.base.Operations","kind":"Gdef"},"Optional":{".class":"SymbolTableNode","cross_ref":"typing.Optional","kind":"Gdef"},"ProcessRevisionDirectiveFn":{".class":"SymbolTableNode","kind":"Gdef","node":{".class":"TypeAlias","alias_tvars":[],"column":0,"fullname":"alembic.runtime.environment.ProcessRevisionDirectiveFn","line":46,"no_args":false,"normalized":false,"target":{".class":"CallableType","arg_kinds":[0,0,0],"arg_names":[null,null,null],"arg_types":["alembic.runtime.migration.MigrationContext",{".class":"TypeAliasType","args":[],"type_ref":"alembic.script.revision._GetRevArg"},{".class":"Instance","args":["alembic.operations.ops.MigrationScript"],"type_ref":"builtins.list"}],"bound_args":[],"def_extras":{},"fallback":"builtins.function","from_concatenate":false,"implicit":false,"is_ellipsis_args":false,"name":null,"ret_type":{".class":"NoneType"},"type_guard":null,"unpack_kwargs":false,"variables":[]}}},"RenderItemFn":{".class":"SymbolTableNode","kind":"Gdef","node":{".class":"TypeAlias","alias_tvars":[],"column":0,"fullname":"alembic.runtime.environment.RenderItemFn","line":50,"no_args":false,"normalized":false,"target":{".class":"CallableType","arg_kinds":[0,0,0],"arg_names":[null,null,null],"arg_types":["builtins.str",{".class":"AnyType","missing_import_name":null,"source_any":null,"type_of_any":6},"alembic.autogenerate.api.AutogenContext"],"bound_args":[],"def_extras":{},"fallback":"builtins.function","from_concatenate":false,"implicit":false,"is_ellipsis_args":false,"name":null,"ret_type":{".class":"UnionType","items":["builtins.str",{".class":"LiteralType","fallback":"builtins.bool","value":false}]},"type_guard":null,"unpack_kwargs":false,"variables":[]}}},"SchemaItem":{".class":"SymbolTableNode","cross_ref":"sqlalchemy.sql.schema.SchemaItem","kind":"Gdef"},"ScriptDirectory":{".class":"SymbolTableNode","cross_ref":"alembic.script.base.ScriptDirectory","kind":"Gdef"},"Sequence":{".class":"SymbolTableNode","cross_ref":"typing.Sequence","kind":"Gdef"},"TYPE_CHECKING":{".class":"SymbolTableNode","cross_ref":"typing.TYPE_CHECKING","kind":"Gdef"},"TextIO":{".class":"SymbolTableNode","cross_ref":"typing.TextIO","kind":"Gdef"},"Tuple":{".class":"SymbolTableNode","cross_ref":"typing.Tuple","kind":"Gdef"},"TypeEngine":{".class":"SymbolTableNode","cross_ref":"sqlalchemy.sql.type_api.TypeEngine","kind":"Gdef"},"URL":{".class":"SymbolTableNode","cross_ref":"sqlalchemy.engine.url.URL","kind":"Gdef"},"Union":{".class":"SymbolTableNode","cross_ref":"typing.Union","kind":"Gdef"},"_GetRevArg":{".class":"SymbolTableNode","cross_ref":"alembic.script.revision._GetRevArg","kind":"Gdef"},"_ProxyTransaction":{".class":"SymbolTableNode","cross_ref":"alembic.runtime.migration._ProxyTransaction","kind":"Gdef"},"_RevNumber":{".class":"SymbolTableNode","kind":"Gdef","node":{".class":"TypeAlias","alias_tvars":[],"column":0,"fullname":"alembic.runtime.environment._RevNumber","line":44,"no_args":false,"normalized":false,"target":{".class":"UnionType","items":["builtins.str",{".class":"Instance","args":["builtins.str"],"type_ref":"builtins.tuple"},{".class":"NoneType"}]}}},"__annotations__":{".class":"SymbolTableNode","kind":"Gdef","node":{".class":"Var","flags":["is_ready"],"fullname":"alembic.runtime.environment.__annotations__","name":"__annotations__","type":{".class":"Instance","args":["builtins.str",{".class":"AnyType","missing_import_name":null,"source_any":null,"type_of_any":6}],"type_ref":"builtins.dict"}}},"__doc__":{".class":"SymbolTableNode","kind":"Gdef","node":{".class":"Var","flags":["is_ready"],"fullname":"alembic.runtime.environment.__doc__","name":"__doc__","type":"builtins.str"}},"__file__":{".class":"SymbolTableNode","kind":"Gdef","node":{".class":"Var","flags":["is_ready"],"fullname":"alembic.runtime.environment.__file__","name":"__file__","type":"builtins.str"}},"__name__":{".class":"SymbolTableNode","kind":"Gdef","node":{".class":"Var","flags":["is_ready"],"fullname":"alembic.runtime.environment.__name__","name":"__name__","type":"builtins.str"}},"__package__":{".class":"SymbolTableNode","kind":"Gdef","node":{".class":"Var","flags":["is_ready"],"fullname":"alembic.runtime.environment.__package__","name":"__package__","type":"builtins.str"}},"annotations":{".class":"SymbolTableNode","cross_ref":"__future__.annotations","kind":"Gdef"},"overload":{".class":"SymbolTableNode","cross_ref":"typing.overload","kind":"Gdef"},"util":{".class":"SymbolTableNode","cross_ref":"alembic.util","kind":"Gdef"}},"path":"C:\\Users\\Vasilis\\AppData\\Local\\Programs\\Python\\Python313\\Lib\\site-packages\\alembic\\runtime\\environment.py"}