{"data_mtime":1762095563,"dep_lines":[18,23,27,31,35,38,41,42,25,26,30,32,39,40,1,3,20,25,1,1,1,1,1,1,1,1,1,1,1,1,1,1,1,1,1,1,1,1,1,1,1,1],"dep_prios":[5,5,5,25,25,25,25,25,10,5,25,25,25,25,5,5,5,20,5,30,30,30,30,30,30,30,30,30,30,30,30,30,30,30,30,30,30,30,30,30,30,30],"dependencies":["sqlalchemy.sql.schema","alembic.runtime.migration","alembic.script.revision","sqlalchemy.engine.base","sqlalchemy.sql.type_api","alembic.autogenerate.api","alembic.operations.ops","alembic.script.base","alembic.util","alembic.operations","sqlalchemy.engine","sqlalchemy.sql","alembic.config","alembic.ddl","__future__","typing","typing_extensions","alembic","builtins","_typeshed","abc","alembic.autogenerate","alembic.ddl.impl","alembic.operations.base","alembic.operations.batch","alembic.script","alembic.util.exc","alembic.util.langhelpers","argparse","contextlib","sqlalchemy","sqlalchemy.engine.interfaces","sqlalchemy.engine.url","sqlalchemy.sql.annotation","sqlalchemy.sql.base","sqlalchemy.sql.elements","sqlalchemy.sql.operators","sqlalchemy.sql.roles","sqlalchemy.sql.traversals","sqlalchemy.sql.visitors","sqlalchemy.util","sqlalchemy.util.langhelpers"],"hash":"2fa6c35b576fc3c2f8cf0c654c6f0a9d3d3170280b5f151f751a73aa5268163a","id":"alembic.runtime.environment","ignore_all":true,"interface_hash":"87e387ed5dadef13eefaea63cabe41676b58842f6d7e7fff185048e6a663f19a","mtime":1761854780,"options":{"allow_redefinition":false,"allow_untyped_globals":false,"always_false":[],"always_true":[],"bazel":false,"check_untyped_defs":false,"disable_bytearray_promotion":false,"disable_error_code":[],"disable_memoryview_promotion":false,"disabled_error_codes":[],"disallow_any_decorated":false,"disallow_any_explicit":false,"disallow_any_expr":false,"disallow_any_generics":false,"disallow_any_unimported":false,"disallow_incomplete_defs":false,"disallow_subclassing_any":false,"disallow_untyped_calls":false,"disallow_untyped_decorators":false,"disallow_untyped_defs":false,"enable_error_code":[],"enabled_error_codes":[],"follow_imports":"silent","follow_imports_for_stubs":false,"ignore_errors":false,"ignore_missing_imports":true,"implicit_optional":true,"implicit_reexport":true,"local_partial_types":false,"mypyc":false,"platform":"win32","plugins":[],"strict_concatenate":false,"strict_equality":false,"strict_optional":true,"warn_no_return":true,"warn_return_any":false,"warn_unreachable":false,"warn_unused_ignores":false},"path":"C:\\Users\\Vasilis\\AppData\\Local\\Programs\\Python\\Python313\\Lib\\site-packages\\alembic\\runtime\\environment.py","plugin_data":null,"size":41479,"suppressed":[],"version_id":"1.3.0"}