{"data_mtime":1762095530,"dep_lines":[2,1,3,4,5,6,1,1,1,1,1],"dep_prios":[5,10,5,5,5,5,5,30,30,30,30],"dependencies":["collections.abc","sys","decimal","numbers","typing","typing_extensions","builtins","_decimal","_operator","_typeshed","abc"],"hash":"8920640aa1ef26e4093747df64e273af50a65c28cef9cb693e6feaff46bdfe88","id":"fractions","ignore_all":true,"interface_hash":"8ce90e9f6afc1ff7367e73f66130386f7c944cc266047756ad4adf1946fc349c","mtime":1762095443,"options":{"allow_redefinition":false,"allow_untyped_globals":false,"always_false":[],"always_true":[],"bazel":false,"check_untyped_defs":false,"disable_bytearray_promotion":false,"disable_error_code":[],"disable_memoryview_promotion":false,"disabled_error_codes":[],"disallow_any_decorated":false,"disallow_any_explicit":false,"disallow_any_expr":false,"disallow_any_generics":false,"disallow_any_unimported":false,"disallow_incomplete_defs":false,"disallow_subclassing_any":false,"disallow_untyped_calls":false,"disallow_untyped_decorators":false,"disallow_untyped_defs":false,"enable_error_code":[],"enabled_error_codes":[],"follow_imports":"silent","follow_imports_for_stubs":false,"ignore_errors":false,"ignore_missing_imports":true,"implicit_optional":true,"implicit_reexport":true,"local_partial_types":false,"mypyc":false,"platform":"win32","plugins":[],"strict_concatenate":false,"strict_equality":false,"strict_optional":true,"warn_no_return":true,"warn_return_any":false,"warn_unreachable":false,"warn_unused_ignores":false},"path":"C:\\Users\\Vasilis\\AppData\\Local\\Programs\\Python\\Python313\\Lib\\site-packages\\mypy\\typeshed\\stdlib\\fractions.pyi","plugin_data":null,"size":5584,"suppressed":[],"version_id":"1.3.0"}