{".class":"MypyFile","_fullname":"anyio.from_thread","future_import_flags":["annotations"],"is_partial_stub_package":false,"is_stub":false,"names":{".class":"SymbolTable","AbstractAsyncContextManager":{".class":"SymbolTableNode","cross_ref":"contextlib.AbstractAsyncContextManager","kind":"Gdef"},"AbstractContextManager":{".class":"SymbolTableNode","cross_ref":"contextlib.AbstractContextManager","kind":"Gdef"},"Any":{".class":"SymbolTableNode","cross_ref":"typing.Any","kind":"Gdef"},"AsyncBackend":{".class":"SymbolTableNode","cross_ref":"anyio.abc._eventloop.AsyncBackend","kind":"Gdef"},"Awaitable":{".class":"SymbolTableNode","cross_ref":"typing.Awaitable","kind":"Gdef"},"BlockingPortal":{".class":"SymbolTableNode","kind":"Gdef","node":{".class":"TypeInfo","_promote":[],"abstract_attributes":[],"alt_promote":null,"bases":["builtins.object"],"dataclass_transform_spec":null,"declared_metaclass":null,"defn":{".class":"ClassDef","fullname":"anyio.from_thread.BlockingPortal","name":"BlockingPortal","type_vars":[]},"deletable_attributes":[],"flags":[],"fullname":"anyio.from_thread.BlockingPortal","has_param_spec_type":false,"metaclass_type":null,"metadata":{},"module_name":"anyio.from_thread","mro":["anyio.from_thread.BlockingPortal","builtins.object"],"names":{".class":"SymbolTable","__aenter__":{".class":"SymbolTableNode","kind":"Mdef","node":{".class":"FuncDef","abstract_status":0,"arg_kinds":[0],"arg_names":["self"],"dataclass_transform_spec":null,"flags":["is_coroutine"],"fullname":"anyio.from_thread.BlockingPortal.__aenter__","name":"__aenter__","type":{".class":"CallableType","arg_kinds":[0],"arg_names":["self"],"arg_types":["anyio.from_thread.BlockingPortal"],"bound_args":[],"def_extras":{"first_arg":"self"},"fallback":"builtins.function","from_concatenate":false,"implicit":false,"is_ellipsis_args":false,"name":"__aenter__ of BlockingPortal","ret_type":{".class":"Instance","args":[{".class":"AnyType","missing_import_name":null,"source_any":null,"type_of_any":6},{".class":"AnyType","missing_import_name":null,"source_any":null,"type_of_any":6},"anyio.from_thread.BlockingPortal"],"type_ref":"typing.Coroutine"},"type_guard":null,"unpack_kwargs":false,"variables":[]}}},"__aexit__":{".class":"SymbolTableNode","kind":"Mdef","node":{".class":"FuncDef","abstract_status":0,"arg_kinds":[0,0,0,0],"arg_names":["self","exc_type","exc_val","exc_tb"],"dataclass_transform_spec":null,"flags":["is_coroutine"],"fullname":"anyio.from_thread.BlockingPortal.__aexit__","name":"__aexit__","type":{".class":"CallableType","arg_kinds":[0,0,0,0],"arg_names":["self","exc_type","exc_val","exc_tb"],"arg_types":["anyio.from_thread.BlockingPortal",{".class":"UnionType","items":[{".class":"TypeType","item":"builtins.BaseException"},{".class":"NoneType"}]},{".class":"UnionType","items":["builtins.BaseException",{".class":"NoneType"}]},{".class":"UnionType","items":["types.TracebackType",{".class":"NoneType"}]}],"bound_args":[],"def_extras":{"first_arg":"self"},"fallback":"builtins.function","from_concatenate":false,"implicit":false,"is_ellipsis_args":false,"name":"__aexit__ of BlockingPortal","ret_type":{".class":"Instance","args":[{".class":"AnyType","missing_import_name":null,"source_any":null,"type_of_any":6},{".class":"AnyType","missing_import_name":null,"source_any":null,"type_of_any":6},"builtins.bool"],"type_ref":"typing.Coroutine"},"type_guard":null,"unpack_kwargs":false,"variables":[]}}},"__init__":{".class":"SymbolTableNode","kind":"Mdef","node":{".class":"FuncDef","abstract_status":0,"arg_kinds":[0],"arg_names":["self"],"dataclass_transform_spec":null,"flags":[],"fullname":"anyio.from_thread.BlockingPortal.__init__","name":"__init__","type":{".class":"CallableType","arg_kinds":[0],"arg_names":["self"],"arg_types":["anyio.from_thread.BlockingPortal"],"bound_args":[],"def_extras":{"first_arg":"self"},"fallback":"builtins.function","from_concatenate":false,"implicit":false,"is_ellipsis_args":false,"name":"__init__ of BlockingPortal","ret_type":{".class":"NoneType"},"type_guard":null,"unpack_kwargs":false,"variables":[]}}},"__new__":{".class":"SymbolTableNode","kind":"Mdef","node":{".class":"FuncDef","abstract_status":0,"arg_kinds":[0],"arg_names":["cls"],"dataclass_transform_spec":null,"flags":[],"fullname":"anyio.from_thread.BlockingPortal.__new__","name":"__new__","type":{".class":"CallableType","arg_kinds":[0],"arg_names":["cls"],"arg_types":[{".class":"TypeType","item":"anyio.from_thread.BlockingPortal"}],"bound_args":[],"def_extras":{"first_arg":"cls"},"fallback":"builtins.function","from_concatenate":false,"implicit":false,"is_ellipsis_args":false,"name":"__new__ of BlockingPortal","ret_type":"anyio.from_thread.BlockingPortal","type_guard":null,"unpack_kwargs":false,"variables":[]}}},"_call_func":{".class":"SymbolTableNode","kind":"Mdef","node":{".class":"FuncDef","abstract_status":0,"arg_kinds":[0,0,0,0,0],"arg_names":["self","func","args","kwargs","future"],"dataclass_transform_spec":null,"flags":["is_coroutine"],"fullname":"anyio.from_thread.BlockingPortal._call_func","name":"_call_func","type":{".class":"CallableType","arg_kinds":[0,0,0,0,0],"arg_names":["self","func","args","kwargs","future"],"arg_types":["anyio.from_thread.BlockingPortal",{".class":"CallableType","arg_kinds":[0],"arg_names":[null],"arg_types":[{".class":"AnyType","missing_import_name":null,"source_any":null,"type_of_any":5}],"bound_args":[],"def_extras":{},"fallback":"builtins.function","from_concatenate":false,"implicit":false,"is_ellipsis_args":false,"name":null,"ret_type":{".class":"UnionType","items":[{".class":"Instance","args":[{".class":"TypeVarType","fullname":"anyio.from_thread.T_Retval","id":-1,"name":"T_Retval","namespace":"","upper_bound":"builtins.object","values":[],"variance":0}],"type_ref":"typing.Awaitable"},{".class":"TypeVarType","fullname":"anyio.from_thread.T_Retval","id":-1,"name":"T_Retval","namespace":"","upper_bound":"builtins.object","values":[],"variance":0}]},"type_guard":null,"unpack_kwargs":false,"variables":[]},{".class":"TupleType","implicit":false,"items":[{".class":"AnyType","missing_import_name":null,"source_any":null,"type_of_any":5}],"partial_fallback":{".class":"Instance","args":[{".class":"AnyType","missing_import_name":null,"source_any":null,"type_of_any":6}],"type_ref":"builtins.tuple"}},{".class":"Instance","args":["builtins.str",{".class":"AnyType","missing_import_name":null,"source_any":null,"type_of_any":2}],"type_ref":"builtins.dict"},{".class":"Instance","args":[{".class":"TypeVarType","fullname":"anyio.from_thread.T_Retval","id":-1,"name":"T_Retval","namespace":"","upper_bound":"builtins.object","values":[],"variance":0}],"type_ref":"concurrent.futures._base.Future"}],"bound_args":[],"def_extras":{"first_arg":"self"},"fallback":"builtins.function","from_concatenate":false,"implicit":false,"is_ellipsis_args":false,"name":"_call_func of BlockingPortal","ret_type":{".class":"Instance","args":[{".class":"AnyType","missing_import_name":null,"source_any":null,"type_of_any":6},{".class":"AnyType","missing_import_name":null,"source_any":null,"type_of_any":6},{".class":"NoneType"}],"type_ref":"typing.Coroutine"},"type_guard":null,"unpack_kwargs":false,"variables":[{".class":"TypeVarType","fullname":"anyio.from_thread.T_Retval","id":-1,"name":"T_Retval","namespace":"","upper_bound":"builtins.object","values":[],"variance":0}]}}},"_cancelled_exc_class":{".class":"SymbolTableNode","implicit":true,"kind":"Mdef","node":{".class":"Var","flags":["is_inferred"],"fullname":"anyio.from_thread.BlockingPortal._cancelled_exc_class","name":"_cancelled_exc_class","type":{".class":"TypeType","item":"builtins.BaseException"}}},"_check_running":{".class":"SymbolTableNode","kind":"Mdef","node":{".class":"FuncDef","abstract_status":0,"arg_kinds":[0],"arg_names":["self"],"dataclass_transform_spec":null,"flags":[],"fullname":"anyio.from_thread.BlockingPortal._check_running","name":"_check_running","type":{".class":"CallableType","arg_kinds":[0],"arg_names":["self"],"arg_types":["anyio.from_thread.BlockingPortal"],"bound_args":[],"def_extras":{"first_arg":"self"},"fallback":"builtins.function","from_concatenate":false,"implicit":false,"is_ellipsis_args":false,"name":"_check_running of BlockingPortal","ret_type":{".class":"NoneType"},"type_guard":null,"unpack_kwargs":false,"variables":[]}}},"_event_loop_thread_id":{".class":"SymbolTableNode","implicit":true,"kind":"Mdef","node":{".class":"Var","flags":["explicit_self_type","is_ready","is_inferred"],"fullname":"anyio.from_thread.BlockingPortal._event_loop_thread_id","name":"_event_loop_thread_id","type":{".class":"UnionType","items":["builtins.int",{".class":"NoneType"}]}}},"_spawn_task_from_thread":{".class":"SymbolTableNode","kind":"Mdef","node":{".class":"FuncDef","abstract_status":0,"arg_kinds":[0,0,0,0,0,0],"arg_names":["self","func","args","kwargs","name","future"],"dataclass_transform_spec":null,"flags":[],"fullname":"anyio.from_thread.BlockingPortal._spawn_task_from_thread","name":"_spawn_task_from_thread","type":{".class":"CallableType","arg_kinds":[0,0,0,0,0,0],"arg_names":["self","func","args","kwargs","name","future"],"arg_types":["anyio.from_thread.BlockingPortal",{".class":"CallableType","arg_kinds":[0],"arg_names":[null],"arg_types":[{".class":"AnyType","missing_import_name":null,"source_any":null,"type_of_any":5}],"bound_args":[],"def_extras":{},"fallback":"builtins.function","from_concatenate":false,"implicit":false,"is_ellipsis_args":false,"name":null,"ret_type":{".class":"UnionType","items":[{".class":"Instance","args":[{".class":"TypeVarType","fullname":"anyio.from_thread.T_Retval","id":-1,"name":"T_Retval","namespace":"","upper_bound":"builtins.object","values":[],"variance":0}],"type_ref":"typing.Awaitable"},{".class":"TypeVarType","fullname":"anyio.from_thread.T_Retval","id":-1,"name":"T_Retval","namespace":"","upper_bound":"builtins.object","values":[],"variance":0}]},"type_guard":null,"unpack_kwargs":false,"variables":[]},{".class":"TupleType","implicit":false,"items":[{".class":"AnyType","missing_import_name":null,"source_any":null,"type_of_any":5}],"partial_fallback":{".class":"Instance","args":[{".class":"AnyType","missing_import_name":null,"source_any":null,"type_of_any":6}],"type_ref":"builtins.tuple"}},{".class":"Instance","args":["builtins.str",{".class":"AnyType","missing_import_name":null,"source_any":null,"type_of_any":2}],"type_ref":"builtins.dict"},"builtins.object",{".class":"Instance","args":[{".class":"TypeVarType","fullname":"anyio.from_thread.T_Retval","id":-1,"name":"T_Retval","namespace":"","upper_bound":"builtins.object","values":[],"variance":0}],"type_ref":"concurrent.futures._base.Future"}],"bound_args":[],"def_extras":{"first_arg":"self"},"fallback":"builtins.function","from_concatenate":false,"implicit":false,"is_ellipsis_args":false,"name":"_spawn_task_from_thread of BlockingPortal","ret_type":{".class":"NoneType"},"type_guard":null,"unpack_kwargs":false,"variables":[{".class":"TypeVarType","fullname":"anyio.from_thread.T_Retval","id":-1,"name":"T_Retval","namespace":"","upper_bound":"builtins.object","values":[],"variance":0}]}}},"_stop_event":{".class":"SymbolTableNode","implicit":true,"kind":"Mdef","node":{".class":"Var","flags":["is_inferred"],"fullname":"anyio.from_thread.BlockingPortal._stop_event","name":"_stop_event","type":"anyio._core._synchronization.Event"}},"_task_group":{".class":"SymbolTableNode","implicit":true,"kind":"Mdef","node":{".class":"Var","flags":["is_inferred"],"fullname":"anyio.from_thread.BlockingPortal._task_group","name":"_task_group","type":"anyio.abc._tasks.TaskGroup"}},"call":{".class":"SymbolTableNode","kind":"Mdef","node":{".class":"OverloadedFuncDef","flags":[],"fullname":"anyio.from_thread.BlockingPortal.call","impl":{".class":"FuncDef","abstract_status":0,"arg_kinds":[0,0,2],"arg_names":["self","func","args"],"dataclass_transform_spec":null,"flags":["is_overload"],"fullname":"anyio.from_thread.BlockingPortal.call","name":"call","type":{".class":"CallableType","arg_kinds":[0,0,2],"arg_names":["self","func","args"],"arg_types":["anyio.from_thread.BlockingPortal",{".class":"CallableType","arg_kinds":[0],"arg_names":[null],"arg_types":[{".class":"AnyType","missing_import_name":null,"source_any":null,"type_of_any":5}],"bound_args":[],"def_extras":{},"fallback":"builtins.function","from_concatenate":false,"implicit":false,"is_ellipsis_args":false,"name":null,"ret_type":{".class":"UnionType","items":[{".class":"Instance","args":[{".class":"TypeVarType","fullname":"anyio.from_thread.T_Retval","id":-1,"name":"T_Retval","namespace":"","upper_bound":"builtins.object","values":[],"variance":0}],"type_ref":"typing.Awaitable"},{".class":"TypeVarType","fullname":"anyio.from_thread.T_Retval","id":-1,"name":"T_Retval","namespace":"","upper_bound":"builtins.object","values":[],"variance":0}]},"type_guard":null,"unpack_kwargs":false,"variables":[]},{".class":"AnyType","missing_import_name":null,"source_any":null,"type_of_any":5}],"bound_args":[],"def_extras":{"first_arg":"self"},"fallback":"builtins.function","from_concatenate":false,"implicit":false,"is_ellipsis_args":false,"name":"call of BlockingPortal","ret_type":{".class":"TypeVarType","fullname":"anyio.from_thread.T_Retval","id":-1,"name":"T_Retval","namespace":"","upper_bound":"builtins.object","values":[],"variance":0},"type_guard":null,"unpack_kwargs":false,"variables":[{".class":"TypeVarType","fullname":"anyio.from_thread.T_Retval","id":-1,"name":"T_Retval","namespace":"","upper_bound":"builtins.object","values":[],"variance":0}]}},"items":[{".class":"Decorator","func":{".class":"FuncDef","abstract_status":0,"arg_kinds":[0,0,2],"arg_names":["self","func","args"],"dataclass_transform_spec":null,"flags":["is_overload","is_decorated"],"fullname":"anyio.from_thread.BlockingPortal.call","name":"call","type":{".class":"CallableType","arg_kinds":[0,0,2],"arg_names":["self","func","args"],"arg_types":["anyio.from_thread.BlockingPortal",{".class":"CallableType","arg_kinds":[0],"arg_names":[null],"arg_types":[{".class":"AnyType","missing_import_name":null,"source_any":null,"type_of_any":5}],"bound_args":[],"def_extras":{},"fallback":"builtins.function","from_concatenate":false,"implicit":false,"is_ellipsis_args":false,"name":null,"ret_type":{".class":"Instance","args":[{".class":"TypeVarType","fullname":"anyio.from_thread.T_Retval","id":-1,"name":"T_Retval","namespace":"","upper_bound":"builtins.object","values":[],"variance":0}],"type_ref":"typing.Awaitable"},"type_guard":null,"unpack_kwargs":false,"variables":[]},{".class":"AnyType","missing_import_name":null,"source_any":null,"type_of_any":5}],"bound_args":[],"def_extras":{"first_arg":"self"},"fallback":"builtins.function","from_concatenate":false,"implicit":false,"is_ellipsis_args":false,"name":"call of BlockingPortal","ret_type":{".class":"TypeVarType","fullname":"anyio.from_thread.T_Retval","id":-1,"name":"T_Retval","namespace":"","upper_bound":"builtins.object","values":[],"variance":0},"type_guard":null,"unpack_kwargs":false,"variables":[{".class":"TypeVarType","fullname":"anyio.from_thread.T_Retval","id":-1,"name":"T_Retval","namespace":"","upper_bound":"builtins.object","values":[],"variance":0}]}},"is_overload":true,"var":{".class":"Var","flags":["is_inferred"],"fullname":"anyio.from_thread.BlockingPortal.call","name":"call","type":null}},{".class":"Decorator","func":{".class":"FuncDef","abstract_status":0,"arg_kinds":[0,0,2],"arg_names":["self","func","args"],"dataclass_transform_spec":null,"flags":["is_overload","is_decorated"],"fullname":"anyio.from_thread.BlockingPortal.call","name":"call","type":{".class":"CallableType","arg_kinds":[0,0,2],"arg_names":["self","func","args"],"arg_types":["anyio.from_thread.BlockingPortal",{".class":"CallableType","arg_kinds":[0],"arg_names":[null],"arg_types":[{".class":"AnyType","missing_import_name":null,"source_any":null,"type_of_any":5}],"bound_args":[],"def_extras":{},"fallback":"builtins.function","from_concatenate":false,"implicit":false,"is_ellipsis_args":false,"name":null,"ret_type":{".class":"TypeVarType","fullname":"anyio.from_thread.T_Retval","id":-1,"name":"T_Retval","namespace":"","upper_bound":"builtins.object","values":[],"variance":0},"type_guard":null,"unpack_kwargs":false,"variables":[]},{".class":"AnyType","missing_import_name":null,"source_any":null,"type_of_any":5}],"bound_args":[],"def_extras":{"first_arg":"self"},"fallback":"builtins.function","from_concatenate":false,"implicit":false,"is_ellipsis_args":false,"name":"call of BlockingPortal","ret_type":{".class":"TypeVarType","fullname":"anyio.from_thread.T_Retval","id":-1,"name":"T_Retval","namespace":"","upper_bound":"builtins.object","values":[],"variance":0},"type_guard":null,"unpack_kwargs":false,"variables":[{".class":"TypeVarType","fullname":"anyio.from_thread.T_Retval","id":-1,"name":"T_Retval","namespace":"","upper_bound":"builtins.object","values":[],"variance":0}]}},"is_overload":true,"var":{".class":"Var","flags":["is_inferred"],"fullname":"anyio.from_thread.BlockingPortal.call","name":"call","type":null}}],"type":{".class":"Overloaded","items":[{".class":"CallableType","arg_kinds":[0,0,2],"arg_names":["self","func","args"],"arg_types":["anyio.from_thread.BlockingPortal",{".class":"CallableType","arg_kinds":[0],"arg_names":[null],"arg_types":[{".class":"AnyType","missing_import_name":null,"source_any":null,"type_of_any":5}],"bound_args":[],"def_extras":{},"fallback":"builtins.function","from_concatenate":false,"implicit":false,"is_ellipsis_args":false,"name":null,"ret_type":{".class":"Instance","args":[{".class":"TypeVarType","fullname":"anyio.from_thread.T_Retval","id":-1,"name":"T_Retval","namespace":"","upper_bound":"builtins.object","values":[],"variance":0}],"type_ref":"typing.Awaitable"},"type_guard":null,"unpack_kwargs":false,"variables":[]},{".class":"AnyType","missing_import_name":null,"source_any":null,"type_of_any":5}],"bound_args":[],"def_extras":{"first_arg":"self"},"fallback":"builtins.function","from_concatenate":false,"implicit":false,"is_ellipsis_args":false,"name":"call of BlockingPortal","ret_type":{".class":"TypeVarType","fullname":"anyio.from_thread.T_Retval","id":-1,"name":"T_Retval","namespace":"","upper_bound":"builtins.object","values":[],"variance":0},"type_guard":null,"unpack_kwargs":false,"variables":[{".class":"TypeVarType","fullname":"anyio.from_thread.T_Retval","id":-1,"name":"T_Retval","namespace":"","upper_bound":"builtins.object","values":[],"variance":0}]},{".class":"CallableType","arg_kinds":[0,0,2],"arg_names":["self","func","args"],"arg_types":["anyio.from_thread.BlockingPortal",{".class":"CallableType","arg_kinds":[0],"arg_names":[null],"arg_types":[{".class":"AnyType","missing_import_name":null,"source_any":null,"type_of_any":5}],"bound_args":[],"def_extras":{},"fallback":"builtins.function","from_concatenate":false,"implicit":false,"is_ellipsis_args":false,"name":null,"ret_type":{".class":"TypeVarType","fullname":"anyio.from_thread.T_Retval","id":-1,"name":"T_Retval","namespace":"","upper_bound":"builtins.object","values":[],"variance":0},"type_guard":null,"unpack_kwargs":false,"variables":[]},{".class":"AnyType","missing_import_name":null,"source_any":null,"type_of_any":5}],"bound_args":[],"def_extras":{"first_arg":"self"},"fallback":"builtins.function","from_concatenate":false,"implicit":false,"is_ellipsis_args":false,"name":"call of BlockingPortal","ret_type":{".class":"TypeVarType","fullname":"anyio.from_thread.T_Retval","id":-1,"name":"T_Retval","namespace":"","upper_bound":"builtins.object","values":[],"variance":0},"type_guard":null,"unpack_kwargs":false,"variables":[{".class":"TypeVarType","fullname":"anyio.from_thread.T_Retval","id":-1,"name":"T_Retval","namespace":"","upper_bound":"builtins.object","values":[],"variance":0}]}]}}},"sleep_until_stopped":{".class":"SymbolTableNode","kind":"Mdef","node":{".class":"FuncDef","abstract_status":0,"arg_kinds":[0],"arg_names":["self"],"dataclass_transform_spec":null,"flags":["is_coroutine"],"fullname":"anyio.from_thread.BlockingPortal.sleep_until_stopped","name":"sleep_until_stopped","type":{".class":"CallableType","arg_kinds":[0],"arg_names":["self"],"arg_types":["anyio.from_thread.BlockingPortal"],"bound_args":[],"def_extras":{"first_arg":"self"},"fallback":"builtins.function","from_concatenate":false,"implicit":false,"is_ellipsis_args":false,"name":"sleep_until_stopped of BlockingPortal","ret_type":{".class":"Instance","args":[{".class":"AnyType","missing_import_name":null,"source_any":null,"type_of_any":6},{".class":"AnyType","missing_import_name":null,"source_any":null,"type_of_any":6},{".class":"NoneType"}],"type_ref":"typing.Coroutine"},"type_guard":null,"unpack_kwargs":false,"variables":[]}}},"start_task":{".class":"SymbolTableNode","kind":"Mdef","node":{".class":"FuncDef","abstract_status":0,"arg_kinds":[0,0,2,5],"arg_names":["self","func","args","name"],"dataclass_transform_spec":null,"flags":[],"fullname":"anyio.from_thread.BlockingPortal.start_task","name":"start_task","type":{".class":"CallableType","arg_kinds":[0,0,2,5],"arg_names":["self","func","args","name"],"arg_types":["anyio.from_thread.BlockingPortal",{".class":"CallableType","arg_kinds":[2,4],"arg_names":[null,null],"arg_types":[{".class":"AnyType","missing_import_name":null,"source_any":null,"type_of_any":2},{".class":"AnyType","missing_import_name":null,"source_any":null,"type_of_any":2}],"bound_args":[],"def_extras":{},"fallback":"builtins.function","from_concatenate":false,"implicit":false,"is_ellipsis_args":true,"name":null,"ret_type":{".class":"Instance","args":[{".class":"TypeVarType","fullname":"anyio.from_thread.T_Retval","id":-1,"name":"T_Retval","namespace":"","upper_bound":"builtins.object","values":[],"variance":0}],"type_ref":"typing.Awaitable"},"type_guard":null,"unpack_kwargs":false,"variables":[]},"builtins.object",{".class":"UnionType","items":["builtins.object",{".class":"NoneType"}]}],"bound_args":[],"def_extras":{"first_arg":"self"},"fallback":"builtins.function","from_concatenate":false,"implicit":false,"is_ellipsis_args":false,"name":"start_task of BlockingPortal","ret_type":{".class":"TupleType","implicit":false,"items":[{".class":"Instance","args":[{".class":"TypeVarType","fullname":"anyio.from_thread.T_Retval","id":-1,"name":"T_Retval","namespace":"","upper_bound":"builtins.object","values":[],"variance":0}],"type_ref":"concurrent.futures._base.Future"},{".class":"AnyType","missing_import_name":null,"source_any":null,"type_of_any":2}],"partial_fallback":{".class":"Instance","args":[{".class":"AnyType","missing_import_name":null,"source_any":null,"type_of_any":6}],"type_ref":"builtins.tuple"}},"type_guard":null,"unpack_kwargs":false,"variables":[{".class":"TypeVarType","fullname":"anyio.from_thread.T_Retval","id":-1,"name":"T_Retval","namespace":"","upper_bound":"builtins.object","values":[],"variance":0}]}}},"start_task_soon":{".class":"SymbolTableNode","kind":"Mdef","node":{".class":"OverloadedFuncDef","flags":[],"fullname":"anyio.from_thread.BlockingPortal.start_task_soon","impl":{".class":"FuncDef","abstract_status":0,"arg_kinds":[0,0,2,5],"arg_names":["self","func","args","name"],"dataclass_transform_spec":null,"flags":["is_overload"],"fullname":"anyio.from_thread.BlockingPortal.start_task_soon","name":"start_task_soon","type":{".class":"CallableType","arg_kinds":[0,0,2,5],"arg_names":["self","func","args","name"],"arg_types":["anyio.from_thread.BlockingPortal",{".class":"CallableType","arg_kinds":[0],"arg_names":[null],"arg_types":[{".class":"AnyType","missing_import_name":null,"source_any":null,"type_of_any":5}],"bound_args":[],"def_extras":{},"fallback":"builtins.function","from_concatenate":false,"implicit":false,"is_ellipsis_args":false,"name":null,"ret_type":{".class":"UnionType","items":[{".class":"Instance","args":[{".class":"TypeVarType","fullname":"anyio.from_thread.T_Retval","id":-1,"name":"T_Retval","namespace":"","upper_bound":"builtins.object","values":[],"variance":0}],"type_ref":"typing.Awaitable"},{".class":"TypeVarType","fullname":"anyio.from_thread.T_Retval","id":-1,"name":"T_Retval","namespace":"","upper_bound":"builtins.object","values":[],"variance":0}]},"type_guard":null,"unpack_kwargs":false,"variables":[]},{".class":"AnyType","missing_import_name":null,"source_any":null,"type_of_any":5},{".class":"UnionType","items":["builtins.object",{".class":"NoneType"}]}],"bound_args":[],"def_extras":{"first_arg":"self"},"fallback":"builtins.function","from_concatenate":false,"implicit":false,"is_ellipsis_args":false,"name":"start_task_soon of BlockingPortal","ret_type":{".class":"Instance","args":[{".class":"TypeVarType","fullname":"anyio.from_thread.T_Retval","id":-1,"name":"T_Retval","namespace":"","upper_bound":"builtins.object","values":[],"variance":0}],"type_ref":"concurrent.futures._base.Future"},"type_guard":null,"unpack_kwargs":false,"variables":[{".class":"TypeVarType","fullname":"anyio.from_thread.T_Retval","id":-1,"name":"T_Retval","namespace":"","upper_bound":"builtins.object","values":[],"variance":0}]}},"items":[{".class":"Decorator","func":{".class":"FuncDef","abstract_status":0,"arg_kinds":[0,0,2,5],"arg_names":["self","func","args","name"],"dataclass_transform_spec":null,"flags":["is_overload","is_decorated"],"fullname":"anyio.from_thread.BlockingPortal.start_task_soon","name":"start_task_soon","type":{".class":"CallableType","arg_kinds":[0,0,2,5],"arg_names":["self","func","args","name"],"arg_types":["anyio.from_thread.BlockingPortal",{".class":"CallableType","arg_kinds":[0],"arg_names":[null],"arg_types":[{".class":"AnyType","missing_import_name":null,"source_any":null,"type_of_any":5}],"bound_args":[],"def_extras":{},"fallback":"builtins.function","from_concatenate":false,"implicit":false,"is_ellipsis_args":false,"name":null,"ret_type":{".class":"Instance","args":[{".class":"TypeVarType","fullname":"anyio.from_thread.T_Retval","id":-1,"name":"T_Retval","namespace":"","upper_bound":"builtins.object","values":[],"variance":0}],"type_ref":"typing.Awaitable"},"type_guard":null,"unpack_kwargs":false,"variables":[]},{".class":"AnyType","missing_import_name":null,"source_any":null,"type_of_any":5},{".class":"UnionType","items":["builtins.object",{".class":"NoneType"}]}],"bound_args":[],"def_extras":{"first_arg":"self"},"fallback":"builtins.function","from_concatenate":false,"implicit":false,"is_ellipsis_args":false,"name":"start_task_soon of BlockingPortal","ret_type":{".class":"Instance","args":[{".class":"TypeVarType","fullname":"anyio.from_thread.T_Retval","id":-1,"name":"T_Retval","namespace":"","upper_bound":"builtins.object","values":[],"variance":0}],"type_ref":"concurrent.futures._base.Future"},"type_guard":null,"unpack_kwargs":false,"variables":[{".class":"TypeVarType","fullname":"anyio.from_thread.T_Retval","id":-1,"name":"T_Retval","namespace":"","upper_bound":"builtins.object","values":[],"variance":0}]}},"is_overload":true,"var":{".class":"Var","flags":["is_inferred"],"fullname":"anyio.from_thread.BlockingPortal.start_task_soon","name":"start_task_soon","type":null}},{".class":"Decorator","func":{".class":"FuncDef","abstract_status":0,"arg_kinds":[0,0,2,5],"arg_names":["self","func","args","name"],"dataclass_transform_spec":null,"flags":["is_overload","is_decorated"],"fullname":"anyio.from_thread.BlockingPortal.start_task_soon","name":"start_task_soon","type":{".class":"CallableType","arg_kinds":[0,0,2,5],"arg_names":["self","func","args","name"],"arg_types":["anyio.from_thread.BlockingPortal",{".class":"CallableType","arg_kinds":[0],"arg_names":[null],"arg_types":[{".class":"AnyType","missing_import_name":null,"source_any":null,"type_of_any":5}],"bound_args":[],"def_extras":{},"fallback":"builtins.function","from_concatenate":false,"implicit":false,"is_ellipsis_args":false,"name":null,"ret_type":{".class":"TypeVarType","fullname":"anyio.from_thread.T_Retval","id":-1,"name":"T_Retval","namespace":"","upper_bound":"builtins.object","values":[],"variance":0},"type_guard":null,"unpack_kwargs":false,"variables":[]},{".class":"AnyType","missing_import_name":null,"source_any":null,"type_of_any":5},{".class":"UnionType","items":["builtins.object",{".class":"NoneType"}]}],"bound_args":[],"def_extras":{"first_arg":"self"},"fallback":"builtins.function","from_concatenate":false,"implicit":false,"is_ellipsis_args":false,"name":"start_task_soon of BlockingPortal","ret_type":{".class":"Instance","args":[{".class":"TypeVarType","fullname":"anyio.from_thread.T_Retval","id":-1,"name":"T_Retval","namespace":"","upper_bound":"builtins.object","values":[],"variance":0}],"type_ref":"concurrent.futures._base.Future"},"type_guard":null,"unpack_kwargs":false,"variables":[{".class":"TypeVarType","fullname":"anyio.from_thread.T_Retval","id":-1,"name":"T_Retval","namespace":"","upper_bound":"builtins.object","values":[],"variance":0}]}},"is_overload":true,"var":{".class":"Var","flags":["is_inferred"],"fullname":"anyio.from_thread.BlockingPortal.start_task_soon","name":"start_task_soon","type":null}}],"type":{".class":"Overloaded","items":[{".class":"CallableType","arg_kinds":[0,0,2,5],"arg_names":["self","func","args","name"],"arg_types":["anyio.from_thread.BlockingPortal",{".class":"CallableType","arg_kinds":[0],"arg_names":[null],"arg_types":[{".class":"AnyType","missing_import_name":null,"source_any":null,"type_of_any":5}],"bound_args":[],"def_extras":{},"fallback":"builtins.function","from_concatenate":false,"implicit":false,"is_ellipsis_args":false,"name":null,"ret_type":{".class":"Instance","args":[{".class":"TypeVarType","fullname":"anyio.from_thread.T_Retval","id":-1,"name":"T_Retval","namespace":"","upper_bound":"builtins.object","values":[],"variance":0}],"type_ref":"typing.Awaitable"},"type_guard":null,"unpack_kwargs":false,"variables":[]},{".class":"AnyType","missing_import_name":null,"source_any":null,"type_of_any":5},{".class":"UnionType","items":["builtins.object",{".class":"NoneType"}]}],"bound_args":[],"def_extras":{"first_arg":"self"},"fallback":"builtins.function","from_concatenate":false,"implicit":false,"is_ellipsis_args":false,"name":"start_task_soon of BlockingPortal","ret_type":{".class":"Instance","args":[{".class":"TypeVarType","fullname":"anyio.from_thread.T_Retval","id":-1,"name":"T_Retval","namespace":"","upper_bound":"builtins.object","values":[],"variance":0}],"type_ref":"concurrent.futures._base.Future"},"type_guard":null,"unpack_kwargs":false,"variables":[{".class":"TypeVarType","fullname":"anyio.from_thread.T_Retval","id":-1,"name":"T_Retval","namespace":"","upper_bound":"builtins.object","values":[],"variance":0}]},{".class":"CallableType","arg_kinds":[0,0,2,5],"arg_names":["self","func","args","name"],"arg_types":["anyio.from_thread.BlockingPortal",{".class":"CallableType","arg_kinds":[0],"arg_names":[null],"arg_types":[{".class":"AnyType","missing_import_name":null,"source_any":null,"type_of_any":5}],"bound_args":[],"def_extras":{},"fallback":"builtins.function","from_concatenate":false,"implicit":false,"is_ellipsis_args":false,"name":null,"ret_type":{".class":"TypeVarType","fullname":"anyio.from_thread.T_Retval","id":-1,"name":"T_Retval","namespace":"","upper_bound":"builtins.object","values":[],"variance":0},"type_guard":null,"unpack_kwargs":false,"variables":[]},{".class":"AnyType","missing_import_name":null,"source_any":null,"type_of_any":5},{".class":"UnionType","items":["builtins.object",{".class":"NoneType"}]}],"bound_args":[],"def_extras":{"first_arg":"self"},"fallback":"builtins.function","from_concatenate":false,"implicit":false,"is_ellipsis_args":false,"name":"start_task_soon of BlockingPortal","ret_type":{".class":"Instance","args":[{".class":"TypeVarType","fullname":"anyio.from_thread.T_Retval","id":-1,"name":"T_Retval","namespace":"","upper_bound":"builtins.object","values":[],"variance":0}],"type_ref":"concurrent.futures._base.Future"},"type_guard":null,"unpack_kwargs":false,"variables":[{".class":"TypeVarType","fullname":"anyio.from_thread.T_Retval","id":-1,"name":"T_Retval","namespace":"","upper_bound":"builtins.object","values":[],"variance":0}]}]}}},"stop":{".class":"SymbolTableNode","kind":"Mdef","node":{".class":"FuncDef","abstract_status":0,"arg_kinds":[0,1],"arg_names":["self","cancel_remaining"],"dataclass_transform_spec":null,"flags":["is_coroutine"],"fullname":"anyio.from_thread.BlockingPortal.stop","name":"stop","type":{".class":"CallableType","arg_kinds":[0,1],"arg_names":["self","cancel_remaining"],"arg_types":["anyio.from_thread.BlockingPortal","builtins.bool"],"bound_args":[],"def_extras":{"first_arg":"self"},"fallback":"builtins.function","from_concatenate":false,"implicit":false,"is_ellipsis_args":false,"name":"stop of BlockingPortal","ret_type":{".class":"Instance","args":[{".class":"AnyType","missing_import_name":null,"source_any":null,"type_of_any":6},{".class":"AnyType","missing_import_name":null,"source_any":null,"type_of_any":6},{".class":"NoneType"}],"type_ref":"typing.Coroutine"},"type_guard":null,"unpack_kwargs":false,"variables":[]}}},"wrap_async_context_manager":{".class":"SymbolTableNode","kind":"Mdef","node":{".class":"FuncDef","abstract_status":0,"arg_kinds":[0,0],"arg_names":["self","cm"],"dataclass_transform_spec":null,"flags":[],"fullname":"anyio.from_thread.BlockingPortal.wrap_async_context_manager","name":"wrap_async_context_manager","type":{".class":"CallableType","arg_kinds":[0,0],"arg_names":["self","cm"],"arg_types":["anyio.from_thread.BlockingPortal",{".class":"Instance","args":[{".class":"TypeVarType","fullname":"anyio.from_thread.T_co","id":-1,"name":"T_co","namespace":"","upper_bound":"builtins.object","values":[],"variance":1}],"type_ref":"contextlib.AbstractAsyncContextManager"}],"bound_args":[],"def_extras":{"first_arg":"self"},"fallback":"builtins.function","from_concatenate":false,"implicit":false,"is_ellipsis_args":false,"name":"wrap_async_context_manager of BlockingPortal","ret_type":{".class":"Instance","args":[{".class":"TypeVarType","fullname":"anyio.from_thread.T_co","id":-1,"name":"T_co","namespace":"","upper_bound":"builtins.object","values":[],"variance":1}],"type_ref":"contextlib.AbstractContextManager"},"type_guard":null,"unpack_kwargs":false,"variables":[{".class":"TypeVarType","fullname":"anyio.from_thread.T_co","id":-1,"name":"T_co","namespace":"","upper_bound":"builtins.object","values":[],"variance":1}]}}}},"self_type":null,"slots":null,"tuple_type":null,"type_vars":[],"typeddict_type":null}},"BlockingPortalProvider":{".class":"SymbolTableNode","kind":"Gdef","node":{".class":"TypeInfo","_promote":[],"abstract_attributes":[],"alt_promote":null,"bases":["builtins.object"],"dataclass_transform_spec":null,"declared_metaclass":null,"defn":{".class":"ClassDef","fullname":"anyio.from_thread.BlockingPortalProvider","name":"BlockingPortalProvider","type_vars":[]},"deletable_attributes":[],"flags":[],"fullname":"anyio.from_thread.BlockingPortalProvider","has_param_spec_type":false,"metaclass_type":null,"metadata":{"dataclass":{"attributes":[{"alias":null,"column":4,"has_default":true,"is_in_init":true,"is_init_var":false,"is_neither_frozen_nor_nonfrozen":false,"kw_only":false,"line":416,"name":"backend","type":"builtins.str"},{"alias":null,"column":4,"has_default":true,"is_in_init":true,"is_init_var":false,"is_neither_frozen_nor_nonfrozen":false,"kw_only":false,"line":417,"name":"backend_options","type":{".class":"UnionType","items":[{".class":"Instance","args":["builtins.str",{".class":"AnyType","missing_import_name":null,"source_any":null,"type_of_any":2}],"type_ref":"builtins.dict"},{".class":"NoneType"}]}},{"alias":null,"column":4,"has_default":true,"is_in_init":false,"is_init_var":false,"is_neither_frozen_nor_nonfrozen":false,"kw_only":false,"line":418,"name":"_lock","type":"threading.Lock"},{"alias":null,"column":4,"has_default":true,"is_in_init":false,"is_init_var":false,"is_neither_frozen_nor_nonfrozen":false,"kw_only":false,"line":419,"name":"_leases","type":"builtins.int"},{"alias":null,"column":4,"has_default":false,"is_in_init":false,"is_init_var":false,"is_neither_frozen_nor_nonfrozen":false,"kw_only":false,"line":420,"name":"_portal","type":"anyio.from_thread.BlockingPortal"},{"alias":null,"column":4,"has_default":true,"is_in_init":false,"is_init_var":false,"is_neither_frozen_nor_nonfrozen":false,"kw_only":false,"line":421,"name":"_portal_cm","type":{".class":"UnionType","items":[{".class":"Instance","args":["anyio.from_thread.BlockingPortal"],"type_ref":"contextlib.AbstractContextManager"},{".class":"NoneType"}]}}],"frozen":false},"dataclass_tag":{}},"module_name":"anyio.from_thread","mro":["anyio.from_thread.BlockingPortalProvider","builtins.object"],"names":{".class":"SymbolTable","__dataclass_fields__":{".class":"SymbolTableNode","kind":"Mdef","node":{".class":"Var","flags":["is_classvar","is_ready"],"fullname":"anyio.from_thread.BlockingPortalProvider.__dataclass_fields__","name":"__dataclass_fields__","type":{".class":"Instance","args":["builtins.str",{".class":"Instance","args":[{".class":"AnyType","missing_import_name":null,"source_any":null,"type_of_any":2}],"type_ref":"dataclasses.Field"}],"type_ref":"builtins.dict"}},"plugin_generated":true},"__enter__":{".class":"SymbolTableNode","kind":"Mdef","node":{".class":"FuncDef","abstract_status":0,"arg_kinds":[0],"arg_names":[null],"dataclass_transform_spec":null,"flags":[],"fullname":"anyio.from_thread.BlockingPortalProvider.__enter__","name":"__enter__","type":{".class":"CallableType","arg_kinds":[0],"arg_names":[null],"arg_types":["anyio.from_thread.BlockingPortalProvider"],"bound_args":[],"def_extras":{"first_arg":"self"},"fallback":"builtins.function","from_concatenate":false,"implicit":false,"is_ellipsis_args":false,"name":"__enter__ of BlockingPortalProvider","ret_type":"anyio.from_thread.BlockingPortal","type_guard":null,"unpack_kwargs":false,"variables":[]}}},"__exit__":{".class":"SymbolTableNode","kind":"Mdef","node":{".class":"FuncDef","abstract_status":0,"arg_kinds":[0,0,0,0],"arg_names":[null,null,null,null],"dataclass_transform_spec":null,"flags":[],"fullname":"anyio.from_thread.BlockingPortalProvider.__exit__","name":"__exit__","type":{".class":"CallableType","arg_kinds":[0,0,0,0],"arg_names":[null,null,null,null],"arg_types":["anyio.from_thread.BlockingPortalProvider",{".class":"UnionType","items":[{".class":"TypeType","item":"builtins.BaseException"},{".class":"NoneType"}]},{".class":"UnionType","items":["builtins.BaseException",{".class":"NoneType"}]},{".class":"UnionType","items":["types.TracebackType",{".class":"NoneType"}]}],"bound_args":[],"def_extras":{"first_arg":"self"},"fallback":"builtins.function","from_concatenate":false,"implicit":false,"is_ellipsis_args":false,"name":"__exit__ of BlockingPortalProvider","ret_type":{".class":"NoneType"},"type_guard":null,"unpack_kwargs":false,"variables":[]}}},"__init__":{".class":"SymbolTableNode","kind":"Mdef","node":{".class":"FuncDef","abstract_status":0,"arg_kinds":[0,1,1],"arg_names":["self","backend","backend_options"],"dataclass_transform_spec":null,"flags":[],"fullname":"anyio.from_thread.BlockingPortalProvider.__init__","name":"__init__","type":{".class":"CallableType","arg_kinds":[0,1,1],"arg_names":["self","backend","backend_options"],"arg_types":["anyio.from_thread.BlockingPortalProvider","builtins.str",{".class":"UnionType","items":[{".class":"Instance","args":["builtins.str",{".class":"AnyType","missing_import_name":null,"source_any":null,"type_of_any":2}],"type_ref":"builtins.dict"},{".class":"NoneType"}]}],"bound_args":[],"def_extras":{},"fallback":"builtins.function","from_concatenate":false,"implicit":false,"is_ellipsis_args":false,"name":"__init__ of BlockingPortalProvider","ret_type":{".class":"NoneType"},"type_guard":null,"unpack_kwargs":false,"variables":[]}},"plugin_generated":true},"__match_args__":{".class":"SymbolTableNode","kind":"Mdef","node":{".class":"Var","flags":["is_ready","allow_incompatible_override"],"fullname":"anyio.from_thread.BlockingPortalProvider.__match_args__","name":"__match_args__","type":{".class":"TupleType","implicit":false,"items":[{".class":"LiteralType","fallback":"builtins.str","value":"backend"},{".class":"LiteralType","fallback":"builtins.str","value":"backend_options"}],"partial_fallback":{".class":"Instance","args":[{".class":"AnyType","missing_import_name":null,"source_any":null,"type_of_any":6}],"type_ref":"builtins.tuple"}}},"plugin_generated":true},"_leases":{".class":"SymbolTableNode","kind":"Mdef","node":{".class":"Var","flags":["is_initialized_in_class","is_ready","has_explicit_value"],"fullname":"anyio.from_thread.BlockingPortalProvider._leases","name":"_leases","type":"builtins.int"}},"_lock":{".class":"SymbolTableNode","kind":"Mdef","node":{".class":"Var","flags":["is_initialized_in_class","is_ready","has_explicit_value"],"fullname":"anyio.from_thread.BlockingPortalProvider._lock","name":"_lock","type":"threading.Lock"}},"_portal":{".class":"SymbolTableNode","implicit":true,"kind":"Mdef","node":{".class":"Var","flags":["is_initialized_in_class","is_ready","has_explicit_value"],"fullname":"anyio.from_thread.BlockingPortalProvider._portal","name":"_portal","type":"anyio.from_thread.BlockingPortal"}},"_portal_cm":{".class":"SymbolTableNode","kind":"Mdef","node":{".class":"Var","flags":["is_initialized_in_class","is_ready","has_explicit_value"],"fullname":"anyio.from_thread.BlockingPortalProvider._portal_cm","name":"_portal_cm","type":{".class":"UnionType","items":[{".class":"Instance","args":["anyio.from_thread.BlockingPortal"],"type_ref":"contextlib.AbstractContextManager"},{".class":"NoneType"}]}}},"backend":{".class":"SymbolTableNode","kind":"Mdef","node":{".class":"Var","flags":["is_initialized_in_class","is_ready","has_explicit_value"],"fullname":"anyio.from_thread.BlockingPortalProvider.backend","name":"backend","type":"builtins.str"}},"backend_options":{".class":"SymbolTableNode","kind":"Mdef","node":{".class":"Var","flags":["is_initialized_in_class","is_ready","has_explicit_value"],"fullname":"anyio.from_thread.BlockingPortalProvider.backend_options","name":"backend_options","type":{".class":"UnionType","items":[{".class":"Instance","args":["builtins.str",{".class":"AnyType","missing_import_name":null,"source_any":null,"type_of_any":2}],"type_ref":"builtins.dict"},{".class":"NoneType"}]}}}},"self_type":null,"slots":null,"tuple_type":null,"type_vars":[],"typeddict_type":null}},"Callable":{".class":"SymbolTableNode","cross_ref":"typing.Callable","kind":"Gdef"},"CancelScope":{".class":"SymbolTableNode","cross_ref":"anyio._core._tasks.CancelScope","kind":"Gdef"},"Event":{".class":"SymbolTableNode","cross_ref":"anyio._core._synchronization.Event","kind":"Gdef"},"Future":{".class":"SymbolTableNode","cross_ref":"concurrent.futures._base.Future","kind":"Gdef"},"Generator":{".class":"SymbolTableNode","cross_ref":"typing.Generator","kind":"Gdef"},"Generic":{".class":"SymbolTableNode","cross_ref":"typing.Generic","kind":"Gdef"},"Lock":{".class":"SymbolTableNode","cross_ref":"threading.Lock","kind":"Gdef"},"PosArgsT":{".class":"SymbolTableNode","kind":"Gdef","node":{".class":"Var","flags":["is_inferred","has_explicit_value"],"fullname":"anyio.from_thread.PosArgsT","name":"PosArgsT","type":"typing.TypeVarTuple"}},"T_Retval":{".class":"SymbolTableNode","kind":"Gdef","node":{".class":"TypeVarExpr","fullname":"anyio.from_thread.T_Retval","name":"T_Retval","upper_bound":"builtins.object","values":[],"variance":0}},"T_co":{".class":"SymbolTableNode","kind":"Gdef","node":{".class":"TypeVarExpr","fullname":"anyio.from_thread.T_co","name":"T_co","upper_bound":"builtins.object","values":[],"variance":1}},"TaskStatus":{".class":"SymbolTableNode","cross_ref":"anyio.abc._tasks.TaskStatus","kind":"Gdef"},"Thread":{".class":"SymbolTableNode","cross_ref":"threading.Thread","kind":"Gdef"},"TracebackType":{".class":"SymbolTableNode","cross_ref":"types.TracebackType","kind":"Gdef"},"TypeVar":{".class":"SymbolTableNode","cross_ref":"typing.TypeVar","kind":"Gdef"},"TypeVarTuple":{".class":"SymbolTableNode","cross_ref":"typing.TypeVarTuple","kind":"Gdef"},"Unpack":{".class":"SymbolTableNode","cross_ref":"typing.Unpack","kind":"Gdef"},"_BlockingAsyncContextManager":{".class":"SymbolTableNode","kind":"Gdef","node":{".class":"TypeInfo","_promote":[],"abstract_attributes":[],"alt_promote":null,"bases":[{".class":"Instance","args":[{".class":"AnyType","missing_import_name":null,"source_any":null,"type_of_any":4}],"type_ref":"contextlib.AbstractContextManager"}],"dataclass_transform_spec":null,"declared_metaclass":null,"defn":{".class":"ClassDef","fullname":"anyio.from_thread._BlockingAsyncContextManager","name":"_BlockingAsyncContextManager","type_vars":[{".class":"TypeVarType","fullname":"anyio.from_thread.T_co","id":1,"name":"T_co","namespace":"anyio.from_thread._BlockingAsyncContextManager","upper_bound":"builtins.object","values":[],"variance":1}]},"deletable_attributes":[],"flags":[],"fullname":"anyio.from_thread._BlockingAsyncContextManager","has_param_spec_type":false,"metaclass_type":"abc.ABCMeta","metadata":{},"module_name":"anyio.from_thread","mro":["anyio.from_thread._BlockingAsyncContextManager","contextlib.AbstractContextManager","builtins.object"],"names":{".class":"SymbolTable","__enter__":{".class":"SymbolTableNode","kind":"Mdef","node":{".class":"FuncDef","abstract_status":0,"arg_kinds":[0],"arg_names":[null],"dataclass_transform_spec":null,"flags":[],"fullname":"anyio.from_thread._BlockingAsyncContextManager.__enter__","name":"__enter__","type":{".class":"CallableType","arg_kinds":[0],"arg_names":[null],"arg_types":[{".class":"Instance","args":[{".class":"TypeVarType","fullname":"anyio.from_thread.T_co","id":1,"name":"T_co","namespace":"anyio.from_thread._BlockingAsyncContextManager","upper_bound":"builtins.object","values":[],"variance":1}],"type_ref":"anyio.from_thread._BlockingAsyncContextManager"}],"bound_args":[],"def_extras":{"first_arg":"self"},"fallback":"builtins.function","from_concatenate":false,"implicit":false,"is_ellipsis_args":false,"name":"__enter__ of _BlockingAsyncContextManager","ret_type":{".class":"TypeVarType","fullname":"anyio.from_thread.T_co","id":1,"name":"T_co","namespace":"anyio.from_thread._BlockingAsyncContextManager","upper_bound":"builtins.object","values":[],"variance":1},"type_guard":null,"unpack_kwargs":false,"variables":[]}}},"__exit__":{".class":"SymbolTableNode","kind":"Mdef","node":{".class":"FuncDef","abstract_status":0,"arg_kinds":[0,0,0,0],"arg_names":[null,null,null,null],"dataclass_transform_spec":null,"flags":[],"fullname":"anyio.from_thread._BlockingAsyncContextManager.__exit__","name":"__exit__","type":{".class":"CallableType","arg_kinds":[0,0,0,0],"arg_names":[null,null,null,null],"arg_types":[{".class":"Instance","args":[{".class":"TypeVarType","fullname":"anyio.from_thread.T_co","id":1,"name":"T_co","namespace":"anyio.from_thread._BlockingAsyncContextManager","upper_bound":"builtins.object","values":[],"variance":1}],"type_ref":"anyio.from_thread._BlockingAsyncContextManager"},{".class":"UnionType","items":[{".class":"TypeType","item":"builtins.BaseException"},{".class":"NoneType"}]},{".class":"UnionType","items":["builtins.BaseException",{".class":"NoneType"}]},{".class":"UnionType","items":["types.TracebackType",{".class":"NoneType"}]}],"bound_args":[],"def_extras":{"first_arg":"self"},"fallback":"builtins.function","from_concatenate":false,"implicit":false,"is_ellipsis_args":false,"name":"__exit__ of _BlockingAsyncContextManager","ret_type":{".class":"UnionType","items":["builtins.bool",{".class":"NoneType"}]},"type_guard":null,"unpack_kwargs":false,"variables":[]}}},"__init__":{".class":"SymbolTableNode","kind":"Mdef","node":{".class":"FuncDef","abstract_status":0,"arg_kinds":[0,0,0],"arg_names":["self","async_cm","portal"],"dataclass_transform_spec":null,"flags":[],"fullname":"anyio.from_thread._BlockingAsyncContextManager.__init__","name":"__init__","type":{".class":"CallableType","arg_kinds":[0,0,0],"arg_names":["self","async_cm","portal"],"arg_types":[{".class":"Instance","args":[{".class":"TypeVarType","fullname":"anyio.from_thread.T_co","id":1,"name":"T_co","namespace":"anyio.from_thread._BlockingAsyncContextManager","upper_bound":"builtins.object","values":[],"variance":1}],"type_ref":"anyio.from_thread._BlockingAsyncContextManager"},{".class":"Instance","args":[{".class":"TypeVarType","fullname":"anyio.from_thread.T_co","id":1,"name":"T_co","namespace":"anyio.from_thread._BlockingAsyncContextManager","upper_bound":"builtins.object","values":[],"variance":1}],"type_ref":"contextlib.AbstractAsyncContextManager"},"anyio.from_thread.BlockingPortal"],"bound_args":[],"def_extras":{"first_arg":"self"},"fallback":"builtins.function","from_concatenate":false,"implicit":false,"is_ellipsis_args":false,"name":"__init__ of _BlockingAsyncContextManager","ret_type":{".class":"NoneType"},"type_guard":null,"unpack_kwargs":false,"variables":[]}}},"_async_cm":{".class":"SymbolTableNode","implicit":true,"kind":"Mdef","node":{".class":"Var","flags":["is_inferred"],"fullname":"anyio.from_thread._BlockingAsyncContextManager._async_cm","name":"_async_cm","type":{".class":"Instance","args":[{".class":"TypeVarType","fullname":"anyio.from_thread.T_co","id":1,"name":"T_co","namespace":"anyio.from_thread._BlockingAsyncContextManager","upper_bound":"builtins.object","values":[],"variance":1}],"type_ref":"contextlib.AbstractAsyncContextManager"}}},"_enter_future":{".class":"SymbolTableNode","kind":"Mdef","node":{".class":"Var","flags":["is_initialized_in_class","is_ready"],"fullname":"anyio.from_thread._BlockingAsyncContextManager._enter_future","name":"_enter_future","type":{".class":"Instance","args":[{".class":"TypeVarType","fullname":"anyio.from_thread.T_co","id":1,"name":"T_co","namespace":"anyio.from_thread._BlockingAsyncContextManager","upper_bound":"builtins.object","values":[],"variance":1}],"type_ref":"concurrent.futures._base.Future"}}},"_exit_event":{".class":"SymbolTableNode","kind":"Mdef","node":{".class":"Var","flags":["is_initialized_in_class","is_ready"],"fullname":"anyio.from_thread._BlockingAsyncContextManager._exit_event","name":"_exit_event","type":"anyio._core._synchronization.Event"}},"_exit_exc_info":{".class":"SymbolTableNode","kind":"Mdef","node":{".class":"Var","flags":["is_initialized_in_class","is_ready","has_explicit_value"],"fullname":"anyio.from_thread._BlockingAsyncContextManager._exit_exc_info","name":"_exit_exc_info","type":{".class":"TupleType","implicit":false,"items":[{".class":"UnionType","items":[{".class":"TypeType","item":"builtins.BaseException"},{".class":"NoneType"}]},{".class":"UnionType","items":["builtins.BaseException",{".class":"NoneType"}]},{".class":"UnionType","items":["types.TracebackType",{".class":"NoneType"}]}],"partial_fallback":{".class":"Instance","args":[{".class":"AnyType","missing_import_name":null,"source_any":null,"type_of_any":6}],"type_ref":"builtins.tuple"}}}},"_exit_future":{".class":"SymbolTableNode","kind":"Mdef","node":{".class":"Var","flags":["is_initialized_in_class","is_ready"],"fullname":"anyio.from_thread._BlockingAsyncContextManager._exit_future","name":"_exit_future","type":{".class":"Instance","args":[{".class":"UnionType","items":["builtins.bool",{".class":"NoneType"}]}],"type_ref":"concurrent.futures._base.Future"}}},"_portal":{".class":"SymbolTableNode","implicit":true,"kind":"Mdef","node":{".class":"Var","flags":["is_inferred"],"fullname":"anyio.from_thread._BlockingAsyncContextManager._portal","name":"_portal","type":"anyio.from_thread.BlockingPortal"}},"run_async_cm":{".class":"SymbolTableNode","kind":"Mdef","node":{".class":"FuncDef","abstract_status":0,"arg_kinds":[0],"arg_names":["self"],"dataclass_transform_spec":null,"flags":["is_coroutine"],"fullname":"anyio.from_thread._BlockingAsyncContextManager.run_async_cm","name":"run_async_cm","type":{".class":"CallableType","arg_kinds":[0],"arg_names":["self"],"arg_types":[{".class":"Instance","args":[{".class":"TypeVarType","fullname":"anyio.from_thread.T_co","id":1,"name":"T_co","namespace":"anyio.from_thread._BlockingAsyncContextManager","upper_bound":"builtins.object","values":[],"variance":1}],"type_ref":"anyio.from_thread._BlockingAsyncContextManager"}],"bound_args":[],"def_extras":{"first_arg":"self"},"fallback":"builtins.function","from_concatenate":false,"implicit":false,"is_ellipsis_args":false,"name":"run_async_cm of _BlockingAsyncContextManager","ret_type":{".class":"Instance","args":[{".class":"AnyType","missing_import_name":null,"source_any":null,"type_of_any":6},{".class":"AnyType","missing_import_name":null,"source_any":null,"type_of_any":6},{".class":"UnionType","items":["builtins.bool",{".class":"NoneType"}]}],"type_ref":"typing.Coroutine"},"type_guard":null,"unpack_kwargs":false,"variables":[]}}}},"self_type":null,"slots":null,"tuple_type":null,"type_vars":["T_co"],"typeddict_type":null}},"_BlockingPortalTaskStatus":{".class":"SymbolTableNode","kind":"Gdef","node":{".class":"TypeInfo","_promote":[],"abstract_attributes":[],"alt_promote":null,"bases":[{".class":"Instance","args":[{".class":"AnyType","missing_import_name":null,"source_any":null,"type_of_any":4}],"type_ref":"anyio.abc._tasks.TaskStatus"}],"dataclass_transform_spec":null,"declared_metaclass":null,"defn":{".class":"ClassDef","fullname":"anyio.from_thread._BlockingPortalTaskStatus","name":"_BlockingPortalTaskStatus","type_vars":[]},"deletable_attributes":[],"flags":[],"fullname":"anyio.from_thread._BlockingPortalTaskStatus","has_param_spec_type":false,"metaclass_type":"abc.ABCMeta","metadata":{},"module_name":"anyio.from_thread","mro":["anyio.from_thread._BlockingPortalTaskStatus","anyio.abc._tasks.TaskStatus","builtins.object"],"names":{".class":"SymbolTable","__init__":{".class":"SymbolTableNode","kind":"Mdef","node":{".class":"FuncDef","abstract_status":0,"arg_kinds":[0,0],"arg_names":["self","future"],"dataclass_transform_spec":null,"flags":[],"fullname":"anyio.from_thread._BlockingPortalTaskStatus.__init__","name":"__init__","type":{".class":"CallableType","arg_kinds":[0,0],"arg_names":["self","future"],"arg_types":["anyio.from_thread._BlockingPortalTaskStatus",{".class":"Instance","args":[{".class":"AnyType","missing_import_name":null,"source_any":null,"type_of_any":4}],"type_ref":"concurrent.futures._base.Future"}],"bound_args":[],"def_extras":{"first_arg":"self"},"fallback":"builtins.function","from_concatenate":false,"implicit":false,"is_ellipsis_args":false,"name":"__init__ of _BlockingPortalTaskStatus","ret_type":{".class":"NoneType"},"type_guard":null,"unpack_kwargs":false,"variables":[]}}},"_future":{".class":"SymbolTableNode","implicit":true,"kind":"Mdef","node":{".class":"Var","flags":["is_inferred"],"fullname":"anyio.from_thread._BlockingPortalTaskStatus._future","name":"_future","type":{".class":"Instance","args":[{".class":"AnyType","missing_import_name":null,"source_any":null,"type_of_any":4}],"type_ref":"concurrent.futures._base.Future"}}},"started":{".class":"SymbolTableNode","kind":"Mdef","node":{".class":"FuncDef","abstract_status":0,"arg_kinds":[0,1],"arg_names":["self","value"],"dataclass_transform_spec":null,"flags":[],"fullname":"anyio.from_thread._BlockingPortalTaskStatus.started","name":"started","type":{".class":"CallableType","arg_kinds":[0,1],"arg_names":["self","value"],"arg_types":["anyio.from_thread._BlockingPortalTaskStatus",{".class":"UnionType","items":["builtins.object",{".class":"NoneType"}]}],"bound_args":[],"def_extras":{"first_arg":"self"},"fallback":"builtins.function","from_concatenate":false,"implicit":false,"is_ellipsis_args":false,"name":"started of _BlockingPortalTaskStatus","ret_type":{".class":"NoneType"},"type_guard":null,"unpack_kwargs":false,"variables":[]}}}},"self_type":null,"slots":null,"tuple_type":null,"type_vars":[],"typeddict_type":null}},"__annotations__":{".class":"SymbolTableNode","kind":"Gdef","node":{".class":"Var","flags":["is_ready"],"fullname":"anyio.from_thread.__annotations__","name":"__annotations__","type":{".class":"Instance","args":["builtins.str",{".class":"AnyType","missing_import_name":null,"source_any":null,"type_of_any":6}],"type_ref":"builtins.dict"}}},"__doc__":{".class":"SymbolTableNode","kind":"Gdef","node":{".class":"Var","flags":["is_ready"],"fullname":"anyio.from_thread.__doc__","name":"__doc__","type":"builtins.str"}},"__file__":{".class":"SymbolTableNode","kind":"Gdef","node":{".class":"Var","flags":["is_ready"],"fullname":"anyio.from_thread.__file__","name":"__file__","type":"builtins.str"}},"__name__":{".class":"SymbolTableNode","kind":"Gdef","node":{".class":"Var","flags":["is_ready"],"fullname":"anyio.from_thread.__name__","name":"__name__","type":"builtins.str"}},"__package__":{".class":"SymbolTableNode","kind":"Gdef","node":{".class":"Var","flags":["is_ready"],"fullname":"anyio.from_thread.__package__","name":"__package__","type":"builtins.str"}},"_eventloop":{".class":"SymbolTableNode","cross_ref":"anyio._core._eventloop","kind":"Gdef"},"annotations":{".class":"SymbolTableNode","cross_ref":"__future__.annotations","kind":"Gdef"},"cast":{".class":"SymbolTableNode","cross_ref":"typing.cast","kind":"Gdef"},"check_cancelled":{".class":"SymbolTableNode","kind":"Gdef","node":{".class":"FuncDef","abstract_status":0,"arg_kinds":[],"arg_names":[],"dataclass_transform_spec":null,"flags":[],"fullname":"anyio.from_thread.check_cancelled","name":"check_cancelled","type":{".class":"CallableType","arg_kinds":[],"arg_names":[],"arg_types":[],"bound_args":[],"def_extras":{"first_arg":null},"fallback":"builtins.function","from_concatenate":false,"implicit":false,"is_ellipsis_args":false,"name":"check_cancelled","ret_type":{".class":"NoneType"},"type_guard":null,"unpack_kwargs":false,"variables":[]}}},"contextmanager":{".class":"SymbolTableNode","cross_ref":"contextlib.contextmanager","kind":"Gdef"},"create_task_group":{".class":"SymbolTableNode","cross_ref":"anyio._core._tasks.create_task_group","kind":"Gdef"},"current_thread":{".class":"SymbolTableNode","cross_ref":"threading.current_thread","kind":"Gdef"},"dataclass":{".class":"SymbolTableNode","cross_ref":"dataclasses.dataclass","kind":"Gdef"},"field":{".class":"SymbolTableNode","cross_ref":"dataclasses.field","kind":"Gdef"},"get_async_backend":{".class":"SymbolTableNode","cross_ref":"anyio._core._eventloop.get_async_backend","kind":"Gdef"},"get_cancelled_exc_class":{".class":"SymbolTableNode","cross_ref":"anyio._core._eventloop.get_cancelled_exc_class","kind":"Gdef"},"get_ident":{".class":"SymbolTableNode","cross_ref":"threading.get_ident","kind":"Gdef"},"isawaitable":{".class":"SymbolTableNode","cross_ref":"inspect.isawaitable","kind":"Gdef"},"overload":{".class":"SymbolTableNode","cross_ref":"typing.overload","kind":"Gdef"},"run":{".class":"SymbolTableNode","kind":"Gdef","node":{".class":"FuncDef","abstract_status":0,"arg_kinds":[0,2],"arg_names":["func","args"],"dataclass_transform_spec":null,"flags":[],"fullname":"anyio.from_thread.run","name":"run","type":{".class":"CallableType","arg_kinds":[0,2],"arg_names":["func","args"],"arg_types":[{".class":"CallableType","arg_kinds":[0],"arg_names":[null],"arg_types":[{".class":"AnyType","missing_import_name":null,"source_any":null,"type_of_any":5}],"bound_args":[],"def_extras":{},"fallback":"builtins.function","from_concatenate":false,"implicit":false,"is_ellipsis_args":false,"name":null,"ret_type":{".class":"Instance","args":[{".class":"TypeVarType","fullname":"anyio.from_thread.T_Retval","id":-1,"name":"T_Retval","namespace":"","upper_bound":"builtins.object","values":[],"variance":0}],"type_ref":"typing.Awaitable"},"type_guard":null,"unpack_kwargs":false,"variables":[]},{".class":"AnyType","missing_import_name":null,"source_any":null,"type_of_any":5}],"bound_args":[],"def_extras":{"first_arg":null},"fallback":"builtins.function","from_concatenate":false,"implicit":false,"is_ellipsis_args":false,"name":"run","ret_type":{".class":"TypeVarType","fullname":"anyio.from_thread.T_Retval","id":-1,"name":"T_Retval","namespace":"","upper_bound":"builtins.object","values":[],"variance":0},"type_guard":null,"unpack_kwargs":false,"variables":[{".class":"TypeVarType","fullname":"anyio.from_thread.T_Retval","id":-1,"name":"T_Retval","namespace":"","upper_bound":"builtins.object","values":[],"variance":0}]}}},"run_sync":{".class":"SymbolTableNode","kind":"Gdef","node":{".class":"FuncDef","abstract_status":0,"arg_kinds":[0,2],"arg_names":["func","args"],"dataclass_transform_spec":null,"flags":[],"fullname":"anyio.from_thread.run_sync","name":"run_sync","type":{".class":"CallableType","arg_kinds":[0,2],"arg_names":["func","args"],"arg_types":[{".class":"CallableType","arg_kinds":[0],"arg_names":[null],"arg_types":[{".class":"AnyType","missing_import_name":null,"source_any":null,"type_of_any":5}],"bound_args":[],"def_extras":{},"fallback":"builtins.function","from_concatenate":false,"implicit":false,"is_ellipsis_args":false,"name":null,"ret_type":{".class":"TypeVarType","fullname":"anyio.from_thread.T_Retval","id":-1,"name":"T_Retval","namespace":"","upper_bound":"builtins.object","values":[],"variance":0},"type_guard":null,"unpack_kwargs":false,"variables":[]},{".class":"AnyType","missing_import_name":null,"source_any":null,"type_of_any":5}],"bound_args":[],"def_extras":{"first_arg":null},"fallback":"builtins.function","from_concatenate":false,"implicit":false,"is_ellipsis_args":false,"name":"run_sync","ret_type":{".class":"TypeVarType","fullname":"anyio.from_thread.T_Retval","id":-1,"name":"T_Retval","namespace":"","upper_bound":"builtins.object","values":[],"variance":0},"type_guard":null,"unpack_kwargs":false,"variables":[{".class":"TypeVarType","fullname":"anyio.from_thread.T_Retval","id":-1,"name":"T_Retval","namespace":"","upper_bound":"builtins.object","values":[],"variance":0}]}}},"start_blocking_portal":{".class":"SymbolTableNode","kind":"Gdef","node":{".class":"Decorator","func":{".class":"FuncDef","abstract_status":0,"arg_kinds":[1,1,5],"arg_names":["backend","backend_options","name"],"dataclass_transform_spec":null,"flags":["is_generator","is_decorated"],"fullname":"anyio.from_thread.start_blocking_portal","name":"start_blocking_portal","type":{".class":"CallableType","arg_kinds":[1,1,5],"arg_names":["backend","backend_options","name"],"arg_types":["builtins.str",{".class":"UnionType","items":[{".class":"Instance","args":["builtins.str",{".class":"AnyType","missing_import_name":null,"source_any":null,"type_of_any":2}],"type_ref":"builtins.dict"},{".class":"NoneType"}]},{".class":"UnionType","items":["builtins.str",{".class":"NoneType"}]}],"bound_args":[],"def_extras":{"first_arg":null},"fallback":"builtins.function","from_concatenate":false,"implicit":false,"is_ellipsis_args":false,"name":"start_blocking_portal","ret_type":{".class":"Instance","args":["anyio.from_thread.BlockingPortal",{".class":"AnyType","missing_import_name":null,"source_any":null,"type_of_any":2},{".class":"NoneType"}],"type_ref":"typing.Generator"},"type_guard":null,"unpack_kwargs":false,"variables":[]}},"is_overload":false,"var":{".class":"Var","flags":["is_ready","is_inferred"],"fullname":"anyio.from_thread.start_blocking_portal","name":"start_blocking_portal","type":{".class":"CallableType","arg_kinds":[1,1,5],"arg_names":["backend","backend_options","name"],"arg_types":["builtins.str",{".class":"UnionType","items":[{".class":"Instance","args":["builtins.str",{".class":"AnyType","missing_import_name":null,"source_any":null,"type_of_any":2}],"type_ref":"builtins.dict"},{".class":"NoneType"}]},{".class":"UnionType","items":["builtins.str",{".class":"NoneType"}]}],"bound_args":[],"def_extras":{},"fallback":"builtins.function","from_concatenate":false,"implicit":false,"is_ellipsis_args":false,"name":"start_blocking_portal","ret_type":{".class":"Instance","args":["anyio.from_thread.BlockingPortal"],"type_ref":"contextlib._GeneratorContextManager"},"type_guard":null,"unpack_kwargs":false,"variables":[]}}}},"sys":{".class":"SymbolTableNode","cross_ref":"sys","kind":"Gdef"},"threadlocals":{".class":"SymbolTableNode","cross_ref":"anyio._core._eventloop.threadlocals","kind":"Gdef"}},"path":"C:\\Users\\Vasilis\\AppData\\Local\\Programs\\Python\\Python313\\Lib\\site-packages\\anyio\\from_thread.py"}