{"data_mtime":1762095554,"dep_lines":[23,25,26,28,4,5,23,27,1,3,6,11,12,13,14,15,1,1,1,1,1,1,1,1,1],"dep_prios":[5,5,5,5,5,5,20,5,5,10,5,5,5,5,5,5,5,30,30,30,30,30,30,30,30],"dependencies":["anyio._core._eventloop","anyio._core._synchronization","anyio._core._tasks","anyio.abc._tasks","collections.abc","concurrent.futures","anyio._core","anyio.abc","__future__","sys","contextlib","dataclasses","inspect","threading","types","typing","builtins","_thread","_typeshed","abc","anyio.abc._eventloop","asyncio","asyncio.futures","concurrent","concurrent.futures._base"],"hash":"b7c07f6a6a8506a949cbc5f5f2686fa58921cde497991b08f9ea7a620d381f83","id":"anyio.from_thread","ignore_all":true,"interface_hash":"6f3aef83b90d18473dd1a90193094d21662d0646765869d7caa1a403e8f9397e","mtime":1758060734,"options":{"allow_redefinition":false,"allow_untyped_globals":false,"always_false":[],"always_true":[],"bazel":false,"check_untyped_defs":false,"disable_bytearray_promotion":false,"disable_error_code":[],"disable_memoryview_promotion":false,"disabled_error_codes":[],"disallow_any_decorated":false,"disallow_any_explicit":false,"disallow_any_expr":false,"disallow_any_generics":false,"disallow_any_unimported":false,"disallow_incomplete_defs":false,"disallow_subclassing_any":false,"disallow_untyped_calls":false,"disallow_untyped_decorators":false,"disallow_untyped_defs":false,"enable_error_code":[],"enabled_error_codes":[],"follow_imports":"silent","follow_imports_for_stubs":false,"ignore_errors":false,"ignore_missing_imports":true,"implicit_optional":true,"implicit_reexport":true,"local_partial_types":false,"mypyc":false,"platform":"win32","plugins":[],"strict_concatenate":false,"strict_equality":false,"strict_optional":true,"warn_no_return":true,"warn_return_any":false,"warn_unreachable":false,"warn_unused_ignores":false},"path":"C:\\Users\\Vasilis\\AppData\\Local\\Programs\\Python\\Python313\\Lib\\site-packages\\anyio\\from_thread.py","plugin_data":null,"size":17678,"suppressed":[],"version_id":"1.3.0"}