{".class":"MypyFile","_fullname":"genericpath","future_import_flags":[],"is_partial_stub_package":false,"is_stub":true,"names":{".class":"SymbolTable","BytesPath":{".class":"SymbolTableNode","cross_ref":"_typeshed.BytesPath","kind":"Gdef","module_hidden":true,"module_public":false},"FileDescriptorOrPath":{".class":"SymbolTableNode","cross_ref":"_typeshed.FileDescriptorOrPath","kind":"Gdef","module_hidden":true,"module_public":false},"Literal":{".class":"SymbolTableNode","cross_ref":"typing_extensions.Literal","kind":"Gdef","module_hidden":true,"module_public":false},"LiteralString":{".class":"SymbolTableNode","cross_ref":"typing.LiteralString","kind":"Gdef","module_hidden":true,"module_public":false},"Sequence":{".class":"SymbolTableNode","cross_ref":"typing.Sequence","kind":"Gdef","module_hidden":true,"module_public":false},"StrPath":{".class":"SymbolTableNode","cross_ref":"_typeshed.StrPath","kind":"Gdef","module_hidden":true,"module_public":false},"SupportsRichComparisonT":{".class":"SymbolTableNode","cross_ref":"_typeshed.SupportsRichComparisonT","kind":"Gdef","module_hidden":true,"module_public":false},"__all__":{".class":"SymbolTableNode","kind":"Gdef","module_public":false,"node":{".class":"Var","flags":["is_inferred","has_explicit_value"],"fullname":"genericpath.__all__","name":"__all__","type":{".class":"Instance","args":["builtins.str"],"type_ref":"builtins.list"}}},"__annotations__":{".class":"SymbolTableNode","kind":"Gdef","module_public":false,"node":{".class":"Var","flags":["is_ready"],"fullname":"genericpath.__annotations__","name":"__annotations__","type":{".class":"Instance","args":["builtins.str",{".class":"AnyType","missing_import_name":null,"source_any":null,"type_of_any":6}],"type_ref":"builtins.dict"}}},"__doc__":{".class":"SymbolTableNode","kind":"Gdef","module_public":false,"node":{".class":"Var","flags":["is_ready"],"fullname":"genericpath.__doc__","name":"__doc__","type":"builtins.str"}},"__file__":{".class":"SymbolTableNode","kind":"Gdef","module_public":false,"node":{".class":"Var","flags":["is_ready"],"fullname":"genericpath.__file__","name":"__file__","type":"builtins.str"}},"__name__":{".class":"SymbolTableNode","kind":"Gdef","module_public":false,"node":{".class":"Var","flags":["is_ready"],"fullname":"genericpath.__name__","name":"__name__","type":"builtins.str"}},"__package__":{".class":"SymbolTableNode","kind":"Gdef","module_public":false,"node":{".class":"Var","flags":["is_ready"],"fullname":"genericpath.__package__","name":"__package__","type":"builtins.str"}},"commonprefix":{".class":"SymbolTableNode","kind":"Gdef","node":{".class":"OverloadedFuncDef","flags":[],"fullname":"genericpath.commonprefix","impl":null,"items":[{".class":"Decorator","func":{".class":"FuncDef","abstract_status":0,"arg_kinds":[0],"arg_names":["m"],"dataclass_transform_spec":null,"flags":["is_overload","is_decorated"],"fullname":"genericpath.commonprefix","name":"commonprefix","type":{".class":"CallableType","arg_kinds":[0],"arg_names":["m"],"arg_types":[{".class":"Instance","args":["builtins.str"],"type_ref":"typing.Sequence"}],"bound_args":[],"def_extras":{"first_arg":null},"fallback":"builtins.function","from_concatenate":false,"implicit":false,"is_ellipsis_args":false,"name":"commonprefix","ret_type":"builtins.str","type_guard":null,"unpack_kwargs":false,"variables":[]}},"is_overload":true,"var":{".class":"Var","flags":["is_inferred"],"fullname":"genericpath.commonprefix","name":"commonprefix","type":null}},{".class":"Decorator","func":{".class":"FuncDef","abstract_status":0,"arg_kinds":[0],"arg_names":["m"],"dataclass_transform_spec":null,"flags":["is_overload","is_decorated"],"fullname":"genericpath.commonprefix","name":"commonprefix","type":{".class":"CallableType","arg_kinds":[0],"arg_names":["m"],"arg_types":[{".class":"Instance","args":[{".class":"TypeAliasType","args":[],"type_ref":"_typeshed.StrPath"}],"type_ref":"typing.Sequence"}],"bound_args":[],"def_extras":{"first_arg":null},"fallback":"builtins.function","from_concatenate":false,"implicit":false,"is_ellipsis_args":false,"name":"commonprefix","ret_type":"builtins.str","type_guard":null,"unpack_kwargs":false,"variables":[]}},"is_overload":true,"var":{".class":"Var","flags":["is_inferred"],"fullname":"genericpath.commonprefix","name":"commonprefix","type":null}},{".class":"Decorator","func":{".class":"FuncDef","abstract_status":0,"arg_kinds":[0],"arg_names":["m"],"dataclass_transform_spec":null,"flags":["is_overload","is_decorated"],"fullname":"genericpath.commonprefix","name":"commonprefix","type":{".class":"CallableType","arg_kinds":[0],"arg_names":["m"],"arg_types":[{".class":"Instance","args":[{".class":"TypeAliasType","args":[],"type_ref":"_typeshed.BytesPath"}],"type_ref":"typing.Sequence"}],"bound_args":[],"def_extras":{"first_arg":null},"fallback":"builtins.function","from_concatenate":false,"implicit":false,"is_ellipsis_args":false,"name":"commonprefix","ret_type":{".class":"UnionType","items":["builtins.bytes",{".class":"LiteralType","fallback":"builtins.str","value":""}]},"type_guard":null,"unpack_kwargs":false,"variables":[]}},"is_overload":true,"var":{".class":"Var","flags":["is_inferred"],"fullname":"genericpath.commonprefix","name":"commonprefix","type":null}},{".class":"Decorator","func":{".class":"FuncDef","abstract_status":0,"arg_kinds":[0],"arg_names":["m"],"dataclass_transform_spec":null,"flags":["is_overload","is_decorated"],"fullname":"genericpath.commonprefix","name":"commonprefix","type":{".class":"CallableType","arg_kinds":[0],"arg_names":["m"],"arg_types":[{".class":"Instance","args":[{".class":"Instance","args":[{".class":"TypeVarType","fullname":"_typeshed.SupportsRichComparisonT","id":-1,"name":"SupportsRichComparisonT","namespace":"","upper_bound":{".class":"UnionType","items":[{".class":"Instance","args":[{".class":"AnyType","missing_import_name":null,"source_any":null,"type_of_any":6}],"type_ref":"_typeshed.SupportsDunderLT"},{".class":"Instance","args":[{".class":"AnyType","missing_import_name":null,"source_any":null,"type_of_any":6}],"type_ref":"_typeshed.SupportsDunderGT"}]},"values":[],"variance":0}],"type_ref":"builtins.list"}],"type_ref":"typing.Sequence"}],"bound_args":[],"def_extras":{"first_arg":null},"fallback":"builtins.function","from_concatenate":false,"implicit":false,"is_ellipsis_args":false,"name":"commonprefix","ret_type":{".class":"Instance","args":[{".class":"TypeVarType","fullname":"_typeshed.SupportsRichComparisonT","id":-1,"name":"SupportsRichComparisonT","namespace":"","upper_bound":{".class":"UnionType","items":[{".class":"Instance","args":[{".class":"AnyType","missing_import_name":null,"source_any":null,"type_of_any":6}],"type_ref":"_typeshed.SupportsDunderLT"},{".class":"Instance","args":[{".class":"AnyType","missing_import_name":null,"source_any":null,"type_of_any":6}],"type_ref":"_typeshed.SupportsDunderGT"}]},"values":[],"variance":0}],"type_ref":"typing.Sequence"},"type_guard":null,"unpack_kwargs":false,"variables":[{".class":"TypeVarType","fullname":"_typeshed.SupportsRichComparisonT","id":-1,"name":"SupportsRichComparisonT","namespace":"","upper_bound":{".class":"UnionType","items":[{".class":"Instance","args":[{".class":"AnyType","missing_import_name":null,"source_any":null,"type_of_any":6}],"type_ref":"_typeshed.SupportsDunderLT"},{".class":"Instance","args":[{".class":"AnyType","missing_import_name":null,"source_any":null,"type_of_any":6}],"type_ref":"_typeshed.SupportsDunderGT"}]},"values":[],"variance":0}]}},"is_overload":true,"var":{".class":"Var","flags":["is_inferred"],"fullname":"genericpath.commonprefix","name":"commonprefix","type":null}},{".class":"Decorator","func":{".class":"FuncDef","abstract_status":0,"arg_kinds":[0],"arg_names":["m"],"dataclass_transform_spec":null,"flags":["is_overload","is_decorated"],"fullname":"genericpath.commonprefix","name":"commonprefix","type":{".class":"CallableType","arg_kinds":[0],"arg_names":["m"],"arg_types":[{".class":"Instance","args":[{".class":"Instance","args":[{".class":"TypeVarType","fullname":"_typeshed.SupportsRichComparisonT","id":-1,"name":"SupportsRichComparisonT","namespace":"","upper_bound":{".class":"UnionType","items":[{".class":"Instance","args":[{".class":"AnyType","missing_import_name":null,"source_any":null,"type_of_any":6}],"type_ref":"_typeshed.SupportsDunderLT"},{".class":"Instance","args":[{".class":"AnyType","missing_import_name":null,"source_any":null,"type_of_any":6}],"type_ref":"_typeshed.SupportsDunderGT"}]},"values":[],"variance":0}],"type_ref":"builtins.tuple"}],"type_ref":"typing.Sequence"}],"bound_args":[],"def_extras":{"first_arg":null},"fallback":"builtins.function","from_concatenate":false,"implicit":false,"is_ellipsis_args":false,"name":"commonprefix","ret_type":{".class":"Instance","args":[{".class":"TypeVarType","fullname":"_typeshed.SupportsRichComparisonT","id":-1,"name":"SupportsRichComparisonT","namespace":"","upper_bound":{".class":"UnionType","items":[{".class":"Instance","args":[{".class":"AnyType","missing_import_name":null,"source_any":null,"type_of_any":6}],"type_ref":"_typeshed.SupportsDunderLT"},{".class":"Instance","args":[{".class":"AnyType","missing_import_name":null,"source_any":null,"type_of_any":6}],"type_ref":"_typeshed.SupportsDunderGT"}]},"values":[],"variance":0}],"type_ref":"typing.Sequence"},"type_guard":null,"unpack_kwargs":false,"variables":[{".class":"TypeVarType","fullname":"_typeshed.SupportsRichComparisonT","id":-1,"name":"SupportsRichComparisonT","namespace":"","upper_bound":{".class":"UnionType","items":[{".class":"Instance","args":[{".class":"AnyType","missing_import_name":null,"source_any":null,"type_of_any":6}],"type_ref":"_typeshed.SupportsDunderLT"},{".class":"Instance","args":[{".class":"AnyType","missing_import_name":null,"source_any":null,"type_of_any":6}],"type_ref":"_typeshed.SupportsDunderGT"}]},"values":[],"variance":0}]}},"is_overload":true,"var":{".class":"Var","flags":["is_inferred"],"fullname":"genericpath.commonprefix","name":"commonprefix","type":null}}],"type":{".class":"Overloaded","items":[{".class":"CallableType","arg_kinds":[0],"arg_names":["m"],"arg_types":[{".class":"Instance","args":["builtins.str"],"type_ref":"typing.Sequence"}],"bound_args":[],"def_extras":{"first_arg":null},"fallback":"builtins.function","from_concatenate":false,"implicit":false,"is_ellipsis_args":false,"name":"commonprefix","ret_type":"builtins.str","type_guard":null,"unpack_kwargs":false,"variables":[]},{".class":"CallableType","arg_kinds":[0],"arg_names":["m"],"arg_types":[{".class":"Instance","args":[{".class":"TypeAliasType","args":[],"type_ref":"_typeshed.StrPath"}],"type_ref":"typing.Sequence"}],"bound_args":[],"def_extras":{"first_arg":null},"fallback":"builtins.function","from_concatenate":false,"implicit":false,"is_ellipsis_args":false,"name":"commonprefix","ret_type":"builtins.str","type_guard":null,"unpack_kwargs":false,"variables":[]},{".class":"CallableType","arg_kinds":[0],"arg_names":["m"],"arg_types":[{".class":"Instance","args":[{".class":"TypeAliasType","args":[],"type_ref":"_typeshed.BytesPath"}],"type_ref":"typing.Sequence"}],"bound_args":[],"def_extras":{"first_arg":null},"fallback":"builtins.function","from_concatenate":false,"implicit":false,"is_ellipsis_args":false,"name":"commonprefix","ret_type":{".class":"UnionType","items":["builtins.bytes",{".class":"LiteralType","fallback":"builtins.str","value":""}]},"type_guard":null,"unpack_kwargs":false,"variables":[]},{".class":"CallableType","arg_kinds":[0],"arg_names":["m"],"arg_types":[{".class":"Instance","args":[{".class":"Instance","args":[{".class":"TypeVarType","fullname":"_typeshed.SupportsRichComparisonT","id":-1,"name":"SupportsRichComparisonT","namespace":"","upper_bound":{".class":"UnionType","items":[{".class":"Instance","args":[{".class":"AnyType","missing_import_name":null,"source_any":null,"type_of_any":6}],"type_ref":"_typeshed.SupportsDunderLT"},{".class":"Instance","args":[{".class":"AnyType","missing_import_name":null,"source_any":null,"type_of_any":6}],"type_ref":"_typeshed.SupportsDunderGT"}]},"values":[],"variance":0}],"type_ref":"builtins.list"}],"type_ref":"typing.Sequence"}],"bound_args":[],"def_extras":{"first_arg":null},"fallback":"builtins.function","from_concatenate":false,"implicit":false,"is_ellipsis_args":false,"name":"commonprefix","ret_type":{".class":"Instance","args":[{".class":"TypeVarType","fullname":"_typeshed.SupportsRichComparisonT","id":-1,"name":"SupportsRichComparisonT","namespace":"","upper_bound":{".class":"UnionType","items":[{".class":"Instance","args":[{".class":"AnyType","missing_import_name":null,"source_any":null,"type_of_any":6}],"type_ref":"_typeshed.SupportsDunderLT"},{".class":"Instance","args":[{".class":"AnyType","missing_import_name":null,"source_any":null,"type_of_any":6}],"type_ref":"_typeshed.SupportsDunderGT"}]},"values":[],"variance":0}],"type_ref":"typing.Sequence"},"type_guard":null,"unpack_kwargs":false,"variables":[{".class":"TypeVarType","fullname":"_typeshed.SupportsRichComparisonT","id":-1,"name":"SupportsRichComparisonT","namespace":"","upper_bound":{".class":"UnionType","items":[{".class":"Instance","args":[{".class":"AnyType","missing_import_name":null,"source_any":null,"type_of_any":6}],"type_ref":"_typeshed.SupportsDunderLT"},{".class":"Instance","args":[{".class":"AnyType","missing_import_name":null,"source_any":null,"type_of_any":6}],"type_ref":"_typeshed.SupportsDunderGT"}]},"values":[],"variance":0}]},{".class":"CallableType","arg_kinds":[0],"arg_names":["m"],"arg_types":[{".class":"Instance","args":[{".class":"Instance","args":[{".class":"TypeVarType","fullname":"_typeshed.SupportsRichComparisonT","id":-1,"name":"SupportsRichComparisonT","namespace":"","upper_bound":{".class":"UnionType","items":[{".class":"Instance","args":[{".class":"AnyType","missing_import_name":null,"source_any":null,"type_of_any":6}],"type_ref":"_typeshed.SupportsDunderLT"},{".class":"Instance","args":[{".class":"AnyType","missing_import_name":null,"source_any":null,"type_of_any":6}],"type_ref":"_typeshed.SupportsDunderGT"}]},"values":[],"variance":0}],"type_ref":"builtins.tuple"}],"type_ref":"typing.Sequence"}],"bound_args":[],"def_extras":{"first_arg":null},"fallback":"builtins.function","from_concatenate":false,"implicit":false,"is_ellipsis_args":false,"name":"commonprefix","ret_type":{".class":"Instance","args":[{".class":"TypeVarType","fullname":"_typeshed.SupportsRichComparisonT","id":-1,"name":"SupportsRichComparisonT","namespace":"","upper_bound":{".class":"UnionType","items":[{".class":"Instance","args":[{".class":"AnyType","missing_import_name":null,"source_any":null,"type_of_any":6}],"type_ref":"_typeshed.SupportsDunderLT"},{".class":"Instance","args":[{".class":"AnyType","missing_import_name":null,"source_any":null,"type_of_any":6}],"type_ref":"_typeshed.SupportsDunderGT"}]},"values":[],"variance":0}],"type_ref":"typing.Sequence"},"type_guard":null,"unpack_kwargs":false,"variables":[{".class":"TypeVarType","fullname":"_typeshed.SupportsRichComparisonT","id":-1,"name":"SupportsRichComparisonT","namespace":"","upper_bound":{".class":"UnionType","items":[{".class":"Instance","args":[{".class":"AnyType","missing_import_name":null,"source_any":null,"type_of_any":6}],"type_ref":"_typeshed.SupportsDunderLT"},{".class":"Instance","args":[{".class":"AnyType","missing_import_name":null,"source_any":null,"type_of_any":6}],"type_ref":"_typeshed.SupportsDunderGT"}]},"values":[],"variance":0}]}]}}},"exists":{".class":"SymbolTableNode","kind":"Gdef","node":{".class":"FuncDef","abstract_status":0,"arg_kinds":[0],"arg_names":["path"],"dataclass_transform_spec":null,"flags":[],"fullname":"genericpath.exists","name":"exists","type":{".class":"CallableType","arg_kinds":[0],"arg_names":["path"],"arg_types":[{".class":"TypeAliasType","args":[],"type_ref":"_typeshed.FileDescriptorOrPath"}],"bound_args":[],"def_extras":{"first_arg":null},"fallback":"builtins.function","from_concatenate":false,"implicit":false,"is_ellipsis_args":false,"name":"exists","ret_type":"builtins.bool","type_guard":null,"unpack_kwargs":false,"variables":[]}}},"getatime":{".class":"SymbolTableNode","kind":"Gdef","node":{".class":"FuncDef","abstract_status":0,"arg_kinds":[0],"arg_names":["filename"],"dataclass_transform_spec":null,"flags":[],"fullname":"genericpath.getatime","name":"getatime","type":{".class":"CallableType","arg_kinds":[0],"arg_names":["filename"],"arg_types":[{".class":"TypeAliasType","args":[],"type_ref":"_typeshed.FileDescriptorOrPath"}],"bound_args":[],"def_extras":{"first_arg":null},"fallback":"builtins.function","from_concatenate":false,"implicit":false,"is_ellipsis_args":false,"name":"getatime","ret_type":"builtins.float","type_guard":null,"unpack_kwargs":false,"variables":[]}}},"getctime":{".class":"SymbolTableNode","kind":"Gdef","node":{".class":"FuncDef","abstract_status":0,"arg_kinds":[0],"arg_names":["filename"],"dataclass_transform_spec":null,"flags":[],"fullname":"genericpath.getctime","name":"getctime","type":{".class":"CallableType","arg_kinds":[0],"arg_names":["filename"],"arg_types":[{".class":"TypeAliasType","args":[],"type_ref":"_typeshed.FileDescriptorOrPath"}],"bound_args":[],"def_extras":{"first_arg":null},"fallback":"builtins.function","from_concatenate":false,"implicit":false,"is_ellipsis_args":false,"name":"getctime","ret_type":"builtins.float","type_guard":null,"unpack_kwargs":false,"variables":[]}}},"getmtime":{".class":"SymbolTableNode","kind":"Gdef","node":{".class":"FuncDef","abstract_status":0,"arg_kinds":[0],"arg_names":["filename"],"dataclass_transform_spec":null,"flags":[],"fullname":"genericpath.getmtime","name":"getmtime","type":{".class":"CallableType","arg_kinds":[0],"arg_names":["filename"],"arg_types":[{".class":"TypeAliasType","args":[],"type_ref":"_typeshed.FileDescriptorOrPath"}],"bound_args":[],"def_extras":{"first_arg":null},"fallback":"builtins.function","from_concatenate":false,"implicit":false,"is_ellipsis_args":false,"name":"getmtime","ret_type":"builtins.float","type_guard":null,"unpack_kwargs":false,"variables":[]}}},"getsize":{".class":"SymbolTableNode","kind":"Gdef","node":{".class":"FuncDef","abstract_status":0,"arg_kinds":[0],"arg_names":["filename"],"dataclass_transform_spec":null,"flags":[],"fullname":"genericpath.getsize","name":"getsize","type":{".class":"CallableType","arg_kinds":[0],"arg_names":["filename"],"arg_types":[{".class":"TypeAliasType","args":[],"type_ref":"_typeshed.FileDescriptorOrPath"}],"bound_args":[],"def_extras":{"first_arg":null},"fallback":"builtins.function","from_concatenate":false,"implicit":false,"is_ellipsis_args":false,"name":"getsize","ret_type":"builtins.int","type_guard":null,"unpack_kwargs":false,"variables":[]}}},"isdir":{".class":"SymbolTableNode","kind":"Gdef","node":{".class":"FuncDef","abstract_status":0,"arg_kinds":[0],"arg_names":["s"],"dataclass_transform_spec":null,"flags":[],"fullname":"genericpath.isdir","name":"isdir","type":{".class":"CallableType","arg_kinds":[0],"arg_names":["s"],"arg_types":[{".class":"TypeAliasType","args":[],"type_ref":"_typeshed.FileDescriptorOrPath"}],"bound_args":[],"def_extras":{"first_arg":null},"fallback":"builtins.function","from_concatenate":false,"implicit":false,"is_ellipsis_args":false,"name":"isdir","ret_type":"builtins.bool","type_guard":null,"unpack_kwargs":false,"variables":[]}}},"isfile":{".class":"SymbolTableNode","kind":"Gdef","node":{".class":"FuncDef","abstract_status":0,"arg_kinds":[0],"arg_names":["path"],"dataclass_transform_spec":null,"flags":[],"fullname":"genericpath.isfile","name":"isfile","type":{".class":"CallableType","arg_kinds":[0],"arg_names":["path"],"arg_types":[{".class":"TypeAliasType","args":[],"type_ref":"_typeshed.FileDescriptorOrPath"}],"bound_args":[],"def_extras":{"first_arg":null},"fallback":"builtins.function","from_concatenate":false,"implicit":false,"is_ellipsis_args":false,"name":"isfile","ret_type":"builtins.bool","type_guard":null,"unpack_kwargs":false,"variables":[]}}},"os":{".class":"SymbolTableNode","cross_ref":"os","kind":"Gdef","module_hidden":true,"module_public":false},"overload":{".class":"SymbolTableNode","cross_ref":"typing.overload","kind":"Gdef","module_hidden":true,"module_public":false},"samefile":{".class":"SymbolTableNode","kind":"Gdef","node":{".class":"FuncDef","abstract_status":0,"arg_kinds":[0,0],"arg_names":["f1","f2"],"dataclass_transform_spec":null,"flags":[],"fullname":"genericpath.samefile","name":"samefile","type":{".class":"CallableType","arg_kinds":[0,0],"arg_names":["f1","f2"],"arg_types":[{".class":"TypeAliasType","args":[],"type_ref":"_typeshed.FileDescriptorOrPath"},{".class":"TypeAliasType","args":[],"type_ref":"_typeshed.FileDescriptorOrPath"}],"bound_args":[],"def_extras":{"first_arg":null},"fallback":"builtins.function","from_concatenate":false,"implicit":false,"is_ellipsis_args":false,"name":"samefile","ret_type":"builtins.bool","type_guard":null,"unpack_kwargs":false,"variables":[]}}},"sameopenfile":{".class":"SymbolTableNode","kind":"Gdef","node":{".class":"FuncDef","abstract_status":0,"arg_kinds":[0,0],"arg_names":["fp1","fp2"],"dataclass_transform_spec":null,"flags":[],"fullname":"genericpath.sameopenfile","name":"sameopenfile","type":{".class":"CallableType","arg_kinds":[0,0],"arg_names":["fp1","fp2"],"arg_types":["builtins.int","builtins.int"],"bound_args":[],"def_extras":{"first_arg":null},"fallback":"builtins.function","from_concatenate":false,"implicit":false,"is_ellipsis_args":false,"name":"sameopenfile","ret_type":"builtins.bool","type_guard":null,"unpack_kwargs":false,"variables":[]}}},"samestat":{".class":"SymbolTableNode","kind":"Gdef","node":{".class":"FuncDef","abstract_status":0,"arg_kinds":[0,0],"arg_names":["s1","s2"],"dataclass_transform_spec":null,"flags":[],"fullname":"genericpath.samestat","name":"samestat","type":{".class":"CallableType","arg_kinds":[0,0],"arg_names":["s1","s2"],"arg_types":[{".class":"TypeAliasType","args":[],"type_ref":"os.stat_result"},{".class":"TypeAliasType","args":[],"type_ref":"os.stat_result"}],"bound_args":[],"def_extras":{"first_arg":null},"fallback":"builtins.function","from_concatenate":false,"implicit":false,"is_ellipsis_args":false,"name":"samestat","ret_type":"builtins.bool","type_guard":null,"unpack_kwargs":false,"variables":[]}}}},"path":"C:\\Users\\Vasilis\\AppData\\Local\\Programs\\Python\\Python313\\Lib\\site-packages\\mypy\\typeshed\\stdlib\\genericpath.pyi"}