{"data_mtime":1762095518,"dep_lines":[3,1,2,4,5,1,1],"dep_prios":[5,10,5,5,5,5,30],"dependencies":["collections.abc","os","_typeshed","typing","typing_extensions","builtins","abc"],"hash":"50d45ab3fd6f6adc2a69a00ae4885e0c123e9e773ee3d3366768e99b9e6e8fbd","id":"genericpath","ignore_all":true,"interface_hash":"a4a28a6fb5dced2f53c95a95b50b1849bea3e2cfe62400aed7bfa530fcc1ea53","mtime":1762095443,"options":{"allow_redefinition":false,"allow_untyped_globals":false,"always_false":[],"always_true":[],"bazel":false,"check_untyped_defs":false,"disable_bytearray_promotion":false,"disable_error_code":[],"disable_memoryview_promotion":false,"disabled_error_codes":[],"disallow_any_decorated":false,"disallow_any_explicit":false,"disallow_any_expr":false,"disallow_any_generics":false,"disallow_any_unimported":false,"disallow_incomplete_defs":false,"disallow_subclassing_any":false,"disallow_untyped_calls":false,"disallow_untyped_decorators":false,"disallow_untyped_defs":false,"enable_error_code":[],"enabled_error_codes":[],"follow_imports":"silent","follow_imports_for_stubs":false,"ignore_errors":false,"ignore_missing_imports":true,"implicit_optional":true,"implicit_reexport":true,"local_partial_types":false,"mypyc":false,"platform":"win32","plugins":[],"strict_concatenate":false,"strict_equality":false,"strict_optional":true,"warn_no_return":true,"warn_return_any":false,"warn_unreachable":false,"warn_unused_ignores":false},"path":"C:\\Users\\Vasilis\\AppData\\Local\\Programs\\Python\\Python313\\Lib\\site-packages\\mypy\\typeshed\\stdlib\\genericpath.pyi","plugin_data":null,"size":1756,"suppressed":[],"version_id":"1.3.0"}