{".class":"MypyFile","_fullname":"gettext","future_import_flags":[],"is_partial_stub_package":false,"is_stub":true,"names":{".class":"SymbolTable","Any":{".class":"SymbolTableNode","cross_ref":"typing.Any","kind":"Gdef","module_hidden":true,"module_public":false},"Callable":{".class":"SymbolTableNode","cross_ref":"typing.Callable","kind":"Gdef","module_hidden":true,"module_public":false},"Catalog":{".class":"SymbolTableNode","kind":"Gdef","node":{".class":"Var","flags":["is_inferred","has_explicit_value"],"fullname":"gettext.Catalog","name":"Catalog","type":{".class":"Overloaded","items":[{".class":"CallableType","arg_kinds":[0,1,1,1,1],"arg_names":["domain","localedir","languages","class_","fallback"],"arg_types":["builtins.str",{".class":"UnionType","items":[{".class":"TypeAliasType","args":[],"type_ref":"_typeshed.StrPath"},{".class":"NoneType"}]},{".class":"UnionType","items":[{".class":"Instance","args":["builtins.str"],"type_ref":"typing.Iterable"},{".class":"NoneType"}]},{".class":"NoneType"},{".class":"LiteralType","fallback":"builtins.bool","value":false}],"bound_args":[],"def_extras":{"first_arg":null},"fallback":"builtins.function","from_concatenate":false,"implicit":false,"is_ellipsis_args":false,"name":null,"ret_type":"gettext.GNUTranslations","type_guard":null,"unpack_kwargs":false,"variables":[]},{".class":"CallableType","arg_kinds":[0,1,1,3,5],"arg_names":["domain","localedir","languages","class_","fallback"],"arg_types":["builtins.str",{".class":"UnionType","items":[{".class":"TypeAliasType","args":[],"type_ref":"_typeshed.StrPath"},{".class":"NoneType"}]},{".class":"UnionType","items":[{".class":"Instance","args":["builtins.str"],"type_ref":"typing.Iterable"},{".class":"NoneType"}]},{".class":"CallableType","arg_kinds":[0],"arg_names":[null],"arg_types":["io.BufferedReader"],"bound_args":[],"def_extras":{},"fallback":"builtins.function","from_concatenate":false,"implicit":false,"is_ellipsis_args":false,"name":null,"ret_type":{".class":"TypeVarType","fullname":"gettext._NullTranslationsT","id":-1,"name":"_NullTranslationsT","namespace":"","upper_bound":"gettext.NullTranslations","values":[],"variance":0},"type_guard":null,"unpack_kwargs":false,"variables":[]},{".class":"LiteralType","fallback":"builtins.bool","value":false}],"bound_args":[],"def_extras":{"first_arg":null},"fallback":"builtins.function","from_concatenate":false,"implicit":false,"is_ellipsis_args":false,"name":null,"ret_type":{".class":"TypeVarType","fullname":"gettext._NullTranslationsT","id":-1,"name":"_NullTranslationsT","namespace":"","upper_bound":"gettext.NullTranslations","values":[],"variance":0},"type_guard":null,"unpack_kwargs":false,"variables":[{".class":"TypeVarType","fullname":"gettext._NullTranslationsT","id":-1,"name":"_NullTranslationsT","namespace":"","upper_bound":"gettext.NullTranslations","values":[],"variance":0}]},{".class":"CallableType","arg_kinds":[0,0,0,0,1],"arg_names":["domain","localedir","languages","class_","fallback"],"arg_types":["builtins.str",{".class":"UnionType","items":[{".class":"TypeAliasType","args":[],"type_ref":"_typeshed.StrPath"},{".class":"NoneType"}]},{".class":"UnionType","items":[{".class":"Instance","args":["builtins.str"],"type_ref":"typing.Iterable"},{".class":"NoneType"}]},{".class":"CallableType","arg_kinds":[0],"arg_names":[null],"arg_types":["io.BufferedReader"],"bound_args":[],"def_extras":{},"fallback":"builtins.function","from_concatenate":false,"implicit":false,"is_ellipsis_args":false,"name":null,"ret_type":{".class":"TypeVarType","fullname":"gettext._NullTranslationsT","id":-1,"name":"_NullTranslationsT","namespace":"","upper_bound":"gettext.NullTranslations","values":[],"variance":0},"type_guard":null,"unpack_kwargs":false,"variables":[]},{".class":"LiteralType","fallback":"builtins.bool","value":false}],"bound_args":[],"def_extras":{"first_arg":null},"fallback":"builtins.function","from_concatenate":false,"implicit":false,"is_ellipsis_args":false,"name":null,"ret_type":{".class":"TypeVarType","fullname":"gettext._NullTranslationsT","id":-1,"name":"_NullTranslationsT","namespace":"","upper_bound":"gettext.NullTranslations","values":[],"variance":0},"type_guard":null,"unpack_kwargs":false,"variables":[{".class":"TypeVarType","fullname":"gettext._NullTranslationsT","id":-1,"name":"_NullTranslationsT","namespace":"","upper_bound":"gettext.NullTranslations","values":[],"variance":0}]},{".class":"CallableType","arg_kinds":[0,1,1,1,1],"arg_names":["domain","localedir","languages","class_","fallback"],"arg_types":["builtins.str",{".class":"UnionType","items":[{".class":"TypeAliasType","args":[],"type_ref":"_typeshed.StrPath"},{".class":"NoneType"}]},{".class":"UnionType","items":[{".class":"Instance","args":["builtins.str"],"type_ref":"typing.Iterable"},{".class":"NoneType"}]},{".class":"UnionType","items":[{".class":"CallableType","arg_kinds":[0],"arg_names":[null],"arg_types":["io.BufferedReader"],"bound_args":[],"def_extras":{},"fallback":"builtins.function","from_concatenate":false,"implicit":false,"is_ellipsis_args":false,"name":null,"ret_type":"gettext.NullTranslations","type_guard":null,"unpack_kwargs":false,"variables":[]},{".class":"NoneType"}]},"builtins.bool"],"bound_args":[],"def_extras":{"first_arg":null},"fallback":"builtins.function","from_concatenate":false,"implicit":false,"is_ellipsis_args":false,"name":null,"ret_type":"gettext.NullTranslations","type_guard":null,"unpack_kwargs":false,"variables":[]}]}}},"Container":{".class":"SymbolTableNode","cross_ref":"typing.Container","kind":"Gdef","module_hidden":true,"module_public":false},"Final":{".class":"SymbolTableNode","cross_ref":"typing_extensions.Final","kind":"Gdef","module_hidden":true,"module_public":false},"GNUTranslations":{".class":"SymbolTableNode","kind":"Gdef","node":{".class":"TypeInfo","_promote":[],"abstract_attributes":[],"alt_promote":null,"bases":["gettext.NullTranslations"],"dataclass_transform_spec":null,"declared_metaclass":null,"defn":{".class":"ClassDef","fullname":"gettext.GNUTranslations","name":"GNUTranslations","type_vars":[]},"deletable_attributes":[],"flags":[],"fullname":"gettext.GNUTranslations","has_param_spec_type":false,"metaclass_type":null,"metadata":{},"module_name":"gettext","mro":["gettext.GNUTranslations","gettext.NullTranslations","builtins.object"],"names":{".class":"SymbolTable","BE_MAGIC":{".class":"SymbolTableNode","kind":"Mdef","node":{".class":"Var","flags":["is_initialized_in_class","is_final","final_unset_in_class","is_ready"],"fullname":"gettext.GNUTranslations.BE_MAGIC","name":"BE_MAGIC","type":"builtins.int"}},"CONTEXT":{".class":"SymbolTableNode","kind":"Mdef","node":{".class":"Var","flags":["is_initialized_in_class","is_ready"],"fullname":"gettext.GNUTranslations.CONTEXT","name":"CONTEXT","type":"builtins.str"}},"LE_MAGIC":{".class":"SymbolTableNode","kind":"Mdef","node":{".class":"Var","flags":["is_initialized_in_class","is_final","final_unset_in_class","is_ready"],"fullname":"gettext.GNUTranslations.LE_MAGIC","name":"LE_MAGIC","type":"builtins.int"}},"VERSIONS":{".class":"SymbolTableNode","kind":"Mdef","node":{".class":"Var","flags":["is_initialized_in_class","is_ready"],"fullname":"gettext.GNUTranslations.VERSIONS","name":"VERSIONS","type":{".class":"Instance","args":["builtins.int"],"type_ref":"typing.Sequence"}}}},"self_type":null,"slots":null,"tuple_type":null,"type_vars":[],"typeddict_type":null}},"Iterable":{".class":"SymbolTableNode","cross_ref":"typing.Iterable","kind":"Gdef","module_hidden":true,"module_public":false},"Literal":{".class":"SymbolTableNode","cross_ref":"typing_extensions.Literal","kind":"Gdef","module_hidden":true,"module_public":false},"NullTranslations":{".class":"SymbolTableNode","kind":"Gdef","node":{".class":"TypeInfo","_promote":[],"abstract_attributes":[],"alt_promote":null,"bases":["builtins.object"],"dataclass_transform_spec":null,"declared_metaclass":null,"defn":{".class":"ClassDef","fullname":"gettext.NullTranslations","name":"NullTranslations","type_vars":[]},"deletable_attributes":[],"flags":[],"fullname":"gettext.NullTranslations","has_param_spec_type":false,"metaclass_type":null,"metadata":{},"module_name":"gettext","mro":["gettext.NullTranslations","builtins.object"],"names":{".class":"SymbolTable","__init__":{".class":"SymbolTableNode","kind":"Mdef","node":{".class":"FuncDef","abstract_status":0,"arg_kinds":[0,1],"arg_names":["self","fp"],"dataclass_transform_spec":null,"flags":[],"fullname":"gettext.NullTranslations.__init__","name":"__init__","type":{".class":"CallableType","arg_kinds":[0,1],"arg_names":["self","fp"],"arg_types":["gettext.NullTranslations",{".class":"UnionType","items":["gettext._TranslationsReader",{".class":"NoneType"}]}],"bound_args":[],"def_extras":{"first_arg":"self"},"fallback":"builtins.function","from_concatenate":false,"implicit":false,"is_ellipsis_args":false,"name":"__init__ of NullTranslations","ret_type":{".class":"NoneType"},"type_guard":null,"unpack_kwargs":false,"variables":[]}}},"_parse":{".class":"SymbolTableNode","kind":"Mdef","node":{".class":"FuncDef","abstract_status":0,"arg_kinds":[0,0],"arg_names":["self","fp"],"dataclass_transform_spec":null,"flags":[],"fullname":"gettext.NullTranslations._parse","name":"_parse","type":{".class":"CallableType","arg_kinds":[0,0],"arg_names":["self","fp"],"arg_types":["gettext.NullTranslations","gettext._TranslationsReader"],"bound_args":[],"def_extras":{"first_arg":"self"},"fallback":"builtins.function","from_concatenate":false,"implicit":false,"is_ellipsis_args":false,"name":"_parse of NullTranslations","ret_type":{".class":"NoneType"},"type_guard":null,"unpack_kwargs":false,"variables":[]}}},"add_fallback":{".class":"SymbolTableNode","kind":"Mdef","node":{".class":"FuncDef","abstract_status":0,"arg_kinds":[0,0],"arg_names":["self","fallback"],"dataclass_transform_spec":null,"flags":[],"fullname":"gettext.NullTranslations.add_fallback","name":"add_fallback","type":{".class":"CallableType","arg_kinds":[0,0],"arg_names":["self","fallback"],"arg_types":["gettext.NullTranslations","gettext.NullTranslations"],"bound_args":[],"def_extras":{"first_arg":"self"},"fallback":"builtins.function","from_concatenate":false,"implicit":false,"is_ellipsis_args":false,"name":"add_fallback of NullTranslations","ret_type":{".class":"NoneType"},"type_guard":null,"unpack_kwargs":false,"variables":[]}}},"charset":{".class":"SymbolTableNode","kind":"Mdef","node":{".class":"FuncDef","abstract_status":0,"arg_kinds":[0],"arg_names":["self"],"dataclass_transform_spec":null,"flags":[],"fullname":"gettext.NullTranslations.charset","name":"charset","type":{".class":"CallableType","arg_kinds":[0],"arg_names":["self"],"arg_types":["gettext.NullTranslations"],"bound_args":[],"def_extras":{"first_arg":"self"},"fallback":"builtins.function","from_concatenate":false,"implicit":false,"is_ellipsis_args":false,"name":"charset of NullTranslations","ret_type":{".class":"UnionType","items":["builtins.str",{".class":"NoneType"}]},"type_guard":null,"unpack_kwargs":false,"variables":[]}}},"gettext":{".class":"SymbolTableNode","kind":"Mdef","node":{".class":"FuncDef","abstract_status":0,"arg_kinds":[0,0],"arg_names":["self","message"],"dataclass_transform_spec":null,"flags":[],"fullname":"gettext.NullTranslations.gettext","name":"gettext","type":{".class":"CallableType","arg_kinds":[0,0],"arg_names":["self","message"],"arg_types":["gettext.NullTranslations","builtins.str"],"bound_args":[],"def_extras":{"first_arg":"self"},"fallback":"builtins.function","from_concatenate":false,"implicit":false,"is_ellipsis_args":false,"name":"gettext of NullTranslations","ret_type":"builtins.str","type_guard":null,"unpack_kwargs":false,"variables":[]}}},"info":{".class":"SymbolTableNode","kind":"Mdef","node":{".class":"FuncDef","abstract_status":0,"arg_kinds":[0],"arg_names":["self"],"dataclass_transform_spec":null,"flags":[],"fullname":"gettext.NullTranslations.info","name":"info","type":{".class":"CallableType","arg_kinds":[0],"arg_names":["self"],"arg_types":["gettext.NullTranslations"],"bound_args":[],"def_extras":{"first_arg":"self"},"fallback":"builtins.function","from_concatenate":false,"implicit":false,"is_ellipsis_args":false,"name":"info of NullTranslations","ret_type":{".class":"Instance","args":["builtins.str","builtins.str"],"type_ref":"builtins.dict"},"type_guard":null,"unpack_kwargs":false,"variables":[]}}},"install":{".class":"SymbolTableNode","kind":"Mdef","node":{".class":"FuncDef","abstract_status":0,"arg_kinds":[0,1],"arg_names":["self","names"],"dataclass_transform_spec":null,"flags":[],"fullname":"gettext.NullTranslations.install","name":"install","type":{".class":"CallableType","arg_kinds":[0,1],"arg_names":["self","names"],"arg_types":["gettext.NullTranslations",{".class":"UnionType","items":[{".class":"Instance","args":["builtins.str"],"type_ref":"typing.Container"},{".class":"NoneType"}]}],"bound_args":[],"def_extras":{"first_arg":"self"},"fallback":"builtins.function","from_concatenate":false,"implicit":false,"is_ellipsis_args":false,"name":"install of NullTranslations","ret_type":{".class":"NoneType"},"type_guard":null,"unpack_kwargs":false,"variables":[]}}},"ngettext":{".class":"SymbolTableNode","kind":"Mdef","node":{".class":"FuncDef","abstract_status":0,"arg_kinds":[0,0,0,0],"arg_names":["self","msgid1","msgid2","n"],"dataclass_transform_spec":null,"flags":[],"fullname":"gettext.NullTranslations.ngettext","name":"ngettext","type":{".class":"CallableType","arg_kinds":[0,0,0,0],"arg_names":["self","msgid1","msgid2","n"],"arg_types":["gettext.NullTranslations","builtins.str","builtins.str","builtins.int"],"bound_args":[],"def_extras":{"first_arg":"self"},"fallback":"builtins.function","from_concatenate":false,"implicit":false,"is_ellipsis_args":false,"name":"ngettext of NullTranslations","ret_type":"builtins.str","type_guard":null,"unpack_kwargs":false,"variables":[]}}},"npgettext":{".class":"SymbolTableNode","kind":"Mdef","node":{".class":"FuncDef","abstract_status":0,"arg_kinds":[0,0,0,0,0],"arg_names":["self","context","msgid1","msgid2","n"],"dataclass_transform_spec":null,"flags":[],"fullname":"gettext.NullTranslations.npgettext","name":"npgettext","type":{".class":"CallableType","arg_kinds":[0,0,0,0,0],"arg_names":["self","context","msgid1","msgid2","n"],"arg_types":["gettext.NullTranslations","builtins.str","builtins.str","builtins.str","builtins.int"],"bound_args":[],"def_extras":{"first_arg":"self"},"fallback":"builtins.function","from_concatenate":false,"implicit":false,"is_ellipsis_args":false,"name":"npgettext of NullTranslations","ret_type":"builtins.str","type_guard":null,"unpack_kwargs":false,"variables":[]}}},"pgettext":{".class":"SymbolTableNode","kind":"Mdef","node":{".class":"FuncDef","abstract_status":0,"arg_kinds":[0,0,0],"arg_names":["self","context","message"],"dataclass_transform_spec":null,"flags":[],"fullname":"gettext.NullTranslations.pgettext","name":"pgettext","type":{".class":"CallableType","arg_kinds":[0,0,0],"arg_names":["self","context","message"],"arg_types":["gettext.NullTranslations","builtins.str","builtins.str"],"bound_args":[],"def_extras":{"first_arg":"self"},"fallback":"builtins.function","from_concatenate":false,"implicit":false,"is_ellipsis_args":false,"name":"pgettext of NullTranslations","ret_type":"builtins.str","type_guard":null,"unpack_kwargs":false,"variables":[]}}}},"self_type":null,"slots":null,"tuple_type":null,"type_vars":[],"typeddict_type":null}},"Protocol":{".class":"SymbolTableNode","cross_ref":"typing.Protocol","kind":"Gdef","module_hidden":true,"module_public":false},"Sequence":{".class":"SymbolTableNode","cross_ref":"typing.Sequence","kind":"Gdef","module_hidden":true,"module_public":false},"StrPath":{".class":"SymbolTableNode","cross_ref":"_typeshed.StrPath","kind":"Gdef","module_hidden":true,"module_public":false},"TypeVar":{".class":"SymbolTableNode","cross_ref":"typing.TypeVar","kind":"Gdef","module_hidden":true,"module_public":false},"_NullTranslationsT":{".class":"SymbolTableNode","kind":"Gdef","module_public":false,"node":{".class":"TypeVarExpr","fullname":"gettext._NullTranslationsT","name":"_NullTranslationsT","upper_bound":"gettext.NullTranslations","values":[],"variance":0}},"_TranslationsReader":{".class":"SymbolTableNode","kind":"Gdef","module_public":false,"node":{".class":"TypeInfo","_promote":[],"abstract_attributes":[],"alt_promote":null,"bases":["builtins.object"],"dataclass_transform_spec":null,"declared_metaclass":null,"defn":{".class":"ClassDef","fullname":"gettext._TranslationsReader","name":"_TranslationsReader","type_vars":[]},"deletable_attributes":[],"flags":["is_protocol"],"fullname":"gettext._TranslationsReader","has_param_spec_type":false,"metaclass_type":"abc.ABCMeta","metadata":{},"module_name":"gettext","mro":["gettext._TranslationsReader","builtins.object"],"names":{".class":"SymbolTable","read":{".class":"SymbolTableNode","kind":"Mdef","node":{".class":"FuncDef","abstract_status":0,"arg_kinds":[0],"arg_names":["self"],"dataclass_transform_spec":null,"flags":[],"fullname":"gettext._TranslationsReader.read","name":"read","type":{".class":"CallableType","arg_kinds":[0],"arg_names":["self"],"arg_types":["gettext._TranslationsReader"],"bound_args":[],"def_extras":{"first_arg":"self"},"fallback":"builtins.function","from_concatenate":false,"implicit":false,"is_ellipsis_args":false,"name":"read of _TranslationsReader","ret_type":"builtins.bytes","type_guard":null,"unpack_kwargs":false,"variables":[]}}}},"self_type":null,"slots":null,"tuple_type":null,"type_vars":[],"typeddict_type":null}},"__all__":{".class":"SymbolTableNode","kind":"Gdef","module_public":false,"node":{".class":"Var","flags":["is_inferred","has_explicit_value"],"fullname":"gettext.__all__","name":"__all__","type":{".class":"Instance","args":["builtins.str"],"type_ref":"builtins.list"}}},"__annotations__":{".class":"SymbolTableNode","kind":"Gdef","module_public":false,"node":{".class":"Var","flags":["is_ready"],"fullname":"gettext.__annotations__","name":"__annotations__","type":{".class":"Instance","args":["builtins.str",{".class":"AnyType","missing_import_name":null,"source_any":null,"type_of_any":6}],"type_ref":"builtins.dict"}}},"__doc__":{".class":"SymbolTableNode","kind":"Gdef","module_public":false,"node":{".class":"Var","flags":["is_ready"],"fullname":"gettext.__doc__","name":"__doc__","type":"builtins.str"}},"__file__":{".class":"SymbolTableNode","kind":"Gdef","module_public":false,"node":{".class":"Var","flags":["is_ready"],"fullname":"gettext.__file__","name":"__file__","type":"builtins.str"}},"__name__":{".class":"SymbolTableNode","kind":"Gdef","module_public":false,"node":{".class":"Var","flags":["is_ready"],"fullname":"gettext.__name__","name":"__name__","type":"builtins.str"}},"__package__":{".class":"SymbolTableNode","kind":"Gdef","module_public":false,"node":{".class":"Var","flags":["is_ready"],"fullname":"gettext.__package__","name":"__package__","type":"builtins.str"}},"bindtextdomain":{".class":"SymbolTableNode","kind":"Gdef","node":{".class":"FuncDef","abstract_status":0,"arg_kinds":[0,1],"arg_names":["domain","localedir"],"dataclass_transform_spec":null,"flags":[],"fullname":"gettext.bindtextdomain","name":"bindtextdomain","type":{".class":"CallableType","arg_kinds":[0,1],"arg_names":["domain","localedir"],"arg_types":["builtins.str",{".class":"UnionType","items":[{".class":"TypeAliasType","args":[],"type_ref":"_typeshed.StrPath"},{".class":"NoneType"}]}],"bound_args":[],"def_extras":{"first_arg":null},"fallback":"builtins.function","from_concatenate":false,"implicit":false,"is_ellipsis_args":false,"name":"bindtextdomain","ret_type":"builtins.str","type_guard":null,"unpack_kwargs":false,"variables":[]}}},"dgettext":{".class":"SymbolTableNode","kind":"Gdef","node":{".class":"FuncDef","abstract_status":0,"arg_kinds":[0,0],"arg_names":["domain","message"],"dataclass_transform_spec":null,"flags":[],"fullname":"gettext.dgettext","name":"dgettext","type":{".class":"CallableType","arg_kinds":[0,0],"arg_names":["domain","message"],"arg_types":["builtins.str","builtins.str"],"bound_args":[],"def_extras":{"first_arg":null},"fallback":"builtins.function","from_concatenate":false,"implicit":false,"is_ellipsis_args":false,"name":"dgettext","ret_type":"builtins.str","type_guard":null,"unpack_kwargs":false,"variables":[]}}},"dngettext":{".class":"SymbolTableNode","kind":"Gdef","node":{".class":"FuncDef","abstract_status":0,"arg_kinds":[0,0,0,0],"arg_names":["domain","msgid1","msgid2","n"],"dataclass_transform_spec":null,"flags":[],"fullname":"gettext.dngettext","name":"dngettext","type":{".class":"CallableType","arg_kinds":[0,0,0,0],"arg_names":["domain","msgid1","msgid2","n"],"arg_types":["builtins.str","builtins.str","builtins.str","builtins.int"],"bound_args":[],"def_extras":{"first_arg":null},"fallback":"builtins.function","from_concatenate":false,"implicit":false,"is_ellipsis_args":false,"name":"dngettext","ret_type":"builtins.str","type_guard":null,"unpack_kwargs":false,"variables":[]}}},"dnpgettext":{".class":"SymbolTableNode","kind":"Gdef","node":{".class":"FuncDef","abstract_status":0,"arg_kinds":[0,0,0,0,0],"arg_names":["domain","context","msgid1","msgid2","n"],"dataclass_transform_spec":null,"flags":[],"fullname":"gettext.dnpgettext","name":"dnpgettext","type":{".class":"CallableType","arg_kinds":[0,0,0,0,0],"arg_names":["domain","context","msgid1","msgid2","n"],"arg_types":["builtins.str","builtins.str","builtins.str","builtins.str","builtins.int"],"bound_args":[],"def_extras":{"first_arg":null},"fallback":"builtins.function","from_concatenate":false,"implicit":false,"is_ellipsis_args":false,"name":"dnpgettext","ret_type":"builtins.str","type_guard":null,"unpack_kwargs":false,"variables":[]}}},"dpgettext":{".class":"SymbolTableNode","kind":"Gdef","node":{".class":"FuncDef","abstract_status":0,"arg_kinds":[0,0,0],"arg_names":["domain","context","message"],"dataclass_transform_spec":null,"flags":[],"fullname":"gettext.dpgettext","name":"dpgettext","type":{".class":"CallableType","arg_kinds":[0,0,0],"arg_names":["domain","context","message"],"arg_types":["builtins.str","builtins.str","builtins.str"],"bound_args":[],"def_extras":{"first_arg":null},"fallback":"builtins.function","from_concatenate":false,"implicit":false,"is_ellipsis_args":false,"name":"dpgettext","ret_type":"builtins.str","type_guard":null,"unpack_kwargs":false,"variables":[]}}},"find":{".class":"SymbolTableNode","kind":"Gdef","node":{".class":"OverloadedFuncDef","flags":[],"fullname":"gettext.find","impl":null,"items":[{".class":"Decorator","func":{".class":"FuncDef","abstract_status":0,"arg_kinds":[0,1,1,1],"arg_names":["domain","localedir","languages","all"],"dataclass_transform_spec":null,"flags":["is_overload","is_decorated"],"fullname":"gettext.find","name":"find","type":{".class":"CallableType","arg_kinds":[0,1,1,1],"arg_names":["domain","localedir","languages","all"],"arg_types":["builtins.str",{".class":"UnionType","items":[{".class":"TypeAliasType","args":[],"type_ref":"_typeshed.StrPath"},{".class":"NoneType"}]},{".class":"UnionType","items":[{".class":"Instance","args":["builtins.str"],"type_ref":"typing.Iterable"},{".class":"NoneType"}]},{".class":"LiteralType","fallback":"builtins.bool","value":false}],"bound_args":[],"def_extras":{"first_arg":null},"fallback":"builtins.function","from_concatenate":false,"implicit":false,"is_ellipsis_args":false,"name":"find","ret_type":{".class":"UnionType","items":["builtins.str",{".class":"NoneType"}]},"type_guard":null,"unpack_kwargs":false,"variables":[]}},"is_overload":true,"var":{".class":"Var","flags":["is_inferred"],"fullname":"gettext.find","name":"find","type":null}},{".class":"Decorator","func":{".class":"FuncDef","abstract_status":0,"arg_kinds":[0,1,1,3],"arg_names":["domain","localedir","languages","all"],"dataclass_transform_spec":null,"flags":["is_overload","is_decorated"],"fullname":"gettext.find","name":"find","type":{".class":"CallableType","arg_kinds":[0,1,1,3],"arg_names":["domain","localedir","languages","all"],"arg_types":["builtins.str",{".class":"UnionType","items":[{".class":"TypeAliasType","args":[],"type_ref":"_typeshed.StrPath"},{".class":"NoneType"}]},{".class":"UnionType","items":[{".class":"Instance","args":["builtins.str"],"type_ref":"typing.Iterable"},{".class":"NoneType"}]},{".class":"LiteralType","fallback":"builtins.bool","value":true}],"bound_args":[],"def_extras":{"first_arg":null},"fallback":"builtins.function","from_concatenate":false,"implicit":false,"is_ellipsis_args":false,"name":"find","ret_type":{".class":"Instance","args":["builtins.str"],"type_ref":"builtins.list"},"type_guard":null,"unpack_kwargs":false,"variables":[]}},"is_overload":true,"var":{".class":"Var","flags":["is_inferred"],"fullname":"gettext.find","name":"find","type":null}},{".class":"Decorator","func":{".class":"FuncDef","abstract_status":0,"arg_kinds":[0,0,0,0],"arg_names":["domain","localedir","languages","all"],"dataclass_transform_spec":null,"flags":["is_overload","is_decorated"],"fullname":"gettext.find","name":"find","type":{".class":"CallableType","arg_kinds":[0,0,0,0],"arg_names":["domain","localedir","languages","all"],"arg_types":["builtins.str",{".class":"UnionType","items":[{".class":"TypeAliasType","args":[],"type_ref":"_typeshed.StrPath"},{".class":"NoneType"}]},{".class":"UnionType","items":[{".class":"Instance","args":["builtins.str"],"type_ref":"typing.Iterable"},{".class":"NoneType"}]},{".class":"LiteralType","fallback":"builtins.bool","value":true}],"bound_args":[],"def_extras":{"first_arg":null},"fallback":"builtins.function","from_concatenate":false,"implicit":false,"is_ellipsis_args":false,"name":"find","ret_type":{".class":"Instance","args":["builtins.str"],"type_ref":"builtins.list"},"type_guard":null,"unpack_kwargs":false,"variables":[]}},"is_overload":true,"var":{".class":"Var","flags":["is_inferred"],"fullname":"gettext.find","name":"find","type":null}},{".class":"Decorator","func":{".class":"FuncDef","abstract_status":0,"arg_kinds":[0,1,1,1],"arg_names":["domain","localedir","languages","all"],"dataclass_transform_spec":null,"flags":["is_overload","is_decorated"],"fullname":"gettext.find","name":"find","type":{".class":"CallableType","arg_kinds":[0,1,1,1],"arg_names":["domain","localedir","languages","all"],"arg_types":["builtins.str",{".class":"UnionType","items":[{".class":"TypeAliasType","args":[],"type_ref":"_typeshed.StrPath"},{".class":"NoneType"}]},{".class":"UnionType","items":[{".class":"Instance","args":["builtins.str"],"type_ref":"typing.Iterable"},{".class":"NoneType"}]},"builtins.bool"],"bound_args":[],"def_extras":{"first_arg":null},"fallback":"builtins.function","from_concatenate":false,"implicit":false,"is_ellipsis_args":false,"name":"find","ret_type":{".class":"AnyType","missing_import_name":null,"source_any":null,"type_of_any":2},"type_guard":null,"unpack_kwargs":false,"variables":[]}},"is_overload":true,"var":{".class":"Var","flags":["is_inferred"],"fullname":"gettext.find","name":"find","type":null}}],"type":{".class":"Overloaded","items":[{".class":"CallableType","arg_kinds":[0,1,1,1],"arg_names":["domain","localedir","languages","all"],"arg_types":["builtins.str",{".class":"UnionType","items":[{".class":"TypeAliasType","args":[],"type_ref":"_typeshed.StrPath"},{".class":"NoneType"}]},{".class":"UnionType","items":[{".class":"Instance","args":["builtins.str"],"type_ref":"typing.Iterable"},{".class":"NoneType"}]},{".class":"LiteralType","fallback":"builtins.bool","value":false}],"bound_args":[],"def_extras":{"first_arg":null},"fallback":"builtins.function","from_concatenate":false,"implicit":false,"is_ellipsis_args":false,"name":"find","ret_type":{".class":"UnionType","items":["builtins.str",{".class":"NoneType"}]},"type_guard":null,"unpack_kwargs":false,"variables":[]},{".class":"CallableType","arg_kinds":[0,1,1,3],"arg_names":["domain","localedir","languages","all"],"arg_types":["builtins.str",{".class":"UnionType","items":[{".class":"TypeAliasType","args":[],"type_ref":"_typeshed.StrPath"},{".class":"NoneType"}]},{".class":"UnionType","items":[{".class":"Instance","args":["builtins.str"],"type_ref":"typing.Iterable"},{".class":"NoneType"}]},{".class":"LiteralType","fallback":"builtins.bool","value":true}],"bound_args":[],"def_extras":{"first_arg":null},"fallback":"builtins.function","from_concatenate":false,"implicit":false,"is_ellipsis_args":false,"name":"find","ret_type":{".class":"Instance","args":["builtins.str"],"type_ref":"builtins.list"},"type_guard":null,"unpack_kwargs":false,"variables":[]},{".class":"CallableType","arg_kinds":[0,0,0,0],"arg_names":["domain","localedir","languages","all"],"arg_types":["builtins.str",{".class":"UnionType","items":[{".class":"TypeAliasType","args":[],"type_ref":"_typeshed.StrPath"},{".class":"NoneType"}]},{".class":"UnionType","items":[{".class":"Instance","args":["builtins.str"],"type_ref":"typing.Iterable"},{".class":"NoneType"}]},{".class":"LiteralType","fallback":"builtins.bool","value":true}],"bound_args":[],"def_extras":{"first_arg":null},"fallback":"builtins.function","from_concatenate":false,"implicit":false,"is_ellipsis_args":false,"name":"find","ret_type":{".class":"Instance","args":["builtins.str"],"type_ref":"builtins.list"},"type_guard":null,"unpack_kwargs":false,"variables":[]},{".class":"CallableType","arg_kinds":[0,1,1,1],"arg_names":["domain","localedir","languages","all"],"arg_types":["builtins.str",{".class":"UnionType","items":[{".class":"TypeAliasType","args":[],"type_ref":"_typeshed.StrPath"},{".class":"NoneType"}]},{".class":"UnionType","items":[{".class":"Instance","args":["builtins.str"],"type_ref":"typing.Iterable"},{".class":"NoneType"}]},"builtins.bool"],"bound_args":[],"def_extras":{"first_arg":null},"fallback":"builtins.function","from_concatenate":false,"implicit":false,"is_ellipsis_args":false,"name":"find","ret_type":{".class":"AnyType","missing_import_name":null,"source_any":null,"type_of_any":2},"type_guard":null,"unpack_kwargs":false,"variables":[]}]}}},"gettext":{".class":"SymbolTableNode","kind":"Gdef","node":{".class":"FuncDef","abstract_status":0,"arg_kinds":[0],"arg_names":["message"],"dataclass_transform_spec":null,"flags":[],"fullname":"gettext.gettext","name":"gettext","type":{".class":"CallableType","arg_kinds":[0],"arg_names":["message"],"arg_types":["builtins.str"],"bound_args":[],"def_extras":{"first_arg":null},"fallback":"builtins.function","from_concatenate":false,"implicit":false,"is_ellipsis_args":false,"name":"gettext","ret_type":"builtins.str","type_guard":null,"unpack_kwargs":false,"variables":[]}}},"install":{".class":"SymbolTableNode","kind":"Gdef","node":{".class":"FuncDef","abstract_status":0,"arg_kinds":[0,1,5],"arg_names":["domain","localedir","names"],"dataclass_transform_spec":null,"flags":[],"fullname":"gettext.install","name":"install","type":{".class":"CallableType","arg_kinds":[0,1,5],"arg_names":["domain","localedir","names"],"arg_types":["builtins.str",{".class":"UnionType","items":[{".class":"TypeAliasType","args":[],"type_ref":"_typeshed.StrPath"},{".class":"NoneType"}]},{".class":"UnionType","items":[{".class":"Instance","args":["builtins.str"],"type_ref":"typing.Container"},{".class":"NoneType"}]}],"bound_args":[],"def_extras":{"first_arg":null},"fallback":"builtins.function","from_concatenate":false,"implicit":false,"is_ellipsis_args":false,"name":"install","ret_type":{".class":"NoneType"},"type_guard":null,"unpack_kwargs":false,"variables":[]}}},"io":{".class":"SymbolTableNode","cross_ref":"io","kind":"Gdef","module_hidden":true,"module_public":false},"ngettext":{".class":"SymbolTableNode","kind":"Gdef","node":{".class":"FuncDef","abstract_status":0,"arg_kinds":[0,0,0],"arg_names":["msgid1","msgid2","n"],"dataclass_transform_spec":null,"flags":[],"fullname":"gettext.ngettext","name":"ngettext","type":{".class":"CallableType","arg_kinds":[0,0,0],"arg_names":["msgid1","msgid2","n"],"arg_types":["builtins.str","builtins.str","builtins.int"],"bound_args":[],"def_extras":{"first_arg":null},"fallback":"builtins.function","from_concatenate":false,"implicit":false,"is_ellipsis_args":false,"name":"ngettext","ret_type":"builtins.str","type_guard":null,"unpack_kwargs":false,"variables":[]}}},"npgettext":{".class":"SymbolTableNode","kind":"Gdef","node":{".class":"FuncDef","abstract_status":0,"arg_kinds":[0,0,0,0],"arg_names":["context","msgid1","msgid2","n"],"dataclass_transform_spec":null,"flags":[],"fullname":"gettext.npgettext","name":"npgettext","type":{".class":"CallableType","arg_kinds":[0,0,0,0],"arg_names":["context","msgid1","msgid2","n"],"arg_types":["builtins.str","builtins.str","builtins.str","builtins.int"],"bound_args":[],"def_extras":{"first_arg":null},"fallback":"builtins.function","from_concatenate":false,"implicit":false,"is_ellipsis_args":false,"name":"npgettext","ret_type":"builtins.str","type_guard":null,"unpack_kwargs":false,"variables":[]}}},"overload":{".class":"SymbolTableNode","cross_ref":"typing.overload","kind":"Gdef","module_hidden":true,"module_public":false},"pgettext":{".class":"SymbolTableNode","kind":"Gdef","node":{".class":"FuncDef","abstract_status":0,"arg_kinds":[0,0],"arg_names":["context","message"],"dataclass_transform_spec":null,"flags":[],"fullname":"gettext.pgettext","name":"pgettext","type":{".class":"CallableType","arg_kinds":[0,0],"arg_names":["context","message"],"arg_types":["builtins.str","builtins.str"],"bound_args":[],"def_extras":{"first_arg":null},"fallback":"builtins.function","from_concatenate":false,"implicit":false,"is_ellipsis_args":false,"name":"pgettext","ret_type":"builtins.str","type_guard":null,"unpack_kwargs":false,"variables":[]}}},"sys":{".class":"SymbolTableNode","cross_ref":"sys","kind":"Gdef","module_hidden":true,"module_public":false},"textdomain":{".class":"SymbolTableNode","kind":"Gdef","node":{".class":"FuncDef","abstract_status":0,"arg_kinds":[1],"arg_names":["domain"],"dataclass_transform_spec":null,"flags":[],"fullname":"gettext.textdomain","name":"textdomain","type":{".class":"CallableType","arg_kinds":[1],"arg_names":["domain"],"arg_types":[{".class":"UnionType","items":["builtins.str",{".class":"NoneType"}]}],"bound_args":[],"def_extras":{"first_arg":null},"fallback":"builtins.function","from_concatenate":false,"implicit":false,"is_ellipsis_args":false,"name":"textdomain","ret_type":"builtins.str","type_guard":null,"unpack_kwargs":false,"variables":[]}}},"translation":{".class":"SymbolTableNode","kind":"Gdef","node":{".class":"OverloadedFuncDef","flags":[],"fullname":"gettext.translation","impl":null,"items":[{".class":"Decorator","func":{".class":"FuncDef","abstract_status":0,"arg_kinds":[0,1,1,1,1],"arg_names":["domain","localedir","languages","class_","fallback"],"dataclass_transform_spec":null,"flags":["is_overload","is_decorated"],"fullname":"gettext.translation","name":"translation","type":{".class":"CallableType","arg_kinds":[0,1,1,1,1],"arg_names":["domain","localedir","languages","class_","fallback"],"arg_types":["builtins.str",{".class":"UnionType","items":[{".class":"TypeAliasType","args":[],"type_ref":"_typeshed.StrPath"},{".class":"NoneType"}]},{".class":"UnionType","items":[{".class":"Instance","args":["builtins.str"],"type_ref":"typing.Iterable"},{".class":"NoneType"}]},{".class":"NoneType"},{".class":"LiteralType","fallback":"builtins.bool","value":false}],"bound_args":[],"def_extras":{"first_arg":null},"fallback":"builtins.function","from_concatenate":false,"implicit":false,"is_ellipsis_args":false,"name":"translation","ret_type":"gettext.GNUTranslations","type_guard":null,"unpack_kwargs":false,"variables":[]}},"is_overload":true,"var":{".class":"Var","flags":["is_inferred"],"fullname":"gettext.translation","name":"translation","type":null}},{".class":"Decorator","func":{".class":"FuncDef","abstract_status":0,"arg_kinds":[0,1,1,3,5],"arg_names":["domain","localedir","languages","class_","fallback"],"dataclass_transform_spec":null,"flags":["is_overload","is_decorated"],"fullname":"gettext.translation","name":"translation","type":{".class":"CallableType","arg_kinds":[0,1,1,3,5],"arg_names":["domain","localedir","languages","class_","fallback"],"arg_types":["builtins.str",{".class":"UnionType","items":[{".class":"TypeAliasType","args":[],"type_ref":"_typeshed.StrPath"},{".class":"NoneType"}]},{".class":"UnionType","items":[{".class":"Instance","args":["builtins.str"],"type_ref":"typing.Iterable"},{".class":"NoneType"}]},{".class":"CallableType","arg_kinds":[0],"arg_names":[null],"arg_types":["io.BufferedReader"],"bound_args":[],"def_extras":{},"fallback":"builtins.function","from_concatenate":false,"implicit":false,"is_ellipsis_args":false,"name":null,"ret_type":{".class":"TypeVarType","fullname":"gettext._NullTranslationsT","id":-1,"name":"_NullTranslationsT","namespace":"","upper_bound":"gettext.NullTranslations","values":[],"variance":0},"type_guard":null,"unpack_kwargs":false,"variables":[]},{".class":"LiteralType","fallback":"builtins.bool","value":false}],"bound_args":[],"def_extras":{"first_arg":null},"fallback":"builtins.function","from_concatenate":false,"implicit":false,"is_ellipsis_args":false,"name":"translation","ret_type":{".class":"TypeVarType","fullname":"gettext._NullTranslationsT","id":-1,"name":"_NullTranslationsT","namespace":"","upper_bound":"gettext.NullTranslations","values":[],"variance":0},"type_guard":null,"unpack_kwargs":false,"variables":[{".class":"TypeVarType","fullname":"gettext._NullTranslationsT","id":-1,"name":"_NullTranslationsT","namespace":"","upper_bound":"gettext.NullTranslations","values":[],"variance":0}]}},"is_overload":true,"var":{".class":"Var","flags":["is_inferred"],"fullname":"gettext.translation","name":"translation","type":null}},{".class":"Decorator","func":{".class":"FuncDef","abstract_status":0,"arg_kinds":[0,0,0,0,1],"arg_names":["domain","localedir","languages","class_","fallback"],"dataclass_transform_spec":null,"flags":["is_overload","is_decorated"],"fullname":"gettext.translation","name":"translation","type":{".class":"CallableType","arg_kinds":[0,0,0,0,1],"arg_names":["domain","localedir","languages","class_","fallback"],"arg_types":["builtins.str",{".class":"UnionType","items":[{".class":"TypeAliasType","args":[],"type_ref":"_typeshed.StrPath"},{".class":"NoneType"}]},{".class":"UnionType","items":[{".class":"Instance","args":["builtins.str"],"type_ref":"typing.Iterable"},{".class":"NoneType"}]},{".class":"CallableType","arg_kinds":[0],"arg_names":[null],"arg_types":["io.BufferedReader"],"bound_args":[],"def_extras":{},"fallback":"builtins.function","from_concatenate":false,"implicit":false,"is_ellipsis_args":false,"name":null,"ret_type":{".class":"TypeVarType","fullname":"gettext._NullTranslationsT","id":-1,"name":"_NullTranslationsT","namespace":"","upper_bound":"gettext.NullTranslations","values":[],"variance":0},"type_guard":null,"unpack_kwargs":false,"variables":[]},{".class":"LiteralType","fallback":"builtins.bool","value":false}],"bound_args":[],"def_extras":{"first_arg":null},"fallback":"builtins.function","from_concatenate":false,"implicit":false,"is_ellipsis_args":false,"name":"translation","ret_type":{".class":"TypeVarType","fullname":"gettext._NullTranslationsT","id":-1,"name":"_NullTranslationsT","namespace":"","upper_bound":"gettext.NullTranslations","values":[],"variance":0},"type_guard":null,"unpack_kwargs":false,"variables":[{".class":"TypeVarType","fullname":"gettext._NullTranslationsT","id":-1,"name":"_NullTranslationsT","namespace":"","upper_bound":"gettext.NullTranslations","values":[],"variance":0}]}},"is_overload":true,"var":{".class":"Var","flags":["is_inferred"],"fullname":"gettext.translation","name":"translation","type":null}},{".class":"Decorator","func":{".class":"FuncDef","abstract_status":0,"arg_kinds":[0,1,1,1,1],"arg_names":["domain","localedir","languages","class_","fallback"],"dataclass_transform_spec":null,"flags":["is_overload","is_decorated"],"fullname":"gettext.translation","name":"translation","type":{".class":"CallableType","arg_kinds":[0,1,1,1,1],"arg_names":["domain","localedir","languages","class_","fallback"],"arg_types":["builtins.str",{".class":"UnionType","items":[{".class":"TypeAliasType","args":[],"type_ref":"_typeshed.StrPath"},{".class":"NoneType"}]},{".class":"UnionType","items":[{".class":"Instance","args":["builtins.str"],"type_ref":"typing.Iterable"},{".class":"NoneType"}]},{".class":"UnionType","items":[{".class":"CallableType","arg_kinds":[0],"arg_names":[null],"arg_types":["io.BufferedReader"],"bound_args":[],"def_extras":{},"fallback":"builtins.function","from_concatenate":false,"implicit":false,"is_ellipsis_args":false,"name":null,"ret_type":"gettext.NullTranslations","type_guard":null,"unpack_kwargs":false,"variables":[]},{".class":"NoneType"}]},"builtins.bool"],"bound_args":[],"def_extras":{"first_arg":null},"fallback":"builtins.function","from_concatenate":false,"implicit":false,"is_ellipsis_args":false,"name":"translation","ret_type":"gettext.NullTranslations","type_guard":null,"unpack_kwargs":false,"variables":[]}},"is_overload":true,"var":{".class":"Var","flags":["is_inferred"],"fullname":"gettext.translation","name":"translation","type":null}}],"type":{".class":"Overloaded","items":[{".class":"CallableType","arg_kinds":[0,1,1,1,1],"arg_names":["domain","localedir","languages","class_","fallback"],"arg_types":["builtins.str",{".class":"UnionType","items":[{".class":"TypeAliasType","args":[],"type_ref":"_typeshed.StrPath"},{".class":"NoneType"}]},{".class":"UnionType","items":[{".class":"Instance","args":["builtins.str"],"type_ref":"typing.Iterable"},{".class":"NoneType"}]},{".class":"NoneType"},{".class":"LiteralType","fallback":"builtins.bool","value":false}],"bound_args":[],"def_extras":{"first_arg":null},"fallback":"builtins.function","from_concatenate":false,"implicit":false,"is_ellipsis_args":false,"name":"translation","ret_type":"gettext.GNUTranslations","type_guard":null,"unpack_kwargs":false,"variables":[]},{".class":"CallableType","arg_kinds":[0,1,1,3,5],"arg_names":["domain","localedir","languages","class_","fallback"],"arg_types":["builtins.str",{".class":"UnionType","items":[{".class":"TypeAliasType","args":[],"type_ref":"_typeshed.StrPath"},{".class":"NoneType"}]},{".class":"UnionType","items":[{".class":"Instance","args":["builtins.str"],"type_ref":"typing.Iterable"},{".class":"NoneType"}]},{".class":"CallableType","arg_kinds":[0],"arg_names":[null],"arg_types":["io.BufferedReader"],"bound_args":[],"def_extras":{},"fallback":"builtins.function","from_concatenate":false,"implicit":false,"is_ellipsis_args":false,"name":null,"ret_type":{".class":"TypeVarType","fullname":"gettext._NullTranslationsT","id":-1,"name":"_NullTranslationsT","namespace":"","upper_bound":"gettext.NullTranslations","values":[],"variance":0},"type_guard":null,"unpack_kwargs":false,"variables":[]},{".class":"LiteralType","fallback":"builtins.bool","value":false}],"bound_args":[],"def_extras":{"first_arg":null},"fallback":"builtins.function","from_concatenate":false,"implicit":false,"is_ellipsis_args":false,"name":"translation","ret_type":{".class":"TypeVarType","fullname":"gettext._NullTranslationsT","id":-1,"name":"_NullTranslationsT","namespace":"","upper_bound":"gettext.NullTranslations","values":[],"variance":0},"type_guard":null,"unpack_kwargs":false,"variables":[{".class":"TypeVarType","fullname":"gettext._NullTranslationsT","id":-1,"name":"_NullTranslationsT","namespace":"","upper_bound":"gettext.NullTranslations","values":[],"variance":0}]},{".class":"CallableType","arg_kinds":[0,0,0,0,1],"arg_names":["domain","localedir","languages","class_","fallback"],"arg_types":["builtins.str",{".class":"UnionType","items":[{".class":"TypeAliasType","args":[],"type_ref":"_typeshed.StrPath"},{".class":"NoneType"}]},{".class":"UnionType","items":[{".class":"Instance","args":["builtins.str"],"type_ref":"typing.Iterable"},{".class":"NoneType"}]},{".class":"CallableType","arg_kinds":[0],"arg_names":[null],"arg_types":["io.BufferedReader"],"bound_args":[],"def_extras":{},"fallback":"builtins.function","from_concatenate":false,"implicit":false,"is_ellipsis_args":false,"name":null,"ret_type":{".class":"TypeVarType","fullname":"gettext._NullTranslationsT","id":-1,"name":"_NullTranslationsT","namespace":"","upper_bound":"gettext.NullTranslations","values":[],"variance":0},"type_guard":null,"unpack_kwargs":false,"variables":[]},{".class":"LiteralType","fallback":"builtins.bool","value":false}],"bound_args":[],"def_extras":{"first_arg":null},"fallback":"builtins.function","from_concatenate":false,"implicit":false,"is_ellipsis_args":false,"name":"translation","ret_type":{".class":"TypeVarType","fullname":"gettext._NullTranslationsT","id":-1,"name":"_NullTranslationsT","namespace":"","upper_bound":"gettext.NullTranslations","values":[],"variance":0},"type_guard":null,"unpack_kwargs":false,"variables":[{".class":"TypeVarType","fullname":"gettext._NullTranslationsT","id":-1,"name":"_NullTranslationsT","namespace":"","upper_bound":"gettext.NullTranslations","values":[],"variance":0}]},{".class":"CallableType","arg_kinds":[0,1,1,1,1],"arg_names":["domain","localedir","languages","class_","fallback"],"arg_types":["builtins.str",{".class":"UnionType","items":[{".class":"TypeAliasType","args":[],"type_ref":"_typeshed.StrPath"},{".class":"NoneType"}]},{".class":"UnionType","items":[{".class":"Instance","args":["builtins.str"],"type_ref":"typing.Iterable"},{".class":"NoneType"}]},{".class":"UnionType","items":[{".class":"CallableType","arg_kinds":[0],"arg_names":[null],"arg_types":["io.BufferedReader"],"bound_args":[],"def_extras":{},"fallback":"builtins.function","from_concatenate":false,"implicit":false,"is_ellipsis_args":false,"name":null,"ret_type":"gettext.NullTranslations","type_guard":null,"unpack_kwargs":false,"variables":[]},{".class":"NoneType"}]},"builtins.bool"],"bound_args":[],"def_extras":{"first_arg":null},"fallback":"builtins.function","from_concatenate":false,"implicit":false,"is_ellipsis_args":false,"name":"translation","ret_type":"gettext.NullTranslations","type_guard":null,"unpack_kwargs":false,"variables":[]}]}}}},"path":"C:\\Users\\Vasilis\\AppData\\Local\\Programs\\Python\\Python313\\Lib\\site-packages\\mypy\\typeshed\\stdlib\\gettext.pyi"}