{".class":"MypyFile","_fullname":"glob","future_import_flags":[],"is_partial_stub_package":false,"is_stub":true,"names":{".class":"SymbolTable","AnyStr":{".class":"SymbolTableNode","cross_ref":"typing.AnyStr","kind":"Gdef","module_hidden":true,"module_public":false},"Iterator":{".class":"SymbolTableNode","cross_ref":"typing.Iterator","kind":"Gdef","module_hidden":true,"module_public":false},"StrOrBytesPath":{".class":"SymbolTableNode","cross_ref":"_typeshed.StrOrBytesPath","kind":"Gdef","module_hidden":true,"module_public":false},"__all__":{".class":"SymbolTableNode","kind":"Gdef","module_public":false,"node":{".class":"Var","flags":["is_inferred","has_explicit_value"],"fullname":"glob.__all__","name":"__all__","type":{".class":"Instance","args":["builtins.str"],"type_ref":"builtins.list"}}},"__annotations__":{".class":"SymbolTableNode","kind":"Gdef","module_public":false,"node":{".class":"Var","flags":["is_ready"],"fullname":"glob.__annotations__","name":"__annotations__","type":{".class":"Instance","args":["builtins.str",{".class":"AnyType","missing_import_name":null,"source_any":null,"type_of_any":6}],"type_ref":"builtins.dict"}}},"__doc__":{".class":"SymbolTableNode","kind":"Gdef","module_public":false,"node":{".class":"Var","flags":["is_ready"],"fullname":"glob.__doc__","name":"__doc__","type":"builtins.str"}},"__file__":{".class":"SymbolTableNode","kind":"Gdef","module_public":false,"node":{".class":"Var","flags":["is_ready"],"fullname":"glob.__file__","name":"__file__","type":"builtins.str"}},"__name__":{".class":"SymbolTableNode","kind":"Gdef","module_public":false,"node":{".class":"Var","flags":["is_ready"],"fullname":"glob.__name__","name":"__name__","type":"builtins.str"}},"__package__":{".class":"SymbolTableNode","kind":"Gdef","module_public":false,"node":{".class":"Var","flags":["is_ready"],"fullname":"glob.__package__","name":"__package__","type":"builtins.str"}},"escape":{".class":"SymbolTableNode","kind":"Gdef","node":{".class":"FuncDef","abstract_status":0,"arg_kinds":[0],"arg_names":["pathname"],"dataclass_transform_spec":null,"flags":[],"fullname":"glob.escape","name":"escape","type":{".class":"CallableType","arg_kinds":[0],"arg_names":["pathname"],"arg_types":[{".class":"TypeVarType","fullname":"typing.AnyStr","id":-1,"name":"AnyStr","namespace":"","upper_bound":"builtins.object","values":["builtins.str","builtins.bytes"],"variance":0}],"bound_args":[],"def_extras":{"first_arg":null},"fallback":"builtins.function","from_concatenate":false,"implicit":false,"is_ellipsis_args":false,"name":"escape","ret_type":{".class":"TypeVarType","fullname":"typing.AnyStr","id":-1,"name":"AnyStr","namespace":"","upper_bound":"builtins.object","values":["builtins.str","builtins.bytes"],"variance":0},"type_guard":null,"unpack_kwargs":false,"variables":[{".class":"TypeVarType","fullname":"typing.AnyStr","id":-1,"name":"AnyStr","namespace":"","upper_bound":"builtins.object","values":["builtins.str","builtins.bytes"],"variance":0}]}}},"glob":{".class":"SymbolTableNode","kind":"Gdef","node":{".class":"FuncDef","abstract_status":0,"arg_kinds":[0,5,5,5,5],"arg_names":["pathname","root_dir","dir_fd","recursive","include_hidden"],"dataclass_transform_spec":null,"flags":[],"fullname":"glob.glob","name":"glob","type":{".class":"CallableType","arg_kinds":[0,5,5,5,5],"arg_names":["pathname","root_dir","dir_fd","recursive","include_hidden"],"arg_types":[{".class":"TypeVarType","fullname":"typing.AnyStr","id":-1,"name":"AnyStr","namespace":"","upper_bound":"builtins.object","values":["builtins.str","builtins.bytes"],"variance":0},{".class":"UnionType","items":[{".class":"TypeAliasType","args":[],"type_ref":"_typeshed.StrOrBytesPath"},{".class":"NoneType"}]},{".class":"UnionType","items":["builtins.int",{".class":"NoneType"}]},"builtins.bool","builtins.bool"],"bound_args":[],"def_extras":{"first_arg":null},"fallback":"builtins.function","from_concatenate":false,"implicit":false,"is_ellipsis_args":false,"name":"glob","ret_type":{".class":"Instance","args":[{".class":"TypeVarType","fullname":"typing.AnyStr","id":-1,"name":"AnyStr","namespace":"","upper_bound":"builtins.object","values":["builtins.str","builtins.bytes"],"variance":0}],"type_ref":"builtins.list"},"type_guard":null,"unpack_kwargs":false,"variables":[{".class":"TypeVarType","fullname":"typing.AnyStr","id":-1,"name":"AnyStr","namespace":"","upper_bound":"builtins.object","values":["builtins.str","builtins.bytes"],"variance":0}]}}},"glob0":{".class":"SymbolTableNode","kind":"Gdef","module_public":false,"node":{".class":"FuncDef","abstract_status":0,"arg_kinds":[0,0],"arg_names":["dirname","pattern"],"dataclass_transform_spec":null,"flags":[],"fullname":"glob.glob0","name":"glob0","type":{".class":"CallableType","arg_kinds":[0,0],"arg_names":["dirname","pattern"],"arg_types":[{".class":"TypeVarType","fullname":"typing.AnyStr","id":-1,"name":"AnyStr","namespace":"","upper_bound":"builtins.object","values":["builtins.str","builtins.bytes"],"variance":0},{".class":"TypeVarType","fullname":"typing.AnyStr","id":-1,"name":"AnyStr","namespace":"","upper_bound":"builtins.object","values":["builtins.str","builtins.bytes"],"variance":0}],"bound_args":[],"def_extras":{"first_arg":null},"fallback":"builtins.function","from_concatenate":false,"implicit":false,"is_ellipsis_args":false,"name":"glob0","ret_type":{".class":"Instance","args":[{".class":"TypeVarType","fullname":"typing.AnyStr","id":-1,"name":"AnyStr","namespace":"","upper_bound":"builtins.object","values":["builtins.str","builtins.bytes"],"variance":0}],"type_ref":"builtins.list"},"type_guard":null,"unpack_kwargs":false,"variables":[{".class":"TypeVarType","fullname":"typing.AnyStr","id":-1,"name":"AnyStr","namespace":"","upper_bound":"builtins.object","values":["builtins.str","builtins.bytes"],"variance":0}]}}},"glob1":{".class":"SymbolTableNode","kind":"Gdef","module_public":false,"node":{".class":"FuncDef","abstract_status":0,"arg_kinds":[0,0],"arg_names":["dirname","pattern"],"dataclass_transform_spec":null,"flags":[],"fullname":"glob.glob1","name":"glob1","type":{".class":"CallableType","arg_kinds":[0,0],"arg_names":["dirname","pattern"],"arg_types":[{".class":"TypeVarType","fullname":"typing.AnyStr","id":-1,"name":"AnyStr","namespace":"","upper_bound":"builtins.object","values":["builtins.str","builtins.bytes"],"variance":0},{".class":"TypeVarType","fullname":"typing.AnyStr","id":-1,"name":"AnyStr","namespace":"","upper_bound":"builtins.object","values":["builtins.str","builtins.bytes"],"variance":0}],"bound_args":[],"def_extras":{"first_arg":null},"fallback":"builtins.function","from_concatenate":false,"implicit":false,"is_ellipsis_args":false,"name":"glob1","ret_type":{".class":"Instance","args":[{".class":"TypeVarType","fullname":"typing.AnyStr","id":-1,"name":"AnyStr","namespace":"","upper_bound":"builtins.object","values":["builtins.str","builtins.bytes"],"variance":0}],"type_ref":"builtins.list"},"type_guard":null,"unpack_kwargs":false,"variables":[{".class":"TypeVarType","fullname":"typing.AnyStr","id":-1,"name":"AnyStr","namespace":"","upper_bound":"builtins.object","values":["builtins.str","builtins.bytes"],"variance":0}]}}},"has_magic":{".class":"SymbolTableNode","kind":"Gdef","module_public":false,"node":{".class":"FuncDef","abstract_status":0,"arg_kinds":[0],"arg_names":["s"],"dataclass_transform_spec":null,"flags":[],"fullname":"glob.has_magic","name":"has_magic","type":{".class":"CallableType","arg_kinds":[0],"arg_names":["s"],"arg_types":[{".class":"UnionType","items":["builtins.str","builtins.bytes"]}],"bound_args":[],"def_extras":{"first_arg":null},"fallback":"builtins.function","from_concatenate":false,"implicit":false,"is_ellipsis_args":false,"name":"has_magic","ret_type":"builtins.bool","type_guard":null,"unpack_kwargs":false,"variables":[]}}},"iglob":{".class":"SymbolTableNode","kind":"Gdef","node":{".class":"FuncDef","abstract_status":0,"arg_kinds":[0,5,5,5,5],"arg_names":["pathname","root_dir","dir_fd","recursive","include_hidden"],"dataclass_transform_spec":null,"flags":[],"fullname":"glob.iglob","name":"iglob","type":{".class":"CallableType","arg_kinds":[0,5,5,5,5],"arg_names":["pathname","root_dir","dir_fd","recursive","include_hidden"],"arg_types":[{".class":"TypeVarType","fullname":"typing.AnyStr","id":-1,"name":"AnyStr","namespace":"","upper_bound":"builtins.object","values":["builtins.str","builtins.bytes"],"variance":0},{".class":"UnionType","items":[{".class":"TypeAliasType","args":[],"type_ref":"_typeshed.StrOrBytesPath"},{".class":"NoneType"}]},{".class":"UnionType","items":["builtins.int",{".class":"NoneType"}]},"builtins.bool","builtins.bool"],"bound_args":[],"def_extras":{"first_arg":null},"fallback":"builtins.function","from_concatenate":false,"implicit":false,"is_ellipsis_args":false,"name":"iglob","ret_type":{".class":"Instance","args":[{".class":"TypeVarType","fullname":"typing.AnyStr","id":-1,"name":"AnyStr","namespace":"","upper_bound":"builtins.object","values":["builtins.str","builtins.bytes"],"variance":0}],"type_ref":"typing.Iterator"},"type_guard":null,"unpack_kwargs":false,"variables":[{".class":"TypeVarType","fullname":"typing.AnyStr","id":-1,"name":"AnyStr","namespace":"","upper_bound":"builtins.object","values":["builtins.str","builtins.bytes"],"variance":0}]}}},"sys":{".class":"SymbolTableNode","cross_ref":"sys","kind":"Gdef","module_hidden":true,"module_public":false}},"path":"C:\\Users\\Vasilis\\AppData\\Local\\Programs\\Python\\Python313\\Lib\\site-packages\\mypy\\typeshed\\stdlib\\glob.pyi"}