{".class":"MypyFile","_fullname":"gzip","future_import_flags":[],"is_partial_stub_package":false,"is_stub":true,"names":{".class":"SymbolTable","BadGzipFile":{".class":"SymbolTableNode","kind":"Gdef","node":{".class":"TypeInfo","_promote":[],"abstract_attributes":[],"alt_promote":null,"bases":["builtins.OSError"],"dataclass_transform_spec":null,"declared_metaclass":null,"defn":{".class":"ClassDef","fullname":"gzip.BadGzipFile","name":"BadGzipFile","type_vars":[]},"deletable_attributes":[],"deprecated":null,"flags":[],"fullname":"gzip.BadGzipFile","has_param_spec_type":false,"metaclass_type":null,"metadata":{},"module_name":"gzip","mro":["gzip.BadGzipFile","builtins.OSError","builtins.Exception","builtins.BaseException","builtins.object"],"names":{".class":"SymbolTable"},"self_type":{".class":"TypeVarType","default":{".class":"AnyType","missing_import_name":null,"source_any":null,"type_of_any":4},"fullname":"gzip.BadGzipFile.Self","id":0,"name":"Self","namespace":"","upper_bound":"gzip.BadGzipFile","values":[],"variance":0},"slots":null,"tuple_type":null,"type_vars":[],"typeddict_type":null}},"BaseStream":{".class":"SymbolTableNode","cross_ref":"_compression.BaseStream","kind":"Gdef","module_hidden":true,"module_public":false},"DecompressReader":{".class":"SymbolTableNode","cross_ref":"_compression.DecompressReader","kind":"Gdef","module_hidden":true,"module_public":false},"FCOMMENT":{".class":"SymbolTableNode","kind":"Gdef","module_public":false,"node":{".class":"Var","flags":["is_final","is_ready"],"fullname":"gzip.FCOMMENT","name":"FCOMMENT","setter_type":null,"type":"builtins.int"}},"FEXTRA":{".class":"SymbolTableNode","kind":"Gdef","module_public":false,"node":{".class":"Var","flags":["is_final","is_ready"],"fullname":"gzip.FEXTRA","name":"FEXTRA","setter_type":null,"type":"builtins.int"}},"FHCRC":{".class":"SymbolTableNode","kind":"Gdef","module_public":false,"node":{".class":"Var","flags":["is_final","is_ready"],"fullname":"gzip.FHCRC","name":"FHCRC","setter_type":null,"type":"builtins.int"}},"FNAME":{".class":"SymbolTableNode","kind":"Gdef","module_public":false,"node":{".class":"Var","flags":["is_final","is_ready"],"fullname":"gzip.FNAME","name":"FNAME","setter_type":null,"type":"builtins.int"}},"FTEXT":{".class":"SymbolTableNode","kind":"Gdef","module_public":false,"node":{".class":"Var","flags":["is_final","is_ready"],"fullname":"gzip.FTEXT","name":"FTEXT","setter_type":null,"type":"builtins.int"}},"FileIO":{".class":"SymbolTableNode","cross_ref":"_io.FileIO","kind":"Gdef","module_hidden":true,"module_public":false},"Final":{".class":"SymbolTableNode","cross_ref":"typing.Final","kind":"Gdef","module_hidden":true,"module_public":false},"GzipFile":{".class":"SymbolTableNode","kind":"Gdef","node":{".class":"TypeInfo","_promote":[],"abstract_attributes":[],"alt_promote":null,"bases":["_compression.BaseStream"],"dataclass_transform_spec":null,"declared_metaclass":null,"defn":{".class":"ClassDef","fullname":"gzip.GzipFile","name":"GzipFile","type_vars":[]},"deletable_attributes":[],"deprecated":null,"flags":[],"fullname":"gzip.GzipFile","has_param_spec_type":false,"metaclass_type":"abc.ABCMeta","metadata":{},"module_name":"gzip","mro":["gzip.GzipFile","_compression.BaseStream","io.BufferedIOBase","_io._BufferedIOBase","io.IOBase","_io._IOBase","builtins.object"],"names":{".class":"SymbolTable","__init__":{".class":"SymbolTableNode","kind":"Mdef","node":{".class":"OverloadedFuncDef","deprecated":null,"flags":[],"fullname":"gzip.GzipFile.__init__","impl":null,"items":[{".class":"Decorator","func":{".class":"FuncDef","abstract_status":0,"arg_kinds":[0,0,0,1,1,1],"arg_names":["self","filename","mode","compresslevel","fileobj","mtime"],"dataclass_transform_spec":null,"deprecated":null,"flags":["is_overload","is_decorated","is_trivial_self"],"fullname":"gzip.GzipFile.__init__","name":"__init__","original_first_arg":"self","type":{".class":"CallableType","arg_kinds":[0,0,0,1,1,1],"arg_names":["self","filename","mode","compresslevel","fileobj","mtime"],"arg_types":["gzip.GzipFile",{".class":"UnionType","items":[{".class":"TypeAliasType","args":[],"type_ref":"_typeshed.StrOrBytesPath"},{".class":"NoneType"}],"uses_pep604_syntax":true},{".class":"TypeAliasType","args":[],"type_ref":"gzip._ReadBinaryMode"},"builtins.int",{".class":"UnionType","items":["gzip._ReadableFileobj",{".class":"NoneType"}],"uses_pep604_syntax":true},{".class":"UnionType","items":["builtins.float",{".class":"NoneType"}],"uses_pep604_syntax":true}],"fallback":"builtins.function","from_concatenate":false,"implicit":false,"imprecise_arg_kinds":false,"is_bound":false,"is_ellipsis_args":false,"name":"__init__ of GzipFile","ret_type":{".class":"NoneType"},"type_guard":null,"type_is":null,"unpack_kwargs":false,"variables":[]}},"is_overload":true,"var":{".class":"Var","flags":["is_ready","is_inferred"],"fullname":"gzip.GzipFile.__init__","name":"__init__","setter_type":null,"type":{".class":"CallableType","arg_kinds":[0,0,0,1,1,1],"arg_names":["self","filename","mode","compresslevel","fileobj","mtime"],"arg_types":["gzip.GzipFile",{".class":"UnionType","items":[{".class":"TypeAliasType","args":[],"type_ref":"_typeshed.StrOrBytesPath"},{".class":"NoneType"}],"uses_pep604_syntax":true},{".class":"TypeAliasType","args":[],"type_ref":"gzip._ReadBinaryMode"},"builtins.int",{".class":"UnionType","items":["gzip._ReadableFileobj",{".class":"NoneType"}],"uses_pep604_syntax":true},{".class":"UnionType","items":["builtins.float",{".class":"NoneType"}],"uses_pep604_syntax":true}],"fallback":"builtins.function","from_concatenate":false,"implicit":false,"imprecise_arg_kinds":false,"is_bound":false,"is_ellipsis_args":false,"name":"__init__ of GzipFile","ret_type":{".class":"NoneType"},"type_guard":null,"type_is":null,"unpack_kwargs":false,"variables":[]}}},{".class":"Decorator","func":{".class":"FuncDef","abstract_status":0,"arg_kinds":[0,3,5,5,5],"arg_names":["self","mode","compresslevel","fileobj","mtime"],"dataclass_transform_spec":null,"deprecated":null,"flags":["is_overload","is_decorated","is_trivial_self"],"fullname":"gzip.GzipFile.__init__","name":"__init__","original_first_arg":"self","type":{".class":"CallableType","arg_kinds":[0,3,5,5,5],"arg_names":["self","mode","compresslevel","fileobj","mtime"],"arg_types":["gzip.GzipFile",{".class":"TypeAliasType","args":[],"type_ref":"gzip._ReadBinaryMode"},"builtins.int",{".class":"UnionType","items":["gzip._ReadableFileobj",{".class":"NoneType"}],"uses_pep604_syntax":true},{".class":"UnionType","items":["builtins.float",{".class":"NoneType"}],"uses_pep604_syntax":true}],"fallback":"builtins.function","from_concatenate":false,"implicit":false,"imprecise_arg_kinds":false,"is_bound":false,"is_ellipsis_args":false,"name":"__init__ of GzipFile","ret_type":{".class":"NoneType"},"type_guard":null,"type_is":null,"unpack_kwargs":false,"variables":[]}},"is_overload":true,"var":{".class":"Var","flags":["is_ready","is_inferred"],"fullname":"gzip.GzipFile.__init__","name":"__init__","setter_type":null,"type":{".class":"CallableType","arg_kinds":[0,3,5,5,5],"arg_names":["self","mode","compresslevel","fileobj","mtime"],"arg_types":["gzip.GzipFile",{".class":"TypeAliasType","args":[],"type_ref":"gzip._ReadBinaryMode"},"builtins.int",{".class":"UnionType","items":["gzip._ReadableFileobj",{".class":"NoneType"}],"uses_pep604_syntax":true},{".class":"UnionType","items":["builtins.float",{".class":"NoneType"}],"uses_pep604_syntax":true}],"fallback":"builtins.function","from_concatenate":false,"implicit":false,"imprecise_arg_kinds":false,"is_bound":false,"is_ellipsis_args":false,"name":"__init__ of GzipFile","ret_type":{".class":"NoneType"},"type_guard":null,"type_is":null,"unpack_kwargs":false,"variables":[]}}},{".class":"Decorator","func":{".class":"FuncDef","abstract_status":0,"arg_kinds":[0,0,0,1,1,1],"arg_names":["self","filename","mode","compresslevel","fileobj","mtime"],"dataclass_transform_spec":null,"deprecated":null,"flags":["is_overload","is_decorated","is_trivial_self"],"fullname":"gzip.GzipFile.__init__","name":"__init__","original_first_arg":"self","type":{".class":"CallableType","arg_kinds":[0,0,0,1,1,1],"arg_names":["self","filename","mode","compresslevel","fileobj","mtime"],"arg_types":["gzip.GzipFile",{".class":"UnionType","items":[{".class":"TypeAliasType","args":[],"type_ref":"_typeshed.StrOrBytesPath"},{".class":"NoneType"}],"uses_pep604_syntax":true},{".class":"TypeAliasType","args":[],"type_ref":"gzip._WriteBinaryMode"},"builtins.int",{".class":"UnionType","items":["gzip._WritableFileobj",{".class":"NoneType"}],"uses_pep604_syntax":true},{".class":"UnionType","items":["builtins.float",{".class":"NoneType"}],"uses_pep604_syntax":true}],"fallback":"builtins.function","from_concatenate":false,"implicit":false,"imprecise_arg_kinds":false,"is_bound":false,"is_ellipsis_args":false,"name":"__init__ of GzipFile","ret_type":{".class":"NoneType"},"type_guard":null,"type_is":null,"unpack_kwargs":false,"variables":[]}},"is_overload":true,"var":{".class":"Var","flags":["is_ready","is_inferred"],"fullname":"gzip.GzipFile.__init__","name":"__init__","setter_type":null,"type":{".class":"CallableType","arg_kinds":[0,0,0,1,1,1],"arg_names":["self","filename","mode","compresslevel","fileobj","mtime"],"arg_types":["gzip.GzipFile",{".class":"UnionType","items":[{".class":"TypeAliasType","args":[],"type_ref":"_typeshed.StrOrBytesPath"},{".class":"NoneType"}],"uses_pep604_syntax":true},{".class":"TypeAliasType","args":[],"type_ref":"gzip._WriteBinaryMode"},"builtins.int",{".class":"UnionType","items":["gzip._WritableFileobj",{".class":"NoneType"}],"uses_pep604_syntax":true},{".class":"UnionType","items":["builtins.float",{".class":"NoneType"}],"uses_pep604_syntax":true}],"fallback":"builtins.function","from_concatenate":false,"implicit":false,"imprecise_arg_kinds":false,"is_bound":false,"is_ellipsis_args":false,"name":"__init__ of GzipFile","ret_type":{".class":"NoneType"},"type_guard":null,"type_is":null,"unpack_kwargs":false,"variables":[]}}},{".class":"Decorator","func":{".class":"FuncDef","abstract_status":0,"arg_kinds":[0,3,5,5,5],"arg_names":["self","mode","compresslevel","fileobj","mtime"],"dataclass_transform_spec":null,"deprecated":null,"flags":["is_overload","is_decorated","is_trivial_self"],"fullname":"gzip.GzipFile.__init__","name":"__init__","original_first_arg":"self","type":{".class":"CallableType","arg_kinds":[0,3,5,5,5],"arg_names":["self","mode","compresslevel","fileobj","mtime"],"arg_types":["gzip.GzipFile",{".class":"TypeAliasType","args":[],"type_ref":"gzip._WriteBinaryMode"},"builtins.int",{".class":"UnionType","items":["gzip._WritableFileobj",{".class":"NoneType"}],"uses_pep604_syntax":true},{".class":"UnionType","items":["builtins.float",{".class":"NoneType"}],"uses_pep604_syntax":true}],"fallback":"builtins.function","from_concatenate":false,"implicit":false,"imprecise_arg_kinds":false,"is_bound":false,"is_ellipsis_args":false,"name":"__init__ of GzipFile","ret_type":{".class":"NoneType"},"type_guard":null,"type_is":null,"unpack_kwargs":false,"variables":[]}},"is_overload":true,"var":{".class":"Var","flags":["is_ready","is_inferred"],"fullname":"gzip.GzipFile.__init__","name":"__init__","setter_type":null,"type":{".class":"CallableType","arg_kinds":[0,3,5,5,5],"arg_names":["self","mode","compresslevel","fileobj","mtime"],"arg_types":["gzip.GzipFile",{".class":"TypeAliasType","args":[],"type_ref":"gzip._WriteBinaryMode"},"builtins.int",{".class":"UnionType","items":["gzip._WritableFileobj",{".class":"NoneType"}],"uses_pep604_syntax":true},{".class":"UnionType","items":["builtins.float",{".class":"NoneType"}],"uses_pep604_syntax":true}],"fallback":"builtins.function","from_concatenate":false,"implicit":false,"imprecise_arg_kinds":false,"is_bound":false,"is_ellipsis_args":false,"name":"__init__ of GzipFile","ret_type":{".class":"NoneType"},"type_guard":null,"type_is":null,"unpack_kwargs":false,"variables":[]}}},{".class":"Decorator","func":{".class":"FuncDef","abstract_status":0,"arg_kinds":[0,1,1,1,1,1],"arg_names":["self","filename","mode","compresslevel","fileobj","mtime"],"dataclass_transform_spec":null,"deprecated":null,"flags":["is_overload","is_decorated","is_trivial_self"],"fullname":"gzip.GzipFile.__init__","name":"__init__","original_first_arg":"self","type":{".class":"CallableType","arg_kinds":[0,1,1,1,1,1],"arg_names":["self","filename","mode","compresslevel","fileobj","mtime"],"arg_types":["gzip.GzipFile",{".class":"UnionType","items":[{".class":"TypeAliasType","args":[],"type_ref":"_typeshed.StrOrBytesPath"},{".class":"NoneType"}],"uses_pep604_syntax":true},{".class":"UnionType","items":["builtins.str",{".class":"NoneType"}],"uses_pep604_syntax":true},"builtins.int",{".class":"UnionType","items":["gzip._ReadableFileobj","gzip._WritableFileobj",{".class":"NoneType"}],"uses_pep604_syntax":true},{".class":"UnionType","items":["builtins.float",{".class":"NoneType"}],"uses_pep604_syntax":true}],"fallback":"builtins.function","from_concatenate":false,"implicit":false,"imprecise_arg_kinds":false,"is_bound":false,"is_ellipsis_args":false,"name":"__init__ of GzipFile","ret_type":{".class":"NoneType"},"type_guard":null,"type_is":null,"unpack_kwargs":false,"variables":[]}},"is_overload":true,"var":{".class":"Var","flags":["is_ready","is_inferred"],"fullname":"gzip.GzipFile.__init__","name":"__init__","setter_type":null,"type":{".class":"CallableType","arg_kinds":[0,1,1,1,1,1],"arg_names":["self","filename","mode","compresslevel","fileobj","mtime"],"arg_types":["gzip.GzipFile",{".class":"UnionType","items":[{".class":"TypeAliasType","args":[],"type_ref":"_typeshed.StrOrBytesPath"},{".class":"NoneType"}],"uses_pep604_syntax":true},{".class":"UnionType","items":["builtins.str",{".class":"NoneType"}],"uses_pep604_syntax":true},"builtins.int",{".class":"UnionType","items":["gzip._ReadableFileobj","gzip._WritableFileobj",{".class":"NoneType"}],"uses_pep604_syntax":true},{".class":"UnionType","items":["builtins.float",{".class":"NoneType"}],"uses_pep604_syntax":true}],"fallback":"builtins.function","from_concatenate":false,"implicit":false,"imprecise_arg_kinds":false,"is_bound":false,"is_ellipsis_args":false,"name":"__init__ of GzipFile","ret_type":{".class":"NoneType"},"type_guard":null,"type_is":null,"unpack_kwargs":false,"variables":[]}}}],"setter_index":null,"type":{".class":"Overloaded","items":[{".class":"CallableType","arg_kinds":[0,0,0,1,1,1],"arg_names":["self","filename","mode","compresslevel","fileobj","mtime"],"arg_types":["gzip.GzipFile",{".class":"UnionType","items":[{".class":"TypeAliasType","args":[],"type_ref":"_typeshed.StrOrBytesPath"},{".class":"NoneType"}],"uses_pep604_syntax":true},{".class":"TypeAliasType","args":[],"type_ref":"gzip._ReadBinaryMode"},"builtins.int",{".class":"UnionType","items":["gzip._ReadableFileobj",{".class":"NoneType"}],"uses_pep604_syntax":true},{".class":"UnionType","items":["builtins.float",{".class":"NoneType"}],"uses_pep604_syntax":true}],"fallback":"builtins.function","from_concatenate":false,"implicit":false,"imprecise_arg_kinds":false,"is_bound":false,"is_ellipsis_args":false,"name":"__init__ of GzipFile","ret_type":{".class":"NoneType"},"type_guard":null,"type_is":null,"unpack_kwargs":false,"variables":[]},{".class":"CallableType","arg_kinds":[0,3,5,5,5],"arg_names":["self","mode","compresslevel","fileobj","mtime"],"arg_types":["gzip.GzipFile",{".class":"TypeAliasType","args":[],"type_ref":"gzip._ReadBinaryMode"},"builtins.int",{".class":"UnionType","items":["gzip._ReadableFileobj",{".class":"NoneType"}],"uses_pep604_syntax":true},{".class":"UnionType","items":["builtins.float",{".class":"NoneType"}],"uses_pep604_syntax":true}],"fallback":"builtins.function","from_concatenate":false,"implicit":false,"imprecise_arg_kinds":false,"is_bound":false,"is_ellipsis_args":false,"name":"__init__ of GzipFile","ret_type":{".class":"NoneType"},"type_guard":null,"type_is":null,"unpack_kwargs":false,"variables":[]},{".class":"CallableType","arg_kinds":[0,0,0,1,1,1],"arg_names":["self","filename","mode","compresslevel","fileobj","mtime"],"arg_types":["gzip.GzipFile",{".class":"UnionType","items":[{".class":"TypeAliasType","args":[],"type_ref":"_typeshed.StrOrBytesPath"},{".class":"NoneType"}],"uses_pep604_syntax":true},{".class":"TypeAliasType","args":[],"type_ref":"gzip._WriteBinaryMode"},"builtins.int",{".class":"UnionType","items":["gzip._WritableFileobj",{".class":"NoneType"}],"uses_pep604_syntax":true},{".class":"UnionType","items":["builtins.float",{".class":"NoneType"}],"uses_pep604_syntax":true}],"fallback":"builtins.function","from_concatenate":false,"implicit":false,"imprecise_arg_kinds":false,"is_bound":false,"is_ellipsis_args":false,"name":"__init__ of GzipFile","ret_type":{".class":"NoneType"},"type_guard":null,"type_is":null,"unpack_kwargs":false,"variables":[]},{".class":"CallableType","arg_kinds":[0,3,5,5,5],"arg_names":["self","mode","compresslevel","fileobj","mtime"],"arg_types":["gzip.GzipFile",{".class":"TypeAliasType","args":[],"type_ref":"gzip._WriteBinaryMode"},"builtins.int",{".class":"UnionType","items":["gzip._WritableFileobj",{".class":"NoneType"}],"uses_pep604_syntax":true},{".class":"UnionType","items":["builtins.float",{".class":"NoneType"}],"uses_pep604_syntax":true}],"fallback":"builtins.function","from_concatenate":false,"implicit":false,"imprecise_arg_kinds":false,"is_bound":false,"is_ellipsis_args":false,"name":"__init__ of GzipFile","ret_type":{".class":"NoneType"},"type_guard":null,"type_is":null,"unpack_kwargs":false,"variables":[]},{".class":"CallableType","arg_kinds":[0,1,1,1,1,1],"arg_names":["self","filename","mode","compresslevel","fileobj","mtime"],"arg_types":["gzip.GzipFile",{".class":"UnionType","items":[{".class":"TypeAliasType","args":[],"type_ref":"_typeshed.StrOrBytesPath"},{".class":"NoneType"}],"uses_pep604_syntax":true},{".class":"UnionType","items":["builtins.str",{".class":"NoneType"}],"uses_pep604_syntax":true},"builtins.int",{".class":"UnionType","items":["gzip._ReadableFileobj","gzip._WritableFileobj",{".class":"NoneType"}],"uses_pep604_syntax":true},{".class":"UnionType","items":["builtins.float",{".class":"NoneType"}],"uses_pep604_syntax":true}],"fallback":"builtins.function","from_concatenate":false,"implicit":false,"imprecise_arg_kinds":false,"is_bound":false,"is_ellipsis_args":false,"name":"__init__ of GzipFile","ret_type":{".class":"NoneType"},"type_guard":null,"type_is":null,"unpack_kwargs":false,"variables":[]}]}}},"close":{".class":"SymbolTableNode","kind":"Mdef","node":{".class":"FuncDef","abstract_status":0,"arg_kinds":[0],"arg_names":["self"],"dataclass_transform_spec":null,"deprecated":null,"flags":["is_trivial_self"],"fullname":"gzip.GzipFile.close","name":"close","original_first_arg":"self","type":{".class":"CallableType","arg_kinds":[0],"arg_names":["self"],"arg_types":["gzip.GzipFile"],"fallback":"builtins.function","from_concatenate":false,"implicit":false,"imprecise_arg_kinds":false,"is_bound":false,"is_ellipsis_args":false,"name":"close of GzipFile","ret_type":{".class":"NoneType"},"type_guard":null,"type_is":null,"unpack_kwargs":false,"variables":[]}}},"compress":{".class":"SymbolTableNode","kind":"Mdef","node":{".class":"Var","flags":["is_initialized_in_class","is_ready"],"fullname":"gzip.GzipFile.compress","name":"compress","setter_type":null,"type":"zlib._Compress"}},"crc":{".class":"SymbolTableNode","kind":"Mdef","node":{".class":"Var","flags":["is_initialized_in_class","is_ready"],"fullname":"gzip.GzipFile.crc","name":"crc","setter_type":null,"type":"builtins.int"}},"filename":{".class":"SymbolTableNode","kind":"Mdef","node":{".class":"Decorator","func":{".class":"FuncDef","abstract_status":0,"arg_kinds":[0],"arg_names":["self"],"dataclass_transform_spec":null,"deprecated":"function gzip.GzipFile.filename is deprecated: Deprecated since Python 2.6; removed in Python 3.12. Use `name` attribute instead.","flags":["is_property","is_decorated","is_trivial_self"],"fullname":"gzip.GzipFile.filename","name":"filename","original_first_arg":"self","type":{".class":"CallableType","arg_kinds":[0],"arg_names":["self"],"arg_types":["gzip.GzipFile"],"fallback":"builtins.function","from_concatenate":false,"implicit":false,"imprecise_arg_kinds":false,"is_bound":false,"is_ellipsis_args":false,"name":"filename of GzipFile","ret_type":"builtins.str","type_guard":null,"type_is":null,"unpack_kwargs":false,"variables":[]}},"is_overload":false,"var":{".class":"Var","flags":["is_initialized_in_class","is_property","is_ready","is_inferred"],"fullname":"gzip.GzipFile.filename","name":"filename","setter_type":null,"type":{".class":"CallableType","arg_kinds":[0],"arg_names":["self"],"arg_types":["gzip.GzipFile"],"fallback":"builtins.function","from_concatenate":false,"implicit":false,"imprecise_arg_kinds":false,"is_bound":false,"is_ellipsis_args":false,"name":"filename of GzipFile","ret_type":"builtins.str","type_guard":null,"type_is":null,"unpack_kwargs":false,"variables":[]}}}},"fileno":{".class":"SymbolTableNode","kind":"Mdef","node":{".class":"FuncDef","abstract_status":0,"arg_kinds":[0],"arg_names":["self"],"dataclass_transform_spec":null,"deprecated":null,"flags":["is_trivial_self"],"fullname":"gzip.GzipFile.fileno","name":"fileno","original_first_arg":"self","type":{".class":"CallableType","arg_kinds":[0],"arg_names":["self"],"arg_types":["gzip.GzipFile"],"fallback":"builtins.function","from_concatenate":false,"implicit":false,"imprecise_arg_kinds":false,"is_bound":false,"is_ellipsis_args":false,"name":"fileno of GzipFile","ret_type":"builtins.int","type_guard":null,"type_is":null,"unpack_kwargs":false,"variables":[]}}},"fileobj":{".class":"SymbolTableNode","kind":"Mdef","node":{".class":"Var","flags":["is_initialized_in_class","is_ready"],"fullname":"gzip.GzipFile.fileobj","name":"fileobj","setter_type":null,"type":{".class":"UnionType","items":["gzip._ReadableFileobj","gzip._WritableFileobj"],"uses_pep604_syntax":true}}},"flush":{".class":"SymbolTableNode","kind":"Mdef","node":{".class":"FuncDef","abstract_status":0,"arg_kinds":[0,1],"arg_names":["self","zlib_mode"],"dataclass_transform_spec":null,"deprecated":null,"flags":["is_trivial_self"],"fullname":"gzip.GzipFile.flush","name":"flush","original_first_arg":"self","type":{".class":"CallableType","arg_kinds":[0,1],"arg_names":["self","zlib_mode"],"arg_types":["gzip.GzipFile","builtins.int"],"fallback":"builtins.function","from_concatenate":false,"implicit":false,"imprecise_arg_kinds":false,"is_bound":false,"is_ellipsis_args":false,"name":"flush of GzipFile","ret_type":{".class":"NoneType"},"type_guard":null,"type_is":null,"unpack_kwargs":false,"variables":[]}}},"mode":{".class":"SymbolTableNode","kind":"Mdef","node":{".class":"Var","flags":["is_initialized_in_class","is_ready"],"fullname":"gzip.GzipFile.mode","name":"mode","setter_type":null,"type":"builtins.object"}},"mtime":{".class":"SymbolTableNode","kind":"Mdef","node":{".class":"Decorator","func":{".class":"FuncDef","abstract_status":0,"arg_kinds":[0],"arg_names":["self"],"dataclass_transform_spec":null,"deprecated":null,"flags":["is_property","is_decorated","is_trivial_self"],"fullname":"gzip.GzipFile.mtime","name":"mtime","original_first_arg":"self","type":{".class":"CallableType","arg_kinds":[0],"arg_names":["self"],"arg_types":["gzip.GzipFile"],"fallback":"builtins.function","from_concatenate":false,"implicit":false,"imprecise_arg_kinds":false,"is_bound":false,"is_ellipsis_args":false,"name":"mtime of GzipFile","ret_type":{".class":"UnionType","items":["builtins.int",{".class":"NoneType"}],"uses_pep604_syntax":true},"type_guard":null,"type_is":null,"unpack_kwargs":false,"variables":[]}},"is_overload":false,"var":{".class":"Var","flags":["is_initialized_in_class","is_property","is_ready","is_inferred"],"fullname":"gzip.GzipFile.mtime","name":"mtime","setter_type":null,"type":{".class":"CallableType","arg_kinds":[0],"arg_names":["self"],"arg_types":["gzip.GzipFile"],"fallback":"builtins.function","from_concatenate":false,"implicit":false,"imprecise_arg_kinds":false,"is_bound":false,"is_ellipsis_args":false,"name":"mtime of GzipFile","ret_type":{".class":"UnionType","items":["builtins.int",{".class":"NoneType"}],"uses_pep604_syntax":true},"type_guard":null,"type_is":null,"unpack_kwargs":false,"variables":[]}}}},"myfileobj":{".class":"SymbolTableNode","kind":"Mdef","node":{".class":"Var","flags":["is_initialized_in_class","is_ready"],"fullname":"gzip.GzipFile.myfileobj","name":"myfileobj","setter_type":null,"type":{".class":"UnionType","items":["_io.FileIO",{".class":"NoneType"}],"uses_pep604_syntax":true}}},"name":{".class":"SymbolTableNode","kind":"Mdef","node":{".class":"Var","flags":["is_initialized_in_class","is_ready"],"fullname":"gzip.GzipFile.name","name":"name","setter_type":null,"type":"builtins.str"}},"peek":{".class":"SymbolTableNode","kind":"Mdef","node":{".class":"FuncDef","abstract_status":0,"arg_kinds":[0,0],"arg_names":["self","n"],"dataclass_transform_spec":null,"deprecated":null,"flags":["is_trivial_self"],"fullname":"gzip.GzipFile.peek","name":"peek","original_first_arg":"self","type":{".class":"CallableType","arg_kinds":[0,0],"arg_names":["self","n"],"arg_types":["gzip.GzipFile","builtins.int"],"fallback":"builtins.function","from_concatenate":false,"implicit":false,"imprecise_arg_kinds":false,"is_bound":false,"is_ellipsis_args":false,"name":"peek of GzipFile","ret_type":"builtins.bytes","type_guard":null,"type_is":null,"unpack_kwargs":false,"variables":[]}}},"read":{".class":"SymbolTableNode","kind":"Mdef","node":{".class":"FuncDef","abstract_status":0,"arg_kinds":[0,1],"arg_names":["self","size"],"dataclass_transform_spec":null,"deprecated":null,"flags":["is_trivial_self"],"fullname":"gzip.GzipFile.read","name":"read","original_first_arg":"self","type":{".class":"CallableType","arg_kinds":[0,1],"arg_names":["self","size"],"arg_types":["gzip.GzipFile",{".class":"UnionType","items":["builtins.int",{".class":"NoneType"}],"uses_pep604_syntax":true}],"fallback":"builtins.function","from_concatenate":false,"implicit":false,"imprecise_arg_kinds":false,"is_bound":false,"is_ellipsis_args":false,"name":"read of GzipFile","ret_type":"builtins.bytes","type_guard":null,"type_is":null,"unpack_kwargs":false,"variables":[]}}},"read1":{".class":"SymbolTableNode","kind":"Mdef","node":{".class":"FuncDef","abstract_status":0,"arg_kinds":[0,1],"arg_names":["self","size"],"dataclass_transform_spec":null,"deprecated":null,"flags":["is_trivial_self"],"fullname":"gzip.GzipFile.read1","name":"read1","original_first_arg":"self","type":{".class":"CallableType","arg_kinds":[0,1],"arg_names":["self","size"],"arg_types":["gzip.GzipFile","builtins.int"],"fallback":"builtins.function","from_concatenate":false,"implicit":false,"imprecise_arg_kinds":false,"is_bound":false,"is_ellipsis_args":false,"name":"read1 of GzipFile","ret_type":"builtins.bytes","type_guard":null,"type_is":null,"unpack_kwargs":false,"variables":[]}}},"readline":{".class":"SymbolTableNode","kind":"Mdef","node":{".class":"FuncDef","abstract_status":0,"arg_kinds":[0,1],"arg_names":["self","size"],"dataclass_transform_spec":null,"deprecated":null,"flags":["is_trivial_self"],"fullname":"gzip.GzipFile.readline","name":"readline","original_first_arg":"self","type":{".class":"CallableType","arg_kinds":[0,1],"arg_names":["self","size"],"arg_types":["gzip.GzipFile",{".class":"UnionType","items":["builtins.int",{".class":"NoneType"}],"uses_pep604_syntax":true}],"fallback":"builtins.function","from_concatenate":false,"implicit":false,"imprecise_arg_kinds":false,"is_bound":false,"is_ellipsis_args":false,"name":"readline of GzipFile","ret_type":"builtins.bytes","type_guard":null,"type_is":null,"unpack_kwargs":false,"variables":[]}}},"rewind":{".class":"SymbolTableNode","kind":"Mdef","node":{".class":"FuncDef","abstract_status":0,"arg_kinds":[0],"arg_names":["self"],"dataclass_transform_spec":null,"deprecated":null,"flags":["is_trivial_self"],"fullname":"gzip.GzipFile.rewind","name":"rewind","original_first_arg":"self","type":{".class":"CallableType","arg_kinds":[0],"arg_names":["self"],"arg_types":["gzip.GzipFile"],"fallback":"builtins.function","from_concatenate":false,"implicit":false,"imprecise_arg_kinds":false,"is_bound":false,"is_ellipsis_args":false,"name":"rewind of GzipFile","ret_type":{".class":"NoneType"},"type_guard":null,"type_is":null,"unpack_kwargs":false,"variables":[]}}},"seek":{".class":"SymbolTableNode","kind":"Mdef","node":{".class":"FuncDef","abstract_status":0,"arg_kinds":[0,0,1],"arg_names":["self","offset","whence"],"dataclass_transform_spec":null,"deprecated":null,"flags":["is_trivial_self"],"fullname":"gzip.GzipFile.seek","name":"seek","original_first_arg":"self","type":{".class":"CallableType","arg_kinds":[0,0,1],"arg_names":["self","offset","whence"],"arg_types":["gzip.GzipFile","builtins.int","builtins.int"],"fallback":"builtins.function","from_concatenate":false,"implicit":false,"imprecise_arg_kinds":false,"is_bound":false,"is_ellipsis_args":false,"name":"seek of GzipFile","ret_type":"builtins.int","type_guard":null,"type_is":null,"unpack_kwargs":false,"variables":[]}}},"write":{".class":"SymbolTableNode","kind":"Mdef","node":{".class":"FuncDef","abstract_status":0,"arg_kinds":[0,0],"arg_names":["self","data"],"dataclass_transform_spec":null,"deprecated":null,"flags":["is_trivial_self"],"fullname":"gzip.GzipFile.write","name":"write","original_first_arg":"self","type":{".class":"CallableType","arg_kinds":[0,0],"arg_names":["self","data"],"arg_types":["gzip.GzipFile","typing_extensions.Buffer"],"fallback":"builtins.function","from_concatenate":false,"implicit":false,"imprecise_arg_kinds":false,"is_bound":false,"is_ellipsis_args":false,"name":"write of GzipFile","ret_type":"builtins.int","type_guard":null,"type_is":null,"unpack_kwargs":false,"variables":[]}}}},"self_type":{".class":"TypeVarType","default":{".class":"AnyType","missing_import_name":null,"source_any":null,"type_of_any":4},"fullname":"gzip.GzipFile.Self","id":0,"name":"Self","namespace":"","upper_bound":"gzip.GzipFile","values":[],"variance":0},"slots":null,"tuple_type":null,"type_vars":[],"typeddict_type":null}},"Literal":{".class":"SymbolTableNode","cross_ref":"typing.Literal","kind":"Gdef","module_hidden":true,"module_public":false},"Protocol":{".class":"SymbolTableNode","cross_ref":"typing.Protocol","kind":"Gdef","module_hidden":true,"module_public":false},"READ":{".class":"SymbolTableNode","kind":"Gdef","module_public":false,"node":{".class":"Var","flags":["is_final","is_ready"],"fullname":"gzip.READ","name":"READ","setter_type":null,"type":"builtins.object"}},"ReadableBuffer":{".class":"SymbolTableNode","cross_ref":"_typeshed.ReadableBuffer","kind":"Gdef","module_hidden":true,"module_public":false},"SizedBuffer":{".class":"SymbolTableNode","cross_ref":"_typeshed.SizedBuffer","kind":"Gdef","module_hidden":true,"module_public":false},"StrOrBytesPath":{".class":"SymbolTableNode","cross_ref":"_typeshed.StrOrBytesPath","kind":"Gdef","module_hidden":true,"module_public":false},"TextIOWrapper":{".class":"SymbolTableNode","cross_ref":"_io.TextIOWrapper","kind":"Gdef","module_hidden":true,"module_public":false},"TypeAlias":{".class":"SymbolTableNode","cross_ref":"typing.TypeAlias","kind":"Gdef","module_hidden":true,"module_public":false},"WRITE":{".class":"SymbolTableNode","kind":"Gdef","module_public":false,"node":{".class":"Var","flags":["is_final","is_ready"],"fullname":"gzip.WRITE","name":"WRITE","setter_type":null,"type":"builtins.object"}},"WriteableBuffer":{".class":"SymbolTableNode","cross_ref":"_typeshed.WriteableBuffer","kind":"Gdef","module_hidden":true,"module_public":false},"_GzipReader":{".class":"SymbolTableNode","kind":"Gdef","module_public":false,"node":{".class":"TypeInfo","_promote":[],"abstract_attributes":[],"alt_promote":null,"bases":["_compression.DecompressReader"],"dataclass_transform_spec":null,"declared_metaclass":null,"defn":{".class":"ClassDef","fullname":"gzip._GzipReader","name":"_GzipReader","type_vars":[]},"deletable_attributes":[],"deprecated":null,"flags":[],"fullname":"gzip._GzipReader","has_param_spec_type":false,"metaclass_type":"abc.ABCMeta","metadata":{},"module_name":"gzip","mro":["gzip._GzipReader","_compression.DecompressReader","io.RawIOBase","_io._RawIOBase","io.IOBase","_io._IOBase","builtins.object"],"names":{".class":"SymbolTable","__init__":{".class":"SymbolTableNode","kind":"Mdef","node":{".class":"FuncDef","abstract_status":0,"arg_kinds":[0,0],"arg_names":["self","fp"],"dataclass_transform_spec":null,"deprecated":null,"flags":["is_trivial_self"],"fullname":"gzip._GzipReader.__init__","name":"__init__","original_first_arg":"self","type":{".class":"CallableType","arg_kinds":[0,0],"arg_names":["self","fp"],"arg_types":["gzip._GzipReader","gzip._ReadableFileobj"],"fallback":"builtins.function","from_concatenate":false,"implicit":false,"imprecise_arg_kinds":false,"is_bound":false,"is_ellipsis_args":false,"name":"__init__ of _GzipReader","ret_type":{".class":"NoneType"},"type_guard":null,"type_is":null,"unpack_kwargs":false,"variables":[]}}}},"self_type":{".class":"TypeVarType","default":{".class":"AnyType","missing_import_name":null,"source_any":null,"type_of_any":4},"fullname":"gzip._GzipReader.Self","id":0,"name":"Self","namespace":"","upper_bound":"gzip._GzipReader","values":[],"variance":0},"slots":null,"tuple_type":null,"type_vars":[],"typeddict_type":null}},"_OpenTextMode":{".class":"SymbolTableNode","kind":"Gdef","module_public":false,"node":{".class":"TypeAlias","alias_tvars":[],"column":0,"fullname":"gzip._OpenTextMode","line":17,"no_args":false,"normalized":false,"python_3_12_type_alias":false,"target":{".class":"UnionType","items":[{".class":"LiteralType","fallback":"builtins.str","value":"rt"},{".class":"LiteralType","fallback":"builtins.str","value":"at"},{".class":"LiteralType","fallback":"builtins.str","value":"wt"},{".class":"LiteralType","fallback":"builtins.str","value":"xt"}],"uses_pep604_syntax":false}}},"_PaddedFile":{".class":"SymbolTableNode","kind":"Gdef","module_public":false,"node":{".class":"TypeInfo","_promote":[],"abstract_attributes":[],"alt_promote":null,"bases":["builtins.object"],"dataclass_transform_spec":null,"declared_metaclass":null,"defn":{".class":"ClassDef","fullname":"gzip._PaddedFile","name":"_PaddedFile","type_vars":[]},"deletable_attributes":[],"deprecated":null,"flags":[],"fullname":"gzip._PaddedFile","has_param_spec_type":false,"metaclass_type":null,"metadata":{},"module_name":"gzip","mro":["gzip._PaddedFile","builtins.object"],"names":{".class":"SymbolTable","__init__":{".class":"SymbolTableNode","kind":"Mdef","node":{".class":"FuncDef","abstract_status":0,"arg_kinds":[0,0,1],"arg_names":["self","f","prepend"],"dataclass_transform_spec":null,"deprecated":null,"flags":["is_trivial_self"],"fullname":"gzip._PaddedFile.__init__","name":"__init__","original_first_arg":"self","type":{".class":"CallableType","arg_kinds":[0,0,1],"arg_names":["self","f","prepend"],"arg_types":["gzip._PaddedFile","gzip._ReadableFileobj","builtins.bytes"],"fallback":"builtins.function","from_concatenate":false,"implicit":false,"imprecise_arg_kinds":false,"is_bound":false,"is_ellipsis_args":false,"name":"__init__ of _PaddedFile","ret_type":{".class":"NoneType"},"type_guard":null,"type_is":null,"unpack_kwargs":false,"variables":[]}}},"file":{".class":"SymbolTableNode","kind":"Mdef","node":{".class":"Var","flags":["is_initialized_in_class","is_ready"],"fullname":"gzip._PaddedFile.file","name":"file","setter_type":null,"type":"gzip._ReadableFileobj"}},"prepend":{".class":"SymbolTableNode","kind":"Mdef","node":{".class":"FuncDef","abstract_status":0,"arg_kinds":[0,1],"arg_names":["self","prepend"],"dataclass_transform_spec":null,"deprecated":null,"flags":["is_trivial_self"],"fullname":"gzip._PaddedFile.prepend","name":"prepend","original_first_arg":"self","type":{".class":"CallableType","arg_kinds":[0,1],"arg_names":["self","prepend"],"arg_types":["gzip._PaddedFile","builtins.bytes"],"fallback":"builtins.function","from_concatenate":false,"implicit":false,"imprecise_arg_kinds":false,"is_bound":false,"is_ellipsis_args":false,"name":"prepend of _PaddedFile","ret_type":{".class":"NoneType"},"type_guard":null,"type_is":null,"unpack_kwargs":false,"variables":[]}}},"read":{".class":"SymbolTableNode","kind":"Mdef","node":{".class":"FuncDef","abstract_status":0,"arg_kinds":[0,0],"arg_names":["self","size"],"dataclass_transform_spec":null,"deprecated":null,"flags":["is_trivial_self"],"fullname":"gzip._PaddedFile.read","name":"read","original_first_arg":"self","type":{".class":"CallableType","arg_kinds":[0,0],"arg_names":["self","size"],"arg_types":["gzip._PaddedFile","builtins.int"],"fallback":"builtins.function","from_concatenate":false,"implicit":false,"imprecise_arg_kinds":false,"is_bound":false,"is_ellipsis_args":false,"name":"read of _PaddedFile","ret_type":"builtins.bytes","type_guard":null,"type_is":null,"unpack_kwargs":false,"variables":[]}}},"seek":{".class":"SymbolTableNode","kind":"Mdef","node":{".class":"FuncDef","abstract_status":0,"arg_kinds":[0,0],"arg_names":["self","off"],"dataclass_transform_spec":null,"deprecated":null,"flags":["is_trivial_self"],"fullname":"gzip._PaddedFile.seek","name":"seek","original_first_arg":"self","type":{".class":"CallableType","arg_kinds":[0,0],"arg_names":["self","off"],"arg_types":["gzip._PaddedFile","builtins.int"],"fallback":"builtins.function","from_concatenate":false,"implicit":false,"imprecise_arg_kinds":false,"is_bound":false,"is_ellipsis_args":false,"name":"seek of _PaddedFile","ret_type":"builtins.int","type_guard":null,"type_is":null,"unpack_kwargs":false,"variables":[]}}},"seekable":{".class":"SymbolTableNode","kind":"Mdef","node":{".class":"FuncDef","abstract_status":0,"arg_kinds":[0],"arg_names":["self"],"dataclass_transform_spec":null,"deprecated":null,"flags":["is_trivial_self"],"fullname":"gzip._PaddedFile.seekable","name":"seekable","original_first_arg":"self","type":{".class":"CallableType","arg_kinds":[0],"arg_names":["self"],"arg_types":["gzip._PaddedFile"],"fallback":"builtins.function","from_concatenate":false,"implicit":false,"imprecise_arg_kinds":false,"is_bound":false,"is_ellipsis_args":false,"name":"seekable of _PaddedFile","ret_type":"builtins.bool","type_guard":null,"type_is":null,"unpack_kwargs":false,"variables":[]}}}},"self_type":{".class":"TypeVarType","default":{".class":"AnyType","missing_import_name":null,"source_any":null,"type_of_any":4},"fullname":"gzip._PaddedFile.Self","id":0,"name":"Self","namespace":"","upper_bound":"gzip._PaddedFile","values":[],"variance":0},"slots":null,"tuple_type":null,"type_vars":[],"typeddict_type":null}},"_ReadBinaryMode":{".class":"SymbolTableNode","kind":"Gdef","module_public":false,"node":{".class":"TypeAlias","alias_tvars":[],"column":0,"fullname":"gzip._ReadBinaryMode","line":15,"no_args":false,"normalized":false,"python_3_12_type_alias":false,"target":{".class":"UnionType","items":[{".class":"LiteralType","fallback":"builtins.str","value":"r"},{".class":"LiteralType","fallback":"builtins.str","value":"rb"}],"uses_pep604_syntax":false}}},"_ReadableFileobj":{".class":"SymbolTableNode","kind":"Gdef","module_public":false,"node":{".class":"TypeInfo","_promote":[],"abstract_attributes":[],"alt_promote":null,"bases":["builtins.object"],"dataclass_transform_spec":null,"declared_metaclass":null,"defn":{".class":"ClassDef","fullname":"gzip._ReadableFileobj","name":"_ReadableFileobj","type_vars":[]},"deletable_attributes":[],"deprecated":null,"flags":["is_protocol"],"fullname":"gzip._ReadableFileobj","has_param_spec_type":false,"metaclass_type":"abc.ABCMeta","metadata":{},"module_name":"gzip","mro":["gzip._ReadableFileobj","builtins.object"],"names":{".class":"SymbolTable","read":{".class":"SymbolTableNode","kind":"Mdef","node":{".class":"FuncDef","abstract_status":0,"arg_kinds":[0,0],"arg_names":[null,null],"dataclass_transform_spec":null,"deprecated":null,"flags":["is_trivial_self"],"fullname":"gzip._ReadableFileobj.read","name":"read","original_first_arg":"self","type":{".class":"CallableType","arg_kinds":[0,0],"arg_names":[null,null],"arg_types":["gzip._ReadableFileobj","builtins.int"],"fallback":"builtins.function","from_concatenate":false,"implicit":false,"imprecise_arg_kinds":false,"is_bound":false,"is_ellipsis_args":false,"name":"read of _ReadableFileobj","ret_type":"builtins.bytes","type_guard":null,"type_is":null,"unpack_kwargs":false,"variables":[]}}},"seek":{".class":"SymbolTableNode","kind":"Mdef","node":{".class":"FuncDef","abstract_status":0,"arg_kinds":[0,0],"arg_names":[null,null],"dataclass_transform_spec":null,"deprecated":null,"flags":["is_trivial_self"],"fullname":"gzip._ReadableFileobj.seek","name":"seek","original_first_arg":"self","type":{".class":"CallableType","arg_kinds":[0,0],"arg_names":[null,null],"arg_types":["gzip._ReadableFileobj","builtins.int"],"fallback":"builtins.function","from_concatenate":false,"implicit":false,"imprecise_arg_kinds":false,"is_bound":false,"is_ellipsis_args":false,"name":"seek of _ReadableFileobj","ret_type":"builtins.object","type_guard":null,"type_is":null,"unpack_kwargs":false,"variables":[]}}}},"self_type":{".class":"TypeVarType","default":{".class":"AnyType","missing_import_name":null,"source_any":null,"type_of_any":4},"fullname":"gzip._ReadableFileobj.Self","id":0,"name":"Self","namespace":"","upper_bound":"gzip._ReadableFileobj","values":[],"variance":0},"slots":null,"tuple_type":null,"type_vars":[],"typeddict_type":null}},"_WritableFileobj":{".class":"SymbolTableNode","kind":"Gdef","module_public":false,"node":{".class":"TypeInfo","_promote":[],"abstract_attributes":[],"alt_promote":null,"bases":["builtins.object"],"dataclass_transform_spec":null,"declared_metaclass":null,"defn":{".class":"ClassDef","fullname":"gzip._WritableFileobj","name":"_WritableFileobj","type_vars":[]},"deletable_attributes":[],"deprecated":null,"flags":["is_protocol"],"fullname":"gzip._WritableFileobj","has_param_spec_type":false,"metaclass_type":"abc.ABCMeta","metadata":{},"module_name":"gzip","mro":["gzip._WritableFileobj","builtins.object"],"names":{".class":"SymbolTable","flush":{".class":"SymbolTableNode","kind":"Mdef","node":{".class":"FuncDef","abstract_status":0,"arg_kinds":[0],"arg_names":["self"],"dataclass_transform_spec":null,"deprecated":null,"flags":["is_trivial_self"],"fullname":"gzip._WritableFileobj.flush","name":"flush","original_first_arg":"self","type":{".class":"CallableType","arg_kinds":[0],"arg_names":["self"],"arg_types":["gzip._WritableFileobj"],"fallback":"builtins.function","from_concatenate":false,"implicit":false,"imprecise_arg_kinds":false,"is_bound":false,"is_ellipsis_args":false,"name":"flush of _WritableFileobj","ret_type":"builtins.object","type_guard":null,"type_is":null,"unpack_kwargs":false,"variables":[]}}},"write":{".class":"SymbolTableNode","kind":"Mdef","node":{".class":"FuncDef","abstract_status":0,"arg_kinds":[0,0],"arg_names":[null,null],"dataclass_transform_spec":null,"deprecated":null,"flags":["is_trivial_self"],"fullname":"gzip._WritableFileobj.write","name":"write","original_first_arg":"self","type":{".class":"CallableType","arg_kinds":[0,0],"arg_names":[null,null],"arg_types":["gzip._WritableFileobj","builtins.bytes"],"fallback":"builtins.function","from_concatenate":false,"implicit":false,"imprecise_arg_kinds":false,"is_bound":false,"is_ellipsis_args":false,"name":"write of _WritableFileobj","ret_type":"builtins.object","type_guard":null,"type_is":null,"unpack_kwargs":false,"variables":[]}}}},"self_type":{".class":"TypeVarType","default":{".class":"AnyType","missing_import_name":null,"source_any":null,"type_of_any":4},"fullname":"gzip._WritableFileobj.Self","id":0,"name":"Self","namespace":"","upper_bound":"gzip._WritableFileobj","values":[],"variance":0},"slots":null,"tuple_type":null,"type_vars":[],"typeddict_type":null}},"_WriteBinaryMode":{".class":"SymbolTableNode","kind":"Gdef","module_public":false,"node":{".class":"TypeAlias","alias_tvars":[],"column":0,"fullname":"gzip._WriteBinaryMode","line":16,"no_args":false,"normalized":false,"python_3_12_type_alias":false,"target":{".class":"UnionType","items":[{".class":"LiteralType","fallback":"builtins.str","value":"a"},{".class":"LiteralType","fallback":"builtins.str","value":"ab"},{".class":"LiteralType","fallback":"builtins.str","value":"w"},{".class":"LiteralType","fallback":"builtins.str","value":"wb"},{".class":"LiteralType","fallback":"builtins.str","value":"x"},{".class":"LiteralType","fallback":"builtins.str","value":"xb"}],"uses_pep604_syntax":false}}},"__all__":{".class":"SymbolTableNode","kind":"Gdef","module_public":false,"node":{".class":"Var","flags":["is_ready","is_inferred","has_explicit_value"],"fullname":"gzip.__all__","name":"__all__","setter_type":null,"type":{".class":"Instance","args":["builtins.str"],"extra_attrs":null,"type_ref":"builtins.list"}}},"__annotations__":{".class":"SymbolTableNode","kind":"Gdef","module_public":false,"node":{".class":"Var","flags":["is_ready"],"fullname":"gzip.__annotations__","name":"__annotations__","setter_type":null,"type":{".class":"Instance","args":["builtins.str",{".class":"AnyType","missing_import_name":null,"source_any":null,"type_of_any":6}],"extra_attrs":null,"type_ref":"builtins.dict"}}},"__doc__":{".class":"SymbolTableNode","kind":"Gdef","module_public":false,"node":{".class":"Var","flags":["is_ready"],"fullname":"gzip.__doc__","name":"__doc__","setter_type":null,"type":"builtins.str"}},"__file__":{".class":"SymbolTableNode","kind":"Gdef","module_public":false,"node":{".class":"Var","flags":["is_ready"],"fullname":"gzip.__file__","name":"__file__","setter_type":null,"type":"builtins.str"}},"__name__":{".class":"SymbolTableNode","kind":"Gdef","module_public":false,"node":{".class":"Var","flags":["is_ready"],"fullname":"gzip.__name__","name":"__name__","setter_type":null,"type":"builtins.str"}},"__package__":{".class":"SymbolTableNode","kind":"Gdef","module_public":false,"node":{".class":"Var","flags":["is_ready"],"fullname":"gzip.__package__","name":"__package__","setter_type":null,"type":"builtins.str"}},"__spec__":{".class":"SymbolTableNode","kind":"Gdef","module_public":false,"node":{".class":"Var","flags":["is_ready"],"fullname":"gzip.__spec__","name":"__spec__","setter_type":null,"type":"_frozen_importlib.ModuleSpec"}},"compress":{".class":"SymbolTableNode","kind":"Gdef","node":{".class":"FuncDef","abstract_status":0,"arg_kinds":[0,1,5],"arg_names":["data","compresslevel","mtime"],"dataclass_transform_spec":null,"deprecated":null,"flags":[],"fullname":"gzip.compress","name":"compress","original_first_arg":"data","type":{".class":"CallableType","arg_kinds":[0,1,5],"arg_names":["data","compresslevel","mtime"],"arg_types":["_typeshed.SizedBuffer","builtins.int",{".class":"UnionType","items":["builtins.float",{".class":"NoneType"}],"uses_pep604_syntax":true}],"fallback":"builtins.function","from_concatenate":false,"implicit":false,"imprecise_arg_kinds":false,"is_bound":false,"is_ellipsis_args":false,"name":"compress","ret_type":"builtins.bytes","type_guard":null,"type_is":null,"unpack_kwargs":false,"variables":[]}}},"decompress":{".class":"SymbolTableNode","kind":"Gdef","node":{".class":"FuncDef","abstract_status":0,"arg_kinds":[0],"arg_names":["data"],"dataclass_transform_spec":null,"deprecated":null,"flags":[],"fullname":"gzip.decompress","name":"decompress","original_first_arg":"data","type":{".class":"CallableType","arg_kinds":[0],"arg_names":["data"],"arg_types":["typing_extensions.Buffer"],"fallback":"builtins.function","from_concatenate":false,"implicit":false,"imprecise_arg_kinds":false,"is_bound":false,"is_ellipsis_args":false,"name":"decompress","ret_type":"builtins.bytes","type_guard":null,"type_is":null,"unpack_kwargs":false,"variables":[]}}},"deprecated":{".class":"SymbolTableNode","cross_ref":"typing_extensions.deprecated","kind":"Gdef","module_hidden":true,"module_public":false},"open":{".class":"SymbolTableNode","kind":"Gdef","node":{".class":"OverloadedFuncDef","deprecated":null,"flags":[],"fullname":"gzip.open","impl":null,"items":[{".class":"Decorator","func":{".class":"FuncDef","abstract_status":0,"arg_kinds":[0,1,1,1,1,1],"arg_names":["filename","mode","compresslevel","encoding","errors","newline"],"dataclass_transform_spec":null,"deprecated":null,"flags":["is_overload","is_decorated"],"fullname":"gzip.open","name":"open","original_first_arg":"filename","type":{".class":"CallableType","arg_kinds":[0,1,1,1,1,1],"arg_names":["filename","mode","compresslevel","encoding","errors","newline"],"arg_types":[{".class":"UnionType","items":[{".class":"TypeAliasType","args":[],"type_ref":"_typeshed.StrOrBytesPath"},"gzip._ReadableFileobj"],"uses_pep604_syntax":true},{".class":"TypeAliasType","args":[],"type_ref":"gzip._ReadBinaryMode"},"builtins.int",{".class":"NoneType"},{".class":"NoneType"},{".class":"NoneType"}],"fallback":"builtins.function","from_concatenate":false,"implicit":false,"imprecise_arg_kinds":false,"is_bound":false,"is_ellipsis_args":false,"name":"open","ret_type":"gzip.GzipFile","type_guard":null,"type_is":null,"unpack_kwargs":false,"variables":[]}},"is_overload":true,"var":{".class":"Var","flags":["is_ready","is_inferred"],"fullname":"gzip.open","name":"open","setter_type":null,"type":{".class":"CallableType","arg_kinds":[0,1,1,1,1,1],"arg_names":["filename","mode","compresslevel","encoding","errors","newline"],"arg_types":[{".class":"UnionType","items":[{".class":"TypeAliasType","args":[],"type_ref":"_typeshed.StrOrBytesPath"},"gzip._ReadableFileobj"],"uses_pep604_syntax":true},{".class":"TypeAliasType","args":[],"type_ref":"gzip._ReadBinaryMode"},"builtins.int",{".class":"NoneType"},{".class":"NoneType"},{".class":"NoneType"}],"fallback":"builtins.function","from_concatenate":false,"implicit":false,"imprecise_arg_kinds":false,"is_bound":false,"is_ellipsis_args":false,"name":"open","ret_type":"gzip.GzipFile","type_guard":null,"type_is":null,"unpack_kwargs":false,"variables":[]}}},{".class":"Decorator","func":{".class":"FuncDef","abstract_status":0,"arg_kinds":[0,0,1,1,1,1],"arg_names":["filename","mode","compresslevel","encoding","errors","newline"],"dataclass_transform_spec":null,"deprecated":null,"flags":["is_overload","is_decorated"],"fullname":"gzip.open","name":"open","original_first_arg":"filename","type":{".class":"CallableType","arg_kinds":[0,0,1,1,1,1],"arg_names":["filename","mode","compresslevel","encoding","errors","newline"],"arg_types":[{".class":"UnionType","items":[{".class":"TypeAliasType","args":[],"type_ref":"_typeshed.StrOrBytesPath"},"gzip._WritableFileobj"],"uses_pep604_syntax":true},{".class":"TypeAliasType","args":[],"type_ref":"gzip._WriteBinaryMode"},"builtins.int",{".class":"NoneType"},{".class":"NoneType"},{".class":"NoneType"}],"fallback":"builtins.function","from_concatenate":false,"implicit":false,"imprecise_arg_kinds":false,"is_bound":false,"is_ellipsis_args":false,"name":"open","ret_type":"gzip.GzipFile","type_guard":null,"type_is":null,"unpack_kwargs":false,"variables":[]}},"is_overload":true,"var":{".class":"Var","flags":["is_ready","is_inferred"],"fullname":"gzip.open","name":"open","setter_type":null,"type":{".class":"CallableType","arg_kinds":[0,0,1,1,1,1],"arg_names":["filename","mode","compresslevel","encoding","errors","newline"],"arg_types":[{".class":"UnionType","items":[{".class":"TypeAliasType","args":[],"type_ref":"_typeshed.StrOrBytesPath"},"gzip._WritableFileobj"],"uses_pep604_syntax":true},{".class":"TypeAliasType","args":[],"type_ref":"gzip._WriteBinaryMode"},"builtins.int",{".class":"NoneType"},{".class":"NoneType"},{".class":"NoneType"}],"fallback":"builtins.function","from_concatenate":false,"implicit":false,"imprecise_arg_kinds":false,"is_bound":false,"is_ellipsis_args":false,"name":"open","ret_type":"gzip.GzipFile","type_guard":null,"type_is":null,"unpack_kwargs":false,"variables":[]}}},{".class":"Decorator","func":{".class":"FuncDef","abstract_status":0,"arg_kinds":[0,0,1,1,1,1],"arg_names":["filename","mode","compresslevel","encoding","errors","newline"],"dataclass_transform_spec":null,"deprecated":null,"flags":["is_overload","is_decorated"],"fullname":"gzip.open","name":"open","original_first_arg":"filename","type":{".class":"CallableType","arg_kinds":[0,0,1,1,1,1],"arg_names":["filename","mode","compresslevel","encoding","errors","newline"],"arg_types":[{".class":"UnionType","items":[{".class":"TypeAliasType","args":[],"type_ref":"_typeshed.StrOrBytesPath"},"gzip._ReadableFileobj","gzip._WritableFileobj"],"uses_pep604_syntax":true},{".class":"TypeAliasType","args":[],"type_ref":"gzip._OpenTextMode"},"builtins.int",{".class":"UnionType","items":["builtins.str",{".class":"NoneType"}],"uses_pep604_syntax":true},{".class":"UnionType","items":["builtins.str",{".class":"NoneType"}],"uses_pep604_syntax":true},{".class":"UnionType","items":["builtins.str",{".class":"NoneType"}],"uses_pep604_syntax":true}],"fallback":"builtins.function","from_concatenate":false,"implicit":false,"imprecise_arg_kinds":false,"is_bound":false,"is_ellipsis_args":false,"name":"open","ret_type":{".class":"Instance","args":["_io._WrappedBuffer"],"extra_attrs":null,"type_ref":"_io.TextIOWrapper"},"type_guard":null,"type_is":null,"unpack_kwargs":false,"variables":[]}},"is_overload":true,"var":{".class":"Var","flags":["is_ready","is_inferred"],"fullname":"gzip.open","name":"open","setter_type":null,"type":{".class":"CallableType","arg_kinds":[0,0,1,1,1,1],"arg_names":["filename","mode","compresslevel","encoding","errors","newline"],"arg_types":[{".class":"UnionType","items":[{".class":"TypeAliasType","args":[],"type_ref":"_typeshed.StrOrBytesPath"},"gzip._ReadableFileobj","gzip._WritableFileobj"],"uses_pep604_syntax":true},{".class":"TypeAliasType","args":[],"type_ref":"gzip._OpenTextMode"},"builtins.int",{".class":"UnionType","items":["builtins.str",{".class":"NoneType"}],"uses_pep604_syntax":true},{".class":"UnionType","items":["builtins.str",{".class":"NoneType"}],"uses_pep604_syntax":true},{".class":"UnionType","items":["builtins.str",{".class":"NoneType"}],"uses_pep604_syntax":true}],"fallback":"builtins.function","from_concatenate":false,"implicit":false,"imprecise_arg_kinds":false,"is_bound":false,"is_ellipsis_args":false,"name":"open","ret_type":{".class":"Instance","args":["_io._WrappedBuffer"],"extra_attrs":null,"type_ref":"_io.TextIOWrapper"},"type_guard":null,"type_is":null,"unpack_kwargs":false,"variables":[]}}},{".class":"Decorator","func":{".class":"FuncDef","abstract_status":0,"arg_kinds":[0,0,1,1,1,1],"arg_names":["filename","mode","compresslevel","encoding","errors","newline"],"dataclass_transform_spec":null,"deprecated":null,"flags":["is_overload","is_decorated"],"fullname":"gzip.open","name":"open","original_first_arg":"filename","type":{".class":"CallableType","arg_kinds":[0,0,1,1,1,1],"arg_names":["filename","mode","compresslevel","encoding","errors","newline"],"arg_types":[{".class":"UnionType","items":[{".class":"TypeAliasType","args":[],"type_ref":"_typeshed.StrOrBytesPath"},"gzip._ReadableFileobj","gzip._WritableFileobj"],"uses_pep604_syntax":true},"builtins.str","builtins.int",{".class":"UnionType","items":["builtins.str",{".class":"NoneType"}],"uses_pep604_syntax":true},{".class":"UnionType","items":["builtins.str",{".class":"NoneType"}],"uses_pep604_syntax":true},{".class":"UnionType","items":["builtins.str",{".class":"NoneType"}],"uses_pep604_syntax":true}],"fallback":"builtins.function","from_concatenate":false,"implicit":false,"imprecise_arg_kinds":false,"is_bound":false,"is_ellipsis_args":false,"name":"open","ret_type":{".class":"UnionType","items":["gzip.GzipFile",{".class":"Instance","args":["_io._WrappedBuffer"],"extra_attrs":null,"type_ref":"_io.TextIOWrapper"}],"uses_pep604_syntax":true},"type_guard":null,"type_is":null,"unpack_kwargs":false,"variables":[]}},"is_overload":true,"var":{".class":"Var","flags":["is_ready","is_inferred"],"fullname":"gzip.open","name":"open","setter_type":null,"type":{".class":"CallableType","arg_kinds":[0,0,1,1,1,1],"arg_names":["filename","mode","compresslevel","encoding","errors","newline"],"arg_types":[{".class":"UnionType","items":[{".class":"TypeAliasType","args":[],"type_ref":"_typeshed.StrOrBytesPath"},"gzip._ReadableFileobj","gzip._WritableFileobj"],"uses_pep604_syntax":true},"builtins.str","builtins.int",{".class":"UnionType","items":["builtins.str",{".class":"NoneType"}],"uses_pep604_syntax":true},{".class":"UnionType","items":["builtins.str",{".class":"NoneType"}],"uses_pep604_syntax":true},{".class":"UnionType","items":["builtins.str",{".class":"NoneType"}],"uses_pep604_syntax":true}],"fallback":"builtins.function","from_concatenate":false,"implicit":false,"imprecise_arg_kinds":false,"is_bound":false,"is_ellipsis_args":false,"name":"open","ret_type":{".class":"UnionType","items":["gzip.GzipFile",{".class":"Instance","args":["_io._WrappedBuffer"],"extra_attrs":null,"type_ref":"_io.TextIOWrapper"}],"uses_pep604_syntax":true},"type_guard":null,"type_is":null,"unpack_kwargs":false,"variables":[]}}}],"setter_index":null,"type":{".class":"Overloaded","items":[{".class":"CallableType","arg_kinds":[0,1,1,1,1,1],"arg_names":["filename","mode","compresslevel","encoding","errors","newline"],"arg_types":[{".class":"UnionType","items":[{".class":"TypeAliasType","args":[],"type_ref":"_typeshed.StrOrBytesPath"},"gzip._ReadableFileobj"],"uses_pep604_syntax":true},{".class":"TypeAliasType","args":[],"type_ref":"gzip._ReadBinaryMode"},"builtins.int",{".class":"NoneType"},{".class":"NoneType"},{".class":"NoneType"}],"fallback":"builtins.function","from_concatenate":false,"implicit":false,"imprecise_arg_kinds":false,"is_bound":false,"is_ellipsis_args":false,"name":"open","ret_type":"gzip.GzipFile","type_guard":null,"type_is":null,"unpack_kwargs":false,"variables":[]},{".class":"CallableType","arg_kinds":[0,0,1,1,1,1],"arg_names":["filename","mode","compresslevel","encoding","errors","newline"],"arg_types":[{".class":"UnionType","items":[{".class":"TypeAliasType","args":[],"type_ref":"_typeshed.StrOrBytesPath"},"gzip._WritableFileobj"],"uses_pep604_syntax":true},{".class":"TypeAliasType","args":[],"type_ref":"gzip._WriteBinaryMode"},"builtins.int",{".class":"NoneType"},{".class":"NoneType"},{".class":"NoneType"}],"fallback":"builtins.function","from_concatenate":false,"implicit":false,"imprecise_arg_kinds":false,"is_bound":false,"is_ellipsis_args":false,"name":"open","ret_type":"gzip.GzipFile","type_guard":null,"type_is":null,"unpack_kwargs":false,"variables":[]},{".class":"CallableType","arg_kinds":[0,0,1,1,1,1],"arg_names":["filename","mode","compresslevel","encoding","errors","newline"],"arg_types":[{".class":"UnionType","items":[{".class":"TypeAliasType","args":[],"type_ref":"_typeshed.StrOrBytesPath"},"gzip._ReadableFileobj","gzip._WritableFileobj"],"uses_pep604_syntax":true},{".class":"TypeAliasType","args":[],"type_ref":"gzip._OpenTextMode"},"builtins.int",{".class":"UnionType","items":["builtins.str",{".class":"NoneType"}],"uses_pep604_syntax":true},{".class":"UnionType","items":["builtins.str",{".class":"NoneType"}],"uses_pep604_syntax":true},{".class":"UnionType","items":["builtins.str",{".class":"NoneType"}],"uses_pep604_syntax":true}],"fallback":"builtins.function","from_concatenate":false,"implicit":false,"imprecise_arg_kinds":false,"is_bound":false,"is_ellipsis_args":false,"name":"open","ret_type":{".class":"Instance","args":["_io._WrappedBuffer"],"extra_attrs":null,"type_ref":"_io.TextIOWrapper"},"type_guard":null,"type_is":null,"unpack_kwargs":false,"variables":[]},{".class":"CallableType","arg_kinds":[0,0,1,1,1,1],"arg_names":["filename","mode","compresslevel","encoding","errors","newline"],"arg_types":[{".class":"UnionType","items":[{".class":"TypeAliasType","args":[],"type_ref":"_typeshed.StrOrBytesPath"},"gzip._ReadableFileobj","gzip._WritableFileobj"],"uses_pep604_syntax":true},"builtins.str","builtins.int",{".class":"UnionType","items":["builtins.str",{".class":"NoneType"}],"uses_pep604_syntax":true},{".class":"UnionType","items":["builtins.str",{".class":"NoneType"}],"uses_pep604_syntax":true},{".class":"UnionType","items":["builtins.str",{".class":"NoneType"}],"uses_pep604_syntax":true}],"fallback":"builtins.function","from_concatenate":false,"implicit":false,"imprecise_arg_kinds":false,"is_bound":false,"is_ellipsis_args":false,"name":"open","ret_type":{".class":"UnionType","items":["gzip.GzipFile",{".class":"Instance","args":["_io._WrappedBuffer"],"extra_attrs":null,"type_ref":"_io.TextIOWrapper"}],"uses_pep604_syntax":true},"type_guard":null,"type_is":null,"unpack_kwargs":false,"variables":[]}]}}},"overload":{".class":"SymbolTableNode","cross_ref":"typing.overload","kind":"Gdef","module_hidden":true,"module_public":false},"sys":{".class":"SymbolTableNode","cross_ref":"sys","kind":"Gdef","module_hidden":true,"module_public":false},"type_check_only":{".class":"SymbolTableNode","cross_ref":"typing.type_check_only","kind":"Gdef","module_hidden":true,"module_public":false},"zlib":{".class":"SymbolTableNode","cross_ref":"zlib","kind":"Gdef","module_hidden":true,"module_public":false}},"path":"C:\\Users\\Vasilis\\AppData\\Local\\Programs\\Python\\Python313\\Lib\\site-packages\\mypy\\typeshed\\stdlib\\gzip.pyi"}