{".class":"MypyFile","_fullname":"hashlib","future_import_flags":[],"is_partial_stub_package":false,"is_stub":true,"names":{".class":"SymbolTable","AbstractSet":{".class":"SymbolTableNode","cross_ref":"typing.AbstractSet","kind":"Gdef","module_hidden":true,"module_public":false},"Callable":{".class":"SymbolTableNode","cross_ref":"typing.Callable","kind":"Gdef","module_hidden":true,"module_public":false},"Protocol":{".class":"SymbolTableNode","cross_ref":"typing.Protocol","kind":"Gdef","module_hidden":true,"module_public":false},"ReadableBuffer":{".class":"SymbolTableNode","cross_ref":"_typeshed.ReadableBuffer","kind":"Gdef","module_hidden":true,"module_public":false},"Self":{".class":"SymbolTableNode","cross_ref":"typing.Self","kind":"Gdef","module_hidden":true,"module_public":false},"_BlakeHash":{".class":"SymbolTableNode","kind":"Gdef","module_public":false,"node":{".class":"TypeInfo","_promote":[],"abstract_attributes":[],"alt_promote":null,"bases":["hashlib._Hash"],"dataclass_transform_spec":null,"declared_metaclass":null,"defn":{".class":"ClassDef","fullname":"hashlib._BlakeHash","name":"_BlakeHash","type_vars":[]},"deletable_attributes":[],"flags":["is_final"],"fullname":"hashlib._BlakeHash","has_param_spec_type":false,"metaclass_type":null,"metadata":{},"module_name":"hashlib","mro":["hashlib._BlakeHash","hashlib._Hash","builtins.object"],"names":{".class":"SymbolTable","MAX_DIGEST_SIZE":{".class":"SymbolTableNode","kind":"Mdef","node":{".class":"Var","flags":["is_initialized_in_class","is_ready"],"fullname":"hashlib._BlakeHash.MAX_DIGEST_SIZE","name":"MAX_DIGEST_SIZE","type":"builtins.int"}},"MAX_KEY_SIZE":{".class":"SymbolTableNode","kind":"Mdef","node":{".class":"Var","flags":["is_initialized_in_class","is_ready"],"fullname":"hashlib._BlakeHash.MAX_KEY_SIZE","name":"MAX_KEY_SIZE","type":"builtins.int"}},"PERSON_SIZE":{".class":"SymbolTableNode","kind":"Mdef","node":{".class":"Var","flags":["is_initialized_in_class","is_ready"],"fullname":"hashlib._BlakeHash.PERSON_SIZE","name":"PERSON_SIZE","type":"builtins.int"}},"SALT_SIZE":{".class":"SymbolTableNode","kind":"Mdef","node":{".class":"Var","flags":["is_initialized_in_class","is_ready"],"fullname":"hashlib._BlakeHash.SALT_SIZE","name":"SALT_SIZE","type":"builtins.int"}},"__init__":{".class":"SymbolTableNode","kind":"Mdef","node":{".class":"FuncDef","abstract_status":0,"arg_kinds":[0,1,5,5,5,5,5,5,5,5,5,5,5,5],"arg_names":["self",null,"digest_size","key","salt","person","fanout","depth","leaf_size","node_offset","node_depth","inner_size","last_node","usedforsecurity"],"dataclass_transform_spec":null,"flags":[],"fullname":"hashlib._BlakeHash.__init__","name":"__init__","type":{".class":"CallableType","arg_kinds":[0,1,5,5,5,5,5,5,5,5,5,5,5,5],"arg_names":["self",null,"digest_size","key","salt","person","fanout","depth","leaf_size","node_offset","node_depth","inner_size","last_node","usedforsecurity"],"arg_types":["hashlib._BlakeHash",{".class":"TypeAliasType","args":[],"type_ref":"_typeshed.ReadableBuffer"},"builtins.int",{".class":"TypeAliasType","args":[],"type_ref":"_typeshed.ReadableBuffer"},{".class":"TypeAliasType","args":[],"type_ref":"_typeshed.ReadableBuffer"},{".class":"TypeAliasType","args":[],"type_ref":"_typeshed.ReadableBuffer"},"builtins.int","builtins.int","builtins.int","builtins.int","builtins.int","builtins.int","builtins.bool","builtins.bool"],"bound_args":[],"def_extras":{"first_arg":"self"},"fallback":"builtins.function","from_concatenate":false,"implicit":false,"is_ellipsis_args":false,"name":"__init__ of _BlakeHash","ret_type":{".class":"NoneType"},"type_guard":null,"unpack_kwargs":false,"variables":[]}}}},"self_type":null,"slots":null,"tuple_type":null,"type_vars":[],"typeddict_type":null}},"_BytesIOLike":{".class":"SymbolTableNode","kind":"Gdef","module_public":false,"node":{".class":"TypeInfo","_promote":[],"abstract_attributes":[],"alt_promote":null,"bases":["builtins.object"],"dataclass_transform_spec":null,"declared_metaclass":null,"defn":{".class":"ClassDef","fullname":"hashlib._BytesIOLike","name":"_BytesIOLike","type_vars":[]},"deletable_attributes":[],"flags":["is_protocol"],"fullname":"hashlib._BytesIOLike","has_param_spec_type":false,"metaclass_type":"abc.ABCMeta","metadata":{},"module_name":"hashlib","mro":["hashlib._BytesIOLike","builtins.object"],"names":{".class":"SymbolTable","getbuffer":{".class":"SymbolTableNode","kind":"Mdef","node":{".class":"FuncDef","abstract_status":0,"arg_kinds":[0],"arg_names":["self"],"dataclass_transform_spec":null,"flags":[],"fullname":"hashlib._BytesIOLike.getbuffer","name":"getbuffer","type":{".class":"CallableType","arg_kinds":[0],"arg_names":["self"],"arg_types":["hashlib._BytesIOLike"],"bound_args":[],"def_extras":{"first_arg":"self"},"fallback":"builtins.function","from_concatenate":false,"implicit":false,"is_ellipsis_args":false,"name":"getbuffer of _BytesIOLike","ret_type":{".class":"TypeAliasType","args":[],"type_ref":"_typeshed.ReadableBuffer"},"type_guard":null,"unpack_kwargs":false,"variables":[]}}}},"self_type":null,"slots":null,"tuple_type":null,"type_vars":[],"typeddict_type":null}},"_FileDigestFileObj":{".class":"SymbolTableNode","kind":"Gdef","module_public":false,"node":{".class":"TypeInfo","_promote":[],"abstract_attributes":[],"alt_promote":null,"bases":["builtins.object"],"dataclass_transform_spec":null,"declared_metaclass":null,"defn":{".class":"ClassDef","fullname":"hashlib._FileDigestFileObj","name":"_FileDigestFileObj","type_vars":[]},"deletable_attributes":[],"flags":["is_protocol"],"fullname":"hashlib._FileDigestFileObj","has_param_spec_type":false,"metaclass_type":"abc.ABCMeta","metadata":{},"module_name":"hashlib","mro":["hashlib._FileDigestFileObj","builtins.object"],"names":{".class":"SymbolTable","readable":{".class":"SymbolTableNode","kind":"Mdef","node":{".class":"FuncDef","abstract_status":0,"arg_kinds":[0],"arg_names":["self"],"dataclass_transform_spec":null,"flags":[],"fullname":"hashlib._FileDigestFileObj.readable","name":"readable","type":{".class":"CallableType","arg_kinds":[0],"arg_names":["self"],"arg_types":["hashlib._FileDigestFileObj"],"bound_args":[],"def_extras":{"first_arg":"self"},"fallback":"builtins.function","from_concatenate":false,"implicit":false,"is_ellipsis_args":false,"name":"readable of _FileDigestFileObj","ret_type":"builtins.bool","type_guard":null,"unpack_kwargs":false,"variables":[]}}},"readinto":{".class":"SymbolTableNode","kind":"Mdef","node":{".class":"FuncDef","abstract_status":0,"arg_kinds":[0,0],"arg_names":["self",null],"dataclass_transform_spec":null,"flags":[],"fullname":"hashlib._FileDigestFileObj.readinto","name":"readinto","type":{".class":"CallableType","arg_kinds":[0,0],"arg_names":["self",null],"arg_types":["hashlib._FileDigestFileObj","builtins.bytearray"],"bound_args":[],"def_extras":{"first_arg":"self"},"fallback":"builtins.function","from_concatenate":false,"implicit":false,"is_ellipsis_args":false,"name":"readinto of _FileDigestFileObj","ret_type":"builtins.int","type_guard":null,"unpack_kwargs":false,"variables":[]}}}},"self_type":null,"slots":null,"tuple_type":null,"type_vars":[],"typeddict_type":null}},"_Hash":{".class":"SymbolTableNode","kind":"Gdef","module_public":false,"node":{".class":"TypeInfo","_promote":[],"abstract_attributes":[],"alt_promote":null,"bases":["builtins.object"],"dataclass_transform_spec":null,"declared_metaclass":null,"defn":{".class":"ClassDef","fullname":"hashlib._Hash","name":"_Hash","type_vars":[]},"deletable_attributes":[],"flags":[],"fullname":"hashlib._Hash","has_param_spec_type":false,"metaclass_type":null,"metadata":{},"module_name":"hashlib","mro":["hashlib._Hash","builtins.object"],"names":{".class":"SymbolTable","__init__":{".class":"SymbolTableNode","kind":"Mdef","node":{".class":"FuncDef","abstract_status":0,"arg_kinds":[0,1],"arg_names":["self","data"],"dataclass_transform_spec":null,"flags":[],"fullname":"hashlib._Hash.__init__","name":"__init__","type":{".class":"CallableType","arg_kinds":[0,1],"arg_names":["self","data"],"arg_types":["hashlib._Hash",{".class":"TypeAliasType","args":[],"type_ref":"_typeshed.ReadableBuffer"}],"bound_args":[],"def_extras":{"first_arg":"self"},"fallback":"builtins.function","from_concatenate":false,"implicit":false,"is_ellipsis_args":false,"name":"__init__ of _Hash","ret_type":{".class":"NoneType"},"type_guard":null,"unpack_kwargs":false,"variables":[]}}},"block_size":{".class":"SymbolTableNode","kind":"Mdef","node":{".class":"Decorator","func":{".class":"FuncDef","abstract_status":0,"arg_kinds":[0],"arg_names":["self"],"dataclass_transform_spec":null,"flags":["is_property","is_decorated"],"fullname":"hashlib._Hash.block_size","name":"block_size","type":{".class":"CallableType","arg_kinds":[0],"arg_names":["self"],"arg_types":["hashlib._Hash"],"bound_args":[],"def_extras":{"first_arg":"self"},"fallback":"builtins.function","from_concatenate":false,"implicit":false,"is_ellipsis_args":false,"name":"block_size of _Hash","ret_type":"builtins.int","type_guard":null,"unpack_kwargs":false,"variables":[]}},"is_overload":false,"var":{".class":"Var","flags":["is_initialized_in_class","is_property","is_ready","is_inferred"],"fullname":"hashlib._Hash.block_size","name":"block_size","type":{".class":"CallableType","arg_kinds":[0],"arg_names":["self"],"arg_types":["hashlib._Hash"],"bound_args":[],"def_extras":{"first_arg":"self"},"fallback":"builtins.function","from_concatenate":false,"implicit":false,"is_ellipsis_args":false,"name":"block_size of _Hash","ret_type":"builtins.int","type_guard":null,"unpack_kwargs":false,"variables":[]}}}},"copy":{".class":"SymbolTableNode","kind":"Mdef","node":{".class":"FuncDef","abstract_status":0,"arg_kinds":[0],"arg_names":["self"],"dataclass_transform_spec":null,"flags":[],"fullname":"hashlib._Hash.copy","name":"copy","type":{".class":"CallableType","arg_kinds":[0],"arg_names":["self"],"arg_types":[{".class":"TypeVarType","fullname":"hashlib._Hash.Self","id":0,"name":"Self","namespace":"","upper_bound":"hashlib._Hash","values":[],"variance":0}],"bound_args":[],"def_extras":{"first_arg":"self"},"fallback":"builtins.function","from_concatenate":false,"implicit":false,"is_ellipsis_args":false,"name":"copy of _Hash","ret_type":{".class":"TypeVarType","fullname":"hashlib._Hash.Self","id":0,"name":"Self","namespace":"","upper_bound":"hashlib._Hash","values":[],"variance":0},"type_guard":null,"unpack_kwargs":false,"variables":[{".class":"TypeVarType","fullname":"hashlib._Hash.Self","id":0,"name":"Self","namespace":"","upper_bound":"hashlib._Hash","values":[],"variance":0}]}}},"digest":{".class":"SymbolTableNode","kind":"Mdef","node":{".class":"FuncDef","abstract_status":0,"arg_kinds":[0],"arg_names":["self"],"dataclass_transform_spec":null,"flags":[],"fullname":"hashlib._Hash.digest","name":"digest","type":{".class":"CallableType","arg_kinds":[0],"arg_names":["self"],"arg_types":["hashlib._Hash"],"bound_args":[],"def_extras":{"first_arg":"self"},"fallback":"builtins.function","from_concatenate":false,"implicit":false,"is_ellipsis_args":false,"name":"digest of _Hash","ret_type":"builtins.bytes","type_guard":null,"unpack_kwargs":false,"variables":[]}}},"digest_size":{".class":"SymbolTableNode","kind":"Mdef","node":{".class":"Decorator","func":{".class":"FuncDef","abstract_status":0,"arg_kinds":[0],"arg_names":["self"],"dataclass_transform_spec":null,"flags":["is_property","is_decorated"],"fullname":"hashlib._Hash.digest_size","name":"digest_size","type":{".class":"CallableType","arg_kinds":[0],"arg_names":["self"],"arg_types":["hashlib._Hash"],"bound_args":[],"def_extras":{"first_arg":"self"},"fallback":"builtins.function","from_concatenate":false,"implicit":false,"is_ellipsis_args":false,"name":"digest_size of _Hash","ret_type":"builtins.int","type_guard":null,"unpack_kwargs":false,"variables":[]}},"is_overload":false,"var":{".class":"Var","flags":["is_initialized_in_class","is_property","is_ready","is_inferred"],"fullname":"hashlib._Hash.digest_size","name":"digest_size","type":{".class":"CallableType","arg_kinds":[0],"arg_names":["self"],"arg_types":["hashlib._Hash"],"bound_args":[],"def_extras":{"first_arg":"self"},"fallback":"builtins.function","from_concatenate":false,"implicit":false,"is_ellipsis_args":false,"name":"digest_size of _Hash","ret_type":"builtins.int","type_guard":null,"unpack_kwargs":false,"variables":[]}}}},"hexdigest":{".class":"SymbolTableNode","kind":"Mdef","node":{".class":"FuncDef","abstract_status":0,"arg_kinds":[0],"arg_names":["self"],"dataclass_transform_spec":null,"flags":[],"fullname":"hashlib._Hash.hexdigest","name":"hexdigest","type":{".class":"CallableType","arg_kinds":[0],"arg_names":["self"],"arg_types":["hashlib._Hash"],"bound_args":[],"def_extras":{"first_arg":"self"},"fallback":"builtins.function","from_concatenate":false,"implicit":false,"is_ellipsis_args":false,"name":"hexdigest of _Hash","ret_type":"builtins.str","type_guard":null,"unpack_kwargs":false,"variables":[]}}},"name":{".class":"SymbolTableNode","kind":"Mdef","node":{".class":"Decorator","func":{".class":"FuncDef","abstract_status":0,"arg_kinds":[0],"arg_names":["self"],"dataclass_transform_spec":null,"flags":["is_property","is_decorated"],"fullname":"hashlib._Hash.name","name":"name","type":{".class":"CallableType","arg_kinds":[0],"arg_names":["self"],"arg_types":["hashlib._Hash"],"bound_args":[],"def_extras":{"first_arg":"self"},"fallback":"builtins.function","from_concatenate":false,"implicit":false,"is_ellipsis_args":false,"name":"name of _Hash","ret_type":"builtins.str","type_guard":null,"unpack_kwargs":false,"variables":[]}},"is_overload":false,"var":{".class":"Var","flags":["is_initialized_in_class","is_property","is_ready","is_inferred"],"fullname":"hashlib._Hash.name","name":"name","type":{".class":"CallableType","arg_kinds":[0],"arg_names":["self"],"arg_types":["hashlib._Hash"],"bound_args":[],"def_extras":{"first_arg":"self"},"fallback":"builtins.function","from_concatenate":false,"implicit":false,"is_ellipsis_args":false,"name":"name of _Hash","ret_type":"builtins.str","type_guard":null,"unpack_kwargs":false,"variables":[]}}}},"update":{".class":"SymbolTableNode","kind":"Mdef","node":{".class":"FuncDef","abstract_status":0,"arg_kinds":[0,0],"arg_names":["self",null],"dataclass_transform_spec":null,"flags":[],"fullname":"hashlib._Hash.update","name":"update","type":{".class":"CallableType","arg_kinds":[0,0],"arg_names":["self",null],"arg_types":["hashlib._Hash",{".class":"TypeAliasType","args":[],"type_ref":"_typeshed.ReadableBuffer"}],"bound_args":[],"def_extras":{"first_arg":"self"},"fallback":"builtins.function","from_concatenate":false,"implicit":false,"is_ellipsis_args":false,"name":"update of _Hash","ret_type":{".class":"NoneType"},"type_guard":null,"unpack_kwargs":false,"variables":[]}}}},"self_type":{".class":"TypeVarType","fullname":"hashlib._Hash.Self","id":0,"name":"Self","namespace":"","upper_bound":"hashlib._Hash","values":[],"variance":0},"slots":null,"tuple_type":null,"type_vars":[],"typeddict_type":null}},"_VarLenHash":{".class":"SymbolTableNode","kind":"Gdef","module_public":false,"node":{".class":"TypeInfo","_promote":[],"abstract_attributes":[],"alt_promote":null,"bases":["builtins.object"],"dataclass_transform_spec":null,"declared_metaclass":null,"defn":{".class":"ClassDef","fullname":"hashlib._VarLenHash","name":"_VarLenHash","type_vars":[]},"deletable_attributes":[],"flags":[],"fullname":"hashlib._VarLenHash","has_param_spec_type":false,"metaclass_type":null,"metadata":{},"module_name":"hashlib","mro":["hashlib._VarLenHash","builtins.object"],"names":{".class":"SymbolTable","__init__":{".class":"SymbolTableNode","kind":"Mdef","node":{".class":"FuncDef","abstract_status":0,"arg_kinds":[0,1],"arg_names":["self","data"],"dataclass_transform_spec":null,"flags":[],"fullname":"hashlib._VarLenHash.__init__","name":"__init__","type":{".class":"CallableType","arg_kinds":[0,1],"arg_names":["self","data"],"arg_types":["hashlib._VarLenHash",{".class":"TypeAliasType","args":[],"type_ref":"_typeshed.ReadableBuffer"}],"bound_args":[],"def_extras":{"first_arg":"self"},"fallback":"builtins.function","from_concatenate":false,"implicit":false,"is_ellipsis_args":false,"name":"__init__ of _VarLenHash","ret_type":{".class":"NoneType"},"type_guard":null,"unpack_kwargs":false,"variables":[]}}},"block_size":{".class":"SymbolTableNode","kind":"Mdef","node":{".class":"Var","flags":["is_initialized_in_class","is_ready"],"fullname":"hashlib._VarLenHash.block_size","name":"block_size","type":"builtins.int"}},"copy":{".class":"SymbolTableNode","kind":"Mdef","node":{".class":"FuncDef","abstract_status":0,"arg_kinds":[0],"arg_names":["self"],"dataclass_transform_spec":null,"flags":[],"fullname":"hashlib._VarLenHash.copy","name":"copy","type":{".class":"CallableType","arg_kinds":[0],"arg_names":["self"],"arg_types":["hashlib._VarLenHash"],"bound_args":[],"def_extras":{"first_arg":"self"},"fallback":"builtins.function","from_concatenate":false,"implicit":false,"is_ellipsis_args":false,"name":"copy of _VarLenHash","ret_type":"hashlib._VarLenHash","type_guard":null,"unpack_kwargs":false,"variables":[]}}},"digest":{".class":"SymbolTableNode","kind":"Mdef","node":{".class":"FuncDef","abstract_status":0,"arg_kinds":[0,0],"arg_names":["self",null],"dataclass_transform_spec":null,"flags":[],"fullname":"hashlib._VarLenHash.digest","name":"digest","type":{".class":"CallableType","arg_kinds":[0,0],"arg_names":["self",null],"arg_types":["hashlib._VarLenHash","builtins.int"],"bound_args":[],"def_extras":{"first_arg":"self"},"fallback":"builtins.function","from_concatenate":false,"implicit":false,"is_ellipsis_args":false,"name":"digest of _VarLenHash","ret_type":"builtins.bytes","type_guard":null,"unpack_kwargs":false,"variables":[]}}},"digest_size":{".class":"SymbolTableNode","kind":"Mdef","node":{".class":"Var","flags":["is_initialized_in_class","is_ready"],"fullname":"hashlib._VarLenHash.digest_size","name":"digest_size","type":"builtins.int"}},"hexdigest":{".class":"SymbolTableNode","kind":"Mdef","node":{".class":"FuncDef","abstract_status":0,"arg_kinds":[0,0],"arg_names":["self",null],"dataclass_transform_spec":null,"flags":[],"fullname":"hashlib._VarLenHash.hexdigest","name":"hexdigest","type":{".class":"CallableType","arg_kinds":[0,0],"arg_names":["self",null],"arg_types":["hashlib._VarLenHash","builtins.int"],"bound_args":[],"def_extras":{"first_arg":"self"},"fallback":"builtins.function","from_concatenate":false,"implicit":false,"is_ellipsis_args":false,"name":"hexdigest of _VarLenHash","ret_type":"builtins.str","type_guard":null,"unpack_kwargs":false,"variables":[]}}},"name":{".class":"SymbolTableNode","kind":"Mdef","node":{".class":"Var","flags":["is_initialized_in_class","is_ready"],"fullname":"hashlib._VarLenHash.name","name":"name","type":"builtins.str"}},"update":{".class":"SymbolTableNode","kind":"Mdef","node":{".class":"FuncDef","abstract_status":0,"arg_kinds":[0,0],"arg_names":["self",null],"dataclass_transform_spec":null,"flags":[],"fullname":"hashlib._VarLenHash.update","name":"update","type":{".class":"CallableType","arg_kinds":[0,0],"arg_names":["self",null],"arg_types":["hashlib._VarLenHash",{".class":"TypeAliasType","args":[],"type_ref":"_typeshed.ReadableBuffer"}],"bound_args":[],"def_extras":{"first_arg":"self"},"fallback":"builtins.function","from_concatenate":false,"implicit":false,"is_ellipsis_args":false,"name":"update of _VarLenHash","ret_type":{".class":"NoneType"},"type_guard":null,"unpack_kwargs":false,"variables":[]}}}},"self_type":null,"slots":null,"tuple_type":null,"type_vars":[],"typeddict_type":null}},"__all__":{".class":"SymbolTableNode","kind":"Gdef","module_public":false,"node":{".class":"Var","flags":["is_inferred","has_explicit_value"],"fullname":"hashlib.__all__","name":"__all__","type":{".class":"TupleType","implicit":false,"items":["builtins.str","builtins.str","builtins.str","builtins.str","builtins.str","builtins.str","builtins.str","builtins.str","builtins.str","builtins.str","builtins.str","builtins.str","builtins.str","builtins.str","builtins.str","builtins.str","builtins.str","builtins.str","builtins.str"],"partial_fallback":{".class":"Instance","args":[{".class":"AnyType","missing_import_name":null,"source_any":null,"type_of_any":6}],"type_ref":"builtins.tuple"}}}},"__annotations__":{".class":"SymbolTableNode","kind":"Gdef","module_public":false,"node":{".class":"Var","flags":["is_ready"],"fullname":"hashlib.__annotations__","name":"__annotations__","type":{".class":"Instance","args":["builtins.str",{".class":"AnyType","missing_import_name":null,"source_any":null,"type_of_any":6}],"type_ref":"builtins.dict"}}},"__doc__":{".class":"SymbolTableNode","kind":"Gdef","module_public":false,"node":{".class":"Var","flags":["is_ready"],"fullname":"hashlib.__doc__","name":"__doc__","type":"builtins.str"}},"__file__":{".class":"SymbolTableNode","kind":"Gdef","module_public":false,"node":{".class":"Var","flags":["is_ready"],"fullname":"hashlib.__file__","name":"__file__","type":"builtins.str"}},"__name__":{".class":"SymbolTableNode","kind":"Gdef","module_public":false,"node":{".class":"Var","flags":["is_ready"],"fullname":"hashlib.__name__","name":"__name__","type":"builtins.str"}},"__package__":{".class":"SymbolTableNode","kind":"Gdef","module_public":false,"node":{".class":"Var","flags":["is_ready"],"fullname":"hashlib.__package__","name":"__package__","type":"builtins.str"}},"algorithms_available":{".class":"SymbolTableNode","kind":"Gdef","node":{".class":"Var","flags":["is_ready"],"fullname":"hashlib.algorithms_available","name":"algorithms_available","type":{".class":"Instance","args":["builtins.str"],"type_ref":"typing.AbstractSet"}}},"algorithms_guaranteed":{".class":"SymbolTableNode","kind":"Gdef","node":{".class":"Var","flags":["is_ready"],"fullname":"hashlib.algorithms_guaranteed","name":"algorithms_guaranteed","type":{".class":"Instance","args":["builtins.str"],"type_ref":"typing.AbstractSet"}}},"blake2b":{".class":"SymbolTableNode","kind":"Gdef","node":{".class":"TypeAlias","alias_tvars":[],"column":0,"fullname":"hashlib.blake2b","line":168,"no_args":true,"normalized":false,"target":"hashlib._BlakeHash"}},"blake2s":{".class":"SymbolTableNode","kind":"Gdef","node":{".class":"TypeAlias","alias_tvars":[],"column":0,"fullname":"hashlib.blake2s","line":169,"no_args":true,"normalized":false,"target":"hashlib._BlakeHash"}},"file_digest":{".class":"SymbolTableNode","kind":"Gdef","node":{".class":"FuncDef","abstract_status":0,"arg_kinds":[0,0,5],"arg_names":[null,null,"_bufsize"],"dataclass_transform_spec":null,"flags":[],"fullname":"hashlib.file_digest","name":"file_digest","type":{".class":"CallableType","arg_kinds":[0,0,5],"arg_names":[null,null,"_bufsize"],"arg_types":[{".class":"UnionType","items":["hashlib._BytesIOLike","hashlib._FileDigestFileObj"]},{".class":"UnionType","items":["builtins.str",{".class":"CallableType","arg_kinds":[],"arg_names":[],"arg_types":[],"bound_args":[],"def_extras":{},"fallback":"builtins.function","from_concatenate":false,"implicit":false,"is_ellipsis_args":false,"name":null,"ret_type":"hashlib._Hash","type_guard":null,"unpack_kwargs":false,"variables":[]}]},"builtins.int"],"bound_args":[],"def_extras":{"first_arg":null},"fallback":"builtins.function","from_concatenate":false,"implicit":false,"is_ellipsis_args":false,"name":"file_digest","ret_type":"hashlib._Hash","type_guard":null,"unpack_kwargs":false,"variables":[]}}},"final":{".class":"SymbolTableNode","cross_ref":"typing_extensions.final","kind":"Gdef","module_hidden":true,"module_public":false},"md5":{".class":"SymbolTableNode","kind":"Gdef","node":{".class":"FuncDef","abstract_status":0,"arg_kinds":[1,5],"arg_names":["string","usedforsecurity"],"dataclass_transform_spec":null,"flags":[],"fullname":"hashlib.md5","name":"md5","type":{".class":"CallableType","arg_kinds":[1,5],"arg_names":["string","usedforsecurity"],"arg_types":[{".class":"TypeAliasType","args":[],"type_ref":"_typeshed.ReadableBuffer"},"builtins.bool"],"bound_args":[],"def_extras":{"first_arg":null},"fallback":"builtins.function","from_concatenate":false,"implicit":false,"is_ellipsis_args":false,"name":"md5","ret_type":"hashlib._Hash","type_guard":null,"unpack_kwargs":false,"variables":[]}}},"new":{".class":"SymbolTableNode","kind":"Gdef","node":{".class":"FuncDef","abstract_status":0,"arg_kinds":[0,1,5],"arg_names":["name","data","usedforsecurity"],"dataclass_transform_spec":null,"flags":[],"fullname":"hashlib.new","name":"new","type":{".class":"CallableType","arg_kinds":[0,1,5],"arg_names":["name","data","usedforsecurity"],"arg_types":["builtins.str",{".class":"TypeAliasType","args":[],"type_ref":"_typeshed.ReadableBuffer"},"builtins.bool"],"bound_args":[],"def_extras":{"first_arg":null},"fallback":"builtins.function","from_concatenate":false,"implicit":false,"is_ellipsis_args":false,"name":"new","ret_type":"hashlib._Hash","type_guard":null,"unpack_kwargs":false,"variables":[]}}},"pbkdf2_hmac":{".class":"SymbolTableNode","kind":"Gdef","node":{".class":"FuncDef","abstract_status":0,"arg_kinds":[0,0,0,0,1],"arg_names":["hash_name","password","salt","iterations","dklen"],"dataclass_transform_spec":null,"flags":[],"fullname":"hashlib.pbkdf2_hmac","name":"pbkdf2_hmac","type":{".class":"CallableType","arg_kinds":[0,0,0,0,1],"arg_names":["hash_name","password","salt","iterations","dklen"],"arg_types":["builtins.str",{".class":"TypeAliasType","args":[],"type_ref":"_typeshed.ReadableBuffer"},{".class":"TypeAliasType","args":[],"type_ref":"_typeshed.ReadableBuffer"},"builtins.int",{".class":"UnionType","items":["builtins.int",{".class":"NoneType"}]}],"bound_args":[],"def_extras":{"first_arg":null},"fallback":"builtins.function","from_concatenate":false,"implicit":false,"is_ellipsis_args":false,"name":"pbkdf2_hmac","ret_type":"builtins.bytes","type_guard":null,"unpack_kwargs":false,"variables":[]}}},"scrypt":{".class":"SymbolTableNode","kind":"Gdef","module_public":false,"node":{".class":"FuncDef","abstract_status":0,"arg_kinds":[0,5,5,5,5,5,5],"arg_names":["password","salt","n","r","p","maxmem","dklen"],"dataclass_transform_spec":null,"flags":[],"fullname":"hashlib.scrypt","name":"scrypt","type":{".class":"CallableType","arg_kinds":[0,5,5,5,5,5,5],"arg_names":["password","salt","n","r","p","maxmem","dklen"],"arg_types":[{".class":"TypeAliasType","args":[],"type_ref":"_typeshed.ReadableBuffer"},{".class":"UnionType","items":[{".class":"TypeAliasType","args":[],"type_ref":"_typeshed.ReadableBuffer"},{".class":"NoneType"}]},{".class":"UnionType","items":["builtins.int",{".class":"NoneType"}]},{".class":"UnionType","items":["builtins.int",{".class":"NoneType"}]},{".class":"UnionType","items":["builtins.int",{".class":"NoneType"}]},"builtins.int","builtins.int"],"bound_args":[],"def_extras":{"first_arg":null},"fallback":"builtins.function","from_concatenate":false,"implicit":false,"is_ellipsis_args":false,"name":"scrypt","ret_type":"builtins.bytes","type_guard":null,"unpack_kwargs":false,"variables":[]}}},"sha1":{".class":"SymbolTableNode","kind":"Gdef","node":{".class":"FuncDef","abstract_status":0,"arg_kinds":[1,5],"arg_names":["string","usedforsecurity"],"dataclass_transform_spec":null,"flags":[],"fullname":"hashlib.sha1","name":"sha1","type":{".class":"CallableType","arg_kinds":[1,5],"arg_names":["string","usedforsecurity"],"arg_types":[{".class":"TypeAliasType","args":[],"type_ref":"_typeshed.ReadableBuffer"},"builtins.bool"],"bound_args":[],"def_extras":{"first_arg":null},"fallback":"builtins.function","from_concatenate":false,"implicit":false,"is_ellipsis_args":false,"name":"sha1","ret_type":"hashlib._Hash","type_guard":null,"unpack_kwargs":false,"variables":[]}}},"sha224":{".class":"SymbolTableNode","kind":"Gdef","node":{".class":"FuncDef","abstract_status":0,"arg_kinds":[1,5],"arg_names":["string","usedforsecurity"],"dataclass_transform_spec":null,"flags":[],"fullname":"hashlib.sha224","name":"sha224","type":{".class":"CallableType","arg_kinds":[1,5],"arg_names":["string","usedforsecurity"],"arg_types":[{".class":"TypeAliasType","args":[],"type_ref":"_typeshed.ReadableBuffer"},"builtins.bool"],"bound_args":[],"def_extras":{"first_arg":null},"fallback":"builtins.function","from_concatenate":false,"implicit":false,"is_ellipsis_args":false,"name":"sha224","ret_type":"hashlib._Hash","type_guard":null,"unpack_kwargs":false,"variables":[]}}},"sha256":{".class":"SymbolTableNode","kind":"Gdef","node":{".class":"FuncDef","abstract_status":0,"arg_kinds":[1,5],"arg_names":["string","usedforsecurity"],"dataclass_transform_spec":null,"flags":[],"fullname":"hashlib.sha256","name":"sha256","type":{".class":"CallableType","arg_kinds":[1,5],"arg_names":["string","usedforsecurity"],"arg_types":[{".class":"TypeAliasType","args":[],"type_ref":"_typeshed.ReadableBuffer"},"builtins.bool"],"bound_args":[],"def_extras":{"first_arg":null},"fallback":"builtins.function","from_concatenate":false,"implicit":false,"is_ellipsis_args":false,"name":"sha256","ret_type":"hashlib._Hash","type_guard":null,"unpack_kwargs":false,"variables":[]}}},"sha384":{".class":"SymbolTableNode","kind":"Gdef","node":{".class":"FuncDef","abstract_status":0,"arg_kinds":[1,5],"arg_names":["string","usedforsecurity"],"dataclass_transform_spec":null,"flags":[],"fullname":"hashlib.sha384","name":"sha384","type":{".class":"CallableType","arg_kinds":[1,5],"arg_names":["string","usedforsecurity"],"arg_types":[{".class":"TypeAliasType","args":[],"type_ref":"_typeshed.ReadableBuffer"},"builtins.bool"],"bound_args":[],"def_extras":{"first_arg":null},"fallback":"builtins.function","from_concatenate":false,"implicit":false,"is_ellipsis_args":false,"name":"sha384","ret_type":"hashlib._Hash","type_guard":null,"unpack_kwargs":false,"variables":[]}}},"sha3_224":{".class":"SymbolTableNode","kind":"Gdef","node":{".class":"TypeAlias","alias_tvars":[],"column":0,"fullname":"hashlib.sha3_224","line":108,"no_args":true,"normalized":false,"target":"hashlib._Hash"}},"sha3_256":{".class":"SymbolTableNode","kind":"Gdef","node":{".class":"TypeAlias","alias_tvars":[],"column":0,"fullname":"hashlib.sha3_256","line":109,"no_args":true,"normalized":false,"target":"hashlib._Hash"}},"sha3_384":{".class":"SymbolTableNode","kind":"Gdef","node":{".class":"TypeAlias","alias_tvars":[],"column":0,"fullname":"hashlib.sha3_384","line":110,"no_args":true,"normalized":false,"target":"hashlib._Hash"}},"sha3_512":{".class":"SymbolTableNode","kind":"Gdef","node":{".class":"TypeAlias","alias_tvars":[],"column":0,"fullname":"hashlib.sha3_512","line":111,"no_args":true,"normalized":false,"target":"hashlib._Hash"}},"sha512":{".class":"SymbolTableNode","kind":"Gdef","node":{".class":"FuncDef","abstract_status":0,"arg_kinds":[1,5],"arg_names":["string","usedforsecurity"],"dataclass_transform_spec":null,"flags":[],"fullname":"hashlib.sha512","name":"sha512","type":{".class":"CallableType","arg_kinds":[1,5],"arg_names":["string","usedforsecurity"],"arg_types":[{".class":"TypeAliasType","args":[],"type_ref":"_typeshed.ReadableBuffer"},"builtins.bool"],"bound_args":[],"def_extras":{"first_arg":null},"fallback":"builtins.function","from_concatenate":false,"implicit":false,"is_ellipsis_args":false,"name":"sha512","ret_type":"hashlib._Hash","type_guard":null,"unpack_kwargs":false,"variables":[]}}},"shake_128":{".class":"SymbolTableNode","kind":"Gdef","node":{".class":"TypeAlias","alias_tvars":[],"column":0,"fullname":"hashlib.shake_128","line":112,"no_args":true,"normalized":false,"target":"hashlib._VarLenHash"}},"shake_256":{".class":"SymbolTableNode","kind":"Gdef","node":{".class":"TypeAlias","alias_tvars":[],"column":0,"fullname":"hashlib.shake_256","line":113,"no_args":true,"normalized":false,"target":"hashlib._VarLenHash"}},"sys":{".class":"SymbolTableNode","cross_ref":"sys","kind":"Gdef","module_hidden":true,"module_public":false}},"path":"C:\\Users\\Vasilis\\AppData\\Local\\Programs\\Python\\Python313\\Lib\\site-packages\\mypy\\typeshed\\stdlib\\hashlib.pyi"}