{".class":"MypyFile","_fullname":"hmac","future_import_flags":[],"is_partial_stub_package":false,"is_stub":true,"names":{".class":"SymbolTable","Any":{".class":"SymbolTableNode","cross_ref":"typing.Any","kind":"Gdef","module_hidden":true,"module_public":false},"AnyStr":{".class":"SymbolTableNode","cross_ref":"typing.AnyStr","kind":"Gdef","module_hidden":true,"module_public":false},"Callable":{".class":"SymbolTableNode","cross_ref":"typing.Callable","kind":"Gdef","module_hidden":true,"module_public":false},"HMAC":{".class":"SymbolTableNode","kind":"Gdef","node":{".class":"TypeInfo","_promote":[],"abstract_attributes":[],"alt_promote":null,"bases":["builtins.object"],"dataclass_transform_spec":null,"declared_metaclass":null,"defn":{".class":"ClassDef","fullname":"hmac.HMAC","name":"HMAC","type_vars":[]},"deletable_attributes":[],"flags":[],"fullname":"hmac.HMAC","has_param_spec_type":false,"metaclass_type":null,"metadata":{},"module_name":"hmac","mro":["hmac.HMAC","builtins.object"],"names":{".class":"SymbolTable","__init__":{".class":"SymbolTableNode","kind":"Mdef","node":{".class":"FuncDef","abstract_status":0,"arg_kinds":[0,0,1,1],"arg_names":["self","key","msg","digestmod"],"dataclass_transform_spec":null,"flags":[],"fullname":"hmac.HMAC.__init__","name":"__init__","type":{".class":"CallableType","arg_kinds":[0,0,1,1],"arg_names":["self","key","msg","digestmod"],"arg_types":["hmac.HMAC",{".class":"UnionType","items":["builtins.bytes","builtins.bytearray"]},{".class":"UnionType","items":[{".class":"TypeAliasType","args":[],"type_ref":"_typeshed.ReadableBuffer"},{".class":"NoneType"}]},{".class":"TypeAliasType","args":[],"type_ref":"hmac._DigestMod"}],"bound_args":[],"def_extras":{"first_arg":"self"},"fallback":"builtins.function","from_concatenate":false,"implicit":false,"is_ellipsis_args":false,"name":"__init__ of HMAC","ret_type":{".class":"NoneType"},"type_guard":null,"unpack_kwargs":false,"variables":[]}}},"block_size":{".class":"SymbolTableNode","kind":"Mdef","node":{".class":"Var","flags":["is_initialized_in_class","is_ready"],"fullname":"hmac.HMAC.block_size","name":"block_size","type":"builtins.int"}},"copy":{".class":"SymbolTableNode","kind":"Mdef","node":{".class":"FuncDef","abstract_status":0,"arg_kinds":[0],"arg_names":["self"],"dataclass_transform_spec":null,"flags":[],"fullname":"hmac.HMAC.copy","name":"copy","type":{".class":"CallableType","arg_kinds":[0],"arg_names":["self"],"arg_types":["hmac.HMAC"],"bound_args":[],"def_extras":{"first_arg":"self"},"fallback":"builtins.function","from_concatenate":false,"implicit":false,"is_ellipsis_args":false,"name":"copy of HMAC","ret_type":"hmac.HMAC","type_guard":null,"unpack_kwargs":false,"variables":[]}}},"digest":{".class":"SymbolTableNode","kind":"Mdef","node":{".class":"FuncDef","abstract_status":0,"arg_kinds":[0],"arg_names":["self"],"dataclass_transform_spec":null,"flags":[],"fullname":"hmac.HMAC.digest","name":"digest","type":{".class":"CallableType","arg_kinds":[0],"arg_names":["self"],"arg_types":["hmac.HMAC"],"bound_args":[],"def_extras":{"first_arg":"self"},"fallback":"builtins.function","from_concatenate":false,"implicit":false,"is_ellipsis_args":false,"name":"digest of HMAC","ret_type":"builtins.bytes","type_guard":null,"unpack_kwargs":false,"variables":[]}}},"digest_size":{".class":"SymbolTableNode","kind":"Mdef","node":{".class":"Var","flags":["is_initialized_in_class","is_ready"],"fullname":"hmac.HMAC.digest_size","name":"digest_size","type":"builtins.int"}},"hexdigest":{".class":"SymbolTableNode","kind":"Mdef","node":{".class":"FuncDef","abstract_status":0,"arg_kinds":[0],"arg_names":["self"],"dataclass_transform_spec":null,"flags":[],"fullname":"hmac.HMAC.hexdigest","name":"hexdigest","type":{".class":"CallableType","arg_kinds":[0],"arg_names":["self"],"arg_types":["hmac.HMAC"],"bound_args":[],"def_extras":{"first_arg":"self"},"fallback":"builtins.function","from_concatenate":false,"implicit":false,"is_ellipsis_args":false,"name":"hexdigest of HMAC","ret_type":"builtins.str","type_guard":null,"unpack_kwargs":false,"variables":[]}}},"name":{".class":"SymbolTableNode","kind":"Mdef","node":{".class":"Decorator","func":{".class":"FuncDef","abstract_status":0,"arg_kinds":[0],"arg_names":["self"],"dataclass_transform_spec":null,"flags":["is_property","is_decorated"],"fullname":"hmac.HMAC.name","name":"name","type":{".class":"CallableType","arg_kinds":[0],"arg_names":["self"],"arg_types":["hmac.HMAC"],"bound_args":[],"def_extras":{"first_arg":"self"},"fallback":"builtins.function","from_concatenate":false,"implicit":false,"is_ellipsis_args":false,"name":"name of HMAC","ret_type":"builtins.str","type_guard":null,"unpack_kwargs":false,"variables":[]}},"is_overload":false,"var":{".class":"Var","flags":["is_initialized_in_class","is_property","is_ready","is_inferred"],"fullname":"hmac.HMAC.name","name":"name","type":{".class":"CallableType","arg_kinds":[0],"arg_names":["self"],"arg_types":["hmac.HMAC"],"bound_args":[],"def_extras":{"first_arg":"self"},"fallback":"builtins.function","from_concatenate":false,"implicit":false,"is_ellipsis_args":false,"name":"name of HMAC","ret_type":"builtins.str","type_guard":null,"unpack_kwargs":false,"variables":[]}}}},"update":{".class":"SymbolTableNode","kind":"Mdef","node":{".class":"FuncDef","abstract_status":0,"arg_kinds":[0,0],"arg_names":["self","msg"],"dataclass_transform_spec":null,"flags":[],"fullname":"hmac.HMAC.update","name":"update","type":{".class":"CallableType","arg_kinds":[0,0],"arg_names":["self","msg"],"arg_types":["hmac.HMAC",{".class":"TypeAliasType","args":[],"type_ref":"_typeshed.ReadableBuffer"}],"bound_args":[],"def_extras":{"first_arg":"self"},"fallback":"builtins.function","from_concatenate":false,"implicit":false,"is_ellipsis_args":false,"name":"update of HMAC","ret_type":{".class":"NoneType"},"type_guard":null,"unpack_kwargs":false,"variables":[]}}}},"self_type":null,"slots":null,"tuple_type":null,"type_vars":[],"typeddict_type":null}},"ModuleType":{".class":"SymbolTableNode","cross_ref":"types.ModuleType","kind":"Gdef","module_hidden":true,"module_public":false},"ReadableBuffer":{".class":"SymbolTableNode","cross_ref":"_typeshed.ReadableBuffer","kind":"Gdef","module_hidden":true,"module_public":false},"TypeAlias":{".class":"SymbolTableNode","cross_ref":"typing.TypeAlias","kind":"Gdef","module_hidden":true,"module_public":false},"_BufferWithLen":{".class":"SymbolTableNode","cross_ref":"_typeshed._BufferWithLen","kind":"Gdef","module_hidden":true,"module_public":false},"_DigestMod":{".class":"SymbolTableNode","kind":"Gdef","node":{".class":"TypeAlias","alias_tvars":[],"column":0,"fullname":"hmac._DigestMod","line":10,"no_args":false,"normalized":false,"target":{".class":"UnionType","items":["builtins.str",{".class":"CallableType","arg_kinds":[],"arg_names":[],"arg_types":[],"bound_args":[],"def_extras":{},"fallback":"builtins.function","from_concatenate":false,"implicit":false,"is_ellipsis_args":false,"name":null,"ret_type":{".class":"TypeAliasType","args":[],"type_ref":"hmac._Hash"},"type_guard":null,"unpack_kwargs":false,"variables":[]},"types.ModuleType"]}}},"_Hash":{".class":"SymbolTableNode","kind":"Gdef","node":{".class":"TypeAlias","alias_tvars":[],"column":0,"fullname":"hmac._Hash","line":9,"no_args":false,"normalized":false,"target":{".class":"AnyType","missing_import_name":null,"source_any":null,"type_of_any":6}}},"__annotations__":{".class":"SymbolTableNode","kind":"Gdef","node":{".class":"Var","flags":["is_ready"],"fullname":"hmac.__annotations__","name":"__annotations__","type":{".class":"Instance","args":["builtins.str",{".class":"AnyType","missing_import_name":null,"source_any":null,"type_of_any":6}],"type_ref":"builtins.dict"}}},"__doc__":{".class":"SymbolTableNode","kind":"Gdef","node":{".class":"Var","flags":["is_ready"],"fullname":"hmac.__doc__","name":"__doc__","type":"builtins.str"}},"__file__":{".class":"SymbolTableNode","kind":"Gdef","node":{".class":"Var","flags":["is_ready"],"fullname":"hmac.__file__","name":"__file__","type":"builtins.str"}},"__name__":{".class":"SymbolTableNode","kind":"Gdef","node":{".class":"Var","flags":["is_ready"],"fullname":"hmac.__name__","name":"__name__","type":"builtins.str"}},"__package__":{".class":"SymbolTableNode","kind":"Gdef","node":{".class":"Var","flags":["is_ready"],"fullname":"hmac.__package__","name":"__package__","type":"builtins.str"}},"compare_digest":{".class":"SymbolTableNode","kind":"Gdef","node":{".class":"OverloadedFuncDef","flags":[],"fullname":"hmac.compare_digest","impl":null,"items":[{".class":"Decorator","func":{".class":"FuncDef","abstract_status":0,"arg_kinds":[0,0],"arg_names":[null,null],"dataclass_transform_spec":null,"flags":["is_overload","is_decorated"],"fullname":"hmac.compare_digest","name":"compare_digest","type":{".class":"CallableType","arg_kinds":[0,0],"arg_names":[null,null],"arg_types":[{".class":"TypeAliasType","args":[],"type_ref":"_typeshed.ReadableBuffer"},{".class":"TypeAliasType","args":[],"type_ref":"_typeshed.ReadableBuffer"}],"bound_args":[],"def_extras":{"first_arg":null},"fallback":"builtins.function","from_concatenate":false,"implicit":false,"is_ellipsis_args":false,"name":"compare_digest","ret_type":"builtins.bool","type_guard":null,"unpack_kwargs":false,"variables":[]}},"is_overload":true,"var":{".class":"Var","flags":["is_inferred"],"fullname":"hmac.compare_digest","name":"compare_digest","type":null}},{".class":"Decorator","func":{".class":"FuncDef","abstract_status":0,"arg_kinds":[0,0],"arg_names":[null,null],"dataclass_transform_spec":null,"flags":["is_overload","is_decorated"],"fullname":"hmac.compare_digest","name":"compare_digest","type":{".class":"CallableType","arg_kinds":[0,0],"arg_names":[null,null],"arg_types":[{".class":"TypeVarType","fullname":"typing.AnyStr","id":-1,"name":"AnyStr","namespace":"","upper_bound":"builtins.object","values":["builtins.str","builtins.bytes"],"variance":0},{".class":"TypeVarType","fullname":"typing.AnyStr","id":-1,"name":"AnyStr","namespace":"","upper_bound":"builtins.object","values":["builtins.str","builtins.bytes"],"variance":0}],"bound_args":[],"def_extras":{"first_arg":null},"fallback":"builtins.function","from_concatenate":false,"implicit":false,"is_ellipsis_args":false,"name":"compare_digest","ret_type":"builtins.bool","type_guard":null,"unpack_kwargs":false,"variables":[{".class":"TypeVarType","fullname":"typing.AnyStr","id":-1,"name":"AnyStr","namespace":"","upper_bound":"builtins.object","values":["builtins.str","builtins.bytes"],"variance":0}]}},"is_overload":true,"var":{".class":"Var","flags":["is_inferred"],"fullname":"hmac.compare_digest","name":"compare_digest","type":null}}],"type":{".class":"Overloaded","items":[{".class":"CallableType","arg_kinds":[0,0],"arg_names":[null,null],"arg_types":[{".class":"TypeAliasType","args":[],"type_ref":"_typeshed.ReadableBuffer"},{".class":"TypeAliasType","args":[],"type_ref":"_typeshed.ReadableBuffer"}],"bound_args":[],"def_extras":{"first_arg":null},"fallback":"builtins.function","from_concatenate":false,"implicit":false,"is_ellipsis_args":false,"name":"compare_digest","ret_type":"builtins.bool","type_guard":null,"unpack_kwargs":false,"variables":[]},{".class":"CallableType","arg_kinds":[0,0],"arg_names":[null,null],"arg_types":[{".class":"TypeVarType","fullname":"typing.AnyStr","id":-1,"name":"AnyStr","namespace":"","upper_bound":"builtins.object","values":["builtins.str","builtins.bytes"],"variance":0},{".class":"TypeVarType","fullname":"typing.AnyStr","id":-1,"name":"AnyStr","namespace":"","upper_bound":"builtins.object","values":["builtins.str","builtins.bytes"],"variance":0}],"bound_args":[],"def_extras":{"first_arg":null},"fallback":"builtins.function","from_concatenate":false,"implicit":false,"is_ellipsis_args":false,"name":"compare_digest","ret_type":"builtins.bool","type_guard":null,"unpack_kwargs":false,"variables":[{".class":"TypeVarType","fullname":"typing.AnyStr","id":-1,"name":"AnyStr","namespace":"","upper_bound":"builtins.object","values":["builtins.str","builtins.bytes"],"variance":0}]}]}}},"digest":{".class":"SymbolTableNode","kind":"Gdef","node":{".class":"FuncDef","abstract_status":0,"arg_kinds":[0,0,0],"arg_names":["key","msg","digest"],"dataclass_transform_spec":null,"flags":[],"fullname":"hmac.digest","name":"digest","type":{".class":"CallableType","arg_kinds":[0,0,0],"arg_names":["key","msg","digest"],"arg_types":[{".class":"TypeAliasType","args":[],"type_ref":"_typeshed._BufferWithLen"},{".class":"TypeAliasType","args":[],"type_ref":"_typeshed.ReadableBuffer"},{".class":"TypeAliasType","args":[],"type_ref":"hmac._DigestMod"}],"bound_args":[],"def_extras":{"first_arg":null},"fallback":"builtins.function","from_concatenate":false,"implicit":false,"is_ellipsis_args":false,"name":"digest","ret_type":"builtins.bytes","type_guard":null,"unpack_kwargs":false,"variables":[]}}},"digest_size":{".class":"SymbolTableNode","kind":"Gdef","node":{".class":"Var","flags":["is_ready"],"fullname":"hmac.digest_size","name":"digest_size","type":{".class":"NoneType"}}},"new":{".class":"SymbolTableNode","kind":"Gdef","node":{".class":"OverloadedFuncDef","flags":[],"fullname":"hmac.new","impl":null,"items":[{".class":"Decorator","func":{".class":"FuncDef","abstract_status":0,"arg_kinds":[0,0,0],"arg_names":["key","msg","digestmod"],"dataclass_transform_spec":null,"flags":["is_overload","is_decorated"],"fullname":"hmac.new","name":"new","type":{".class":"CallableType","arg_kinds":[0,0,0],"arg_names":["key","msg","digestmod"],"arg_types":[{".class":"UnionType","items":["builtins.bytes","builtins.bytearray"]},{".class":"UnionType","items":[{".class":"TypeAliasType","args":[],"type_ref":"_typeshed.ReadableBuffer"},{".class":"NoneType"}]},{".class":"TypeAliasType","args":[],"type_ref":"hmac._DigestMod"}],"bound_args":[],"def_extras":{"first_arg":null},"fallback":"builtins.function","from_concatenate":false,"implicit":false,"is_ellipsis_args":false,"name":"new","ret_type":"hmac.HMAC","type_guard":null,"unpack_kwargs":false,"variables":[]}},"is_overload":true,"var":{".class":"Var","flags":["is_inferred"],"fullname":"hmac.new","name":"new","type":null}},{".class":"Decorator","func":{".class":"FuncDef","abstract_status":0,"arg_kinds":[0,3],"arg_names":["key","digestmod"],"dataclass_transform_spec":null,"flags":["is_overload","is_decorated"],"fullname":"hmac.new","name":"new","type":{".class":"CallableType","arg_kinds":[0,3],"arg_names":["key","digestmod"],"arg_types":[{".class":"UnionType","items":["builtins.bytes","builtins.bytearray"]},{".class":"TypeAliasType","args":[],"type_ref":"hmac._DigestMod"}],"bound_args":[],"def_extras":{"first_arg":null},"fallback":"builtins.function","from_concatenate":false,"implicit":false,"is_ellipsis_args":false,"name":"new","ret_type":"hmac.HMAC","type_guard":null,"unpack_kwargs":false,"variables":[]}},"is_overload":true,"var":{".class":"Var","flags":["is_inferred"],"fullname":"hmac.new","name":"new","type":null}}],"type":{".class":"Overloaded","items":[{".class":"CallableType","arg_kinds":[0,0,0],"arg_names":["key","msg","digestmod"],"arg_types":[{".class":"UnionType","items":["builtins.bytes","builtins.bytearray"]},{".class":"UnionType","items":[{".class":"TypeAliasType","args":[],"type_ref":"_typeshed.ReadableBuffer"},{".class":"NoneType"}]},{".class":"TypeAliasType","args":[],"type_ref":"hmac._DigestMod"}],"bound_args":[],"def_extras":{"first_arg":null},"fallback":"builtins.function","from_concatenate":false,"implicit":false,"is_ellipsis_args":false,"name":"new","ret_type":"hmac.HMAC","type_guard":null,"unpack_kwargs":false,"variables":[]},{".class":"CallableType","arg_kinds":[0,3],"arg_names":["key","digestmod"],"arg_types":[{".class":"UnionType","items":["builtins.bytes","builtins.bytearray"]},{".class":"TypeAliasType","args":[],"type_ref":"hmac._DigestMod"}],"bound_args":[],"def_extras":{"first_arg":null},"fallback":"builtins.function","from_concatenate":false,"implicit":false,"is_ellipsis_args":false,"name":"new","ret_type":"hmac.HMAC","type_guard":null,"unpack_kwargs":false,"variables":[]}]}}},"overload":{".class":"SymbolTableNode","cross_ref":"typing.overload","kind":"Gdef","module_hidden":true,"module_public":false},"sys":{".class":"SymbolTableNode","cross_ref":"sys","kind":"Gdef","module_hidden":true,"module_public":false},"trans_36":{".class":"SymbolTableNode","kind":"Gdef","node":{".class":"Var","flags":["is_ready"],"fullname":"hmac.trans_36","name":"trans_36","type":"builtins.bytes"}},"trans_5C":{".class":"SymbolTableNode","kind":"Gdef","node":{".class":"Var","flags":["is_ready"],"fullname":"hmac.trans_5C","name":"trans_5C","type":"builtins.bytes"}}},"path":"C:\\Users\\Vasilis\\AppData\\Local\\Programs\\Python\\Python313\\Lib\\site-packages\\mypy\\typeshed\\stdlib\\hmac.pyi"}