{".class":"MypyFile","_fullname":"alembic.ddl.impl","future_import_flags":["annotations"],"is_partial_stub_package":false,"is_stub":false,"names":{".class":"SymbolTable","<subclass of \"Executable\" and \"ClauseElement\">":{".class":"SymbolTableNode","kind":"Gdef","node":{".class":"TypeInfo","_promote":[],"abstract_attributes":[],"alt_promote":null,"bases":["sqlalchemy.sql.base.Executable","sqlalchemy.sql.elements.ClauseElement"],"dataclass_transform_spec":null,"declared_metaclass":null,"defn":{".class":"ClassDef","fullname":"alembic.ddl.impl.<subclass of \"Executable\" and \"ClauseElement\">","name":"<subclass of \"Executable\" and \"ClauseElement\">","type_vars":[]},"deletable_attributes":[],"flags":["is_intersection"],"fullname":"alembic.ddl.impl.<subclass of \"Executable\" and \"ClauseElement\">","has_param_spec_type":false,"metaclass_type":"sqlalchemy.sql.visitors.TraversibleType","metadata":{},"module_name":"alembic.ddl.impl","mro":["alembic.ddl.impl.<subclass of \"Executable\" and \"ClauseElement\">","sqlalchemy.sql.base.Executable","sqlalchemy.sql.roles.CoerceTextStatementRole","sqlalchemy.sql.elements.ClauseElement","sqlalchemy.sql.roles.SQLRole","sqlalchemy.sql.base.Generative","sqlalchemy.sql.annotation.SupportsWrappingAnnotations","sqlalchemy.sql.annotation.SupportsAnnotations","sqlalchemy.sql.traversals.MemoizedHasCacheKey","sqlalchemy.sql.traversals.HasCacheKey","sqlalchemy.util.langhelpers.HasMemoized","sqlalchemy.sql.traversals.HasCopyInternals","sqlalchemy.sql.visitors.Traversible","builtins.object"],"names":{".class":"SymbolTable"},"self_type":null,"slots":null,"tuple_type":null,"type_vars":[],"typeddict_type":null}},"Any":{".class":"SymbolTableNode","cross_ref":"typing.Any","kind":"Gdef"},"ApplyBatchImpl":{".class":"SymbolTableNode","cross_ref":"alembic.operations.batch.ApplyBatchImpl","kind":"Gdef"},"AutogenContext":{".class":"SymbolTableNode","cross_ref":"alembic.autogenerate.api.AutogenContext","kind":"Gdef"},"BatchOperationsImpl":{".class":"SymbolTableNode","cross_ref":"alembic.operations.batch.BatchOperationsImpl","kind":"Gdef"},"Callable":{".class":"SymbolTableNode","cross_ref":"typing.Callable","kind":"Gdef"},"ClauseElement":{".class":"SymbolTableNode","cross_ref":"sqlalchemy.sql.elements.ClauseElement","kind":"Gdef"},"Column":{".class":"SymbolTableNode","cross_ref":"sqlalchemy.sql.schema.Column","kind":"Gdef"},"ComparisonResult":{".class":"SymbolTableNode","cross_ref":"alembic.ddl._autogen.ComparisonResult","kind":"Gdef"},"Connection":{".class":"SymbolTableNode","cross_ref":"sqlalchemy.engine.base.Connection","kind":"Gdef"},"Constraint":{".class":"SymbolTableNode","cross_ref":"sqlalchemy.sql.schema.Constraint","kind":"Gdef"},"CursorResult":{".class":"SymbolTableNode","cross_ref":"sqlalchemy.engine.cursor.CursorResult","kind":"Gdef"},"DefaultImpl":{".class":"SymbolTableNode","kind":"Gdef","node":{".class":"TypeInfo","_promote":[],"abstract_attributes":[],"alt_promote":null,"bases":["builtins.object"],"dataclass_transform_spec":null,"declared_metaclass":"alembic.ddl.impl.ImplMeta","defn":{".class":"ClassDef","fullname":"alembic.ddl.impl.DefaultImpl","name":"DefaultImpl","type_vars":[]},"deletable_attributes":[],"flags":[],"fullname":"alembic.ddl.impl.DefaultImpl","has_param_spec_type":false,"metaclass_type":"alembic.ddl.impl.ImplMeta","metadata":{},"module_name":"alembic.ddl.impl","mro":["alembic.ddl.impl.DefaultImpl","builtins.object"],"names":{".class":"SymbolTable","__dialect__":{".class":"SymbolTableNode","kind":"Mdef","node":{".class":"Var","flags":["is_initialized_in_class","is_ready","is_inferred","has_explicit_value"],"fullname":"alembic.ddl.impl.DefaultImpl.__dialect__","name":"__dialect__","type":"builtins.str"}},"__init__":{".class":"SymbolTableNode","kind":"Mdef","node":{".class":"FuncDef","abstract_status":0,"arg_kinds":[0,0,0,0,0,0,0],"arg_names":["self","dialect","connection","as_sql","transactional_ddl","output_buffer","context_opts"],"dataclass_transform_spec":null,"flags":[],"fullname":"alembic.ddl.impl.DefaultImpl.__init__","name":"__init__","type":{".class":"CallableType","arg_kinds":[0,0,0,0,0,0,0],"arg_names":["self","dialect","connection","as_sql","transactional_ddl","output_buffer","context_opts"],"arg_types":["alembic.ddl.impl.DefaultImpl","sqlalchemy.engine.interfaces.Dialect",{".class":"UnionType","items":["sqlalchemy.engine.base.Connection",{".class":"NoneType"}]},"builtins.bool",{".class":"UnionType","items":["builtins.bool",{".class":"NoneType"}]},{".class":"UnionType","items":["typing.TextIO",{".class":"NoneType"}]},{".class":"Instance","args":["builtins.str",{".class":"AnyType","missing_import_name":null,"source_any":null,"type_of_any":2}],"type_ref":"builtins.dict"}],"bound_args":[],"def_extras":{"first_arg":"self"},"fallback":"builtins.function","from_concatenate":false,"implicit":false,"is_ellipsis_args":false,"name":"__init__ of DefaultImpl","ret_type":{".class":"NoneType"},"type_guard":null,"unpack_kwargs":false,"variables":[]}}},"_column_args_match":{".class":"SymbolTableNode","kind":"Mdef","node":{".class":"FuncDef","abstract_status":0,"arg_kinds":[0,0,0],"arg_names":["self","inspected_params","meta_params"],"dataclass_transform_spec":null,"flags":[],"fullname":"alembic.ddl.impl.DefaultImpl._column_args_match","name":"_column_args_match","type":{".class":"CallableType","arg_kinds":[0,0,0],"arg_names":["self","inspected_params","meta_params"],"arg_types":["alembic.ddl.impl.DefaultImpl",{".class":"TypeAliasType","args":[],"type_ref":"alembic.ddl.impl.Params"},{".class":"TypeAliasType","args":[],"type_ref":"alembic.ddl.impl.Params"}],"bound_args":[],"def_extras":{"first_arg":"self"},"fallback":"builtins.function","from_concatenate":false,"implicit":false,"is_ellipsis_args":false,"name":"_column_args_match of DefaultImpl","ret_type":"builtins.bool","type_guard":null,"unpack_kwargs":false,"variables":[]}}},"_column_types_match":{".class":"SymbolTableNode","kind":"Mdef","node":{".class":"FuncDef","abstract_status":0,"arg_kinds":[0,0,0],"arg_names":["self","inspector_params","metadata_params"],"dataclass_transform_spec":null,"flags":[],"fullname":"alembic.ddl.impl.DefaultImpl._column_types_match","name":"_column_types_match","type":{".class":"CallableType","arg_kinds":[0,0,0],"arg_names":["self","inspector_params","metadata_params"],"arg_types":["alembic.ddl.impl.DefaultImpl",{".class":"TypeAliasType","args":[],"type_ref":"alembic.ddl.impl.Params"},{".class":"TypeAliasType","args":[],"type_ref":"alembic.ddl.impl.Params"}],"bound_args":[],"def_extras":{"first_arg":"self"},"fallback":"builtins.function","from_concatenate":false,"implicit":false,"is_ellipsis_args":false,"name":"_column_types_match of DefaultImpl","ret_type":"builtins.bool","type_guard":null,"unpack_kwargs":false,"variables":[]}}},"_compare_identity_default":{".class":"SymbolTableNode","kind":"Mdef","node":{".class":"FuncDef","abstract_status":0,"arg_kinds":[0,0,0],"arg_names":["self","metadata_identity","inspector_identity"],"dataclass_transform_spec":null,"flags":[],"fullname":"alembic.ddl.impl.DefaultImpl._compare_identity_default","name":"_compare_identity_default","type":null}},"_compare_index_unique":{".class":"SymbolTableNode","kind":"Mdef","node":{".class":"FuncDef","abstract_status":0,"arg_kinds":[0,0,0],"arg_names":["self","metadata_index","reflected_index"],"dataclass_transform_spec":null,"flags":[],"fullname":"alembic.ddl.impl.DefaultImpl._compare_index_unique","name":"_compare_index_unique","type":{".class":"CallableType","arg_kinds":[0,0,0],"arg_names":["self","metadata_index","reflected_index"],"arg_types":["alembic.ddl.impl.DefaultImpl","sqlalchemy.sql.schema.Index","sqlalchemy.sql.schema.Index"],"bound_args":[],"def_extras":{"first_arg":"self"},"fallback":"builtins.function","from_concatenate":false,"implicit":false,"is_ellipsis_args":false,"name":"_compare_index_unique of DefaultImpl","ret_type":{".class":"UnionType","items":["builtins.str",{".class":"NoneType"}]},"type_guard":null,"unpack_kwargs":false,"variables":[]}}},"_compat_autogen_column_reflect":{".class":"SymbolTableNode","kind":"Mdef","node":{".class":"FuncDef","abstract_status":0,"arg_kinds":[0,0],"arg_names":["self","inspector"],"dataclass_transform_spec":null,"flags":[],"fullname":"alembic.ddl.impl.DefaultImpl._compat_autogen_column_reflect","name":"_compat_autogen_column_reflect","type":{".class":"CallableType","arg_kinds":[0,0],"arg_names":["self","inspector"],"arg_types":["alembic.ddl.impl.DefaultImpl","sqlalchemy.engine.reflection.Inspector"],"bound_args":[],"def_extras":{"first_arg":"self"},"fallback":"builtins.function","from_concatenate":false,"implicit":false,"is_ellipsis_args":false,"name":"_compat_autogen_column_reflect of DefaultImpl","ret_type":{".class":"CallableType","arg_kinds":[2,4],"arg_names":[null,null],"arg_types":[{".class":"AnyType","missing_import_name":null,"source_any":null,"type_of_any":4},{".class":"AnyType","missing_import_name":null,"source_any":null,"type_of_any":4}],"bound_args":[],"def_extras":{},"fallback":"builtins.function","from_concatenate":false,"implicit":false,"is_ellipsis_args":true,"name":null,"ret_type":{".class":"AnyType","missing_import_name":null,"source_any":null,"type_of_any":4},"type_guard":null,"unpack_kwargs":false,"variables":[]},"type_guard":null,"unpack_kwargs":false,"variables":[]}}},"_create_metadata_constraint_sig":{".class":"SymbolTableNode","kind":"Mdef","node":{".class":"FuncDef","abstract_status":0,"arg_kinds":[0,0,4],"arg_names":["self","constraint","opts"],"dataclass_transform_spec":null,"flags":[],"fullname":"alembic.ddl.impl.DefaultImpl._create_metadata_constraint_sig","name":"_create_metadata_constraint_sig","type":{".class":"CallableType","arg_kinds":[0,0,4],"arg_names":["self","constraint","opts"],"arg_types":["alembic.ddl.impl.DefaultImpl",{".class":"TypeVarType","fullname":"alembic.ddl._autogen._C","id":-1,"name":"_autogen._C","namespace":"","upper_bound":{".class":"UnionType","items":["sqlalchemy.sql.schema.Constraint","sqlalchemy.sql.schema.Index"]},"values":[],"variance":0},{".class":"AnyType","missing_import_name":null,"source_any":null,"type_of_any":2}],"bound_args":[],"def_extras":{"first_arg":"self"},"fallback":"builtins.function","from_concatenate":false,"implicit":false,"is_ellipsis_args":false,"name":"_create_metadata_constraint_sig of DefaultImpl","ret_type":{".class":"Instance","args":[{".class":"TypeVarType","fullname":"alembic.ddl._autogen._C","id":-1,"name":"_autogen._C","namespace":"","upper_bound":{".class":"UnionType","items":["sqlalchemy.sql.schema.Constraint","sqlalchemy.sql.schema.Index"]},"values":[],"variance":0}],"type_ref":"alembic.ddl._autogen._constraint_sig"},"type_guard":null,"unpack_kwargs":false,"variables":[{".class":"TypeVarType","fullname":"alembic.ddl._autogen._C","id":-1,"name":"_autogen._C","namespace":"","upper_bound":{".class":"UnionType","items":["sqlalchemy.sql.schema.Constraint","sqlalchemy.sql.schema.Index"]},"values":[],"variance":0}]}}},"_create_reflected_constraint_sig":{".class":"SymbolTableNode","kind":"Mdef","node":{".class":"FuncDef","abstract_status":0,"arg_kinds":[0,0,4],"arg_names":["self","constraint","opts"],"dataclass_transform_spec":null,"flags":[],"fullname":"alembic.ddl.impl.DefaultImpl._create_reflected_constraint_sig","name":"_create_reflected_constraint_sig","type":{".class":"CallableType","arg_kinds":[0,0,4],"arg_names":["self","constraint","opts"],"arg_types":["alembic.ddl.impl.DefaultImpl",{".class":"TypeVarType","fullname":"alembic.ddl._autogen._C","id":-1,"name":"_autogen._C","namespace":"","upper_bound":{".class":"UnionType","items":["sqlalchemy.sql.schema.Constraint","sqlalchemy.sql.schema.Index"]},"values":[],"variance":0},{".class":"AnyType","missing_import_name":null,"source_any":null,"type_of_any":2}],"bound_args":[],"def_extras":{"first_arg":"self"},"fallback":"builtins.function","from_concatenate":false,"implicit":false,"is_ellipsis_args":false,"name":"_create_reflected_constraint_sig of DefaultImpl","ret_type":{".class":"Instance","args":[{".class":"TypeVarType","fullname":"alembic.ddl._autogen._C","id":-1,"name":"_autogen._C","namespace":"","upper_bound":{".class":"UnionType","items":["sqlalchemy.sql.schema.Constraint","sqlalchemy.sql.schema.Index"]},"values":[],"variance":0}],"type_ref":"alembic.ddl._autogen._constraint_sig"},"type_guard":null,"unpack_kwargs":false,"variables":[{".class":"TypeVarType","fullname":"alembic.ddl._autogen._C","id":-1,"name":"_autogen._C","namespace":"","upper_bound":{".class":"UnionType","items":["sqlalchemy.sql.schema.Constraint","sqlalchemy.sql.schema.Index"]},"values":[],"variance":0}]}}},"_exec":{".class":"SymbolTableNode","kind":"Mdef","node":{".class":"FuncDef","abstract_status":0,"arg_kinds":[0,0,1,1,1],"arg_names":["self","construct","execution_options","multiparams","params"],"dataclass_transform_spec":null,"flags":[],"fullname":"alembic.ddl.impl.DefaultImpl._exec","name":"_exec","type":{".class":"CallableType","arg_kinds":[0,0,1,1,1],"arg_names":["self","construct","execution_options","multiparams","params"],"arg_types":["alembic.ddl.impl.DefaultImpl",{".class":"UnionType","items":["sqlalchemy.sql.base.Executable","builtins.str"]},{".class":"UnionType","items":[{".class":"Instance","args":["builtins.str",{".class":"AnyType","missing_import_name":null,"source_any":null,"type_of_any":2}],"type_ref":"typing.Mapping"},{".class":"NoneType"}]},{".class":"UnionType","items":[{".class":"Instance","args":[{".class":"Instance","args":["builtins.str",{".class":"AnyType","missing_import_name":null,"source_any":null,"type_of_any":2}],"type_ref":"typing.Mapping"}],"type_ref":"typing.Sequence"},{".class":"NoneType"}]},{".class":"Instance","args":["builtins.str",{".class":"AnyType","missing_import_name":null,"source_any":null,"type_of_any":2}],"type_ref":"typing.Mapping"}],"bound_args":[],"def_extras":{"first_arg":"self"},"fallback":"builtins.function","from_concatenate":false,"implicit":false,"is_ellipsis_args":false,"name":"_exec of DefaultImpl","ret_type":{".class":"UnionType","items":["sqlalchemy.engine.cursor.CursorResult",{".class":"NoneType"}]},"type_guard":null,"unpack_kwargs":false,"variables":[]}}},"_skip_functional_indexes":{".class":"SymbolTableNode","kind":"Mdef","node":{".class":"FuncDef","abstract_status":0,"arg_kinds":[0,0,0],"arg_names":["self","metadata_indexes","conn_indexes"],"dataclass_transform_spec":null,"flags":[],"fullname":"alembic.ddl.impl.DefaultImpl._skip_functional_indexes","name":"_skip_functional_indexes","type":null}},"_tokenize_column_type":{".class":"SymbolTableNode","kind":"Mdef","node":{".class":"FuncDef","abstract_status":0,"arg_kinds":[0,0],"arg_names":["self","column"],"dataclass_transform_spec":null,"flags":[],"fullname":"alembic.ddl.impl.DefaultImpl._tokenize_column_type","name":"_tokenize_column_type","type":{".class":"CallableType","arg_kinds":[0,0],"arg_names":["self","column"],"arg_types":["alembic.ddl.impl.DefaultImpl",{".class":"Instance","args":[{".class":"AnyType","missing_import_name":null,"source_any":null,"type_of_any":4}],"type_ref":"sqlalchemy.sql.schema.Column"}],"bound_args":[],"def_extras":{"first_arg":"self"},"fallback":"builtins.function","from_concatenate":false,"implicit":false,"is_ellipsis_args":false,"name":"_tokenize_column_type of DefaultImpl","ret_type":{".class":"TypeAliasType","args":[],"type_ref":"alembic.ddl.impl.Params"},"type_guard":null,"unpack_kwargs":false,"variables":[]}}},"add_column":{".class":"SymbolTableNode","kind":"Mdef","node":{".class":"FuncDef","abstract_status":0,"arg_kinds":[0,0,0,5,5],"arg_names":["self","table_name","column","schema","if_not_exists"],"dataclass_transform_spec":null,"flags":[],"fullname":"alembic.ddl.impl.DefaultImpl.add_column","name":"add_column","type":{".class":"CallableType","arg_kinds":[0,0,0,5,5],"arg_names":["self","table_name","column","schema","if_not_exists"],"arg_types":["alembic.ddl.impl.DefaultImpl","builtins.str",{".class":"Instance","args":[{".class":"AnyType","missing_import_name":null,"source_any":null,"type_of_any":2}],"type_ref":"sqlalchemy.sql.schema.Column"},{".class":"UnionType","items":["builtins.str","sqlalchemy.sql.elements.quoted_name",{".class":"NoneType"}]},{".class":"UnionType","items":["builtins.bool",{".class":"NoneType"}]}],"bound_args":[],"def_extras":{"first_arg":"self"},"fallback":"builtins.function","from_concatenate":false,"implicit":false,"is_ellipsis_args":false,"name":"add_column of DefaultImpl","ret_type":{".class":"NoneType"},"type_guard":null,"unpack_kwargs":false,"variables":[]}}},"add_constraint":{".class":"SymbolTableNode","kind":"Mdef","node":{".class":"FuncDef","abstract_status":0,"arg_kinds":[0,0],"arg_names":["self","const"],"dataclass_transform_spec":null,"flags":[],"fullname":"alembic.ddl.impl.DefaultImpl.add_constraint","name":"add_constraint","type":{".class":"CallableType","arg_kinds":[0,0],"arg_names":["self","const"],"arg_types":["alembic.ddl.impl.DefaultImpl",{".class":"AnyType","missing_import_name":null,"source_any":null,"type_of_any":2}],"bound_args":[],"def_extras":{"first_arg":"self"},"fallback":"builtins.function","from_concatenate":false,"implicit":false,"is_ellipsis_args":false,"name":"add_constraint of DefaultImpl","ret_type":{".class":"NoneType"},"type_guard":null,"unpack_kwargs":false,"variables":[]}}},"adjust_reflected_dialect_options":{".class":"SymbolTableNode","kind":"Mdef","node":{".class":"FuncDef","abstract_status":0,"arg_kinds":[0,0,0],"arg_names":["self","reflected_object","kind"],"dataclass_transform_spec":null,"flags":[],"fullname":"alembic.ddl.impl.DefaultImpl.adjust_reflected_dialect_options","name":"adjust_reflected_dialect_options","type":{".class":"CallableType","arg_kinds":[0,0,0],"arg_names":["self","reflected_object","kind"],"arg_types":["alembic.ddl.impl.DefaultImpl",{".class":"Instance","args":["builtins.str",{".class":"AnyType","missing_import_name":null,"source_any":null,"type_of_any":2}],"type_ref":"builtins.dict"},"builtins.str"],"bound_args":[],"def_extras":{"first_arg":"self"},"fallback":"builtins.function","from_concatenate":false,"implicit":false,"is_ellipsis_args":false,"name":"adjust_reflected_dialect_options of DefaultImpl","ret_type":{".class":"Instance","args":["builtins.str",{".class":"AnyType","missing_import_name":null,"source_any":null,"type_of_any":2}],"type_ref":"builtins.dict"},"type_guard":null,"unpack_kwargs":false,"variables":[]}}},"alter_column":{".class":"SymbolTableNode","kind":"Mdef","node":{".class":"FuncDef","abstract_status":0,"arg_kinds":[0,0,0,5,5,5,5,5,5,5,5,5,5,5,5,4],"arg_names":["self","table_name","column_name","nullable","server_default","name","type_","schema","autoincrement","comment","existing_comment","existing_type","existing_server_default","existing_nullable","existing_autoincrement","kw"],"dataclass_transform_spec":null,"flags":[],"fullname":"alembic.ddl.impl.DefaultImpl.alter_column","name":"alter_column","type":{".class":"CallableType","arg_kinds":[0,0,0,5,5,5,5,5,5,5,5,5,5,5,5,4],"arg_names":["self","table_name","column_name","nullable","server_default","name","type_","schema","autoincrement","comment","existing_comment","existing_type","existing_server_default","existing_nullable","existing_autoincrement","kw"],"arg_types":["alembic.ddl.impl.DefaultImpl","builtins.str","builtins.str",{".class":"UnionType","items":["builtins.bool",{".class":"NoneType"}]},{".class":"UnionType","items":[{".class":"TypeAliasType","args":[],"type_ref":"alembic.ddl.base._ServerDefault"},{".class":"LiteralType","fallback":"builtins.bool","value":false},{".class":"NoneType"}]},{".class":"UnionType","items":["builtins.str",{".class":"NoneType"}]},{".class":"UnionType","items":[{".class":"Instance","args":[{".class":"AnyType","missing_import_name":null,"source_any":null,"type_of_any":4}],"type_ref":"sqlalchemy.sql.type_api.TypeEngine"},{".class":"NoneType"}]},{".class":"UnionType","items":["builtins.str",{".class":"NoneType"}]},{".class":"UnionType","items":["builtins.bool",{".class":"NoneType"}]},{".class":"UnionType","items":["builtins.str",{".class":"LiteralType","fallback":"builtins.bool","value":false},{".class":"NoneType"}]},{".class":"UnionType","items":["builtins.str",{".class":"NoneType"}]},{".class":"UnionType","items":[{".class":"Instance","args":[{".class":"AnyType","missing_import_name":null,"source_any":null,"type_of_any":4}],"type_ref":"sqlalchemy.sql.type_api.TypeEngine"},{".class":"NoneType"}]},{".class":"UnionType","items":["sqlalchemy.sql.elements.TextClause","sqlalchemy.sql.schema.FetchedValue",{".class":"Instance","args":[{".class":"AnyType","missing_import_name":null,"source_any":null,"type_of_any":6}],"type_ref":"sqlalchemy.sql.functions.Function"},"builtins.str",{".class":"NoneType"}]},{".class":"UnionType","items":["builtins.bool",{".class":"NoneType"}]},{".class":"UnionType","items":["builtins.bool",{".class":"NoneType"}]},{".class":"AnyType","missing_import_name":null,"source_any":null,"type_of_any":2}],"bound_args":[],"def_extras":{"first_arg":"self"},"fallback":"builtins.function","from_concatenate":false,"implicit":false,"is_ellipsis_args":false,"name":"alter_column of DefaultImpl","ret_type":{".class":"NoneType"},"type_guard":null,"unpack_kwargs":false,"variables":[]}}},"as_sql":{".class":"SymbolTableNode","implicit":true,"kind":"Mdef","node":{".class":"Var","flags":["is_inferred"],"fullname":"alembic.ddl.impl.DefaultImpl.as_sql","name":"as_sql","type":"builtins.bool"}},"autogen_column_reflect":{".class":"SymbolTableNode","kind":"Mdef","node":{".class":"FuncDef","abstract_status":0,"arg_kinds":[0,0,0,0],"arg_names":["self","inspector","table","column_info"],"dataclass_transform_spec":null,"flags":[],"fullname":"alembic.ddl.impl.DefaultImpl.autogen_column_reflect","name":"autogen_column_reflect","type":null}},"bind":{".class":"SymbolTableNode","kind":"Mdef","node":{".class":"Decorator","func":{".class":"FuncDef","abstract_status":0,"arg_kinds":[0],"arg_names":["self"],"dataclass_transform_spec":null,"flags":["is_property","is_decorated"],"fullname":"alembic.ddl.impl.DefaultImpl.bind","name":"bind","type":{".class":"CallableType","arg_kinds":[0],"arg_names":["self"],"arg_types":["alembic.ddl.impl.DefaultImpl"],"bound_args":[],"def_extras":{"first_arg":"self"},"fallback":"builtins.function","from_concatenate":false,"implicit":false,"is_ellipsis_args":false,"name":"bind of DefaultImpl","ret_type":{".class":"UnionType","items":["sqlalchemy.engine.base.Connection",{".class":"NoneType"}]},"type_guard":null,"unpack_kwargs":false,"variables":[]}},"is_overload":false,"var":{".class":"Var","flags":["is_initialized_in_class","is_property","is_ready","is_inferred"],"fullname":"alembic.ddl.impl.DefaultImpl.bind","name":"bind","type":{".class":"CallableType","arg_kinds":[0],"arg_names":["self"],"arg_types":["alembic.ddl.impl.DefaultImpl"],"bound_args":[],"def_extras":{"first_arg":"self"},"fallback":"builtins.function","from_concatenate":false,"implicit":false,"is_ellipsis_args":false,"name":"bind of DefaultImpl","ret_type":{".class":"UnionType","items":["sqlalchemy.engine.base.Connection",{".class":"NoneType"}]},"type_guard":null,"unpack_kwargs":false,"variables":[]}}}},"bulk_insert":{".class":"SymbolTableNode","kind":"Mdef","node":{".class":"FuncDef","abstract_status":0,"arg_kinds":[0,0,0,1],"arg_names":["self","table","rows","multiinsert"],"dataclass_transform_spec":null,"flags":[],"fullname":"alembic.ddl.impl.DefaultImpl.bulk_insert","name":"bulk_insert","type":{".class":"CallableType","arg_kinds":[0,0,0,1],"arg_names":["self","table","rows","multiinsert"],"arg_types":["alembic.ddl.impl.DefaultImpl",{".class":"UnionType","items":["sqlalchemy.sql.selectable.TableClause","sqlalchemy.sql.schema.Table"]},{".class":"Instance","args":[{".class":"Instance","args":[{".class":"AnyType","missing_import_name":null,"source_any":null,"type_of_any":4},{".class":"AnyType","missing_import_name":null,"source_any":null,"type_of_any":4}],"type_ref":"builtins.dict"}],"type_ref":"builtins.list"},"builtins.bool"],"bound_args":[],"def_extras":{"first_arg":"self"},"fallback":"builtins.function","from_concatenate":false,"implicit":false,"is_ellipsis_args":false,"name":"bulk_insert of DefaultImpl","ret_type":{".class":"NoneType"},"type_guard":null,"unpack_kwargs":false,"variables":[]}}},"cast_for_batch_migrate":{".class":"SymbolTableNode","kind":"Mdef","node":{".class":"FuncDef","abstract_status":0,"arg_kinds":[0,0,0,0],"arg_names":["self","existing","existing_transfer","new_type"],"dataclass_transform_spec":null,"flags":[],"fullname":"alembic.ddl.impl.DefaultImpl.cast_for_batch_migrate","name":"cast_for_batch_migrate","type":null}},"command_terminator":{".class":"SymbolTableNode","kind":"Mdef","node":{".class":"Var","flags":["is_initialized_in_class","is_ready","is_inferred","has_explicit_value"],"fullname":"alembic.ddl.impl.DefaultImpl.command_terminator","name":"command_terminator","type":"builtins.str"}},"compare_indexes":{".class":"SymbolTableNode","kind":"Mdef","node":{".class":"FuncDef","abstract_status":0,"arg_kinds":[0,0,0],"arg_names":["self","metadata_index","reflected_index"],"dataclass_transform_spec":null,"flags":[],"fullname":"alembic.ddl.impl.DefaultImpl.compare_indexes","name":"compare_indexes","type":{".class":"CallableType","arg_kinds":[0,0,0],"arg_names":["self","metadata_index","reflected_index"],"arg_types":["alembic.ddl.impl.DefaultImpl","sqlalchemy.sql.schema.Index","sqlalchemy.sql.schema.Index"],"bound_args":[],"def_extras":{"first_arg":"self"},"fallback":"builtins.function","from_concatenate":false,"implicit":false,"is_ellipsis_args":false,"name":"compare_indexes of DefaultImpl","ret_type":{".class":"TypeAliasType","args":[],"type_ref":"alembic.ddl._autogen.ComparisonResult"},"type_guard":null,"unpack_kwargs":false,"variables":[]}}},"compare_server_default":{".class":"SymbolTableNode","kind":"Mdef","node":{".class":"FuncDef","abstract_status":0,"arg_kinds":[0,0,0,0,0],"arg_names":["self","inspector_column","metadata_column","rendered_metadata_default","rendered_inspector_default"],"dataclass_transform_spec":null,"flags":[],"fullname":"alembic.ddl.impl.DefaultImpl.compare_server_default","name":"compare_server_default","type":null}},"compare_type":{".class":"SymbolTableNode","kind":"Mdef","node":{".class":"FuncDef","abstract_status":0,"arg_kinds":[0,0,0],"arg_names":["self","inspector_column","metadata_column"],"dataclass_transform_spec":null,"flags":[],"fullname":"alembic.ddl.impl.DefaultImpl.compare_type","name":"compare_type","type":{".class":"CallableType","arg_kinds":[0,0,0],"arg_names":["self","inspector_column","metadata_column"],"arg_types":["alembic.ddl.impl.DefaultImpl",{".class":"Instance","args":[{".class":"AnyType","missing_import_name":null,"source_any":null,"type_of_any":2}],"type_ref":"sqlalchemy.sql.schema.Column"},{".class":"Instance","args":[{".class":"AnyType","missing_import_name":null,"source_any":null,"type_of_any":4}],"type_ref":"sqlalchemy.sql.schema.Column"}],"bound_args":[],"def_extras":{"first_arg":"self"},"fallback":"builtins.function","from_concatenate":false,"implicit":false,"is_ellipsis_args":false,"name":"compare_type of DefaultImpl","ret_type":"builtins.bool","type_guard":null,"unpack_kwargs":false,"variables":[]}}},"compare_unique_constraint":{".class":"SymbolTableNode","kind":"Mdef","node":{".class":"FuncDef","abstract_status":0,"arg_kinds":[0,0,0],"arg_names":["self","metadata_constraint","reflected_constraint"],"dataclass_transform_spec":null,"flags":[],"fullname":"alembic.ddl.impl.DefaultImpl.compare_unique_constraint","name":"compare_unique_constraint","type":{".class":"CallableType","arg_kinds":[0,0,0],"arg_names":["self","metadata_constraint","reflected_constraint"],"arg_types":["alembic.ddl.impl.DefaultImpl","sqlalchemy.sql.schema.UniqueConstraint","sqlalchemy.sql.schema.UniqueConstraint"],"bound_args":[],"def_extras":{"first_arg":"self"},"fallback":"builtins.function","from_concatenate":false,"implicit":false,"is_ellipsis_args":false,"name":"compare_unique_constraint of DefaultImpl","ret_type":{".class":"TypeAliasType","args":[],"type_ref":"alembic.ddl._autogen.ComparisonResult"},"type_guard":null,"unpack_kwargs":false,"variables":[]}}},"connection":{".class":"SymbolTableNode","implicit":true,"kind":"Mdef","node":{".class":"Var","flags":["is_inferred"],"fullname":"alembic.ddl.impl.DefaultImpl.connection","name":"connection","type":{".class":"UnionType","items":["sqlalchemy.engine.base.Connection",{".class":"NoneType"}]}}},"context_opts":{".class":"SymbolTableNode","implicit":true,"kind":"Mdef","node":{".class":"Var","flags":["is_inferred"],"fullname":"alembic.ddl.impl.DefaultImpl.context_opts","name":"context_opts","type":{".class":"Instance","args":["builtins.str",{".class":"AnyType","missing_import_name":null,"source_any":null,"type_of_any":2}],"type_ref":"builtins.dict"}}},"correct_for_autogen_constraints":{".class":"SymbolTableNode","kind":"Mdef","node":{".class":"FuncDef","abstract_status":0,"arg_kinds":[0,0,0,0,0],"arg_names":["self","conn_uniques","conn_indexes","metadata_unique_constraints","metadata_indexes"],"dataclass_transform_spec":null,"flags":[],"fullname":"alembic.ddl.impl.DefaultImpl.correct_for_autogen_constraints","name":"correct_for_autogen_constraints","type":{".class":"CallableType","arg_kinds":[0,0,0,0,0],"arg_names":["self","conn_uniques","conn_indexes","metadata_unique_constraints","metadata_indexes"],"arg_types":["alembic.ddl.impl.DefaultImpl",{".class":"Instance","args":["sqlalchemy.sql.schema.UniqueConstraint"],"type_ref":"builtins.set"},{".class":"Instance","args":["sqlalchemy.sql.schema.Index"],"type_ref":"builtins.set"},{".class":"Instance","args":["sqlalchemy.sql.schema.UniqueConstraint"],"type_ref":"builtins.set"},{".class":"Instance","args":["sqlalchemy.sql.schema.Index"],"type_ref":"builtins.set"}],"bound_args":[],"def_extras":{"first_arg":"self"},"fallback":"builtins.function","from_concatenate":false,"implicit":false,"is_ellipsis_args":false,"name":"correct_for_autogen_constraints of DefaultImpl","ret_type":{".class":"NoneType"},"type_guard":null,"unpack_kwargs":false,"variables":[]}}},"correct_for_autogen_foreignkeys":{".class":"SymbolTableNode","kind":"Mdef","node":{".class":"FuncDef","abstract_status":0,"arg_kinds":[0,0,0],"arg_names":["self","conn_fks","metadata_fks"],"dataclass_transform_spec":null,"flags":[],"fullname":"alembic.ddl.impl.DefaultImpl.correct_for_autogen_foreignkeys","name":"correct_for_autogen_foreignkeys","type":{".class":"CallableType","arg_kinds":[0,0,0],"arg_names":["self","conn_fks","metadata_fks"],"arg_types":["alembic.ddl.impl.DefaultImpl",{".class":"Instance","args":["sqlalchemy.sql.schema.ForeignKeyConstraint"],"type_ref":"builtins.set"},{".class":"Instance","args":["sqlalchemy.sql.schema.ForeignKeyConstraint"],"type_ref":"builtins.set"}],"bound_args":[],"def_extras":{"first_arg":"self"},"fallback":"builtins.function","from_concatenate":false,"implicit":false,"is_ellipsis_args":false,"name":"correct_for_autogen_foreignkeys of DefaultImpl","ret_type":{".class":"NoneType"},"type_guard":null,"unpack_kwargs":false,"variables":[]}}},"create_column_comment":{".class":"SymbolTableNode","kind":"Mdef","node":{".class":"FuncDef","abstract_status":0,"arg_kinds":[0,0],"arg_names":["self","column"],"dataclass_transform_spec":null,"flags":[],"fullname":"alembic.ddl.impl.DefaultImpl.create_column_comment","name":"create_column_comment","type":{".class":"CallableType","arg_kinds":[0,0],"arg_names":["self","column"],"arg_types":["alembic.ddl.impl.DefaultImpl",{".class":"Instance","args":[{".class":"AnyType","missing_import_name":null,"source_any":null,"type_of_any":2}],"type_ref":"sqlalchemy.sql.schema.Column"}],"bound_args":[],"def_extras":{"first_arg":"self"},"fallback":"builtins.function","from_concatenate":false,"implicit":false,"is_ellipsis_args":false,"name":"create_column_comment of DefaultImpl","ret_type":{".class":"NoneType"},"type_guard":null,"unpack_kwargs":false,"variables":[]}}},"create_index":{".class":"SymbolTableNode","kind":"Mdef","node":{".class":"FuncDef","abstract_status":0,"arg_kinds":[0,0,4],"arg_names":["self","index","kw"],"dataclass_transform_spec":null,"flags":[],"fullname":"alembic.ddl.impl.DefaultImpl.create_index","name":"create_index","type":{".class":"CallableType","arg_kinds":[0,0,4],"arg_names":["self","index","kw"],"arg_types":["alembic.ddl.impl.DefaultImpl","sqlalchemy.sql.schema.Index",{".class":"AnyType","missing_import_name":null,"source_any":null,"type_of_any":2}],"bound_args":[],"def_extras":{"first_arg":"self"},"fallback":"builtins.function","from_concatenate":false,"implicit":false,"is_ellipsis_args":false,"name":"create_index of DefaultImpl","ret_type":{".class":"NoneType"},"type_guard":null,"unpack_kwargs":false,"variables":[]}}},"create_table":{".class":"SymbolTableNode","kind":"Mdef","node":{".class":"FuncDef","abstract_status":0,"arg_kinds":[0,0,4],"arg_names":["self","table","kw"],"dataclass_transform_spec":null,"flags":[],"fullname":"alembic.ddl.impl.DefaultImpl.create_table","name":"create_table","type":{".class":"CallableType","arg_kinds":[0,0,4],"arg_names":["self","table","kw"],"arg_types":["alembic.ddl.impl.DefaultImpl","sqlalchemy.sql.schema.Table",{".class":"AnyType","missing_import_name":null,"source_any":null,"type_of_any":2}],"bound_args":[],"def_extras":{"first_arg":"self"},"fallback":"builtins.function","from_concatenate":false,"implicit":false,"is_ellipsis_args":false,"name":"create_table of DefaultImpl","ret_type":{".class":"NoneType"},"type_guard":null,"unpack_kwargs":false,"variables":[]}}},"create_table_comment":{".class":"SymbolTableNode","kind":"Mdef","node":{".class":"FuncDef","abstract_status":0,"arg_kinds":[0,0],"arg_names":["self","table"],"dataclass_transform_spec":null,"flags":[],"fullname":"alembic.ddl.impl.DefaultImpl.create_table_comment","name":"create_table_comment","type":{".class":"CallableType","arg_kinds":[0,0],"arg_names":["self","table"],"arg_types":["alembic.ddl.impl.DefaultImpl","sqlalchemy.sql.schema.Table"],"bound_args":[],"def_extras":{"first_arg":"self"},"fallback":"builtins.function","from_concatenate":false,"implicit":false,"is_ellipsis_args":false,"name":"create_table_comment of DefaultImpl","ret_type":{".class":"NoneType"},"type_guard":null,"unpack_kwargs":false,"variables":[]}}},"dialect":{".class":"SymbolTableNode","implicit":true,"kind":"Mdef","node":{".class":"Var","flags":["is_inferred"],"fullname":"alembic.ddl.impl.DefaultImpl.dialect","name":"dialect","type":"sqlalchemy.engine.interfaces.Dialect"}},"drop_column":{".class":"SymbolTableNode","kind":"Mdef","node":{".class":"FuncDef","abstract_status":0,"arg_kinds":[0,0,0,5,5,4],"arg_names":["self","table_name","column","schema","if_exists","kw"],"dataclass_transform_spec":null,"flags":[],"fullname":"alembic.ddl.impl.DefaultImpl.drop_column","name":"drop_column","type":{".class":"CallableType","arg_kinds":[0,0,0,5,5,4],"arg_names":["self","table_name","column","schema","if_exists","kw"],"arg_types":["alembic.ddl.impl.DefaultImpl","builtins.str",{".class":"Instance","args":[{".class":"AnyType","missing_import_name":null,"source_any":null,"type_of_any":2}],"type_ref":"sqlalchemy.sql.schema.Column"},{".class":"UnionType","items":["builtins.str",{".class":"NoneType"}]},{".class":"UnionType","items":["builtins.bool",{".class":"NoneType"}]},{".class":"AnyType","missing_import_name":null,"source_any":null,"type_of_any":1}],"bound_args":[],"def_extras":{"first_arg":"self"},"fallback":"builtins.function","from_concatenate":false,"implicit":false,"is_ellipsis_args":false,"name":"drop_column of DefaultImpl","ret_type":{".class":"NoneType"},"type_guard":null,"unpack_kwargs":false,"variables":[]}}},"drop_constraint":{".class":"SymbolTableNode","kind":"Mdef","node":{".class":"FuncDef","abstract_status":0,"arg_kinds":[0,0,4],"arg_names":["self","const","kw"],"dataclass_transform_spec":null,"flags":[],"fullname":"alembic.ddl.impl.DefaultImpl.drop_constraint","name":"drop_constraint","type":{".class":"CallableType","arg_kinds":[0,0,4],"arg_names":["self","const","kw"],"arg_types":["alembic.ddl.impl.DefaultImpl","sqlalchemy.sql.schema.Constraint",{".class":"AnyType","missing_import_name":null,"source_any":null,"type_of_any":2}],"bound_args":[],"def_extras":{"first_arg":"self"},"fallback":"builtins.function","from_concatenate":false,"implicit":false,"is_ellipsis_args":false,"name":"drop_constraint of DefaultImpl","ret_type":{".class":"NoneType"},"type_guard":null,"unpack_kwargs":false,"variables":[]}}},"drop_index":{".class":"SymbolTableNode","kind":"Mdef","node":{".class":"FuncDef","abstract_status":0,"arg_kinds":[0,0,4],"arg_names":["self","index","kw"],"dataclass_transform_spec":null,"flags":[],"fullname":"alembic.ddl.impl.DefaultImpl.drop_index","name":"drop_index","type":{".class":"CallableType","arg_kinds":[0,0,4],"arg_names":["self","index","kw"],"arg_types":["alembic.ddl.impl.DefaultImpl","sqlalchemy.sql.schema.Index",{".class":"AnyType","missing_import_name":null,"source_any":null,"type_of_any":2}],"bound_args":[],"def_extras":{"first_arg":"self"},"fallback":"builtins.function","from_concatenate":false,"implicit":false,"is_ellipsis_args":false,"name":"drop_index of DefaultImpl","ret_type":{".class":"NoneType"},"type_guard":null,"unpack_kwargs":false,"variables":[]}}},"drop_table":{".class":"SymbolTableNode","kind":"Mdef","node":{".class":"FuncDef","abstract_status":0,"arg_kinds":[0,0,4],"arg_names":["self","table","kw"],"dataclass_transform_spec":null,"flags":[],"fullname":"alembic.ddl.impl.DefaultImpl.drop_table","name":"drop_table","type":{".class":"CallableType","arg_kinds":[0,0,4],"arg_names":["self","table","kw"],"arg_types":["alembic.ddl.impl.DefaultImpl","sqlalchemy.sql.schema.Table",{".class":"AnyType","missing_import_name":null,"source_any":null,"type_of_any":2}],"bound_args":[],"def_extras":{"first_arg":"self"},"fallback":"builtins.function","from_concatenate":false,"implicit":false,"is_ellipsis_args":false,"name":"drop_table of DefaultImpl","ret_type":{".class":"NoneType"},"type_guard":null,"unpack_kwargs":false,"variables":[]}}},"drop_table_comment":{".class":"SymbolTableNode","kind":"Mdef","node":{".class":"FuncDef","abstract_status":0,"arg_kinds":[0,0],"arg_names":["self","table"],"dataclass_transform_spec":null,"flags":[],"fullname":"alembic.ddl.impl.DefaultImpl.drop_table_comment","name":"drop_table_comment","type":{".class":"CallableType","arg_kinds":[0,0],"arg_names":["self","table"],"arg_types":["alembic.ddl.impl.DefaultImpl","sqlalchemy.sql.schema.Table"],"bound_args":[],"def_extras":{"first_arg":"self"},"fallback":"builtins.function","from_concatenate":false,"implicit":false,"is_ellipsis_args":false,"name":"drop_table_comment of DefaultImpl","ret_type":{".class":"NoneType"},"type_guard":null,"unpack_kwargs":false,"variables":[]}}},"emit_begin":{".class":"SymbolTableNode","kind":"Mdef","node":{".class":"FuncDef","abstract_status":0,"arg_kinds":[0],"arg_names":["self"],"dataclass_transform_spec":null,"flags":[],"fullname":"alembic.ddl.impl.DefaultImpl.emit_begin","name":"emit_begin","type":{".class":"CallableType","arg_kinds":[0],"arg_names":["self"],"arg_types":["alembic.ddl.impl.DefaultImpl"],"bound_args":[],"def_extras":{"first_arg":"self"},"fallback":"builtins.function","from_concatenate":false,"implicit":false,"is_ellipsis_args":false,"name":"emit_begin of DefaultImpl","ret_type":{".class":"NoneType"},"type_guard":null,"unpack_kwargs":false,"variables":[]}}},"emit_commit":{".class":"SymbolTableNode","kind":"Mdef","node":{".class":"FuncDef","abstract_status":0,"arg_kinds":[0],"arg_names":["self"],"dataclass_transform_spec":null,"flags":[],"fullname":"alembic.ddl.impl.DefaultImpl.emit_commit","name":"emit_commit","type":{".class":"CallableType","arg_kinds":[0],"arg_names":["self"],"arg_types":["alembic.ddl.impl.DefaultImpl"],"bound_args":[],"def_extras":{"first_arg":"self"},"fallback":"builtins.function","from_concatenate":false,"implicit":false,"is_ellipsis_args":false,"name":"emit_commit of DefaultImpl","ret_type":{".class":"NoneType"},"type_guard":null,"unpack_kwargs":false,"variables":[]}}},"execute":{".class":"SymbolTableNode","kind":"Mdef","node":{".class":"FuncDef","abstract_status":0,"arg_kinds":[0,0,1],"arg_names":["self","sql","execution_options"],"dataclass_transform_spec":null,"flags":[],"fullname":"alembic.ddl.impl.DefaultImpl.execute","name":"execute","type":{".class":"CallableType","arg_kinds":[0,0,1],"arg_names":["self","sql","execution_options"],"arg_types":["alembic.ddl.impl.DefaultImpl",{".class":"UnionType","items":["sqlalchemy.sql.base.Executable","builtins.str"]},{".class":"UnionType","items":[{".class":"Instance","args":["builtins.str",{".class":"AnyType","missing_import_name":null,"source_any":null,"type_of_any":2}],"type_ref":"builtins.dict"},{".class":"NoneType"}]}],"bound_args":[],"def_extras":{"first_arg":"self"},"fallback":"builtins.function","from_concatenate":false,"implicit":false,"is_ellipsis_args":false,"name":"execute of DefaultImpl","ret_type":{".class":"NoneType"},"type_guard":null,"unpack_kwargs":false,"variables":[]}}},"get_by_dialect":{".class":"SymbolTableNode","kind":"Mdef","node":{".class":"Decorator","func":{".class":"FuncDef","abstract_status":0,"arg_kinds":[0,0],"arg_names":["cls","dialect"],"dataclass_transform_spec":null,"flags":["is_class","is_decorated"],"fullname":"alembic.ddl.impl.DefaultImpl.get_by_dialect","name":"get_by_dialect","type":{".class":"CallableType","arg_kinds":[0,0],"arg_names":["cls","dialect"],"arg_types":[{".class":"TypeType","item":"alembic.ddl.impl.DefaultImpl"},"sqlalchemy.engine.interfaces.Dialect"],"bound_args":[],"def_extras":{"first_arg":"cls"},"fallback":"builtins.function","from_concatenate":false,"implicit":false,"is_ellipsis_args":false,"name":"get_by_dialect of DefaultImpl","ret_type":{".class":"TypeType","item":"alembic.ddl.impl.DefaultImpl"},"type_guard":null,"unpack_kwargs":false,"variables":[]}},"is_overload":false,"var":{".class":"Var","flags":["is_initialized_in_class","is_classmethod","is_ready","is_inferred"],"fullname":"alembic.ddl.impl.DefaultImpl.get_by_dialect","name":"get_by_dialect","type":{".class":"CallableType","arg_kinds":[0,0],"arg_names":["cls","dialect"],"arg_types":[{".class":"TypeType","item":"alembic.ddl.impl.DefaultImpl"},"sqlalchemy.engine.interfaces.Dialect"],"bound_args":[],"def_extras":{"first_arg":"cls"},"fallback":"builtins.function","from_concatenate":false,"implicit":false,"is_ellipsis_args":false,"name":"get_by_dialect of DefaultImpl","ret_type":{".class":"TypeType","item":"alembic.ddl.impl.DefaultImpl"},"type_guard":null,"unpack_kwargs":false,"variables":[]}}}},"identity_attrs_ignore":{".class":"SymbolTableNode","kind":"Mdef","node":{".class":"Var","flags":["is_initialized_in_class","is_ready","has_explicit_value"],"fullname":"alembic.ddl.impl.DefaultImpl.identity_attrs_ignore","name":"identity_attrs_ignore","type":{".class":"Instance","args":["builtins.str"],"type_ref":"builtins.tuple"}}},"literal_binds":{".class":"SymbolTableNode","implicit":true,"kind":"Mdef","node":{".class":"Var","flags":["is_inferred"],"fullname":"alembic.ddl.impl.DefaultImpl.literal_binds","name":"literal_binds","type":{".class":"AnyType","missing_import_name":null,"source_any":null,"type_of_any":2}}},"memo":{".class":"SymbolTableNode","implicit":true,"kind":"Mdef","node":{".class":"Var","flags":["explicit_self_type","is_ready","is_inferred"],"fullname":"alembic.ddl.impl.DefaultImpl.memo","name":"memo","type":{".class":"Instance","args":[{".class":"AnyType","missing_import_name":null,"source_any":null,"type_of_any":4},{".class":"AnyType","missing_import_name":null,"source_any":null,"type_of_any":4}],"type_ref":"builtins.dict"}}},"output_buffer":{".class":"SymbolTableNode","implicit":true,"kind":"Mdef","node":{".class":"Var","flags":["is_inferred"],"fullname":"alembic.ddl.impl.DefaultImpl.output_buffer","name":"output_buffer","type":{".class":"UnionType","items":["typing.TextIO",{".class":"NoneType"}]}}},"prep_table_for_batch":{".class":"SymbolTableNode","kind":"Mdef","node":{".class":"FuncDef","abstract_status":0,"arg_kinds":[0,0,0],"arg_names":["self","batch_impl","table"],"dataclass_transform_spec":null,"flags":[],"fullname":"alembic.ddl.impl.DefaultImpl.prep_table_for_batch","name":"prep_table_for_batch","type":{".class":"CallableType","arg_kinds":[0,0,0],"arg_names":["self","batch_impl","table"],"arg_types":["alembic.ddl.impl.DefaultImpl","alembic.operations.batch.ApplyBatchImpl","sqlalchemy.sql.schema.Table"],"bound_args":[],"def_extras":{"first_arg":"self"},"fallback":"builtins.function","from_concatenate":false,"implicit":false,"is_ellipsis_args":false,"name":"prep_table_for_batch of DefaultImpl","ret_type":{".class":"NoneType"},"type_guard":null,"unpack_kwargs":false,"variables":[]}}},"rename_table":{".class":"SymbolTableNode","kind":"Mdef","node":{".class":"FuncDef","abstract_status":0,"arg_kinds":[0,0,0,1],"arg_names":["self","old_table_name","new_table_name","schema"],"dataclass_transform_spec":null,"flags":[],"fullname":"alembic.ddl.impl.DefaultImpl.rename_table","name":"rename_table","type":{".class":"CallableType","arg_kinds":[0,0,0,1],"arg_names":["self","old_table_name","new_table_name","schema"],"arg_types":["alembic.ddl.impl.DefaultImpl","builtins.str",{".class":"UnionType","items":["builtins.str","sqlalchemy.sql.elements.quoted_name"]},{".class":"UnionType","items":["builtins.str","sqlalchemy.sql.elements.quoted_name",{".class":"NoneType"}]}],"bound_args":[],"def_extras":{"first_arg":"self"},"fallback":"builtins.function","from_concatenate":false,"implicit":false,"is_ellipsis_args":false,"name":"rename_table of DefaultImpl","ret_type":{".class":"NoneType"},"type_guard":null,"unpack_kwargs":false,"variables":[]}}},"render_ddl_sql_expr":{".class":"SymbolTableNode","kind":"Mdef","node":{".class":"FuncDef","abstract_status":0,"arg_kinds":[0,0,1,4],"arg_names":["self","expr","is_server_default","kw"],"dataclass_transform_spec":null,"flags":[],"fullname":"alembic.ddl.impl.DefaultImpl.render_ddl_sql_expr","name":"render_ddl_sql_expr","type":{".class":"CallableType","arg_kinds":[0,0,1,4],"arg_names":["self","expr","is_server_default","kw"],"arg_types":["alembic.ddl.impl.DefaultImpl","sqlalchemy.sql.elements.ClauseElement","builtins.bool",{".class":"AnyType","missing_import_name":null,"source_any":null,"type_of_any":2}],"bound_args":[],"def_extras":{"first_arg":"self"},"fallback":"builtins.function","from_concatenate":false,"implicit":false,"is_ellipsis_args":false,"name":"render_ddl_sql_expr of DefaultImpl","ret_type":"builtins.str","type_guard":null,"unpack_kwargs":false,"variables":[]}}},"render_type":{".class":"SymbolTableNode","kind":"Mdef","node":{".class":"FuncDef","abstract_status":0,"arg_kinds":[0,0,0],"arg_names":["self","type_obj","autogen_context"],"dataclass_transform_spec":null,"flags":[],"fullname":"alembic.ddl.impl.DefaultImpl.render_type","name":"render_type","type":{".class":"CallableType","arg_kinds":[0,0,0],"arg_names":["self","type_obj","autogen_context"],"arg_types":["alembic.ddl.impl.DefaultImpl",{".class":"Instance","args":[{".class":"AnyType","missing_import_name":null,"source_any":null,"type_of_any":4}],"type_ref":"sqlalchemy.sql.type_api.TypeEngine"},"alembic.autogenerate.api.AutogenContext"],"bound_args":[],"def_extras":{"first_arg":"self"},"fallback":"builtins.function","from_concatenate":false,"implicit":false,"is_ellipsis_args":false,"name":"render_type of DefaultImpl","ret_type":{".class":"UnionType","items":["builtins.str",{".class":"LiteralType","fallback":"builtins.bool","value":false}]},"type_guard":null,"unpack_kwargs":false,"variables":[]}}},"requires_recreate_in_batch":{".class":"SymbolTableNode","kind":"Mdef","node":{".class":"FuncDef","abstract_status":0,"arg_kinds":[0,0],"arg_names":["self","batch_op"],"dataclass_transform_spec":null,"flags":[],"fullname":"alembic.ddl.impl.DefaultImpl.requires_recreate_in_batch","name":"requires_recreate_in_batch","type":{".class":"CallableType","arg_kinds":[0,0],"arg_names":["self","batch_op"],"arg_types":["alembic.ddl.impl.DefaultImpl","alembic.operations.batch.BatchOperationsImpl"],"bound_args":[],"def_extras":{"first_arg":"self"},"fallback":"builtins.function","from_concatenate":false,"implicit":false,"is_ellipsis_args":false,"name":"requires_recreate_in_batch of DefaultImpl","ret_type":"builtins.bool","type_guard":null,"unpack_kwargs":false,"variables":[]}}},"start_migrations":{".class":"SymbolTableNode","kind":"Mdef","node":{".class":"FuncDef","abstract_status":0,"arg_kinds":[0],"arg_names":["self"],"dataclass_transform_spec":null,"flags":[],"fullname":"alembic.ddl.impl.DefaultImpl.start_migrations","name":"start_migrations","type":{".class":"CallableType","arg_kinds":[0],"arg_names":["self"],"arg_types":["alembic.ddl.impl.DefaultImpl"],"bound_args":[],"def_extras":{"first_arg":"self"},"fallback":"builtins.function","from_concatenate":false,"implicit":false,"is_ellipsis_args":false,"name":"start_migrations of DefaultImpl","ret_type":{".class":"NoneType"},"type_guard":null,"unpack_kwargs":false,"variables":[]}}},"static_output":{".class":"SymbolTableNode","kind":"Mdef","node":{".class":"FuncDef","abstract_status":0,"arg_kinds":[0,0],"arg_names":["self","text"],"dataclass_transform_spec":null,"flags":[],"fullname":"alembic.ddl.impl.DefaultImpl.static_output","name":"static_output","type":{".class":"CallableType","arg_kinds":[0,0],"arg_names":["self","text"],"arg_types":["alembic.ddl.impl.DefaultImpl","builtins.str"],"bound_args":[],"def_extras":{"first_arg":"self"},"fallback":"builtins.function","from_concatenate":false,"implicit":false,"is_ellipsis_args":false,"name":"static_output of DefaultImpl","ret_type":{".class":"NoneType"},"type_guard":null,"unpack_kwargs":false,"variables":[]}}},"transactional_ddl":{".class":"SymbolTableNode","kind":"Mdef","node":{".class":"Var","flags":["is_initialized_in_class","is_ready","is_inferred","has_explicit_value"],"fullname":"alembic.ddl.impl.DefaultImpl.transactional_ddl","name":"transactional_ddl","type":"builtins.bool"}},"type_arg_extract":{".class":"SymbolTableNode","kind":"Mdef","node":{".class":"Var","flags":["is_initialized_in_class","is_ready","has_explicit_value"],"fullname":"alembic.ddl.impl.DefaultImpl.type_arg_extract","name":"type_arg_extract","type":{".class":"Instance","args":["builtins.str"],"type_ref":"typing.Sequence"}}},"type_synonyms":{".class":"SymbolTableNode","kind":"Mdef","node":{".class":"Var","flags":["is_initialized_in_class","is_ready","has_explicit_value"],"fullname":"alembic.ddl.impl.DefaultImpl.type_synonyms","name":"type_synonyms","type":{".class":"Instance","args":[{".class":"Instance","args":["builtins.str"],"type_ref":"builtins.set"}],"type_ref":"builtins.tuple"}}},"version_table_impl":{".class":"SymbolTableNode","kind":"Mdef","node":{".class":"FuncDef","abstract_status":0,"arg_kinds":[0,3,3,3,4],"arg_names":["self","version_table","version_table_schema","version_table_pk","kw"],"dataclass_transform_spec":null,"flags":[],"fullname":"alembic.ddl.impl.DefaultImpl.version_table_impl","name":"version_table_impl","type":{".class":"CallableType","arg_kinds":[0,3,3,3,4],"arg_names":["self","version_table","version_table_schema","version_table_pk","kw"],"arg_types":["alembic.ddl.impl.DefaultImpl","builtins.str",{".class":"UnionType","items":["builtins.str",{".class":"NoneType"}]},"builtins.bool",{".class":"AnyType","missing_import_name":null,"source_any":null,"type_of_any":2}],"bound_args":[],"def_extras":{"first_arg":"self"},"fallback":"builtins.function","from_concatenate":false,"implicit":false,"is_ellipsis_args":false,"name":"version_table_impl of DefaultImpl","ret_type":"sqlalchemy.sql.schema.Table","type_guard":null,"unpack_kwargs":false,"variables":[]}}}},"self_type":null,"slots":null,"tuple_type":null,"type_vars":[],"typeddict_type":null}},"Dialect":{".class":"SymbolTableNode","cross_ref":"sqlalchemy.engine.interfaces.Dialect","kind":"Gdef"},"Dict":{".class":"SymbolTableNode","cross_ref":"typing.Dict","kind":"Gdef"},"Executable":{".class":"SymbolTableNode","cross_ref":"sqlalchemy.sql.base.Executable","kind":"Gdef"},"ForeignKeyConstraint":{".class":"SymbolTableNode","cross_ref":"sqlalchemy.sql.schema.ForeignKeyConstraint","kind":"Gdef"},"ImplMeta":{".class":"SymbolTableNode","kind":"Gdef","node":{".class":"TypeInfo","_promote":[],"abstract_attributes":[],"alt_promote":null,"bases":["builtins.type"],"dataclass_transform_spec":null,"declared_metaclass":null,"defn":{".class":"ClassDef","fullname":"alembic.ddl.impl.ImplMeta","name":"ImplMeta","type_vars":[]},"deletable_attributes":[],"flags":[],"fullname":"alembic.ddl.impl.ImplMeta","has_param_spec_type":false,"metaclass_type":null,"metadata":{},"module_name":"alembic.ddl.impl","mro":["alembic.ddl.impl.ImplMeta","builtins.type","builtins.object"],"names":{".class":"SymbolTable","__init__":{".class":"SymbolTableNode","kind":"Mdef","node":{".class":"FuncDef","abstract_status":0,"arg_kinds":[0,0,0,0],"arg_names":["cls","classname","bases","dict_"],"dataclass_transform_spec":null,"flags":[],"fullname":"alembic.ddl.impl.ImplMeta.__init__","name":"__init__","type":{".class":"CallableType","arg_kinds":[0,0,0,0],"arg_names":["cls","classname","bases","dict_"],"arg_types":["alembic.ddl.impl.ImplMeta","builtins.str",{".class":"TupleType","implicit":false,"items":[{".class":"TypeType","item":"alembic.ddl.impl.DefaultImpl"}],"partial_fallback":{".class":"Instance","args":[{".class":"AnyType","missing_import_name":null,"source_any":null,"type_of_any":6}],"type_ref":"builtins.tuple"}},{".class":"Instance","args":["builtins.str",{".class":"AnyType","missing_import_name":null,"source_any":null,"type_of_any":2}],"type_ref":"builtins.dict"}],"bound_args":[],"def_extras":{"first_arg":"cls"},"fallback":"builtins.function","from_concatenate":false,"implicit":false,"is_ellipsis_args":false,"name":"__init__ of ImplMeta","ret_type":{".class":"NoneType"},"type_guard":null,"unpack_kwargs":false,"variables":[]}}}},"self_type":null,"slots":null,"tuple_type":null,"type_vars":[],"typeddict_type":null}},"Index":{".class":"SymbolTableNode","cross_ref":"sqlalchemy.sql.schema.Index","kind":"Gdef"},"Inspector":{".class":"SymbolTableNode","cross_ref":"sqlalchemy.engine.reflection.Inspector","kind":"Gdef"},"Iterable":{".class":"SymbolTableNode","cross_ref":"typing.Iterable","kind":"Gdef"},"List":{".class":"SymbolTableNode","cross_ref":"typing.List","kind":"Gdef"},"Literal":{".class":"SymbolTableNode","cross_ref":"typing.Literal","kind":"Gdef"},"Mapping":{".class":"SymbolTableNode","cross_ref":"typing.Mapping","kind":"Gdef"},"MetaData":{".class":"SymbolTableNode","cross_ref":"sqlalchemy.sql.schema.MetaData","kind":"Gdef"},"NamedTuple":{".class":"SymbolTableNode","cross_ref":"typing.NamedTuple","kind":"Gdef"},"Optional":{".class":"SymbolTableNode","cross_ref":"typing.Optional","kind":"Gdef"},"Params":{".class":"SymbolTableNode","kind":"Gdef","node":{".class":"TypeInfo","_promote":[],"abstract_attributes":[],"alt_promote":null,"bases":[{".class":"Instance","args":[{".class":"Instance","args":["builtins.str"],"type_ref":"typing.Collection"}],"type_ref":"builtins.tuple"}],"dataclass_transform_spec":null,"declared_metaclass":null,"defn":{".class":"ClassDef","fullname":"alembic.ddl.impl.Params","name":"Params","type_vars":[]},"deletable_attributes":[],"flags":["is_named_tuple"],"fullname":"alembic.ddl.impl.Params","has_param_spec_type":false,"metaclass_type":null,"metadata":{"namedtuple":{"fields":["token0","tokens","args","kwargs"]}},"module_name":"alembic.ddl.impl","mro":["alembic.ddl.impl.Params","builtins.tuple","typing.Sequence","typing.Collection","typing.Reversible","typing.Iterable","typing.Container","builtins.object"],"names":{".class":"SymbolTable","_NT":{".class":"SymbolTableNode","kind":"Mdef","node":{".class":"TypeVarExpr","fullname":"alembic.ddl.impl.Params._NT","name":"_NT","upper_bound":{".class":"TupleType","implicit":false,"items":["builtins.str",{".class":"Instance","args":["builtins.str"],"type_ref":"builtins.list"},{".class":"Instance","args":["builtins.str"],"type_ref":"builtins.list"},{".class":"Instance","args":["builtins.str","builtins.str"],"type_ref":"builtins.dict"}],"partial_fallback":{".class":"Instance","args":[{".class":"Instance","args":["builtins.str"],"type_ref":"typing.Collection"}],"type_ref":"builtins.tuple"}},"values":[],"variance":0}},"__annotations__":{".class":"SymbolTableNode","kind":"Mdef","node":{".class":"Var","flags":["is_initialized_in_class","is_ready"],"fullname":"alembic.ddl.impl.Params.__annotations__","name":"__annotations__","type":{".class":"Instance","args":["builtins.str",{".class":"AnyType","missing_import_name":null,"source_any":null,"type_of_any":6}],"type_ref":"builtins.dict"}}},"__doc__":{".class":"SymbolTableNode","kind":"Mdef","node":{".class":"Var","flags":["is_initialized_in_class","is_ready"],"fullname":"alembic.ddl.impl.Params.__doc__","name":"__doc__","type":"builtins.str"}},"__match_args__":{".class":"SymbolTableNode","kind":"Mdef","node":{".class":"Var","flags":["is_initialized_in_class","is_ready"],"fullname":"alembic.ddl.impl.Params.__match_args__","name":"__match_args__","type":{".class":"TupleType","implicit":false,"items":[{".class":"LiteralType","fallback":"builtins.str","value":"token0"},{".class":"LiteralType","fallback":"builtins.str","value":"tokens"},{".class":"LiteralType","fallback":"builtins.str","value":"args"},{".class":"LiteralType","fallback":"builtins.str","value":"kwargs"}],"partial_fallback":{".class":"Instance","args":[{".class":"AnyType","missing_import_name":null,"source_any":null,"type_of_any":6}],"type_ref":"builtins.tuple"}}}},"__new__":{".class":"SymbolTableNode","kind":"Mdef","node":{".class":"FuncDef","abstract_status":0,"arg_kinds":[0,0,0,0,0],"arg_names":["_cls","token0","tokens","args","kwargs"],"dataclass_transform_spec":null,"flags":[],"fullname":"alembic.ddl.impl.Params.__new__","name":"__new__","type":{".class":"CallableType","arg_kinds":[0,0,0,0,0],"arg_names":["_cls","token0","tokens","args","kwargs"],"arg_types":[{".class":"TypeType","item":{".class":"TypeVarType","fullname":"alembic.ddl.impl.Params._NT","id":-1,"name":"_NT","namespace":"","upper_bound":{".class":"TupleType","implicit":false,"items":["builtins.str",{".class":"Instance","args":["builtins.str"],"type_ref":"builtins.list"},{".class":"Instance","args":["builtins.str"],"type_ref":"builtins.list"},{".class":"Instance","args":["builtins.str","builtins.str"],"type_ref":"builtins.dict"}],"partial_fallback":{".class":"Instance","args":[{".class":"Instance","args":["builtins.str"],"type_ref":"typing.Collection"}],"type_ref":"builtins.tuple"}},"values":[],"variance":0}},"builtins.str",{".class":"Instance","args":["builtins.str"],"type_ref":"builtins.list"},{".class":"Instance","args":["builtins.str"],"type_ref":"builtins.list"},{".class":"Instance","args":["builtins.str","builtins.str"],"type_ref":"builtins.dict"}],"bound_args":[],"def_extras":{},"fallback":"builtins.function","from_concatenate":false,"implicit":false,"is_ellipsis_args":false,"name":"__new__ of Params","ret_type":{".class":"TypeVarType","fullname":"alembic.ddl.impl.Params._NT","id":-1,"name":"_NT","namespace":"","upper_bound":{".class":"TupleType","implicit":false,"items":["builtins.str",{".class":"Instance","args":["builtins.str"],"type_ref":"builtins.list"},{".class":"Instance","args":["builtins.str"],"type_ref":"builtins.list"},{".class":"Instance","args":["builtins.str","builtins.str"],"type_ref":"builtins.dict"}],"partial_fallback":{".class":"Instance","args":[{".class":"Instance","args":["builtins.str"],"type_ref":"typing.Collection"}],"type_ref":"builtins.tuple"}},"values":[],"variance":0},"type_guard":null,"unpack_kwargs":false,"variables":[{".class":"TypeVarType","fullname":"alembic.ddl.impl.Params._NT","id":-1,"name":"_NT","namespace":"","upper_bound":{".class":"TupleType","implicit":false,"items":["builtins.str",{".class":"Instance","args":["builtins.str"],"type_ref":"builtins.list"},{".class":"Instance","args":["builtins.str"],"type_ref":"builtins.list"},{".class":"Instance","args":["builtins.str","builtins.str"],"type_ref":"builtins.dict"}],"partial_fallback":{".class":"Instance","args":[{".class":"Instance","args":["builtins.str"],"type_ref":"typing.Collection"}],"type_ref":"builtins.tuple"}},"values":[],"variance":0}]}},"plugin_generated":true},"_asdict":{".class":"SymbolTableNode","kind":"Mdef","node":{".class":"FuncDef","abstract_status":0,"arg_kinds":[0],"arg_names":["_self"],"dataclass_transform_spec":null,"flags":[],"fullname":"alembic.ddl.impl.Params._asdict","name":"_asdict","type":{".class":"CallableType","arg_kinds":[0],"arg_names":["_self"],"arg_types":[{".class":"TypeVarType","fullname":"alembic.ddl.impl.Params._NT","id":-1,"name":"_NT","namespace":"","upper_bound":{".class":"TupleType","implicit":false,"items":["builtins.str",{".class":"Instance","args":["builtins.str"],"type_ref":"builtins.list"},{".class":"Instance","args":["builtins.str"],"type_ref":"builtins.list"},{".class":"Instance","args":["builtins.str","builtins.str"],"type_ref":"builtins.dict"}],"partial_fallback":{".class":"Instance","args":[{".class":"Instance","args":["builtins.str"],"type_ref":"typing.Collection"}],"type_ref":"builtins.tuple"}},"values":[],"variance":0}],"bound_args":[],"def_extras":{},"fallback":"builtins.function","from_concatenate":false,"implicit":false,"is_ellipsis_args":false,"name":"_asdict of Params","ret_type":{".class":"Instance","args":["builtins.str",{".class":"AnyType","missing_import_name":null,"source_any":null,"type_of_any":6}],"type_ref":"builtins.dict"},"type_guard":null,"unpack_kwargs":false,"variables":[{".class":"TypeVarType","fullname":"alembic.ddl.impl.Params._NT","id":-1,"name":"_NT","namespace":"","upper_bound":{".class":"TupleType","implicit":false,"items":["builtins.str",{".class":"Instance","args":["builtins.str"],"type_ref":"builtins.list"},{".class":"Instance","args":["builtins.str"],"type_ref":"builtins.list"},{".class":"Instance","args":["builtins.str","builtins.str"],"type_ref":"builtins.dict"}],"partial_fallback":{".class":"Instance","args":[{".class":"Instance","args":["builtins.str"],"type_ref":"typing.Collection"}],"type_ref":"builtins.tuple"}},"values":[],"variance":0}]}},"plugin_generated":true},"_field_defaults":{".class":"SymbolTableNode","kind":"Mdef","node":{".class":"Var","flags":["is_initialized_in_class","is_ready"],"fullname":"alembic.ddl.impl.Params._field_defaults","name":"_field_defaults","type":{".class":"Instance","args":["builtins.str",{".class":"AnyType","missing_import_name":null,"source_any":null,"type_of_any":6}],"type_ref":"builtins.dict"}}},"_field_types":{".class":"SymbolTableNode","kind":"Mdef","node":{".class":"Var","flags":["is_initialized_in_class","is_ready"],"fullname":"alembic.ddl.impl.Params._field_types","name":"_field_types","type":{".class":"Instance","args":["builtins.str",{".class":"AnyType","missing_import_name":null,"source_any":null,"type_of_any":6}],"type_ref":"builtins.dict"}}},"_fields":{".class":"SymbolTableNode","kind":"Mdef","node":{".class":"Var","flags":["is_initialized_in_class","is_ready"],"fullname":"alembic.ddl.impl.Params._fields","name":"_fields","type":{".class":"TupleType","implicit":false,"items":["builtins.str","builtins.str","builtins.str","builtins.str"],"partial_fallback":{".class":"Instance","args":[{".class":"AnyType","missing_import_name":null,"source_any":null,"type_of_any":6}],"type_ref":"builtins.tuple"}}}},"_make":{".class":"SymbolTableNode","kind":"Mdef","node":{".class":"Decorator","func":{".class":"FuncDef","abstract_status":0,"arg_kinds":[0,0,5,5],"arg_names":["_cls","iterable","new","len"],"dataclass_transform_spec":null,"flags":["is_class","is_decorated"],"fullname":"alembic.ddl.impl.Params._make","name":"_make","type":{".class":"CallableType","arg_kinds":[0,0,5,5],"arg_names":["_cls","iterable","new","len"],"arg_types":[{".class":"TypeType","item":{".class":"TypeVarType","fullname":"alembic.ddl.impl.Params._NT","id":-1,"name":"_NT","namespace":"","upper_bound":{".class":"TupleType","implicit":false,"items":["builtins.str",{".class":"Instance","args":["builtins.str"],"type_ref":"builtins.list"},{".class":"Instance","args":["builtins.str"],"type_ref":"builtins.list"},{".class":"Instance","args":["builtins.str","builtins.str"],"type_ref":"builtins.dict"}],"partial_fallback":{".class":"Instance","args":[{".class":"Instance","args":["builtins.str"],"type_ref":"typing.Collection"}],"type_ref":"builtins.tuple"}},"values":[],"variance":0}},{".class":"Instance","args":[{".class":"AnyType","missing_import_name":null,"source_any":null,"type_of_any":6}],"type_ref":"typing.Iterable"},{".class":"AnyType","missing_import_name":null,"source_any":null,"type_of_any":6},{".class":"AnyType","missing_import_name":null,"source_any":null,"type_of_any":6}],"bound_args":[],"def_extras":{},"fallback":"builtins.function","from_concatenate":false,"implicit":false,"is_ellipsis_args":false,"name":"_make of Params","ret_type":{".class":"TypeVarType","fullname":"alembic.ddl.impl.Params._NT","id":-1,"name":"_NT","namespace":"","upper_bound":{".class":"TupleType","implicit":false,"items":["builtins.str",{".class":"Instance","args":["builtins.str"],"type_ref":"builtins.list"},{".class":"Instance","args":["builtins.str"],"type_ref":"builtins.list"},{".class":"Instance","args":["builtins.str","builtins.str"],"type_ref":"builtins.dict"}],"partial_fallback":{".class":"Instance","args":[{".class":"Instance","args":["builtins.str"],"type_ref":"typing.Collection"}],"type_ref":"builtins.tuple"}},"values":[],"variance":0},"type_guard":null,"unpack_kwargs":false,"variables":[{".class":"TypeVarType","fullname":"alembic.ddl.impl.Params._NT","id":-1,"name":"_NT","namespace":"","upper_bound":{".class":"TupleType","implicit":false,"items":["builtins.str",{".class":"Instance","args":["builtins.str"],"type_ref":"builtins.list"},{".class":"Instance","args":["builtins.str"],"type_ref":"builtins.list"},{".class":"Instance","args":["builtins.str","builtins.str"],"type_ref":"builtins.dict"}],"partial_fallback":{".class":"Instance","args":[{".class":"Instance","args":["builtins.str"],"type_ref":"typing.Collection"}],"type_ref":"builtins.tuple"}},"values":[],"variance":0}]}},"is_overload":false,"var":{".class":"Var","flags":["is_classmethod","is_ready"],"fullname":"alembic.ddl.impl.Params._make","name":"_make","type":{".class":"CallableType","arg_kinds":[0,0,5,5],"arg_names":["_cls","iterable","new","len"],"arg_types":[{".class":"TypeType","item":{".class":"TypeVarType","fullname":"alembic.ddl.impl.Params._NT","id":-1,"name":"_NT","namespace":"","upper_bound":{".class":"TupleType","implicit":false,"items":["builtins.str",{".class":"Instance","args":["builtins.str"],"type_ref":"builtins.list"},{".class":"Instance","args":["builtins.str"],"type_ref":"builtins.list"},{".class":"Instance","args":["builtins.str","builtins.str"],"type_ref":"builtins.dict"}],"partial_fallback":{".class":"Instance","args":[{".class":"Instance","args":["builtins.str"],"type_ref":"typing.Collection"}],"type_ref":"builtins.tuple"}},"values":[],"variance":0}},{".class":"Instance","args":[{".class":"AnyType","missing_import_name":null,"source_any":null,"type_of_any":6}],"type_ref":"typing.Iterable"},{".class":"AnyType","missing_import_name":null,"source_any":null,"type_of_any":6},{".class":"AnyType","missing_import_name":null,"source_any":null,"type_of_any":6}],"bound_args":[],"def_extras":{},"fallback":"builtins.function","from_concatenate":false,"implicit":false,"is_ellipsis_args":false,"name":"_make of Params","ret_type":{".class":"TypeVarType","fullname":"alembic.ddl.impl.Params._NT","id":-1,"name":"_NT","namespace":"","upper_bound":{".class":"TupleType","implicit":false,"items":["builtins.str",{".class":"Instance","args":["builtins.str"],"type_ref":"builtins.list"},{".class":"Instance","args":["builtins.str"],"type_ref":"builtins.list"},{".class":"Instance","args":["builtins.str","builtins.str"],"type_ref":"builtins.dict"}],"partial_fallback":{".class":"Instance","args":[{".class":"Instance","args":["builtins.str"],"type_ref":"typing.Collection"}],"type_ref":"builtins.tuple"}},"values":[],"variance":0},"type_guard":null,"unpack_kwargs":false,"variables":[{".class":"TypeVarType","fullname":"alembic.ddl.impl.Params._NT","id":-1,"name":"_NT","namespace":"","upper_bound":{".class":"TupleType","implicit":false,"items":["builtins.str",{".class":"Instance","args":["builtins.str"],"type_ref":"builtins.list"},{".class":"Instance","args":["builtins.str"],"type_ref":"builtins.list"},{".class":"Instance","args":["builtins.str","builtins.str"],"type_ref":"builtins.dict"}],"partial_fallback":{".class":"Instance","args":[{".class":"Instance","args":["builtins.str"],"type_ref":"typing.Collection"}],"type_ref":"builtins.tuple"}},"values":[],"variance":0}]}}},"plugin_generated":true},"_replace":{".class":"SymbolTableNode","kind":"Mdef","node":{".class":"FuncDef","abstract_status":0,"arg_kinds":[0,5,5,5,5],"arg_names":["_self","token0","tokens","args","kwargs"],"dataclass_transform_spec":null,"flags":[],"fullname":"alembic.ddl.impl.Params._replace","name":"_replace","type":{".class":"CallableType","arg_kinds":[0,5,5,5,5],"arg_names":["_self","token0","tokens","args","kwargs"],"arg_types":[{".class":"TypeVarType","fullname":"alembic.ddl.impl.Params._NT","id":-1,"name":"_NT","namespace":"","upper_bound":{".class":"TupleType","implicit":false,"items":["builtins.str",{".class":"Instance","args":["builtins.str"],"type_ref":"builtins.list"},{".class":"Instance","args":["builtins.str"],"type_ref":"builtins.list"},{".class":"Instance","args":["builtins.str","builtins.str"],"type_ref":"builtins.dict"}],"partial_fallback":{".class":"Instance","args":[{".class":"Instance","args":["builtins.str"],"type_ref":"typing.Collection"}],"type_ref":"builtins.tuple"}},"values":[],"variance":0},"builtins.str",{".class":"Instance","args":["builtins.str"],"type_ref":"builtins.list"},{".class":"Instance","args":["builtins.str"],"type_ref":"builtins.list"},{".class":"Instance","args":["builtins.str","builtins.str"],"type_ref":"builtins.dict"}],"bound_args":[],"def_extras":{},"fallback":"builtins.function","from_concatenate":false,"implicit":false,"is_ellipsis_args":false,"name":"_replace of Params","ret_type":{".class":"TypeVarType","fullname":"alembic.ddl.impl.Params._NT","id":-1,"name":"_NT","namespace":"","upper_bound":{".class":"TupleType","implicit":false,"items":["builtins.str",{".class":"Instance","args":["builtins.str"],"type_ref":"builtins.list"},{".class":"Instance","args":["builtins.str"],"type_ref":"builtins.list"},{".class":"Instance","args":["builtins.str","builtins.str"],"type_ref":"builtins.dict"}],"partial_fallback":{".class":"Instance","args":[{".class":"Instance","args":["builtins.str"],"type_ref":"typing.Collection"}],"type_ref":"builtins.tuple"}},"values":[],"variance":0},"type_guard":null,"unpack_kwargs":false,"variables":[{".class":"TypeVarType","fullname":"alembic.ddl.impl.Params._NT","id":-1,"name":"_NT","namespace":"","upper_bound":{".class":"TupleType","implicit":false,"items":["builtins.str",{".class":"Instance","args":["builtins.str"],"type_ref":"builtins.list"},{".class":"Instance","args":["builtins.str"],"type_ref":"builtins.list"},{".class":"Instance","args":["builtins.str","builtins.str"],"type_ref":"builtins.dict"}],"partial_fallback":{".class":"Instance","args":[{".class":"Instance","args":["builtins.str"],"type_ref":"typing.Collection"}],"type_ref":"builtins.tuple"}},"values":[],"variance":0}]}},"plugin_generated":true},"_source":{".class":"SymbolTableNode","kind":"Mdef","node":{".class":"Var","flags":["is_initialized_in_class","is_ready"],"fullname":"alembic.ddl.impl.Params._source","name":"_source","type":"builtins.str"}},"args":{".class":"SymbolTableNode","kind":"Mdef","node":{".class":"Var","flags":["is_property","is_ready"],"fullname":"alembic.ddl.impl.Params.args","name":"args","type":{".class":"Instance","args":["builtins.str"],"type_ref":"builtins.list"}}},"args-redefinition":{".class":"SymbolTableNode","cross_ref":"alembic.ddl.impl.Params.args","kind":"Mdef"},"kwargs":{".class":"SymbolTableNode","kind":"Mdef","node":{".class":"Var","flags":["is_property","is_ready"],"fullname":"alembic.ddl.impl.Params.kwargs","name":"kwargs","type":{".class":"Instance","args":["builtins.str","builtins.str"],"type_ref":"builtins.dict"}}},"kwargs-redefinition":{".class":"SymbolTableNode","cross_ref":"alembic.ddl.impl.Params.kwargs","kind":"Mdef"},"token0":{".class":"SymbolTableNode","kind":"Mdef","node":{".class":"Var","flags":["is_property","is_ready"],"fullname":"alembic.ddl.impl.Params.token0","name":"token0","type":"builtins.str"}},"token0-redefinition":{".class":"SymbolTableNode","cross_ref":"alembic.ddl.impl.Params.token0","kind":"Mdef"},"tokens":{".class":"SymbolTableNode","kind":"Mdef","node":{".class":"Var","flags":["is_property","is_ready"],"fullname":"alembic.ddl.impl.Params.tokens","name":"tokens","type":{".class":"Instance","args":["builtins.str"],"type_ref":"builtins.list"}}},"tokens-redefinition":{".class":"SymbolTableNode","cross_ref":"alembic.ddl.impl.Params.tokens","kind":"Mdef"}},"self_type":null,"slots":null,"tuple_type":{".class":"TupleType","implicit":false,"items":["builtins.str",{".class":"Instance","args":["builtins.str"],"type_ref":"builtins.list"},{".class":"Instance","args":["builtins.str"],"type_ref":"builtins.list"},{".class":"Instance","args":["builtins.str","builtins.str"],"type_ref":"builtins.dict"}],"partial_fallback":{".class":"Instance","args":[{".class":"Instance","args":["builtins.str"],"type_ref":"typing.Collection"}],"type_ref":"builtins.tuple"}},"type_vars":[],"typeddict_type":null}},"PrimaryKeyConstraint":{".class":"SymbolTableNode","cross_ref":"sqlalchemy.sql.schema.PrimaryKeyConstraint","kind":"Gdef"},"Sequence":{".class":"SymbolTableNode","cross_ref":"typing.Sequence","kind":"Gdef"},"Set":{".class":"SymbolTableNode","cross_ref":"typing.Set","kind":"Gdef"},"String":{".class":"SymbolTableNode","cross_ref":"sqlalchemy.sql.sqltypes.String","kind":"Gdef"},"TYPE_CHECKING":{".class":"SymbolTableNode","cross_ref":"typing.TYPE_CHECKING","kind":"Gdef"},"Table":{".class":"SymbolTableNode","cross_ref":"sqlalchemy.sql.schema.Table","kind":"Gdef"},"TableClause":{".class":"SymbolTableNode","cross_ref":"sqlalchemy.sql.selectable.TableClause","kind":"Gdef"},"TextIO":{".class":"SymbolTableNode","cross_ref":"typing.TextIO","kind":"Gdef"},"Tuple":{".class":"SymbolTableNode","cross_ref":"typing.Tuple","kind":"Gdef"},"Type":{".class":"SymbolTableNode","cross_ref":"typing.Type","kind":"Gdef"},"TypeEngine":{".class":"SymbolTableNode","cross_ref":"sqlalchemy.sql.type_api.TypeEngine","kind":"Gdef"},"Union":{".class":"SymbolTableNode","cross_ref":"typing.Union","kind":"Gdef"},"UniqueConstraint":{".class":"SymbolTableNode","cross_ref":"sqlalchemy.sql.schema.UniqueConstraint","kind":"Gdef"},"_ServerDefault":{".class":"SymbolTableNode","cross_ref":"alembic.ddl.base._ServerDefault","kind":"Gdef"},"__annotations__":{".class":"SymbolTableNode","kind":"Gdef","node":{".class":"Var","flags":["is_ready"],"fullname":"alembic.ddl.impl.__annotations__","name":"__annotations__","type":{".class":"Instance","args":["builtins.str",{".class":"AnyType","missing_import_name":null,"source_any":null,"type_of_any":6}],"type_ref":"builtins.dict"}}},"__doc__":{".class":"SymbolTableNode","kind":"Gdef","node":{".class":"Var","flags":["is_ready"],"fullname":"alembic.ddl.impl.__doc__","name":"__doc__","type":"builtins.str"}},"__file__":{".class":"SymbolTableNode","kind":"Gdef","node":{".class":"Var","flags":["is_ready"],"fullname":"alembic.ddl.impl.__file__","name":"__file__","type":"builtins.str"}},"__name__":{".class":"SymbolTableNode","kind":"Gdef","node":{".class":"Var","flags":["is_ready"],"fullname":"alembic.ddl.impl.__name__","name":"__name__","type":"builtins.str"}},"__package__":{".class":"SymbolTableNode","kind":"Gdef","node":{".class":"Var","flags":["is_ready"],"fullname":"alembic.ddl.impl.__package__","name":"__package__","type":"builtins.str"}},"_autogen":{".class":"SymbolTableNode","cross_ref":"alembic.ddl._autogen","kind":"Gdef"},"_compare_identity_options":{".class":"SymbolTableNode","kind":"Gdef","node":{".class":"FuncDef","abstract_status":0,"arg_kinds":[0,0,0,0],"arg_names":["metadata_io","inspector_io","default_io","skip"],"dataclass_transform_spec":null,"flags":[],"fullname":"alembic.ddl.impl._compare_identity_options","name":"_compare_identity_options","type":{".class":"CallableType","arg_kinds":[0,0,0,0],"arg_names":["metadata_io","inspector_io","default_io","skip"],"arg_types":[{".class":"UnionType","items":["sqlalchemy.sql.schema.Identity",{".class":"Instance","args":[{".class":"AnyType","missing_import_name":null,"source_any":null,"type_of_any":4}],"type_ref":"sqlalchemy.sql.schema.Sequence"},{".class":"NoneType"}]},{".class":"UnionType","items":["sqlalchemy.sql.schema.Identity",{".class":"Instance","args":[{".class":"AnyType","missing_import_name":null,"source_any":null,"type_of_any":4}],"type_ref":"sqlalchemy.sql.schema.Sequence"},{".class":"NoneType"}]},{".class":"UnionType","items":["sqlalchemy.sql.schema.Identity",{".class":"Instance","args":[{".class":"AnyType","missing_import_name":null,"source_any":null,"type_of_any":4}],"type_ref":"sqlalchemy.sql.schema.Sequence"}]},{".class":"Instance","args":["builtins.str"],"type_ref":"builtins.set"}],"bound_args":[],"def_extras":{"first_arg":null},"fallback":"builtins.function","from_concatenate":false,"implicit":false,"is_ellipsis_args":false,"name":"_compare_identity_options","ret_type":{".class":"AnyType","missing_import_name":null,"source_any":null,"type_of_any":1},"type_guard":null,"unpack_kwargs":false,"variables":[]}}},"_constraint_sig":{".class":"SymbolTableNode","cross_ref":"alembic.ddl._autogen._constraint_sig","kind":"Gdef"},"_impls":{".class":"SymbolTableNode","kind":"Gdef","node":{".class":"Var","flags":["is_ready","has_explicit_value"],"fullname":"alembic.ddl.impl._impls","name":"_impls","type":{".class":"Instance","args":["builtins.str",{".class":"TypeType","item":"alembic.ddl.impl.DefaultImpl"}],"type_ref":"builtins.dict"}}},"annotations":{".class":"SymbolTableNode","cross_ref":"__future__.annotations","kind":"Gdef"},"base":{".class":"SymbolTableNode","cross_ref":"alembic.ddl.base","kind":"Gdef"},"cast":{".class":"SymbolTableNode","cross_ref":"sqlalchemy.sql.expression.cast","kind":"Gdef"},"log":{".class":"SymbolTableNode","kind":"Gdef","node":{".class":"Var","flags":["is_inferred","has_explicit_value"],"fullname":"alembic.ddl.impl.log","name":"log","type":"logging.Logger"}},"logging":{".class":"SymbolTableNode","cross_ref":"logging","kind":"Gdef"},"quoted_name":{".class":"SymbolTableNode","cross_ref":"sqlalchemy.sql.elements.quoted_name","kind":"Gdef"},"re":{".class":"SymbolTableNode","cross_ref":"re","kind":"Gdef"},"schema":{".class":"SymbolTableNode","cross_ref":"sqlalchemy.schema","kind":"Gdef"},"sqla_compat":{".class":"SymbolTableNode","cross_ref":"alembic.util.sqla_compat","kind":"Gdef"},"text":{".class":"SymbolTableNode","cross_ref":"sqlalchemy.sql.expression.text","kind":"Gdef"},"util":{".class":"SymbolTableNode","cross_ref":"alembic.util","kind":"Gdef"}},"path":"C:\\Users\\Vasilis\\AppData\\Local\\Programs\\Python\\Python313\\Lib\\site-packages\\alembic\\ddl\\impl.py"}