{"data_mtime":1762095563,"dep_lines":[32,33,37,45,46,49,50,54,55,58,59,27,32,36,43,47,4,6,7,8,23,36,1,1,1,1,1,1,1,1,1,1,1,1,1,1,1,1,1,1,1,1,1,1,1,1,1,1,1,1,1,1,1,1,1,1,1,1,1],"dep_prios":[5,10,10,25,25,25,25,25,25,25,25,10,20,10,25,25,5,10,10,5,5,20,5,30,30,30,30,30,30,30,30,30,30,30,30,30,30,30,30,30,30,30,30,30,30,30,30,30,30,30,30,30,30,30,30,30,30,30,30],"dependencies":["alembic.ddl._autogen","alembic.ddl.base","alembic.util.sqla_compat","sqlalchemy.engine.cursor","sqlalchemy.engine.reflection","sqlalchemy.sql.elements","sqlalchemy.sql.schema","sqlalchemy.sql.selectable","sqlalchemy.sql.type_api","alembic.autogenerate.api","alembic.operations.batch","sqlalchemy.schema","alembic.ddl","alembic.util","sqlalchemy.engine","sqlalchemy.sql","__future__","logging","re","typing","sqlalchemy","alembic","builtins","_collections_abc","_typeshed","abc","alembic.autogenerate","alembic.operations","alembic.util.exc","alembic.util.messaging","array","ctypes","enum","mmap","pickle","sqlalchemy.engine.base","sqlalchemy.engine.interfaces","sqlalchemy.engine.result","sqlalchemy.event","sqlalchemy.event.base","sqlalchemy.log","sqlalchemy.sql.annotation","sqlalchemy.sql.base","sqlalchemy.sql.compiler","sqlalchemy.sql.ddl","sqlalchemy.sql.dml","sqlalchemy.sql.events","sqlalchemy.sql.expression","sqlalchemy.sql.functions","sqlalchemy.sql.operators","sqlalchemy.sql.roles","sqlalchemy.sql.sqltypes","sqlalchemy.sql.traversals","sqlalchemy.sql.visitors","sqlalchemy.util","sqlalchemy.util._collections","sqlalchemy.util.langhelpers","types","typing_extensions"],"hash":"50bf3e8b36bb08993f4fbde5af97e30cb761c442f9eae0fe0048ed9844806cb9","id":"alembic.ddl.impl","ignore_all":true,"interface_hash":"cde75318317661be5b2e10c7d054bf3835ecb1272978a52944892a98f44f53e0","mtime":1761854780,"options":{"allow_redefinition":false,"allow_untyped_globals":false,"always_false":[],"always_true":[],"bazel":false,"check_untyped_defs":false,"disable_bytearray_promotion":false,"disable_error_code":[],"disable_memoryview_promotion":false,"disabled_error_codes":[],"disallow_any_decorated":false,"disallow_any_explicit":false,"disallow_any_expr":false,"disallow_any_generics":false,"disallow_any_unimported":false,"disallow_incomplete_defs":false,"disallow_subclassing_any":false,"disallow_untyped_calls":false,"disallow_untyped_decorators":false,"disallow_untyped_defs":false,"enable_error_code":[],"enabled_error_codes":[],"follow_imports":"silent","follow_imports_for_stubs":false,"ignore_errors":false,"ignore_missing_imports":true,"implicit_optional":true,"implicit_reexport":true,"local_partial_types":false,"mypyc":false,"platform":"win32","plugins":[],"strict_concatenate":false,"strict_equality":false,"strict_optional":true,"warn_no_return":true,"warn_return_any":false,"warn_unreachable":false,"warn_unused_ignores":false},"path":"C:\\Users\\Vasilis\\AppData\\Local\\Programs\\Python\\Python313\\Lib\\site-packages\\alembic\\ddl\\impl.py","plugin_data":null,"size":30439,"suppressed":[],"version_id":"1.3.0"}