{"data_mtime":1762095528,"dep_lines":[6,1,2,3,4,5,27,28,1,1,1],"dep_prios":[5,10,10,10,5,5,5,5,5,30,30],"dependencies":["collections.abc","dis","enum","sys","types","collections","typing","typing_extensions","builtins","_typeshed","abc"],"hash":"9b9bc26634b9323492d1abe333418ad1bb84b2bd41bf161b538d0202abb34d8f","id":"inspect","ignore_all":true,"interface_hash":"6b3490db4194617b9e5f3a7d3e2912939fd0ef2be9252dc6c0c246040054a60a","mtime":1762095443,"options":{"allow_redefinition":false,"allow_untyped_globals":false,"always_false":[],"always_true":[],"bazel":false,"check_untyped_defs":false,"disable_bytearray_promotion":false,"disable_error_code":[],"disable_memoryview_promotion":false,"disabled_error_codes":[],"disallow_any_decorated":false,"disallow_any_explicit":false,"disallow_any_expr":false,"disallow_any_generics":false,"disallow_any_unimported":false,"disallow_incomplete_defs":false,"disallow_subclassing_any":false,"disallow_untyped_calls":false,"disallow_untyped_decorators":false,"disallow_untyped_defs":false,"enable_error_code":[],"enabled_error_codes":[],"follow_imports":"silent","follow_imports_for_stubs":false,"ignore_errors":false,"ignore_missing_imports":true,"implicit_optional":true,"implicit_reexport":true,"local_partial_types":false,"mypyc":false,"platform":"win32","plugins":[],"strict_concatenate":false,"strict_equality":false,"strict_optional":true,"warn_no_return":true,"warn_return_any":false,"warn_unreachable":false,"warn_unused_ignores":false},"path":"C:\\Users\\Vasilis\\AppData\\Local\\Programs\\Python\\Python313\\Lib\\site-packages\\mypy\\typeshed\\stdlib\\inspect.pyi","plugin_data":null,"size":19928,"suppressed":[],"version_id":"1.3.0"}