{"data_mtime":1762036316,"dep_lines":[8,9,10,11,12,13,1,1,1,1,1,1,1,1],"dep_prios":[10,10,10,10,10,5,5,30,30,30,30,30,30,30],"dependencies":["os","sys","subprocess","platform","shutil","pathlib","builtins","_frozen_importlib","_io","_typeshed","abc","io","typing","typing_extensions"],"hash":"30fb9bbb1dc2b9f7828a2864d4f8c38e2f269297","id":"install","ignore_all":false,"interface_hash":"daff53f9d04ed7163e5dd3831a5e59e66a181da3","mtime":1762040742,"options":{"allow_redefinition":false,"allow_redefinition_new":false,"allow_untyped_globals":false,"always_false":[],"always_true":[],"bazel":false,"check_untyped_defs":false,"disable_bytearray_promotion":false,"disable_error_code":[],"disable_memoryview_promotion":false,"disabled_error_codes":[],"disallow_any_decorated":false,"disallow_any_explicit":false,"disallow_any_expr":false,"disallow_any_generics":false,"disallow_any_unimported":false,"disallow_incomplete_defs":false,"disallow_subclassing_any":false,"disallow_untyped_calls":false,"disallow_untyped_decorators":false,"disallow_untyped_defs":false,"enable_error_code":[],"enabled_error_codes":[],"extra_checks":false,"fixed_format_cache":false,"follow_imports":"silent","follow_imports_for_stubs":false,"follow_untyped_imports":false,"ignore_errors":false,"ignore_missing_imports":true,"implicit_optional":true,"implicit_reexport":true,"local_partial_types":false,"mypyc":false,"old_type_inference":false,"platform":"win32","plugins":[],"strict_bytes":false,"strict_concatenate":false,"strict_equality":false,"strict_equality_for_none":false,"strict_optional":true,"warn_no_return":true,"warn_return_any":false,"warn_unreachable":false,"warn_unused_ignores":false},"path":".\\install.py","plugin_data":null,"size":11566,"suppressed":[],"version_id":"1.18.2"}