{".class":"MypyFile","_fullname":"install","future_import_flags":[],"is_partial_stub_package":false,"is_stub":false,"names":{".class":"SymbolTable","Colors":{".class":"SymbolTableNode","kind":"Gdef","node":{".class":"TypeInfo","_promote":[],"abstract_attributes":[],"alt_promote":null,"bases":["builtins.object"],"dataclass_transform_spec":null,"declared_metaclass":null,"defn":{".class":"ClassDef","fullname":"install.Colors","name":"Colors","type_vars":[]},"deletable_attributes":[],"deprecated":null,"flags":[],"fullname":"install.Colors","has_param_spec_type":false,"metaclass_type":null,"metadata":{},"module_name":"install","mro":["install.Colors","builtins.object"],"names":{".class":"SymbolTable","BLUE":{".class":"SymbolTableNode","kind":"Mdef","node":{".class":"Var","flags":["is_initialized_in_class","is_ready","is_inferred","has_explicit_value"],"fullname":"install.Colors.BLUE","name":"BLUE","setter_type":null,"type":"builtins.str"}},"BOLD":{".class":"SymbolTableNode","kind":"Mdef","node":{".class":"Var","flags":["is_initialized_in_class","is_ready","is_inferred","has_explicit_value"],"fullname":"install.Colors.BOLD","name":"BOLD","setter_type":null,"type":"builtins.str"}},"CYAN":{".class":"SymbolTableNode","kind":"Mdef","node":{".class":"Var","flags":["is_initialized_in_class","is_ready","is_inferred","has_explicit_value"],"fullname":"install.Colors.CYAN","name":"CYAN","setter_type":null,"type":"builtins.str"}},"END":{".class":"SymbolTableNode","kind":"Mdef","node":{".class":"Var","flags":["is_initialized_in_class","is_ready","is_inferred","has_explicit_value"],"fullname":"install.Colors.END","name":"END","setter_type":null,"type":"builtins.str"}},"GREEN":{".class":"SymbolTableNode","kind":"Mdef","node":{".class":"Var","flags":["is_initialized_in_class","is_ready","is_inferred","has_explicit_value"],"fullname":"install.Colors.GREEN","name":"GREEN","setter_type":null,"type":"builtins.str"}},"RED":{".class":"SymbolTableNode","kind":"Mdef","node":{".class":"Var","flags":["is_initialized_in_class","is_ready","is_inferred","has_explicit_value"],"fullname":"install.Colors.RED","name":"RED","setter_type":null,"type":"builtins.str"}},"YELLOW":{".class":"SymbolTableNode","kind":"Mdef","node":{".class":"Var","flags":["is_initialized_in_class","is_ready","is_inferred","has_explicit_value"],"fullname":"install.Colors.YELLOW","name":"YELLOW","setter_type":null,"type":"builtins.str"}}},"self_type":{".class":"TypeVarType","default":{".class":"AnyType","missing_import_name":null,"source_any":null,"type_of_any":4},"fullname":"install.Colors.Self","id":0,"name":"Self","namespace":"","upper_bound":"install.Colors","values":[],"variance":0},"slots":null,"tuple_type":null,"type_vars":[],"typeddict_type":null}},"Path":{".class":"SymbolTableNode","cross_ref":"pathlib.Path","kind":"Gdef"},"__annotations__":{".class":"SymbolTableNode","kind":"Gdef","node":{".class":"Var","flags":["is_ready"],"fullname":"install.__annotations__","name":"__annotations__","setter_type":null,"type":{".class":"Instance","args":["builtins.str",{".class":"AnyType","missing_import_name":null,"source_any":null,"type_of_any":6}],"extra_attrs":null,"type_ref":"builtins.dict"}}},"__doc__":{".class":"SymbolTableNode","kind":"Gdef","node":{".class":"Var","flags":["is_ready"],"fullname":"install.__doc__","name":"__doc__","setter_type":null,"type":"builtins.str"}},"__file__":{".class":"SymbolTableNode","kind":"Gdef","node":{".class":"Var","flags":["is_ready"],"fullname":"install.__file__","name":"__file__","setter_type":null,"type":"builtins.str"}},"__name__":{".class":"SymbolTableNode","kind":"Gdef","node":{".class":"Var","flags":["is_ready"],"fullname":"install.__name__","name":"__name__","setter_type":null,"type":"builtins.str"}},"__package__":{".class":"SymbolTableNode","kind":"Gdef","node":{".class":"Var","flags":["is_ready"],"fullname":"install.__package__","name":"__package__","setter_type":null,"type":"builtins.str"}},"__spec__":{".class":"SymbolTableNode","kind":"Gdef","node":{".class":"Var","flags":["is_ready"],"fullname":"install.__spec__","name":"__spec__","setter_type":null,"type":"_frozen_importlib.ModuleSpec"}},"check_command":{".class":"SymbolTableNode","kind":"Gdef","node":{".class":"FuncDef","abstract_status":0,"arg_kinds":[0],"arg_names":["cmd"],"dataclass_transform_spec":null,"deprecated":null,"flags":[],"fullname":"install.check_command","name":"check_command","original_first_arg":"cmd","type":null}},"check_docker":{".class":"SymbolTableNode","kind":"Gdef","node":{".class":"FuncDef","abstract_status":0,"arg_kinds":[],"arg_names":[],"dataclass_transform_spec":null,"deprecated":null,"flags":[],"fullname":"install.check_docker","name":"check_docker","original_first_arg":null,"type":null}},"check_node":{".class":"SymbolTableNode","kind":"Gdef","node":{".class":"FuncDef","abstract_status":0,"arg_kinds":[],"arg_names":[],"dataclass_transform_spec":null,"deprecated":null,"flags":[],"fullname":"install.check_node","name":"check_node","original_first_arg":null,"type":null}},"check_python":{".class":"SymbolTableNode","kind":"Gdef","node":{".class":"FuncDef","abstract_status":0,"arg_kinds":[],"arg_names":[],"dataclass_transform_spec":null,"deprecated":null,"flags":[],"fullname":"install.check_python","name":"check_python","original_first_arg":null,"type":null}},"e":{".class":"SymbolTableNode","kind":"Gdef","node":{".class":"Var","flags":["is_ready","is_inferred"],"fullname":"install.e","name":"e","setter_type":null,"type":{".class":"DeletedType","source":"e"}}},"main":{".class":"SymbolTableNode","kind":"Gdef","node":{".class":"FuncDef","abstract_status":0,"arg_kinds":[],"arg_names":[],"dataclass_transform_spec":null,"deprecated":null,"flags":[],"fullname":"install.main","name":"main","original_first_arg":null,"type":null}},"os":{".class":"SymbolTableNode","cross_ref":"os","kind":"Gdef"},"platform":{".class":"SymbolTableNode","cross_ref":"platform","kind":"Gdef"},"print_error":{".class":"SymbolTableNode","kind":"Gdef","node":{".class":"FuncDef","abstract_status":0,"arg_kinds":[0],"arg_names":["text"],"dataclass_transform_spec":null,"deprecated":null,"flags":[],"fullname":"install.print_error","name":"print_error","original_first_arg":"text","type":null}},"print_header":{".class":"SymbolTableNode","kind":"Gdef","node":{".class":"FuncDef","abstract_status":0,"arg_kinds":[0],"arg_names":["text"],"dataclass_transform_spec":null,"deprecated":null,"flags":[],"fullname":"install.print_header","name":"print_header","original_first_arg":"text","type":null}},"print_info":{".class":"SymbolTableNode","kind":"Gdef","node":{".class":"FuncDef","abstract_status":0,"arg_kinds":[0],"arg_names":["text"],"dataclass_transform_spec":null,"deprecated":null,"flags":[],"fullname":"install.print_info","name":"print_info","original_first_arg":"text","type":null}},"print_success":{".class":"SymbolTableNode","kind":"Gdef","node":{".class":"FuncDef","abstract_status":0,"arg_kinds":[0],"arg_names":["text"],"dataclass_transform_spec":null,"deprecated":null,"flags":[],"fullname":"install.print_success","name":"print_success","original_first_arg":"text","type":null}},"print_warning":{".class":"SymbolTableNode","kind":"Gdef","node":{".class":"FuncDef","abstract_status":0,"arg_kinds":[0],"arg_names":["text"],"dataclass_transform_spec":null,"deprecated":null,"flags":[],"fullname":"install.print_warning","name":"print_warning","original_first_arg":"text","type":null}},"run_command":{".class":"SymbolTableNode","kind":"Gdef","node":{".class":"FuncDef","abstract_status":0,"arg_kinds":[0,1,1,1],"arg_names":["cmd","check","shell","capture"],"dataclass_transform_spec":null,"deprecated":null,"flags":[],"fullname":"install.run_command","name":"run_command","original_first_arg":"cmd","type":null}},"setup_docker_mode":{".class":"SymbolTableNode","kind":"Gdef","node":{".class":"FuncDef","abstract_status":0,"arg_kinds":[],"arg_names":[],"dataclass_transform_spec":null,"deprecated":null,"flags":[],"fullname":"install.setup_docker_mode","name":"setup_docker_mode","original_first_arg":null,"type":null}},"setup_native_mode":{".class":"SymbolTableNode","kind":"Gdef","node":{".class":"FuncDef","abstract_status":0,"arg_kinds":[],"arg_names":[],"dataclass_transform_spec":null,"deprecated":null,"flags":[],"fullname":"install.setup_native_mode","name":"setup_native_mode","original_first_arg":null,"type":null}},"shutil":{".class":"SymbolTableNode","cross_ref":"shutil","kind":"Gdef"},"subprocess":{".class":"SymbolTableNode","cross_ref":"subprocess","kind":"Gdef"},"sys":{".class":"SymbolTableNode","cross_ref":"sys","kind":"Gdef"}},"path":".\\install.py"}