{"data_mtime":1762095518,"dep_lines":[6,1,2,3,4,5,7,8,9,10,1,1,1,1],"dep_prios":[5,10,10,10,10,5,5,5,5,5,30,30,30,30],"dependencies":["collections.abc","abc","builtins","codecs","sys","_typeshed","os","types","typing","typing_extensions","array","ctypes","mmap","pickle"],"hash":"0b41ad24faa49ac20e0c8c0d0bf223ff7de8ce8ea44fe01e3a4a2cb1f363054d","id":"io","ignore_all":true,"interface_hash":"e0e160a16858e14ca21563ae173e763b1d6eda03db309f8fd83fdb13a646f648","mtime":1762095443,"options":{"allow_redefinition":false,"allow_untyped_globals":false,"always_false":[],"always_true":[],"bazel":false,"check_untyped_defs":false,"disable_bytearray_promotion":false,"disable_error_code":[],"disable_memoryview_promotion":false,"disabled_error_codes":[],"disallow_any_decorated":false,"disallow_any_explicit":false,"disallow_any_expr":false,"disallow_any_generics":false,"disallow_any_unimported":false,"disallow_incomplete_defs":false,"disallow_subclassing_any":false,"disallow_untyped_calls":false,"disallow_untyped_decorators":false,"disallow_untyped_defs":false,"enable_error_code":[],"enabled_error_codes":[],"follow_imports":"silent","follow_imports_for_stubs":false,"ignore_errors":false,"ignore_missing_imports":true,"implicit_optional":true,"implicit_reexport":true,"local_partial_types":false,"mypyc":false,"platform":"win32","plugins":[],"strict_concatenate":false,"strict_equality":false,"strict_optional":true,"warn_no_return":true,"warn_return_any":false,"warn_unreachable":false,"warn_unused_ignores":false},"path":"C:\\Users\\Vasilis\\AppData\\Local\\Programs\\Python\\Python313\\Lib\\site-packages\\mypy\\typeshed\\stdlib\\io.pyi","plugin_data":null,"size":7875,"suppressed":[],"version_id":"1.3.0"}