{".class":"MypyFile","_fullname":"alembic.util.langhelpers","future_import_flags":["annotations"],"is_partial_stub_package":false,"is_stub":false,"names":{".class":"SymbolTable","Any":{".class":"SymbolTableNode","cross_ref":"typing.Any","kind":"Gdef"},"Callable":{".class":"SymbolTableNode","cross_ref":"typing.Callable","kind":"Gdef"},"Dict":{".class":"SymbolTableNode","cross_ref":"typing.Dict","kind":"Gdef"},"Dispatcher":{".class":"SymbolTableNode","kind":"Gdef","node":{".class":"TypeInfo","_promote":[],"abstract_attributes":[],"alt_promote":null,"bases":["builtins.object"],"dataclass_transform_spec":null,"declared_metaclass":null,"defn":{".class":"ClassDef","fullname":"alembic.util.langhelpers.Dispatcher","name":"Dispatcher","type_vars":[]},"deletable_attributes":[],"flags":[],"fullname":"alembic.util.langhelpers.Dispatcher","has_param_spec_type":false,"metaclass_type":null,"metadata":{},"module_name":"alembic.util.langhelpers","mro":["alembic.util.langhelpers.Dispatcher","builtins.object"],"names":{".class":"SymbolTable","__init__":{".class":"SymbolTableNode","kind":"Mdef","node":{".class":"FuncDef","abstract_status":0,"arg_kinds":[0,1],"arg_names":["self","uselist"],"dataclass_transform_spec":null,"flags":[],"fullname":"alembic.util.langhelpers.Dispatcher.__init__","name":"__init__","type":{".class":"CallableType","arg_kinds":[0,1],"arg_names":["self","uselist"],"arg_types":["alembic.util.langhelpers.Dispatcher","builtins.bool"],"bound_args":[],"def_extras":{"first_arg":"self"},"fallback":"builtins.function","from_concatenate":false,"implicit":false,"is_ellipsis_args":false,"name":"__init__ of Dispatcher","ret_type":{".class":"NoneType"},"type_guard":null,"unpack_kwargs":false,"variables":[]}}},"_fn_or_list":{".class":"SymbolTableNode","kind":"Mdef","node":{".class":"FuncDef","abstract_status":0,"arg_kinds":[0,0],"arg_names":["self","fn_or_list"],"dataclass_transform_spec":null,"flags":[],"fullname":"alembic.util.langhelpers.Dispatcher._fn_or_list","name":"_fn_or_list","type":{".class":"CallableType","arg_kinds":[0,0],"arg_names":["self","fn_or_list"],"arg_types":["alembic.util.langhelpers.Dispatcher",{".class":"UnionType","items":[{".class":"Instance","args":[{".class":"CallableType","arg_kinds":[2,4],"arg_names":[null,null],"arg_types":[{".class":"AnyType","missing_import_name":null,"source_any":null,"type_of_any":2},{".class":"AnyType","missing_import_name":null,"source_any":null,"type_of_any":2}],"bound_args":[],"def_extras":{},"fallback":"builtins.function","from_concatenate":false,"implicit":false,"is_ellipsis_args":true,"name":null,"ret_type":{".class":"AnyType","missing_import_name":null,"source_any":null,"type_of_any":2},"type_guard":null,"unpack_kwargs":false,"variables":[]}],"type_ref":"builtins.list"},{".class":"CallableType","arg_kinds":[2,4],"arg_names":[null,null],"arg_types":[{".class":"AnyType","missing_import_name":null,"source_any":null,"type_of_any":2},{".class":"AnyType","missing_import_name":null,"source_any":null,"type_of_any":2}],"bound_args":[],"def_extras":{},"fallback":"builtins.function","from_concatenate":false,"implicit":false,"is_ellipsis_args":true,"name":null,"ret_type":{".class":"AnyType","missing_import_name":null,"source_any":null,"type_of_any":2},"type_guard":null,"unpack_kwargs":false,"variables":[]}]}],"bound_args":[],"def_extras":{"first_arg":"self"},"fallback":"builtins.function","from_concatenate":false,"implicit":false,"is_ellipsis_args":false,"name":"_fn_or_list of Dispatcher","ret_type":{".class":"CallableType","arg_kinds":[2,4],"arg_names":[null,null],"arg_types":[{".class":"AnyType","missing_import_name":null,"source_any":null,"type_of_any":2},{".class":"AnyType","missing_import_name":null,"source_any":null,"type_of_any":2}],"bound_args":[],"def_extras":{},"fallback":"builtins.function","from_concatenate":false,"implicit":false,"is_ellipsis_args":true,"name":null,"ret_type":{".class":"AnyType","missing_import_name":null,"source_any":null,"type_of_any":2},"type_guard":null,"unpack_kwargs":false,"variables":[]},"type_guard":null,"unpack_kwargs":false,"variables":[]}}},"_registry":{".class":"SymbolTableNode","implicit":true,"kind":"Mdef","node":{".class":"Var","flags":["explicit_self_type","is_ready","is_inferred"],"fullname":"alembic.util.langhelpers.Dispatcher._registry","name":"_registry","type":{".class":"Instance","args":[{".class":"Instance","args":[{".class":"AnyType","missing_import_name":null,"source_any":null,"type_of_any":2}],"type_ref":"builtins.tuple"},{".class":"AnyType","missing_import_name":null,"source_any":null,"type_of_any":2}],"type_ref":"builtins.dict"}}},"branch":{".class":"SymbolTableNode","kind":"Mdef","node":{".class":"FuncDef","abstract_status":0,"arg_kinds":[0],"arg_names":["self"],"dataclass_transform_spec":null,"flags":[],"fullname":"alembic.util.langhelpers.Dispatcher.branch","name":"branch","type":{".class":"CallableType","arg_kinds":[0],"arg_names":["self"],"arg_types":["alembic.util.langhelpers.Dispatcher"],"bound_args":[],"def_extras":{"first_arg":"self"},"fallback":"builtins.function","from_concatenate":false,"implicit":false,"is_ellipsis_args":false,"name":"branch of Dispatcher","ret_type":"alembic.util.langhelpers.Dispatcher","type_guard":null,"unpack_kwargs":false,"variables":[]}}},"dispatch":{".class":"SymbolTableNode","kind":"Mdef","node":{".class":"FuncDef","abstract_status":0,"arg_kinds":[0,0,1],"arg_names":["self","obj","qualifier"],"dataclass_transform_spec":null,"flags":[],"fullname":"alembic.util.langhelpers.Dispatcher.dispatch","name":"dispatch","type":{".class":"CallableType","arg_kinds":[0,0,1],"arg_names":["self","obj","qualifier"],"arg_types":["alembic.util.langhelpers.Dispatcher",{".class":"AnyType","missing_import_name":null,"source_any":null,"type_of_any":2},"builtins.str"],"bound_args":[],"def_extras":{"first_arg":"self"},"fallback":"builtins.function","from_concatenate":false,"implicit":false,"is_ellipsis_args":false,"name":"dispatch of Dispatcher","ret_type":{".class":"AnyType","missing_import_name":null,"source_any":null,"type_of_any":2},"type_guard":null,"unpack_kwargs":false,"variables":[]}}},"dispatch_for":{".class":"SymbolTableNode","kind":"Mdef","node":{".class":"FuncDef","abstract_status":0,"arg_kinds":[0,0,1],"arg_names":["self","target","qualifier"],"dataclass_transform_spec":null,"flags":[],"fullname":"alembic.util.langhelpers.Dispatcher.dispatch_for","name":"dispatch_for","type":{".class":"CallableType","arg_kinds":[0,0,1],"arg_names":["self","target","qualifier"],"arg_types":["alembic.util.langhelpers.Dispatcher",{".class":"AnyType","missing_import_name":null,"source_any":null,"type_of_any":2},"builtins.str"],"bound_args":[],"def_extras":{"first_arg":"self"},"fallback":"builtins.function","from_concatenate":false,"implicit":false,"is_ellipsis_args":false,"name":"dispatch_for of Dispatcher","ret_type":{".class":"CallableType","arg_kinds":[0],"arg_names":[null],"arg_types":[{".class":"TypeVarType","fullname":"alembic.util.langhelpers._C","id":-1,"name":"_C","namespace":"","upper_bound":{".class":"CallableType","arg_kinds":[2,4],"arg_names":[null,null],"arg_types":[{".class":"AnyType","missing_import_name":null,"source_any":null,"type_of_any":2},{".class":"AnyType","missing_import_name":null,"source_any":null,"type_of_any":2}],"bound_args":[],"def_extras":{},"fallback":"builtins.function","from_concatenate":false,"implicit":false,"is_ellipsis_args":true,"name":null,"ret_type":{".class":"AnyType","missing_import_name":null,"source_any":null,"type_of_any":2},"type_guard":null,"unpack_kwargs":false,"variables":[]},"values":[],"variance":0}],"bound_args":[],"def_extras":{},"fallback":"builtins.function","from_concatenate":false,"implicit":false,"is_ellipsis_args":false,"name":null,"ret_type":{".class":"TypeVarType","fullname":"alembic.util.langhelpers._C","id":-1,"name":"_C","namespace":"","upper_bound":{".class":"CallableType","arg_kinds":[2,4],"arg_names":[null,null],"arg_types":[{".class":"AnyType","missing_import_name":null,"source_any":null,"type_of_any":2},{".class":"AnyType","missing_import_name":null,"source_any":null,"type_of_any":2}],"bound_args":[],"def_extras":{},"fallback":"builtins.function","from_concatenate":false,"implicit":false,"is_ellipsis_args":true,"name":null,"ret_type":{".class":"AnyType","missing_import_name":null,"source_any":null,"type_of_any":2},"type_guard":null,"unpack_kwargs":false,"variables":[]},"values":[],"variance":0},"type_guard":null,"unpack_kwargs":false,"variables":[{".class":"TypeVarType","fullname":"alembic.util.langhelpers._C","id":-1,"name":"_C","namespace":"","upper_bound":{".class":"CallableType","arg_kinds":[2,4],"arg_names":[null,null],"arg_types":[{".class":"AnyType","missing_import_name":null,"source_any":null,"type_of_any":2},{".class":"AnyType","missing_import_name":null,"source_any":null,"type_of_any":2}],"bound_args":[],"def_extras":{},"fallback":"builtins.function","from_concatenate":false,"implicit":false,"is_ellipsis_args":true,"name":null,"ret_type":{".class":"AnyType","missing_import_name":null,"source_any":null,"type_of_any":2},"type_guard":null,"unpack_kwargs":false,"variables":[]},"values":[],"variance":0}]},"type_guard":null,"unpack_kwargs":false,"variables":[]}}},"uselist":{".class":"SymbolTableNode","implicit":true,"kind":"Mdef","node":{".class":"Var","flags":["is_inferred"],"fullname":"alembic.util.langhelpers.Dispatcher.uselist","name":"uselist","type":"builtins.bool"}}},"self_type":null,"slots":null,"tuple_type":null,"type_vars":[],"typeddict_type":null}},"EMPTY_DICT":{".class":"SymbolTableNode","kind":"Gdef","node":{".class":"Var","flags":["is_ready","has_explicit_value"],"fullname":"alembic.util.langhelpers.EMPTY_DICT","name":"EMPTY_DICT","type":{".class":"Instance","args":[{".class":"AnyType","missing_import_name":null,"source_any":null,"type_of_any":2},{".class":"AnyType","missing_import_name":null,"source_any":null,"type_of_any":2}],"type_ref":"typing.Mapping"}}},"Iterable":{".class":"SymbolTableNode","cross_ref":"typing.Iterable","kind":"Gdef"},"List":{".class":"SymbolTableNode","cross_ref":"typing.List","kind":"Gdef"},"Mapping":{".class":"SymbolTableNode","cross_ref":"typing.Mapping","kind":"Gdef"},"ModuleClsProxy":{".class":"SymbolTableNode","kind":"Gdef","node":{".class":"TypeInfo","_promote":[],"abstract_attributes":[],"alt_promote":null,"bases":["builtins.object"],"dataclass_transform_spec":null,"declared_metaclass":"alembic.util.langhelpers._ModuleClsMeta","defn":{".class":"ClassDef","fullname":"alembic.util.langhelpers.ModuleClsProxy","name":"ModuleClsProxy","type_vars":[]},"deletable_attributes":[],"flags":[],"fullname":"alembic.util.langhelpers.ModuleClsProxy","has_param_spec_type":false,"metaclass_type":"alembic.util.langhelpers._ModuleClsMeta","metadata":{},"module_name":"alembic.util.langhelpers","mro":["alembic.util.langhelpers.ModuleClsProxy","builtins.object"],"names":{".class":"SymbolTable","_add_proxied_attribute":{".class":"SymbolTableNode","kind":"Mdef","node":{".class":"Decorator","func":{".class":"FuncDef","abstract_status":0,"arg_kinds":[0,0,0,0,0],"arg_names":["cls","methname","globals_","locals_","attr_names"],"dataclass_transform_spec":null,"flags":["is_class","is_decorated"],"fullname":"alembic.util.langhelpers.ModuleClsProxy._add_proxied_attribute","name":"_add_proxied_attribute","type":{".class":"CallableType","arg_kinds":[0,0,0,0,0],"arg_names":["cls","methname","globals_","locals_","attr_names"],"arg_types":[{".class":"TypeType","item":"alembic.util.langhelpers.ModuleClsProxy"},"builtins.str",{".class":"Instance","args":["builtins.str",{".class":"AnyType","missing_import_name":null,"source_any":null,"type_of_any":2}],"type_ref":"typing.MutableMapping"},{".class":"Instance","args":["builtins.str",{".class":"AnyType","missing_import_name":null,"source_any":null,"type_of_any":2}],"type_ref":"typing.MutableMapping"},{".class":"Instance","args":["builtins.str"],"type_ref":"builtins.set"}],"bound_args":[],"def_extras":{"first_arg":"cls"},"fallback":"builtins.function","from_concatenate":false,"implicit":false,"is_ellipsis_args":false,"name":"_add_proxied_attribute of ModuleClsProxy","ret_type":{".class":"NoneType"},"type_guard":null,"unpack_kwargs":false,"variables":[]}},"is_overload":false,"var":{".class":"Var","flags":["is_initialized_in_class","is_classmethod","is_ready","is_inferred"],"fullname":"alembic.util.langhelpers.ModuleClsProxy._add_proxied_attribute","name":"_add_proxied_attribute","type":{".class":"CallableType","arg_kinds":[0,0,0,0,0],"arg_names":["cls","methname","globals_","locals_","attr_names"],"arg_types":[{".class":"TypeType","item":"alembic.util.langhelpers.ModuleClsProxy"},"builtins.str",{".class":"Instance","args":["builtins.str",{".class":"AnyType","missing_import_name":null,"source_any":null,"type_of_any":2}],"type_ref":"typing.MutableMapping"},{".class":"Instance","args":["builtins.str",{".class":"AnyType","missing_import_name":null,"source_any":null,"type_of_any":2}],"type_ref":"typing.MutableMapping"},{".class":"Instance","args":["builtins.str"],"type_ref":"builtins.set"}],"bound_args":[],"def_extras":{"first_arg":"cls"},"fallback":"builtins.function","from_concatenate":false,"implicit":false,"is_ellipsis_args":false,"name":"_add_proxied_attribute of ModuleClsProxy","ret_type":{".class":"NoneType"},"type_guard":null,"unpack_kwargs":false,"variables":[]}}}},"_create_method_proxy":{".class":"SymbolTableNode","kind":"Mdef","node":{".class":"Decorator","func":{".class":"FuncDef","abstract_status":0,"arg_kinds":[0,0,0,0],"arg_names":["cls","name","globals_","locals_"],"dataclass_transform_spec":null,"flags":["is_class","is_decorated"],"fullname":"alembic.util.langhelpers.ModuleClsProxy._create_method_proxy","name":"_create_method_proxy","type":{".class":"CallableType","arg_kinds":[0,0,0,0],"arg_names":["cls","name","globals_","locals_"],"arg_types":[{".class":"TypeType","item":"alembic.util.langhelpers.ModuleClsProxy"},"builtins.str",{".class":"Instance","args":["builtins.str",{".class":"AnyType","missing_import_name":null,"source_any":null,"type_of_any":2}],"type_ref":"typing.MutableMapping"},{".class":"Instance","args":["builtins.str",{".class":"AnyType","missing_import_name":null,"source_any":null,"type_of_any":2}],"type_ref":"typing.MutableMapping"}],"bound_args":[],"def_extras":{"first_arg":"cls"},"fallback":"builtins.function","from_concatenate":false,"implicit":false,"is_ellipsis_args":false,"name":"_create_method_proxy of ModuleClsProxy","ret_type":{".class":"CallableType","arg_kinds":[2,4],"arg_names":[null,null],"arg_types":[{".class":"AnyType","missing_import_name":null,"source_any":null,"type_of_any":2},{".class":"AnyType","missing_import_name":null,"source_any":null,"type_of_any":2}],"bound_args":[],"def_extras":{},"fallback":"builtins.function","from_concatenate":false,"implicit":false,"is_ellipsis_args":true,"name":null,"ret_type":{".class":"AnyType","missing_import_name":null,"source_any":null,"type_of_any":2},"type_guard":null,"unpack_kwargs":false,"variables":[]},"type_guard":null,"unpack_kwargs":false,"variables":[]}},"is_overload":false,"var":{".class":"Var","flags":["is_initialized_in_class","is_classmethod","is_ready","is_inferred"],"fullname":"alembic.util.langhelpers.ModuleClsProxy._create_method_proxy","name":"_create_method_proxy","type":{".class":"CallableType","arg_kinds":[0,0,0,0],"arg_names":["cls","name","globals_","locals_"],"arg_types":[{".class":"TypeType","item":"alembic.util.langhelpers.ModuleClsProxy"},"builtins.str",{".class":"Instance","args":["builtins.str",{".class":"AnyType","missing_import_name":null,"source_any":null,"type_of_any":2}],"type_ref":"typing.MutableMapping"},{".class":"Instance","args":["builtins.str",{".class":"AnyType","missing_import_name":null,"source_any":null,"type_of_any":2}],"type_ref":"typing.MutableMapping"}],"bound_args":[],"def_extras":{"first_arg":"cls"},"fallback":"builtins.function","from_concatenate":false,"implicit":false,"is_ellipsis_args":false,"name":"_create_method_proxy of ModuleClsProxy","ret_type":{".class":"CallableType","arg_kinds":[2,4],"arg_names":[null,null],"arg_types":[{".class":"AnyType","missing_import_name":null,"source_any":null,"type_of_any":2},{".class":"AnyType","missing_import_name":null,"source_any":null,"type_of_any":2}],"bound_args":[],"def_extras":{},"fallback":"builtins.function","from_concatenate":false,"implicit":false,"is_ellipsis_args":true,"name":null,"ret_type":{".class":"AnyType","missing_import_name":null,"source_any":null,"type_of_any":2},"type_guard":null,"unpack_kwargs":false,"variables":[]},"type_guard":null,"unpack_kwargs":false,"variables":[]}}}},"_install_proxy":{".class":"SymbolTableNode","kind":"Mdef","node":{".class":"FuncDef","abstract_status":0,"arg_kinds":[0],"arg_names":["self"],"dataclass_transform_spec":null,"flags":[],"fullname":"alembic.util.langhelpers.ModuleClsProxy._install_proxy","name":"_install_proxy","type":{".class":"CallableType","arg_kinds":[0],"arg_names":["self"],"arg_types":["alembic.util.langhelpers.ModuleClsProxy"],"bound_args":[],"def_extras":{"first_arg":"self"},"fallback":"builtins.function","from_concatenate":false,"implicit":false,"is_ellipsis_args":false,"name":"_install_proxy of ModuleClsProxy","ret_type":{".class":"NoneType"},"type_guard":null,"unpack_kwargs":false,"variables":[]}}},"_remove_proxy":{".class":"SymbolTableNode","kind":"Mdef","node":{".class":"FuncDef","abstract_status":0,"arg_kinds":[0],"arg_names":["self"],"dataclass_transform_spec":null,"flags":[],"fullname":"alembic.util.langhelpers.ModuleClsProxy._remove_proxy","name":"_remove_proxy","type":{".class":"CallableType","arg_kinds":[0],"arg_names":["self"],"arg_types":["alembic.util.langhelpers.ModuleClsProxy"],"bound_args":[],"def_extras":{"first_arg":"self"},"fallback":"builtins.function","from_concatenate":false,"implicit":false,"is_ellipsis_args":false,"name":"_remove_proxy of ModuleClsProxy","ret_type":{".class":"NoneType"},"type_guard":null,"unpack_kwargs":false,"variables":[]}}},"_setup_proxy":{".class":"SymbolTableNode","kind":"Mdef","node":{".class":"Decorator","func":{".class":"FuncDef","abstract_status":0,"arg_kinds":[0,0,0,0],"arg_names":["cls","globals_","locals_","attr_names"],"dataclass_transform_spec":null,"flags":["is_class","is_decorated"],"fullname":"alembic.util.langhelpers.ModuleClsProxy._setup_proxy","name":"_setup_proxy","type":{".class":"CallableType","arg_kinds":[0,0,0,0],"arg_names":["cls","globals_","locals_","attr_names"],"arg_types":[{".class":"TypeType","item":"alembic.util.langhelpers.ModuleClsProxy"},{".class":"Instance","args":["builtins.str",{".class":"AnyType","missing_import_name":null,"source_any":null,"type_of_any":2}],"type_ref":"typing.MutableMapping"},{".class":"Instance","args":["builtins.str",{".class":"AnyType","missing_import_name":null,"source_any":null,"type_of_any":2}],"type_ref":"typing.MutableMapping"},{".class":"Instance","args":["builtins.str"],"type_ref":"builtins.set"}],"bound_args":[],"def_extras":{"first_arg":"cls"},"fallback":"builtins.function","from_concatenate":false,"implicit":false,"is_ellipsis_args":false,"name":"_setup_proxy of ModuleClsProxy","ret_type":{".class":"NoneType"},"type_guard":null,"unpack_kwargs":false,"variables":[]}},"is_overload":false,"var":{".class":"Var","flags":["is_initialized_in_class","is_classmethod","is_ready","is_inferred"],"fullname":"alembic.util.langhelpers.ModuleClsProxy._setup_proxy","name":"_setup_proxy","type":{".class":"CallableType","arg_kinds":[0,0,0,0],"arg_names":["cls","globals_","locals_","attr_names"],"arg_types":[{".class":"TypeType","item":"alembic.util.langhelpers.ModuleClsProxy"},{".class":"Instance","args":["builtins.str",{".class":"AnyType","missing_import_name":null,"source_any":null,"type_of_any":2}],"type_ref":"typing.MutableMapping"},{".class":"Instance","args":["builtins.str",{".class":"AnyType","missing_import_name":null,"source_any":null,"type_of_any":2}],"type_ref":"typing.MutableMapping"},{".class":"Instance","args":["builtins.str"],"type_ref":"builtins.set"}],"bound_args":[],"def_extras":{"first_arg":"cls"},"fallback":"builtins.function","from_concatenate":false,"implicit":false,"is_ellipsis_args":false,"name":"_setup_proxy of ModuleClsProxy","ret_type":{".class":"NoneType"},"type_guard":null,"unpack_kwargs":false,"variables":[]}}}},"_setups":{".class":"SymbolTableNode","kind":"Mdef","node":{".class":"Var","flags":["is_initialized_in_class","is_ready","has_explicit_value"],"fullname":"alembic.util.langhelpers.ModuleClsProxy._setups","name":"_setups","type":{".class":"Instance","args":[{".class":"TypeType","item":{".class":"AnyType","missing_import_name":null,"source_any":null,"type_of_any":2}},{".class":"TupleType","implicit":false,"items":[{".class":"Instance","args":["builtins.str"],"type_ref":"builtins.set"},{".class":"Instance","args":[{".class":"TupleType","implicit":false,"items":[{".class":"Instance","args":["builtins.str",{".class":"AnyType","missing_import_name":null,"source_any":null,"type_of_any":2}],"type_ref":"typing.MutableMapping"},{".class":"Instance","args":["builtins.str",{".class":"AnyType","missing_import_name":null,"source_any":null,"type_of_any":2}],"type_ref":"typing.MutableMapping"}],"partial_fallback":{".class":"Instance","args":[{".class":"AnyType","missing_import_name":null,"source_any":null,"type_of_any":6}],"type_ref":"builtins.tuple"}}],"type_ref":"builtins.list"}],"partial_fallback":{".class":"Instance","args":[{".class":"AnyType","missing_import_name":null,"source_any":null,"type_of_any":6}],"type_ref":"builtins.tuple"}}],"type_ref":"builtins.dict"}}},"_update_module_proxies":{".class":"SymbolTableNode","kind":"Mdef","node":{".class":"Decorator","func":{".class":"FuncDef","abstract_status":0,"arg_kinds":[0,0],"arg_names":["cls","name"],"dataclass_transform_spec":null,"flags":["is_class","is_decorated"],"fullname":"alembic.util.langhelpers.ModuleClsProxy._update_module_proxies","name":"_update_module_proxies","type":{".class":"CallableType","arg_kinds":[0,0],"arg_names":["cls","name"],"arg_types":[{".class":"TypeType","item":"alembic.util.langhelpers.ModuleClsProxy"},"builtins.str"],"bound_args":[],"def_extras":{"first_arg":"cls"},"fallback":"builtins.function","from_concatenate":false,"implicit":false,"is_ellipsis_args":false,"name":"_update_module_proxies of ModuleClsProxy","ret_type":{".class":"NoneType"},"type_guard":null,"unpack_kwargs":false,"variables":[]}},"is_overload":false,"var":{".class":"Var","flags":["is_initialized_in_class","is_classmethod","is_ready","is_inferred"],"fullname":"alembic.util.langhelpers.ModuleClsProxy._update_module_proxies","name":"_update_module_proxies","type":{".class":"CallableType","arg_kinds":[0,0],"arg_names":["cls","name"],"arg_types":[{".class":"TypeType","item":"alembic.util.langhelpers.ModuleClsProxy"},"builtins.str"],"bound_args":[],"def_extras":{"first_arg":"cls"},"fallback":"builtins.function","from_concatenate":false,"implicit":false,"is_ellipsis_args":false,"name":"_update_module_proxies of ModuleClsProxy","ret_type":{".class":"NoneType"},"type_guard":null,"unpack_kwargs":false,"variables":[]}}}},"create_module_class_proxy":{".class":"SymbolTableNode","kind":"Mdef","node":{".class":"Decorator","func":{".class":"FuncDef","abstract_status":0,"arg_kinds":[0,0,0],"arg_names":["cls","globals_","locals_"],"dataclass_transform_spec":null,"flags":["is_class","is_decorated"],"fullname":"alembic.util.langhelpers.ModuleClsProxy.create_module_class_proxy","name":"create_module_class_proxy","type":{".class":"CallableType","arg_kinds":[0,0,0],"arg_names":["cls","globals_","locals_"],"arg_types":[{".class":"TypeType","item":"alembic.util.langhelpers.ModuleClsProxy"},{".class":"Instance","args":["builtins.str",{".class":"AnyType","missing_import_name":null,"source_any":null,"type_of_any":2}],"type_ref":"typing.MutableMapping"},{".class":"Instance","args":["builtins.str",{".class":"AnyType","missing_import_name":null,"source_any":null,"type_of_any":2}],"type_ref":"typing.MutableMapping"}],"bound_args":[],"def_extras":{"first_arg":"cls"},"fallback":"builtins.function","from_concatenate":false,"implicit":false,"is_ellipsis_args":false,"name":"create_module_class_proxy of ModuleClsProxy","ret_type":{".class":"NoneType"},"type_guard":null,"unpack_kwargs":false,"variables":[]}},"is_overload":false,"var":{".class":"Var","flags":["is_initialized_in_class","is_classmethod","is_ready","is_inferred"],"fullname":"alembic.util.langhelpers.ModuleClsProxy.create_module_class_proxy","name":"create_module_class_proxy","type":{".class":"CallableType","arg_kinds":[0,0,0],"arg_names":["cls","globals_","locals_"],"arg_types":[{".class":"TypeType","item":"alembic.util.langhelpers.ModuleClsProxy"},{".class":"Instance","args":["builtins.str",{".class":"AnyType","missing_import_name":null,"source_any":null,"type_of_any":2}],"type_ref":"typing.MutableMapping"},{".class":"Instance","args":["builtins.str",{".class":"AnyType","missing_import_name":null,"source_any":null,"type_of_any":2}],"type_ref":"typing.MutableMapping"}],"bound_args":[],"def_extras":{"first_arg":"cls"},"fallback":"builtins.function","from_concatenate":false,"implicit":false,"is_ellipsis_args":false,"name":"create_module_class_proxy of ModuleClsProxy","ret_type":{".class":"NoneType"},"type_guard":null,"unpack_kwargs":false,"variables":[]}}}}},"self_type":null,"slots":null,"tuple_type":null,"type_vars":[],"typeddict_type":null}},"MutableMapping":{".class":"SymbolTableNode","cross_ref":"typing.MutableMapping","kind":"Gdef"},"NoReturn":{".class":"SymbolTableNode","cross_ref":"typing.NoReturn","kind":"Gdef"},"Optional":{".class":"SymbolTableNode","cross_ref":"typing.Optional","kind":"Gdef"},"Sequence":{".class":"SymbolTableNode","cross_ref":"typing.Sequence","kind":"Gdef"},"Set":{".class":"SymbolTableNode","cross_ref":"typing.Set","kind":"Gdef"},"TYPE_CHECKING":{".class":"SymbolTableNode","cross_ref":"typing.TYPE_CHECKING","kind":"Gdef"},"Tuple":{".class":"SymbolTableNode","cross_ref":"typing.Tuple","kind":"Gdef"},"Type":{".class":"SymbolTableNode","cross_ref":"typing.Type","kind":"Gdef"},"TypeVar":{".class":"SymbolTableNode","cross_ref":"typing.TypeVar","kind":"Gdef"},"Union":{".class":"SymbolTableNode","cross_ref":"typing.Union","kind":"Gdef"},"_C":{".class":"SymbolTableNode","kind":"Gdef","node":{".class":"TypeVarExpr","fullname":"alembic.util.langhelpers._C","name":"_C","upper_bound":{".class":"CallableType","arg_kinds":[2,4],"arg_names":[null,null],"arg_types":[{".class":"AnyType","missing_import_name":null,"source_any":null,"type_of_any":2},{".class":"AnyType","missing_import_name":null,"source_any":null,"type_of_any":2}],"bound_args":[],"def_extras":{},"fallback":"builtins.function","from_concatenate":false,"implicit":false,"is_ellipsis_args":true,"name":null,"ret_type":{".class":"AnyType","missing_import_name":null,"source_any":null,"type_of_any":2},"type_guard":null,"unpack_kwargs":false,"variables":[]},"values":[],"variance":0}},"_ModuleClsMeta":{".class":"SymbolTableNode","kind":"Gdef","node":{".class":"TypeInfo","_promote":[],"abstract_attributes":[],"alt_promote":null,"bases":["builtins.type"],"dataclass_transform_spec":null,"declared_metaclass":null,"defn":{".class":"ClassDef","fullname":"alembic.util.langhelpers._ModuleClsMeta","name":"_ModuleClsMeta","type_vars":[]},"deletable_attributes":[],"flags":[],"fullname":"alembic.util.langhelpers._ModuleClsMeta","has_param_spec_type":false,"metaclass_type":null,"metadata":{},"module_name":"alembic.util.langhelpers","mro":["alembic.util.langhelpers._ModuleClsMeta","builtins.type","builtins.object"],"names":{".class":"SymbolTable","__setattr__":{".class":"SymbolTableNode","kind":"Mdef","node":{".class":"FuncDef","abstract_status":0,"arg_kinds":[0,0,0],"arg_names":["cls","key","value"],"dataclass_transform_spec":null,"flags":[],"fullname":"alembic.util.langhelpers._ModuleClsMeta.__setattr__","name":"__setattr__","type":{".class":"CallableType","arg_kinds":[0,0,0],"arg_names":["cls","key","value"],"arg_types":["alembic.util.langhelpers._ModuleClsMeta","builtins.str",{".class":"CallableType","arg_kinds":[2,4],"arg_names":[null,null],"arg_types":[{".class":"AnyType","missing_import_name":null,"source_any":null,"type_of_any":2},{".class":"AnyType","missing_import_name":null,"source_any":null,"type_of_any":2}],"bound_args":[],"def_extras":{},"fallback":"builtins.function","from_concatenate":false,"implicit":false,"is_ellipsis_args":true,"name":null,"ret_type":{".class":"AnyType","missing_import_name":null,"source_any":null,"type_of_any":2},"type_guard":null,"unpack_kwargs":false,"variables":[]}],"bound_args":[],"def_extras":{"first_arg":"cls"},"fallback":"builtins.function","from_concatenate":false,"implicit":false,"is_ellipsis_args":false,"name":"__setattr__ of _ModuleClsMeta","ret_type":{".class":"NoneType"},"type_guard":null,"unpack_kwargs":false,"variables":[]}}}},"self_type":null,"slots":null,"tuple_type":null,"type_vars":[],"typeddict_type":null}},"_T":{".class":"SymbolTableNode","kind":"Gdef","node":{".class":"TypeVarExpr","fullname":"alembic.util.langhelpers._T","name":"_T","upper_bound":{".class":"AnyType","missing_import_name":null,"source_any":null,"type_of_any":2},"values":[],"variance":0}},"__annotations__":{".class":"SymbolTableNode","kind":"Gdef","node":{".class":"Var","flags":["is_ready"],"fullname":"alembic.util.langhelpers.__annotations__","name":"__annotations__","type":{".class":"Instance","args":["builtins.str",{".class":"AnyType","missing_import_name":null,"source_any":null,"type_of_any":6}],"type_ref":"builtins.dict"}}},"__doc__":{".class":"SymbolTableNode","kind":"Gdef","node":{".class":"Var","flags":["is_ready"],"fullname":"alembic.util.langhelpers.__doc__","name":"__doc__","type":"builtins.str"}},"__file__":{".class":"SymbolTableNode","kind":"Gdef","node":{".class":"Var","flags":["is_ready"],"fullname":"alembic.util.langhelpers.__file__","name":"__file__","type":"builtins.str"}},"__name__":{".class":"SymbolTableNode","kind":"Gdef","node":{".class":"Var","flags":["is_ready"],"fullname":"alembic.util.langhelpers.__name__","name":"__name__","type":"builtins.str"}},"__package__":{".class":"SymbolTableNode","kind":"Gdef","node":{".class":"Var","flags":["is_ready"],"fullname":"alembic.util.langhelpers.__package__","name":"__package__","type":"builtins.str"}},"_with_legacy_names":{".class":"SymbolTableNode","kind":"Gdef","node":{".class":"FuncDef","abstract_status":0,"arg_kinds":[0],"arg_names":["translations"],"dataclass_transform_spec":null,"flags":[],"fullname":"alembic.util.langhelpers._with_legacy_names","name":"_with_legacy_names","type":{".class":"CallableType","arg_kinds":[0],"arg_names":["translations"],"arg_types":[{".class":"AnyType","missing_import_name":null,"source_any":null,"type_of_any":2}],"bound_args":[],"def_extras":{"first_arg":null},"fallback":"builtins.function","from_concatenate":false,"implicit":false,"is_ellipsis_args":false,"name":"_with_legacy_names","ret_type":{".class":"AnyType","missing_import_name":null,"source_any":null,"type_of_any":2},"type_guard":null,"unpack_kwargs":false,"variables":[]}}},"annotations":{".class":"SymbolTableNode","cross_ref":"__future__.annotations","kind":"Gdef"},"asbool":{".class":"SymbolTableNode","cross_ref":"sqlalchemy.util.langhelpers.asbool","kind":"Gdef"},"cast":{".class":"SymbolTableNode","cross_ref":"typing.cast","kind":"Gdef"},"collections":{".class":"SymbolTableNode","cross_ref":"collections","kind":"Gdef"},"dedupe_tuple":{".class":"SymbolTableNode","kind":"Gdef","node":{".class":"FuncDef","abstract_status":0,"arg_kinds":[0],"arg_names":["tup"],"dataclass_transform_spec":null,"flags":[],"fullname":"alembic.util.langhelpers.dedupe_tuple","name":"dedupe_tuple","type":{".class":"CallableType","arg_kinds":[0],"arg_names":["tup"],"arg_types":[{".class":"Instance","args":["builtins.str"],"type_ref":"builtins.tuple"}],"bound_args":[],"def_extras":{"first_arg":null},"fallback":"builtins.function","from_concatenate":false,"implicit":false,"is_ellipsis_args":false,"name":"dedupe_tuple","ret_type":{".class":"Instance","args":["builtins.str"],"type_ref":"builtins.tuple"},"type_guard":null,"unpack_kwargs":false,"variables":[]}}},"immutabledict":{".class":"SymbolTableNode","cross_ref":"sqlalchemy.util._collections.immutabledict","kind":"Gdef"},"inspect_getfullargspec":{".class":"SymbolTableNode","cross_ref":"sqlalchemy.util.compat.inspect_getfullargspec","kind":"Gdef"},"memoized_property":{".class":"SymbolTableNode","cross_ref":"sqlalchemy.util.langhelpers.memoized_property","kind":"Gdef"},"not_none":{".class":"SymbolTableNode","kind":"Gdef","node":{".class":"FuncDef","abstract_status":0,"arg_kinds":[0],"arg_names":["value"],"dataclass_transform_spec":null,"flags":[],"fullname":"alembic.util.langhelpers.not_none","name":"not_none","type":{".class":"CallableType","arg_kinds":[0],"arg_names":["value"],"arg_types":[{".class":"UnionType","items":[{".class":"TypeVarType","fullname":"alembic.util.langhelpers._T","id":-1,"name":"_T","namespace":"","upper_bound":{".class":"AnyType","missing_import_name":null,"source_any":null,"type_of_any":2},"values":[],"variance":0},{".class":"NoneType"}]}],"bound_args":[],"def_extras":{"first_arg":null},"fallback":"builtins.function","from_concatenate":false,"implicit":false,"is_ellipsis_args":false,"name":"not_none","ret_type":{".class":"TypeVarType","fullname":"alembic.util.langhelpers._T","id":-1,"name":"_T","namespace":"","upper_bound":{".class":"AnyType","missing_import_name":null,"source_any":null,"type_of_any":2},"values":[],"variance":0},"type_guard":null,"unpack_kwargs":false,"variables":[{".class":"TypeVarType","fullname":"alembic.util.langhelpers._T","id":-1,"name":"_T","namespace":"","upper_bound":{".class":"AnyType","missing_import_name":null,"source_any":null,"type_of_any":2},"values":[],"variance":0}]}}},"overload":{".class":"SymbolTableNode","cross_ref":"typing.overload","kind":"Gdef"},"rev_id":{".class":"SymbolTableNode","kind":"Gdef","node":{".class":"FuncDef","abstract_status":0,"arg_kinds":[],"arg_names":[],"dataclass_transform_spec":null,"flags":[],"fullname":"alembic.util.langhelpers.rev_id","name":"rev_id","type":{".class":"CallableType","arg_kinds":[],"arg_names":[],"arg_types":[],"bound_args":[],"def_extras":{"first_arg":null},"fallback":"builtins.function","from_concatenate":false,"implicit":false,"is_ellipsis_args":false,"name":"rev_id","ret_type":"builtins.str","type_guard":null,"unpack_kwargs":false,"variables":[]}}},"textwrap":{".class":"SymbolTableNode","cross_ref":"textwrap","kind":"Gdef"},"to_list":{".class":"SymbolTableNode","cross_ref":"sqlalchemy.util._collections.to_list","kind":"Gdef"},"to_tuple":{".class":"SymbolTableNode","kind":"Gdef","node":{".class":"OverloadedFuncDef","flags":[],"fullname":"alembic.util.langhelpers.to_tuple","impl":{".class":"FuncDef","abstract_status":0,"arg_kinds":[0,1],"arg_names":["x","default"],"dataclass_transform_spec":null,"flags":["is_overload"],"fullname":"alembic.util.langhelpers.to_tuple","name":"to_tuple","type":{".class":"CallableType","arg_kinds":[0,1],"arg_names":["x","default"],"arg_types":[{".class":"AnyType","missing_import_name":null,"source_any":null,"type_of_any":2},{".class":"UnionType","items":[{".class":"Instance","args":[{".class":"AnyType","missing_import_name":null,"source_any":null,"type_of_any":2}],"type_ref":"builtins.tuple"},{".class":"NoneType"}]}],"bound_args":[],"def_extras":{"first_arg":null},"fallback":"builtins.function","from_concatenate":false,"implicit":false,"is_ellipsis_args":false,"name":"to_tuple","ret_type":{".class":"UnionType","items":[{".class":"Instance","args":[{".class":"AnyType","missing_import_name":null,"source_any":null,"type_of_any":2}],"type_ref":"builtins.tuple"},{".class":"NoneType"}]},"type_guard":null,"unpack_kwargs":false,"variables":[]}},"items":[{".class":"Decorator","func":{".class":"FuncDef","abstract_status":0,"arg_kinds":[0,0],"arg_names":["x","default"],"dataclass_transform_spec":null,"flags":["is_overload","is_decorated"],"fullname":"alembic.util.langhelpers.to_tuple","name":"to_tuple","type":{".class":"CallableType","arg_kinds":[0,0],"arg_names":["x","default"],"arg_types":[{".class":"AnyType","missing_import_name":null,"source_any":null,"type_of_any":2},{".class":"Instance","args":[{".class":"AnyType","missing_import_name":null,"source_any":null,"type_of_any":2}],"type_ref":"builtins.tuple"}],"bound_args":[],"def_extras":{"first_arg":null},"fallback":"builtins.function","from_concatenate":false,"implicit":false,"is_ellipsis_args":false,"name":"to_tuple","ret_type":{".class":"Instance","args":[{".class":"AnyType","missing_import_name":null,"source_any":null,"type_of_any":2}],"type_ref":"builtins.tuple"},"type_guard":null,"unpack_kwargs":false,"variables":[]}},"is_overload":true,"var":{".class":"Var","flags":["is_inferred"],"fullname":"alembic.util.langhelpers.to_tuple","name":"to_tuple","type":null}},{".class":"Decorator","func":{".class":"FuncDef","abstract_status":0,"arg_kinds":[0,1],"arg_names":["x","default"],"dataclass_transform_spec":null,"flags":["is_overload","is_decorated"],"fullname":"alembic.util.langhelpers.to_tuple","name":"to_tuple","type":{".class":"CallableType","arg_kinds":[0,1],"arg_names":["x","default"],"arg_types":[{".class":"NoneType"},{".class":"UnionType","items":[{".class":"TypeVarType","fullname":"alembic.util.langhelpers._T","id":-1,"name":"_T","namespace":"","upper_bound":{".class":"AnyType","missing_import_name":null,"source_any":null,"type_of_any":2},"values":[],"variance":0},{".class":"NoneType"}]}],"bound_args":[],"def_extras":{"first_arg":null},"fallback":"builtins.function","from_concatenate":false,"implicit":false,"is_ellipsis_args":false,"name":"to_tuple","ret_type":{".class":"TypeVarType","fullname":"alembic.util.langhelpers._T","id":-1,"name":"_T","namespace":"","upper_bound":{".class":"AnyType","missing_import_name":null,"source_any":null,"type_of_any":2},"values":[],"variance":0},"type_guard":null,"unpack_kwargs":false,"variables":[{".class":"TypeVarType","fullname":"alembic.util.langhelpers._T","id":-1,"name":"_T","namespace":"","upper_bound":{".class":"AnyType","missing_import_name":null,"source_any":null,"type_of_any":2},"values":[],"variance":0}]}},"is_overload":true,"var":{".class":"Var","flags":["is_inferred"],"fullname":"alembic.util.langhelpers.to_tuple","name":"to_tuple","type":null}},{".class":"Decorator","func":{".class":"FuncDef","abstract_status":0,"arg_kinds":[0,1],"arg_names":["x","default"],"dataclass_transform_spec":null,"flags":["is_overload","is_decorated"],"fullname":"alembic.util.langhelpers.to_tuple","name":"to_tuple","type":{".class":"CallableType","arg_kinds":[0,1],"arg_names":["x","default"],"arg_types":[{".class":"AnyType","missing_import_name":null,"source_any":null,"type_of_any":2},{".class":"UnionType","items":[{".class":"Instance","args":[{".class":"AnyType","missing_import_name":null,"source_any":null,"type_of_any":2}],"type_ref":"builtins.tuple"},{".class":"NoneType"}]}],"bound_args":[],"def_extras":{"first_arg":null},"fallback":"builtins.function","from_concatenate":false,"implicit":false,"is_ellipsis_args":false,"name":"to_tuple","ret_type":{".class":"Instance","args":[{".class":"AnyType","missing_import_name":null,"source_any":null,"type_of_any":2}],"type_ref":"builtins.tuple"},"type_guard":null,"unpack_kwargs":false,"variables":[]}},"is_overload":true,"var":{".class":"Var","flags":["is_inferred"],"fullname":"alembic.util.langhelpers.to_tuple","name":"to_tuple","type":null}}],"type":{".class":"Overloaded","items":[{".class":"CallableType","arg_kinds":[0,0],"arg_names":["x","default"],"arg_types":[{".class":"AnyType","missing_import_name":null,"source_any":null,"type_of_any":2},{".class":"Instance","args":[{".class":"AnyType","missing_import_name":null,"source_any":null,"type_of_any":2}],"type_ref":"builtins.tuple"}],"bound_args":[],"def_extras":{"first_arg":null},"fallback":"builtins.function","from_concatenate":false,"implicit":false,"is_ellipsis_args":false,"name":"to_tuple","ret_type":{".class":"Instance","args":[{".class":"AnyType","missing_import_name":null,"source_any":null,"type_of_any":2}],"type_ref":"builtins.tuple"},"type_guard":null,"unpack_kwargs":false,"variables":[]},{".class":"CallableType","arg_kinds":[0,1],"arg_names":["x","default"],"arg_types":[{".class":"NoneType"},{".class":"UnionType","items":[{".class":"TypeVarType","fullname":"alembic.util.langhelpers._T","id":-1,"name":"_T","namespace":"","upper_bound":{".class":"AnyType","missing_import_name":null,"source_any":null,"type_of_any":2},"values":[],"variance":0},{".class":"NoneType"}]}],"bound_args":[],"def_extras":{"first_arg":null},"fallback":"builtins.function","from_concatenate":false,"implicit":false,"is_ellipsis_args":false,"name":"to_tuple","ret_type":{".class":"TypeVarType","fullname":"alembic.util.langhelpers._T","id":-1,"name":"_T","namespace":"","upper_bound":{".class":"AnyType","missing_import_name":null,"source_any":null,"type_of_any":2},"values":[],"variance":0},"type_guard":null,"unpack_kwargs":false,"variables":[{".class":"TypeVarType","fullname":"alembic.util.langhelpers._T","id":-1,"name":"_T","namespace":"","upper_bound":{".class":"AnyType","missing_import_name":null,"source_any":null,"type_of_any":2},"values":[],"variance":0}]},{".class":"CallableType","arg_kinds":[0,1],"arg_names":["x","default"],"arg_types":[{".class":"AnyType","missing_import_name":null,"source_any":null,"type_of_any":2},{".class":"UnionType","items":[{".class":"Instance","args":[{".class":"AnyType","missing_import_name":null,"source_any":null,"type_of_any":2}],"type_ref":"builtins.tuple"},{".class":"NoneType"}]}],"bound_args":[],"def_extras":{"first_arg":null},"fallback":"builtins.function","from_concatenate":false,"implicit":false,"is_ellipsis_args":false,"name":"to_tuple","ret_type":{".class":"Instance","args":[{".class":"AnyType","missing_import_name":null,"source_any":null,"type_of_any":2}],"type_ref":"builtins.tuple"},"type_guard":null,"unpack_kwargs":false,"variables":[]}]}}},"unique_list":{".class":"SymbolTableNode","cross_ref":"sqlalchemy.util._collections.unique_list","kind":"Gdef"},"uuid":{".class":"SymbolTableNode","cross_ref":"uuid","kind":"Gdef"},"warnings":{".class":"SymbolTableNode","cross_ref":"warnings","kind":"Gdef"}},"path":"C:\\Users\\Vasilis\\AppData\\Local\\Programs\\Python\\Python313\\Lib\\site-packages\\alembic\\util\\langhelpers.py"}