{"data_mtime":1762095552,"dep_lines":[31,4,26,1,3,5,6,23,24,1,1,1,1,1,1,1,1,1],"dep_prios":[5,5,5,5,10,10,5,10,10,5,30,30,30,30,30,30,30,30],"dependencies":["alembic.util.compat","collections.abc","sqlalchemy.util","__future__","collections","textwrap","typing","uuid","warnings","builtins","_typeshed","_warnings","abc","sqlalchemy","sqlalchemy.util._collections","sqlalchemy.util.compat","types","typing_extensions"],"hash":"2e939ca2f9e13273f8e644edf33349e011e9c90ae5178d0e2fac835e3a8ab6c1","id":"alembic.util.langhelpers","ignore_all":true,"interface_hash":"a392f15257149b8166ab510dadd1855fcc419593e9163e1e0dab8da5cf195eb2","mtime":1761854780,"options":{"allow_redefinition":false,"allow_untyped_globals":false,"always_false":[],"always_true":[],"bazel":false,"check_untyped_defs":false,"disable_bytearray_promotion":false,"disable_error_code":[],"disable_memoryview_promotion":false,"disabled_error_codes":[],"disallow_any_decorated":false,"disallow_any_explicit":false,"disallow_any_expr":false,"disallow_any_generics":false,"disallow_any_unimported":false,"disallow_incomplete_defs":false,"disallow_subclassing_any":false,"disallow_untyped_calls":false,"disallow_untyped_decorators":false,"disallow_untyped_defs":false,"enable_error_code":[],"enabled_error_codes":[],"follow_imports":"silent","follow_imports_for_stubs":false,"ignore_errors":false,"ignore_missing_imports":true,"implicit_optional":true,"implicit_reexport":true,"local_partial_types":false,"mypyc":false,"platform":"win32","plugins":[],"strict_concatenate":false,"strict_equality":false,"strict_optional":true,"warn_no_return":true,"warn_return_any":false,"warn_unreachable":false,"warn_unused_ignores":false},"path":"C:\\Users\\Vasilis\\AppData\\Local\\Programs\\Python\\Python313\\Lib\\site-packages\\alembic\\util\\langhelpers.py","plugin_data":null,"size":10026,"suppressed":[],"version_id":"1.3.0"}