{".class":"MypyFile","_fullname":"locale","future_import_flags":[],"is_partial_stub_package":false,"is_stub":true,"names":{".class":"SymbolTable","ABDAY_1":{".class":"SymbolTableNode","kind":"Gdef","module_public":false,"node":{".class":"Var","flags":["is_ready"],"fullname":"locale.ABDAY_1","name":"ABDAY_1","type":"builtins.int"}},"ABDAY_2":{".class":"SymbolTableNode","kind":"Gdef","module_public":false,"node":{".class":"Var","flags":["is_ready"],"fullname":"locale.ABDAY_2","name":"ABDAY_2","type":"builtins.int"}},"ABDAY_3":{".class":"SymbolTableNode","kind":"Gdef","module_public":false,"node":{".class":"Var","flags":["is_ready"],"fullname":"locale.ABDAY_3","name":"ABDAY_3","type":"builtins.int"}},"ABDAY_4":{".class":"SymbolTableNode","kind":"Gdef","module_public":false,"node":{".class":"Var","flags":["is_ready"],"fullname":"locale.ABDAY_4","name":"ABDAY_4","type":"builtins.int"}},"ABDAY_5":{".class":"SymbolTableNode","kind":"Gdef","module_public":false,"node":{".class":"Var","flags":["is_ready"],"fullname":"locale.ABDAY_5","name":"ABDAY_5","type":"builtins.int"}},"ABDAY_6":{".class":"SymbolTableNode","kind":"Gdef","module_public":false,"node":{".class":"Var","flags":["is_ready"],"fullname":"locale.ABDAY_6","name":"ABDAY_6","type":"builtins.int"}},"ABDAY_7":{".class":"SymbolTableNode","kind":"Gdef","module_public":false,"node":{".class":"Var","flags":["is_ready"],"fullname":"locale.ABDAY_7","name":"ABDAY_7","type":"builtins.int"}},"ABMON_1":{".class":"SymbolTableNode","kind":"Gdef","module_public":false,"node":{".class":"Var","flags":["is_ready"],"fullname":"locale.ABMON_1","name":"ABMON_1","type":"builtins.int"}},"ABMON_10":{".class":"SymbolTableNode","kind":"Gdef","module_public":false,"node":{".class":"Var","flags":["is_ready"],"fullname":"locale.ABMON_10","name":"ABMON_10","type":"builtins.int"}},"ABMON_11":{".class":"SymbolTableNode","kind":"Gdef","module_public":false,"node":{".class":"Var","flags":["is_ready"],"fullname":"locale.ABMON_11","name":"ABMON_11","type":"builtins.int"}},"ABMON_12":{".class":"SymbolTableNode","kind":"Gdef","module_public":false,"node":{".class":"Var","flags":["is_ready"],"fullname":"locale.ABMON_12","name":"ABMON_12","type":"builtins.int"}},"ABMON_2":{".class":"SymbolTableNode","kind":"Gdef","module_public":false,"node":{".class":"Var","flags":["is_ready"],"fullname":"locale.ABMON_2","name":"ABMON_2","type":"builtins.int"}},"ABMON_3":{".class":"SymbolTableNode","kind":"Gdef","module_public":false,"node":{".class":"Var","flags":["is_ready"],"fullname":"locale.ABMON_3","name":"ABMON_3","type":"builtins.int"}},"ABMON_4":{".class":"SymbolTableNode","kind":"Gdef","module_public":false,"node":{".class":"Var","flags":["is_ready"],"fullname":"locale.ABMON_4","name":"ABMON_4","type":"builtins.int"}},"ABMON_5":{".class":"SymbolTableNode","kind":"Gdef","module_public":false,"node":{".class":"Var","flags":["is_ready"],"fullname":"locale.ABMON_5","name":"ABMON_5","type":"builtins.int"}},"ABMON_6":{".class":"SymbolTableNode","kind":"Gdef","module_public":false,"node":{".class":"Var","flags":["is_ready"],"fullname":"locale.ABMON_6","name":"ABMON_6","type":"builtins.int"}},"ABMON_7":{".class":"SymbolTableNode","kind":"Gdef","module_public":false,"node":{".class":"Var","flags":["is_ready"],"fullname":"locale.ABMON_7","name":"ABMON_7","type":"builtins.int"}},"ABMON_8":{".class":"SymbolTableNode","kind":"Gdef","module_public":false,"node":{".class":"Var","flags":["is_ready"],"fullname":"locale.ABMON_8","name":"ABMON_8","type":"builtins.int"}},"ABMON_9":{".class":"SymbolTableNode","kind":"Gdef","module_public":false,"node":{".class":"Var","flags":["is_ready"],"fullname":"locale.ABMON_9","name":"ABMON_9","type":"builtins.int"}},"ALT_DIGITS":{".class":"SymbolTableNode","kind":"Gdef","module_public":false,"node":{".class":"Var","flags":["is_ready"],"fullname":"locale.ALT_DIGITS","name":"ALT_DIGITS","type":"builtins.int"}},"AM_STR":{".class":"SymbolTableNode","kind":"Gdef","module_public":false,"node":{".class":"Var","flags":["is_ready"],"fullname":"locale.AM_STR","name":"AM_STR","type":"builtins.int"}},"Any":{".class":"SymbolTableNode","cross_ref":"typing.Any","kind":"Gdef","module_hidden":true,"module_public":false},"CHAR_MAX":{".class":"SymbolTableNode","kind":"Gdef","node":{".class":"Var","flags":["is_ready"],"fullname":"locale.CHAR_MAX","name":"CHAR_MAX","type":"builtins.int"}},"CODESET":{".class":"SymbolTableNode","kind":"Gdef","module_public":false,"node":{".class":"Var","flags":["is_ready"],"fullname":"locale.CODESET","name":"CODESET","type":"builtins.int"}},"CRNCYSTR":{".class":"SymbolTableNode","kind":"Gdef","module_public":false,"node":{".class":"Var","flags":["is_ready"],"fullname":"locale.CRNCYSTR","name":"CRNCYSTR","type":"builtins.int"}},"Callable":{".class":"SymbolTableNode","cross_ref":"typing.Callable","kind":"Gdef","module_hidden":true,"module_public":false},"DAY_1":{".class":"SymbolTableNode","kind":"Gdef","module_public":false,"node":{".class":"Var","flags":["is_ready"],"fullname":"locale.DAY_1","name":"DAY_1","type":"builtins.int"}},"DAY_2":{".class":"SymbolTableNode","kind":"Gdef","module_public":false,"node":{".class":"Var","flags":["is_ready"],"fullname":"locale.DAY_2","name":"DAY_2","type":"builtins.int"}},"DAY_3":{".class":"SymbolTableNode","kind":"Gdef","module_public":false,"node":{".class":"Var","flags":["is_ready"],"fullname":"locale.DAY_3","name":"DAY_3","type":"builtins.int"}},"DAY_4":{".class":"SymbolTableNode","kind":"Gdef","module_public":false,"node":{".class":"Var","flags":["is_ready"],"fullname":"locale.DAY_4","name":"DAY_4","type":"builtins.int"}},"DAY_5":{".class":"SymbolTableNode","kind":"Gdef","module_public":false,"node":{".class":"Var","flags":["is_ready"],"fullname":"locale.DAY_5","name":"DAY_5","type":"builtins.int"}},"DAY_6":{".class":"SymbolTableNode","kind":"Gdef","module_public":false,"node":{".class":"Var","flags":["is_ready"],"fullname":"locale.DAY_6","name":"DAY_6","type":"builtins.int"}},"DAY_7":{".class":"SymbolTableNode","kind":"Gdef","module_public":false,"node":{".class":"Var","flags":["is_ready"],"fullname":"locale.DAY_7","name":"DAY_7","type":"builtins.int"}},"D_FMT":{".class":"SymbolTableNode","kind":"Gdef","module_public":false,"node":{".class":"Var","flags":["is_ready"],"fullname":"locale.D_FMT","name":"D_FMT","type":"builtins.int"}},"D_T_FMT":{".class":"SymbolTableNode","kind":"Gdef","module_public":false,"node":{".class":"Var","flags":["is_ready"],"fullname":"locale.D_T_FMT","name":"D_T_FMT","type":"builtins.int"}},"Decimal":{".class":"SymbolTableNode","cross_ref":"_decimal.Decimal","kind":"Gdef","module_hidden":true,"module_public":false},"ERA":{".class":"SymbolTableNode","kind":"Gdef","module_public":false,"node":{".class":"Var","flags":["is_ready"],"fullname":"locale.ERA","name":"ERA","type":"builtins.int"}},"ERA_D_FMT":{".class":"SymbolTableNode","kind":"Gdef","module_public":false,"node":{".class":"Var","flags":["is_ready"],"fullname":"locale.ERA_D_FMT","name":"ERA_D_FMT","type":"builtins.int"}},"ERA_D_T_FMT":{".class":"SymbolTableNode","kind":"Gdef","module_public":false,"node":{".class":"Var","flags":["is_ready"],"fullname":"locale.ERA_D_T_FMT","name":"ERA_D_T_FMT","type":"builtins.int"}},"ERA_T_FMT":{".class":"SymbolTableNode","kind":"Gdef","module_public":false,"node":{".class":"Var","flags":["is_ready"],"fullname":"locale.ERA_T_FMT","name":"ERA_T_FMT","type":"builtins.int"}},"Error":{".class":"SymbolTableNode","kind":"Gdef","node":{".class":"TypeInfo","_promote":[],"abstract_attributes":[],"alt_promote":null,"bases":["builtins.Exception"],"dataclass_transform_spec":null,"declared_metaclass":null,"defn":{".class":"ClassDef","fullname":"locale.Error","name":"Error","type_vars":[]},"deletable_attributes":[],"flags":[],"fullname":"locale.Error","has_param_spec_type":false,"metaclass_type":null,"metadata":{},"module_name":"locale","mro":["locale.Error","builtins.Exception","builtins.BaseException","builtins.object"],"names":{".class":"SymbolTable"},"self_type":null,"slots":null,"tuple_type":null,"type_vars":[],"typeddict_type":null}},"Iterable":{".class":"SymbolTableNode","cross_ref":"typing.Iterable","kind":"Gdef","module_hidden":true,"module_public":false},"LC_ALL":{".class":"SymbolTableNode","kind":"Gdef","node":{".class":"Var","flags":["is_ready"],"fullname":"locale.LC_ALL","name":"LC_ALL","type":"builtins.int"}},"LC_COLLATE":{".class":"SymbolTableNode","kind":"Gdef","node":{".class":"Var","flags":["is_ready"],"fullname":"locale.LC_COLLATE","name":"LC_COLLATE","type":"builtins.int"}},"LC_CTYPE":{".class":"SymbolTableNode","kind":"Gdef","node":{".class":"Var","flags":["is_ready"],"fullname":"locale.LC_CTYPE","name":"LC_CTYPE","type":"builtins.int"}},"LC_MESSAGES":{".class":"SymbolTableNode","kind":"Gdef","node":{".class":"Var","flags":["is_ready"],"fullname":"locale.LC_MESSAGES","name":"LC_MESSAGES","type":"builtins.int"}},"LC_MONETARY":{".class":"SymbolTableNode","kind":"Gdef","node":{".class":"Var","flags":["is_ready"],"fullname":"locale.LC_MONETARY","name":"LC_MONETARY","type":"builtins.int"}},"LC_NUMERIC":{".class":"SymbolTableNode","kind":"Gdef","node":{".class":"Var","flags":["is_ready"],"fullname":"locale.LC_NUMERIC","name":"LC_NUMERIC","type":"builtins.int"}},"LC_TIME":{".class":"SymbolTableNode","kind":"Gdef","node":{".class":"Var","flags":["is_ready"],"fullname":"locale.LC_TIME","name":"LC_TIME","type":"builtins.int"}},"MON_1":{".class":"SymbolTableNode","kind":"Gdef","module_public":false,"node":{".class":"Var","flags":["is_ready"],"fullname":"locale.MON_1","name":"MON_1","type":"builtins.int"}},"MON_10":{".class":"SymbolTableNode","kind":"Gdef","module_public":false,"node":{".class":"Var","flags":["is_ready"],"fullname":"locale.MON_10","name":"MON_10","type":"builtins.int"}},"MON_11":{".class":"SymbolTableNode","kind":"Gdef","module_public":false,"node":{".class":"Var","flags":["is_ready"],"fullname":"locale.MON_11","name":"MON_11","type":"builtins.int"}},"MON_12":{".class":"SymbolTableNode","kind":"Gdef","module_public":false,"node":{".class":"Var","flags":["is_ready"],"fullname":"locale.MON_12","name":"MON_12","type":"builtins.int"}},"MON_2":{".class":"SymbolTableNode","kind":"Gdef","module_public":false,"node":{".class":"Var","flags":["is_ready"],"fullname":"locale.MON_2","name":"MON_2","type":"builtins.int"}},"MON_3":{".class":"SymbolTableNode","kind":"Gdef","module_public":false,"node":{".class":"Var","flags":["is_ready"],"fullname":"locale.MON_3","name":"MON_3","type":"builtins.int"}},"MON_4":{".class":"SymbolTableNode","kind":"Gdef","module_public":false,"node":{".class":"Var","flags":["is_ready"],"fullname":"locale.MON_4","name":"MON_4","type":"builtins.int"}},"MON_5":{".class":"SymbolTableNode","kind":"Gdef","module_public":false,"node":{".class":"Var","flags":["is_ready"],"fullname":"locale.MON_5","name":"MON_5","type":"builtins.int"}},"MON_6":{".class":"SymbolTableNode","kind":"Gdef","module_public":false,"node":{".class":"Var","flags":["is_ready"],"fullname":"locale.MON_6","name":"MON_6","type":"builtins.int"}},"MON_7":{".class":"SymbolTableNode","kind":"Gdef","module_public":false,"node":{".class":"Var","flags":["is_ready"],"fullname":"locale.MON_7","name":"MON_7","type":"builtins.int"}},"MON_8":{".class":"SymbolTableNode","kind":"Gdef","module_public":false,"node":{".class":"Var","flags":["is_ready"],"fullname":"locale.MON_8","name":"MON_8","type":"builtins.int"}},"MON_9":{".class":"SymbolTableNode","kind":"Gdef","module_public":false,"node":{".class":"Var","flags":["is_ready"],"fullname":"locale.MON_9","name":"MON_9","type":"builtins.int"}},"Mapping":{".class":"SymbolTableNode","cross_ref":"typing.Mapping","kind":"Gdef","module_hidden":true,"module_public":false},"NOEXPR":{".class":"SymbolTableNode","kind":"Gdef","module_public":false,"node":{".class":"Var","flags":["is_ready"],"fullname":"locale.NOEXPR","name":"NOEXPR","type":"builtins.int"}},"PM_STR":{".class":"SymbolTableNode","kind":"Gdef","module_public":false,"node":{".class":"Var","flags":["is_ready"],"fullname":"locale.PM_STR","name":"PM_STR","type":"builtins.int"}},"RADIXCHAR":{".class":"SymbolTableNode","kind":"Gdef","module_public":false,"node":{".class":"Var","flags":["is_ready"],"fullname":"locale.RADIXCHAR","name":"RADIXCHAR","type":"builtins.int"}},"StrPath":{".class":"SymbolTableNode","cross_ref":"_typeshed.StrPath","kind":"Gdef","module_hidden":true,"module_public":false},"THOUSEP":{".class":"SymbolTableNode","kind":"Gdef","module_public":false,"node":{".class":"Var","flags":["is_ready"],"fullname":"locale.THOUSEP","name":"THOUSEP","type":"builtins.int"}},"T_FMT":{".class":"SymbolTableNode","kind":"Gdef","module_public":false,"node":{".class":"Var","flags":["is_ready"],"fullname":"locale.T_FMT","name":"T_FMT","type":"builtins.int"}},"T_FMT_AMPM":{".class":"SymbolTableNode","kind":"Gdef","module_public":false,"node":{".class":"Var","flags":["is_ready"],"fullname":"locale.T_FMT_AMPM","name":"T_FMT_AMPM","type":"builtins.int"}},"YESEXPR":{".class":"SymbolTableNode","kind":"Gdef","module_public":false,"node":{".class":"Var","flags":["is_ready"],"fullname":"locale.YESEXPR","name":"YESEXPR","type":"builtins.int"}},"__all__":{".class":"SymbolTableNode","kind":"Gdef","module_public":false,"node":{".class":"Var","flags":["is_inferred","has_explicit_value"],"fullname":"locale.__all__","name":"__all__","type":{".class":"Instance","args":["builtins.str"],"type_ref":"builtins.list"}}},"__annotations__":{".class":"SymbolTableNode","kind":"Gdef","module_public":false,"node":{".class":"Var","flags":["is_ready"],"fullname":"locale.__annotations__","name":"__annotations__","type":{".class":"Instance","args":["builtins.str",{".class":"AnyType","missing_import_name":null,"source_any":null,"type_of_any":6}],"type_ref":"builtins.dict"}}},"__doc__":{".class":"SymbolTableNode","kind":"Gdef","module_public":false,"node":{".class":"Var","flags":["is_ready"],"fullname":"locale.__doc__","name":"__doc__","type":"builtins.str"}},"__file__":{".class":"SymbolTableNode","kind":"Gdef","module_public":false,"node":{".class":"Var","flags":["is_ready"],"fullname":"locale.__file__","name":"__file__","type":"builtins.str"}},"__name__":{".class":"SymbolTableNode","kind":"Gdef","module_public":false,"node":{".class":"Var","flags":["is_ready"],"fullname":"locale.__name__","name":"__name__","type":"builtins.str"}},"__package__":{".class":"SymbolTableNode","kind":"Gdef","module_public":false,"node":{".class":"Var","flags":["is_ready"],"fullname":"locale.__package__","name":"__package__","type":"builtins.str"}},"_str":{".class":"SymbolTableNode","cross_ref":"builtins.str","kind":"Gdef","module_hidden":true,"module_public":false},"atof":{".class":"SymbolTableNode","kind":"Gdef","node":{".class":"FuncDef","abstract_status":0,"arg_kinds":[0,1],"arg_names":["string","func"],"dataclass_transform_spec":null,"flags":[],"fullname":"locale.atof","name":"atof","type":{".class":"CallableType","arg_kinds":[0,1],"arg_names":["string","func"],"arg_types":["builtins.str",{".class":"CallableType","arg_kinds":[0],"arg_names":[null],"arg_types":["builtins.str"],"bound_args":[],"def_extras":{},"fallback":"builtins.function","from_concatenate":false,"implicit":false,"is_ellipsis_args":false,"name":null,"ret_type":"builtins.float","type_guard":null,"unpack_kwargs":false,"variables":[]}],"bound_args":[],"def_extras":{"first_arg":null},"fallback":"builtins.function","from_concatenate":false,"implicit":false,"is_ellipsis_args":false,"name":"atof","ret_type":"builtins.float","type_guard":null,"unpack_kwargs":false,"variables":[]}}},"atoi":{".class":"SymbolTableNode","kind":"Gdef","node":{".class":"FuncDef","abstract_status":0,"arg_kinds":[0],"arg_names":["string"],"dataclass_transform_spec":null,"flags":[],"fullname":"locale.atoi","name":"atoi","type":{".class":"CallableType","arg_kinds":[0],"arg_names":["string"],"arg_types":["builtins.str"],"bound_args":[],"def_extras":{"first_arg":null},"fallback":"builtins.function","from_concatenate":false,"implicit":false,"is_ellipsis_args":false,"name":"atoi","ret_type":"builtins.int","type_guard":null,"unpack_kwargs":false,"variables":[]}}},"currency":{".class":"SymbolTableNode","kind":"Gdef","node":{".class":"FuncDef","abstract_status":0,"arg_kinds":[0,1,1,1],"arg_names":["val","symbol","grouping","international"],"dataclass_transform_spec":null,"flags":[],"fullname":"locale.currency","name":"currency","type":{".class":"CallableType","arg_kinds":[0,1,1,1],"arg_names":["val","symbol","grouping","international"],"arg_types":[{".class":"UnionType","items":["builtins.float","_decimal.Decimal"]},"builtins.bool","builtins.bool","builtins.bool"],"bound_args":[],"def_extras":{"first_arg":null},"fallback":"builtins.function","from_concatenate":false,"implicit":false,"is_ellipsis_args":false,"name":"currency","ret_type":"builtins.str","type_guard":null,"unpack_kwargs":false,"variables":[]}}},"delocalize":{".class":"SymbolTableNode","kind":"Gdef","module_public":false,"node":{".class":"FuncDef","abstract_status":0,"arg_kinds":[0],"arg_names":["string"],"dataclass_transform_spec":null,"flags":[],"fullname":"locale.delocalize","name":"delocalize","type":{".class":"CallableType","arg_kinds":[0],"arg_names":["string"],"arg_types":["builtins.str"],"bound_args":[],"def_extras":{"first_arg":null},"fallback":"builtins.function","from_concatenate":false,"implicit":false,"is_ellipsis_args":false,"name":"delocalize","ret_type":"builtins.str","type_guard":null,"unpack_kwargs":false,"variables":[]}}},"format":{".class":"SymbolTableNode","kind":"Gdef","node":{".class":"FuncDef","abstract_status":0,"arg_kinds":[0,0,1,1,2],"arg_names":["percent","value","grouping","monetary","additional"],"dataclass_transform_spec":null,"flags":[],"fullname":"locale.format","name":"format","type":{".class":"CallableType","arg_kinds":[0,0,1,1,2],"arg_names":["percent","value","grouping","monetary","additional"],"arg_types":["builtins.str",{".class":"UnionType","items":["builtins.float","_decimal.Decimal"]},"builtins.bool","builtins.bool",{".class":"AnyType","missing_import_name":null,"source_any":null,"type_of_any":2}],"bound_args":[],"def_extras":{"first_arg":null},"fallback":"builtins.function","from_concatenate":false,"implicit":false,"is_ellipsis_args":false,"name":"format","ret_type":"builtins.str","type_guard":null,"unpack_kwargs":false,"variables":[]}}},"format_string":{".class":"SymbolTableNode","kind":"Gdef","node":{".class":"FuncDef","abstract_status":0,"arg_kinds":[0,0,1,1],"arg_names":["f","val","grouping","monetary"],"dataclass_transform_spec":null,"flags":[],"fullname":"locale.format_string","name":"format_string","type":{".class":"CallableType","arg_kinds":[0,0,1,1],"arg_names":["f","val","grouping","monetary"],"arg_types":["builtins.str",{".class":"AnyType","missing_import_name":null,"source_any":null,"type_of_any":2},"builtins.bool","builtins.bool"],"bound_args":[],"def_extras":{"first_arg":null},"fallback":"builtins.function","from_concatenate":false,"implicit":false,"is_ellipsis_args":false,"name":"format_string","ret_type":"builtins.str","type_guard":null,"unpack_kwargs":false,"variables":[]}}},"getdefaultlocale":{".class":"SymbolTableNode","kind":"Gdef","node":{".class":"FuncDef","abstract_status":0,"arg_kinds":[1],"arg_names":["envvars"],"dataclass_transform_spec":null,"flags":[],"fullname":"locale.getdefaultlocale","name":"getdefaultlocale","type":{".class":"CallableType","arg_kinds":[1],"arg_names":["envvars"],"arg_types":[{".class":"Instance","args":["builtins.str"],"type_ref":"builtins.tuple"}],"bound_args":[],"def_extras":{"first_arg":null},"fallback":"builtins.function","from_concatenate":false,"implicit":false,"is_ellipsis_args":false,"name":"getdefaultlocale","ret_type":{".class":"TupleType","implicit":false,"items":[{".class":"UnionType","items":["builtins.str",{".class":"NoneType"}]},{".class":"UnionType","items":["builtins.str",{".class":"NoneType"}]}],"partial_fallback":{".class":"Instance","args":[{".class":"AnyType","missing_import_name":null,"source_any":null,"type_of_any":6}],"type_ref":"builtins.tuple"}},"type_guard":null,"unpack_kwargs":false,"variables":[]}}},"getencoding":{".class":"SymbolTableNode","kind":"Gdef","node":{".class":"FuncDef","abstract_status":0,"arg_kinds":[],"arg_names":[],"dataclass_transform_spec":null,"flags":[],"fullname":"locale.getencoding","name":"getencoding","type":{".class":"CallableType","arg_kinds":[],"arg_names":[],"arg_types":[],"bound_args":[],"def_extras":{"first_arg":null},"fallback":"builtins.function","from_concatenate":false,"implicit":false,"is_ellipsis_args":false,"name":"getencoding","ret_type":"builtins.str","type_guard":null,"unpack_kwargs":false,"variables":[]}}},"getlocale":{".class":"SymbolTableNode","kind":"Gdef","node":{".class":"FuncDef","abstract_status":0,"arg_kinds":[1],"arg_names":["category"],"dataclass_transform_spec":null,"flags":[],"fullname":"locale.getlocale","name":"getlocale","type":{".class":"CallableType","arg_kinds":[1],"arg_names":["category"],"arg_types":["builtins.int"],"bound_args":[],"def_extras":{"first_arg":null},"fallback":"builtins.function","from_concatenate":false,"implicit":false,"is_ellipsis_args":false,"name":"getlocale","ret_type":{".class":"TupleType","implicit":false,"items":[{".class":"UnionType","items":["builtins.str",{".class":"NoneType"}]},{".class":"UnionType","items":["builtins.str",{".class":"NoneType"}]}],"partial_fallback":{".class":"Instance","args":[{".class":"AnyType","missing_import_name":null,"source_any":null,"type_of_any":6}],"type_ref":"builtins.tuple"}},"type_guard":null,"unpack_kwargs":false,"variables":[]}}},"getpreferredencoding":{".class":"SymbolTableNode","kind":"Gdef","node":{".class":"FuncDef","abstract_status":0,"arg_kinds":[1],"arg_names":["do_setlocale"],"dataclass_transform_spec":null,"flags":[],"fullname":"locale.getpreferredencoding","name":"getpreferredencoding","type":{".class":"CallableType","arg_kinds":[1],"arg_names":["do_setlocale"],"arg_types":["builtins.bool"],"bound_args":[],"def_extras":{"first_arg":null},"fallback":"builtins.function","from_concatenate":false,"implicit":false,"is_ellipsis_args":false,"name":"getpreferredencoding","ret_type":"builtins.str","type_guard":null,"unpack_kwargs":false,"variables":[]}}},"locale_alias":{".class":"SymbolTableNode","kind":"Gdef","module_public":false,"node":{".class":"Var","flags":["is_ready"],"fullname":"locale.locale_alias","name":"locale_alias","type":{".class":"Instance","args":["builtins.str","builtins.str"],"type_ref":"builtins.dict"}}},"locale_encoding_alias":{".class":"SymbolTableNode","kind":"Gdef","module_public":false,"node":{".class":"Var","flags":["is_ready"],"fullname":"locale.locale_encoding_alias","name":"locale_encoding_alias","type":{".class":"Instance","args":["builtins.str","builtins.str"],"type_ref":"builtins.dict"}}},"localeconv":{".class":"SymbolTableNode","kind":"Gdef","node":{".class":"FuncDef","abstract_status":0,"arg_kinds":[],"arg_names":[],"dataclass_transform_spec":null,"flags":[],"fullname":"locale.localeconv","name":"localeconv","type":{".class":"CallableType","arg_kinds":[],"arg_names":[],"arg_types":[],"bound_args":[],"def_extras":{"first_arg":null},"fallback":"builtins.function","from_concatenate":false,"implicit":false,"is_ellipsis_args":false,"name":"localeconv","ret_type":{".class":"Instance","args":["builtins.str",{".class":"UnionType","items":["builtins.int","builtins.str",{".class":"Instance","args":["builtins.int"],"type_ref":"builtins.list"}]}],"type_ref":"typing.Mapping"},"type_guard":null,"unpack_kwargs":false,"variables":[]}}},"nl_langinfo":{".class":"SymbolTableNode","kind":"Gdef","module_public":false,"node":{".class":"FuncDef","abstract_status":0,"arg_kinds":[0],"arg_names":[null],"dataclass_transform_spec":null,"flags":[],"fullname":"locale.nl_langinfo","name":"nl_langinfo","type":{".class":"CallableType","arg_kinds":[0],"arg_names":[null],"arg_types":["builtins.int"],"bound_args":[],"def_extras":{"first_arg":null},"fallback":"builtins.function","from_concatenate":false,"implicit":false,"is_ellipsis_args":false,"name":"nl_langinfo","ret_type":"builtins.str","type_guard":null,"unpack_kwargs":false,"variables":[]}}},"normalize":{".class":"SymbolTableNode","kind":"Gdef","node":{".class":"FuncDef","abstract_status":0,"arg_kinds":[0],"arg_names":["localename"],"dataclass_transform_spec":null,"flags":[],"fullname":"locale.normalize","name":"normalize","type":{".class":"CallableType","arg_kinds":[0],"arg_names":["localename"],"arg_types":["builtins.str"],"bound_args":[],"def_extras":{"first_arg":null},"fallback":"builtins.function","from_concatenate":false,"implicit":false,"is_ellipsis_args":false,"name":"normalize","ret_type":"builtins.str","type_guard":null,"unpack_kwargs":false,"variables":[]}}},"resetlocale":{".class":"SymbolTableNode","kind":"Gdef","node":{".class":"FuncDef","abstract_status":0,"arg_kinds":[1],"arg_names":["category"],"dataclass_transform_spec":null,"flags":[],"fullname":"locale.resetlocale","name":"resetlocale","type":{".class":"CallableType","arg_kinds":[1],"arg_names":["category"],"arg_types":["builtins.int"],"bound_args":[],"def_extras":{"first_arg":null},"fallback":"builtins.function","from_concatenate":false,"implicit":false,"is_ellipsis_args":false,"name":"resetlocale","ret_type":{".class":"NoneType"},"type_guard":null,"unpack_kwargs":false,"variables":[]}}},"setlocale":{".class":"SymbolTableNode","kind":"Gdef","node":{".class":"FuncDef","abstract_status":0,"arg_kinds":[0,1],"arg_names":["category","locale"],"dataclass_transform_spec":null,"flags":[],"fullname":"locale.setlocale","name":"setlocale","type":{".class":"CallableType","arg_kinds":[0,1],"arg_names":["category","locale"],"arg_types":["builtins.int",{".class":"UnionType","items":["builtins.str",{".class":"Instance","args":[{".class":"UnionType","items":["builtins.str",{".class":"NoneType"}]}],"type_ref":"typing.Iterable"},{".class":"NoneType"}]}],"bound_args":[],"def_extras":{"first_arg":null},"fallback":"builtins.function","from_concatenate":false,"implicit":false,"is_ellipsis_args":false,"name":"setlocale","ret_type":"builtins.str","type_guard":null,"unpack_kwargs":false,"variables":[]}}},"str":{".class":"SymbolTableNode","kind":"Gdef","node":{".class":"FuncDef","abstract_status":0,"arg_kinds":[0],"arg_names":["val"],"dataclass_transform_spec":null,"flags":[],"fullname":"locale.str","name":"str","type":{".class":"CallableType","arg_kinds":[0],"arg_names":["val"],"arg_types":["builtins.float"],"bound_args":[],"def_extras":{"first_arg":null},"fallback":"builtins.function","from_concatenate":false,"implicit":false,"is_ellipsis_args":false,"name":"str","ret_type":"builtins.str","type_guard":null,"unpack_kwargs":false,"variables":[]}}},"strcoll":{".class":"SymbolTableNode","kind":"Gdef","node":{".class":"FuncDef","abstract_status":0,"arg_kinds":[0,0],"arg_names":[null,null],"dataclass_transform_spec":null,"flags":[],"fullname":"locale.strcoll","name":"strcoll","type":{".class":"CallableType","arg_kinds":[0,0],"arg_names":[null,null],"arg_types":["builtins.str","builtins.str"],"bound_args":[],"def_extras":{"first_arg":null},"fallback":"builtins.function","from_concatenate":false,"implicit":false,"is_ellipsis_args":false,"name":"strcoll","ret_type":"builtins.int","type_guard":null,"unpack_kwargs":false,"variables":[]}}},"strxfrm":{".class":"SymbolTableNode","kind":"Gdef","node":{".class":"FuncDef","abstract_status":0,"arg_kinds":[0],"arg_names":[null],"dataclass_transform_spec":null,"flags":[],"fullname":"locale.strxfrm","name":"strxfrm","type":{".class":"CallableType","arg_kinds":[0],"arg_names":[null],"arg_types":["builtins.str"],"bound_args":[],"def_extras":{"first_arg":null},"fallback":"builtins.function","from_concatenate":false,"implicit":false,"is_ellipsis_args":false,"name":"strxfrm","ret_type":"builtins.str","type_guard":null,"unpack_kwargs":false,"variables":[]}}},"sys":{".class":"SymbolTableNode","cross_ref":"sys","kind":"Gdef","module_hidden":true,"module_public":false},"windows_locale":{".class":"SymbolTableNode","kind":"Gdef","module_public":false,"node":{".class":"Var","flags":["is_ready"],"fullname":"locale.windows_locale","name":"windows_locale","type":{".class":"Instance","args":["builtins.int","builtins.str"],"type_ref":"builtins.dict"}}}},"path":"C:\\Users\\Vasilis\\AppData\\Local\\Programs\\Python\\Python313\\Lib\\site-packages\\mypy\\typeshed\\stdlib\\locale.pyi"}