{"data_mtime":1762095530,"dep_lines":[3,1,2,37,38,39,1,1],"dep_prios":[5,10,5,5,5,5,30,30],"dependencies":["collections.abc","sys","_typeshed","builtins","decimal","typing","_decimal","abc"],"hash":"c9400e56a1b30e51585fb946282217f641f7def6ea6562ff84d4a172caa8e90b","id":"locale","ignore_all":true,"interface_hash":"8e6594ee2c30cb42f74122d630b3066c653f2d9fdd8ec7ab112bfa1e9d2e1126","mtime":1762095443,"options":{"allow_redefinition":false,"allow_untyped_globals":false,"always_false":[],"always_true":[],"bazel":false,"check_untyped_defs":false,"disable_bytearray_promotion":false,"disable_error_code":[],"disable_memoryview_promotion":false,"disabled_error_codes":[],"disallow_any_decorated":false,"disallow_any_explicit":false,"disallow_any_expr":false,"disallow_any_generics":false,"disallow_any_unimported":false,"disallow_incomplete_defs":false,"disallow_subclassing_any":false,"disallow_untyped_calls":false,"disallow_untyped_decorators":false,"disallow_untyped_defs":false,"enable_error_code":[],"enabled_error_codes":[],"follow_imports":"silent","follow_imports_for_stubs":false,"ignore_errors":false,"ignore_missing_imports":true,"implicit_optional":true,"implicit_reexport":true,"local_partial_types":false,"mypyc":false,"platform":"win32","plugins":[],"strict_concatenate":false,"strict_equality":false,"strict_optional":true,"warn_no_return":true,"warn_return_any":false,"warn_unreachable":false,"warn_unused_ignores":false},"path":"C:\\Users\\Vasilis\\AppData\\Local\\Programs\\Python\\Python313\\Lib\\site-packages\\mypy\\typeshed\\stdlib\\locale.pyi","plugin_data":null,"size":3724,"suppressed":[],"version_id":"1.3.0"}