{"data_mtime":1762095554,"dep_lines":[8,1,3,4,5,6,1,1,1,1,1],"dep_prios":[5,5,10,5,5,5,5,30,30,30,30],"dependencies":["anyio._core._eventloop","__future__","enum","dataclasses","typing","weakref","builtins","abc","anyio._core","anyio.abc","anyio.abc._eventloop"],"hash":"222b159237b9930a8e0a97be460063182be5afe24114606b9286d1ee267716fe","id":"anyio.lowlevel","ignore_all":true,"interface_hash":"83505252cb410bd7a7dfce3b7e2f0b578d6557e6c7a9af6560c64c7f0233bce2","mtime":1758060734,"options":{"allow_redefinition":false,"allow_untyped_globals":false,"always_false":[],"always_true":[],"bazel":false,"check_untyped_defs":false,"disable_bytearray_promotion":false,"disable_error_code":[],"disable_memoryview_promotion":false,"disabled_error_codes":[],"disallow_any_decorated":false,"disallow_any_explicit":false,"disallow_any_expr":false,"disallow_any_generics":false,"disallow_any_unimported":false,"disallow_incomplete_defs":false,"disallow_subclassing_any":false,"disallow_untyped_calls":false,"disallow_untyped_decorators":false,"disallow_untyped_defs":false,"enable_error_code":[],"enabled_error_codes":[],"follow_imports":"silent","follow_imports_for_stubs":false,"ignore_errors":false,"ignore_missing_imports":true,"implicit_optional":true,"implicit_reexport":true,"local_partial_types":false,"mypyc":false,"platform":"win32","plugins":[],"strict_concatenate":false,"strict_equality":false,"strict_optional":true,"warn_no_return":true,"warn_return_any":false,"warn_unreachable":false,"warn_unused_ignores":false},"path":"C:\\Users\\Vasilis\\AppData\\Local\\Programs\\Python\\Python313\\Lib\\site-packages\\anyio\\lowlevel.py","plugin_data":null,"size":4153,"suppressed":[],"version_id":"1.3.0"}