{"data_mtime":1762095524,"dep_lines":[1,2,3,4,5,1,1,1,1,1],"dep_prios":[10,10,5,5,5,30,30,30,30,30],"dependencies":["builtins","types","_typeshed","typing","typing_extensions","abc","array","ctypes","mmap","pickle"],"hash":"be1b42745d0d382d1a16406d8a070b3df1507eeb46b26eff9f7ebb3ce528a33e","id":"marshal","ignore_all":true,"interface_hash":"3d93cb15ae5c2f78c9ff82e89809e5ca279725e3012545633f44d7811e16f300","mtime":1762095443,"options":{"allow_redefinition":false,"allow_untyped_globals":false,"always_false":[],"always_true":[],"bazel":false,"check_untyped_defs":false,"disable_bytearray_promotion":false,"disable_error_code":[],"disable_memoryview_promotion":false,"disabled_error_codes":[],"disallow_any_decorated":false,"disallow_any_explicit":false,"disallow_any_expr":false,"disallow_any_generics":false,"disallow_any_unimported":false,"disallow_incomplete_defs":false,"disallow_subclassing_any":false,"disallow_untyped_calls":false,"disallow_untyped_decorators":false,"disallow_untyped_defs":false,"enable_error_code":[],"enabled_error_codes":[],"follow_imports":"silent","follow_imports_for_stubs":false,"ignore_errors":false,"ignore_missing_imports":true,"implicit_optional":true,"implicit_reexport":true,"local_partial_types":false,"mypyc":false,"platform":"win32","plugins":[],"strict_concatenate":false,"strict_equality":false,"strict_optional":true,"warn_no_return":true,"warn_return_any":false,"warn_unreachable":false,"warn_unused_ignores":false},"path":"C:\\Users\\Vasilis\\AppData\\Local\\Programs\\Python\\Python313\\Lib\\site-packages\\mypy\\typeshed\\stdlib\\marshal.pyi","plugin_data":null,"size":841,"suppressed":[],"version_id":"1.3.0"}