{".class":"MypyFile","_fullname":"math","future_import_flags":[],"is_partial_stub_package":false,"is_stub":true,"names":{".class":"SymbolTable","Iterable":{".class":"SymbolTableNode","cross_ref":"typing.Iterable","kind":"Gdef","module_hidden":true,"module_public":false},"Protocol":{".class":"SymbolTableNode","cross_ref":"typing.Protocol","kind":"Gdef","module_hidden":true,"module_public":false},"SupportsFloat":{".class":"SymbolTableNode","cross_ref":"typing.SupportsFloat","kind":"Gdef","module_hidden":true,"module_public":false},"SupportsIndex":{".class":"SymbolTableNode","cross_ref":"typing_extensions.SupportsIndex","kind":"Gdef","module_hidden":true,"module_public":false},"TypeAlias":{".class":"SymbolTableNode","cross_ref":"typing.TypeAlias","kind":"Gdef","module_hidden":true,"module_public":false},"TypeVar":{".class":"SymbolTableNode","cross_ref":"typing.TypeVar","kind":"Gdef","module_hidden":true,"module_public":false},"_SupportsCeil":{".class":"SymbolTableNode","kind":"Gdef","node":{".class":"TypeInfo","_promote":[],"abstract_attributes":[],"alt_promote":null,"bases":["builtins.object"],"dataclass_transform_spec":null,"declared_metaclass":null,"defn":{".class":"ClassDef","fullname":"math._SupportsCeil","name":"_SupportsCeil","type_vars":[{".class":"TypeVarType","fullname":"math._T_co","id":1,"name":"_T_co","namespace":"math._SupportsCeil","upper_bound":"builtins.object","values":[],"variance":1}]},"deletable_attributes":[],"flags":["is_protocol"],"fullname":"math._SupportsCeil","has_param_spec_type":false,"metaclass_type":"abc.ABCMeta","metadata":{},"module_name":"math","mro":["math._SupportsCeil","builtins.object"],"names":{".class":"SymbolTable","__ceil__":{".class":"SymbolTableNode","kind":"Mdef","node":{".class":"FuncDef","abstract_status":0,"arg_kinds":[0],"arg_names":["self"],"dataclass_transform_spec":null,"flags":[],"fullname":"math._SupportsCeil.__ceil__","name":"__ceil__","type":{".class":"CallableType","arg_kinds":[0],"arg_names":["self"],"arg_types":[{".class":"Instance","args":[{".class":"TypeVarType","fullname":"math._T_co","id":1,"name":"_T_co","namespace":"math._SupportsCeil","upper_bound":"builtins.object","values":[],"variance":1}],"type_ref":"math._SupportsCeil"}],"bound_args":[],"def_extras":{"first_arg":"self"},"fallback":"builtins.function","from_concatenate":false,"implicit":false,"is_ellipsis_args":false,"name":"__ceil__ of _SupportsCeil","ret_type":{".class":"TypeVarType","fullname":"math._T_co","id":1,"name":"_T_co","namespace":"math._SupportsCeil","upper_bound":"builtins.object","values":[],"variance":1},"type_guard":null,"unpack_kwargs":false,"variables":[]}}}},"self_type":null,"slots":null,"tuple_type":null,"type_vars":["_T_co"],"typeddict_type":null}},"_SupportsFloatOrIndex":{".class":"SymbolTableNode","kind":"Gdef","node":{".class":"TypeAlias","alias_tvars":[],"column":4,"fullname":"math._SupportsFloatOrIndex","line":10,"no_args":false,"normalized":false,"target":{".class":"UnionType","items":["typing.SupportsFloat","typing_extensions.SupportsIndex"]}}},"_SupportsFloor":{".class":"SymbolTableNode","kind":"Gdef","node":{".class":"TypeInfo","_promote":[],"abstract_attributes":[],"alt_promote":null,"bases":["builtins.object"],"dataclass_transform_spec":null,"declared_metaclass":null,"defn":{".class":"ClassDef","fullname":"math._SupportsFloor","name":"_SupportsFloor","type_vars":[{".class":"TypeVarType","fullname":"math._T_co","id":1,"name":"_T_co","namespace":"math._SupportsFloor","upper_bound":"builtins.object","values":[],"variance":1}]},"deletable_attributes":[],"flags":["is_protocol"],"fullname":"math._SupportsFloor","has_param_spec_type":false,"metaclass_type":"abc.ABCMeta","metadata":{},"module_name":"math","mro":["math._SupportsFloor","builtins.object"],"names":{".class":"SymbolTable","__floor__":{".class":"SymbolTableNode","kind":"Mdef","node":{".class":"FuncDef","abstract_status":0,"arg_kinds":[0],"arg_names":["self"],"dataclass_transform_spec":null,"flags":[],"fullname":"math._SupportsFloor.__floor__","name":"__floor__","type":{".class":"CallableType","arg_kinds":[0],"arg_names":["self"],"arg_types":[{".class":"Instance","args":[{".class":"TypeVarType","fullname":"math._T_co","id":1,"name":"_T_co","namespace":"math._SupportsFloor","upper_bound":"builtins.object","values":[],"variance":1}],"type_ref":"math._SupportsFloor"}],"bound_args":[],"def_extras":{"first_arg":"self"},"fallback":"builtins.function","from_concatenate":false,"implicit":false,"is_ellipsis_args":false,"name":"__floor__ of _SupportsFloor","ret_type":{".class":"TypeVarType","fullname":"math._T_co","id":1,"name":"_T_co","namespace":"math._SupportsFloor","upper_bound":"builtins.object","values":[],"variance":1},"type_guard":null,"unpack_kwargs":false,"variables":[]}}}},"self_type":null,"slots":null,"tuple_type":null,"type_vars":["_T_co"],"typeddict_type":null}},"_SupportsTrunc":{".class":"SymbolTableNode","kind":"Gdef","node":{".class":"TypeInfo","_promote":[],"abstract_attributes":[],"alt_promote":null,"bases":["builtins.object"],"dataclass_transform_spec":null,"declared_metaclass":null,"defn":{".class":"ClassDef","fullname":"math._SupportsTrunc","name":"_SupportsTrunc","type_vars":[{".class":"TypeVarType","fullname":"math._T_co","id":1,"name":"_T_co","namespace":"math._SupportsTrunc","upper_bound":"builtins.object","values":[],"variance":1}]},"deletable_attributes":[],"flags":["is_protocol"],"fullname":"math._SupportsTrunc","has_param_spec_type":false,"metaclass_type":"abc.ABCMeta","metadata":{},"module_name":"math","mro":["math._SupportsTrunc","builtins.object"],"names":{".class":"SymbolTable","__trunc__":{".class":"SymbolTableNode","kind":"Mdef","node":{".class":"FuncDef","abstract_status":0,"arg_kinds":[0],"arg_names":["self"],"dataclass_transform_spec":null,"flags":[],"fullname":"math._SupportsTrunc.__trunc__","name":"__trunc__","type":{".class":"CallableType","arg_kinds":[0],"arg_names":["self"],"arg_types":[{".class":"Instance","args":[{".class":"TypeVarType","fullname":"math._T_co","id":1,"name":"_T_co","namespace":"math._SupportsTrunc","upper_bound":"builtins.object","values":[],"variance":1}],"type_ref":"math._SupportsTrunc"}],"bound_args":[],"def_extras":{"first_arg":"self"},"fallback":"builtins.function","from_concatenate":false,"implicit":false,"is_ellipsis_args":false,"name":"__trunc__ of _SupportsTrunc","ret_type":{".class":"TypeVarType","fullname":"math._T_co","id":1,"name":"_T_co","namespace":"math._SupportsTrunc","upper_bound":"builtins.object","values":[],"variance":1},"type_guard":null,"unpack_kwargs":false,"variables":[]}}}},"self_type":null,"slots":null,"tuple_type":null,"type_vars":["_T_co"],"typeddict_type":null}},"_T":{".class":"SymbolTableNode","kind":"Gdef","node":{".class":"TypeVarExpr","fullname":"math._T","name":"_T","upper_bound":"builtins.object","values":[],"variance":0}},"_T_co":{".class":"SymbolTableNode","kind":"Gdef","node":{".class":"TypeVarExpr","fullname":"math._T_co","name":"_T_co","upper_bound":"builtins.object","values":[],"variance":1}},"__annotations__":{".class":"SymbolTableNode","kind":"Gdef","node":{".class":"Var","flags":["is_ready"],"fullname":"math.__annotations__","name":"__annotations__","type":{".class":"Instance","args":["builtins.str",{".class":"AnyType","missing_import_name":null,"source_any":null,"type_of_any":6}],"type_ref":"builtins.dict"}}},"__doc__":{".class":"SymbolTableNode","kind":"Gdef","node":{".class":"Var","flags":["is_ready"],"fullname":"math.__doc__","name":"__doc__","type":"builtins.str"}},"__file__":{".class":"SymbolTableNode","kind":"Gdef","node":{".class":"Var","flags":["is_ready"],"fullname":"math.__file__","name":"__file__","type":"builtins.str"}},"__name__":{".class":"SymbolTableNode","kind":"Gdef","node":{".class":"Var","flags":["is_ready"],"fullname":"math.__name__","name":"__name__","type":"builtins.str"}},"__package__":{".class":"SymbolTableNode","kind":"Gdef","node":{".class":"Var","flags":["is_ready"],"fullname":"math.__package__","name":"__package__","type":"builtins.str"}},"acos":{".class":"SymbolTableNode","kind":"Gdef","node":{".class":"FuncDef","abstract_status":0,"arg_kinds":[0],"arg_names":[null],"dataclass_transform_spec":null,"flags":[],"fullname":"math.acos","name":"acos","type":{".class":"CallableType","arg_kinds":[0],"arg_names":[null],"arg_types":[{".class":"TypeAliasType","args":[],"type_ref":"math._SupportsFloatOrIndex"}],"bound_args":[],"def_extras":{"first_arg":null},"fallback":"builtins.function","from_concatenate":false,"implicit":false,"is_ellipsis_args":false,"name":"acos","ret_type":"builtins.float","type_guard":null,"unpack_kwargs":false,"variables":[]}}},"acosh":{".class":"SymbolTableNode","kind":"Gdef","node":{".class":"FuncDef","abstract_status":0,"arg_kinds":[0],"arg_names":[null],"dataclass_transform_spec":null,"flags":[],"fullname":"math.acosh","name":"acosh","type":{".class":"CallableType","arg_kinds":[0],"arg_names":[null],"arg_types":[{".class":"TypeAliasType","args":[],"type_ref":"math._SupportsFloatOrIndex"}],"bound_args":[],"def_extras":{"first_arg":null},"fallback":"builtins.function","from_concatenate":false,"implicit":false,"is_ellipsis_args":false,"name":"acosh","ret_type":"builtins.float","type_guard":null,"unpack_kwargs":false,"variables":[]}}},"asin":{".class":"SymbolTableNode","kind":"Gdef","node":{".class":"FuncDef","abstract_status":0,"arg_kinds":[0],"arg_names":[null],"dataclass_transform_spec":null,"flags":[],"fullname":"math.asin","name":"asin","type":{".class":"CallableType","arg_kinds":[0],"arg_names":[null],"arg_types":[{".class":"TypeAliasType","args":[],"type_ref":"math._SupportsFloatOrIndex"}],"bound_args":[],"def_extras":{"first_arg":null},"fallback":"builtins.function","from_concatenate":false,"implicit":false,"is_ellipsis_args":false,"name":"asin","ret_type":"builtins.float","type_guard":null,"unpack_kwargs":false,"variables":[]}}},"asinh":{".class":"SymbolTableNode","kind":"Gdef","node":{".class":"FuncDef","abstract_status":0,"arg_kinds":[0],"arg_names":[null],"dataclass_transform_spec":null,"flags":[],"fullname":"math.asinh","name":"asinh","type":{".class":"CallableType","arg_kinds":[0],"arg_names":[null],"arg_types":[{".class":"TypeAliasType","args":[],"type_ref":"math._SupportsFloatOrIndex"}],"bound_args":[],"def_extras":{"first_arg":null},"fallback":"builtins.function","from_concatenate":false,"implicit":false,"is_ellipsis_args":false,"name":"asinh","ret_type":"builtins.float","type_guard":null,"unpack_kwargs":false,"variables":[]}}},"atan":{".class":"SymbolTableNode","kind":"Gdef","node":{".class":"FuncDef","abstract_status":0,"arg_kinds":[0],"arg_names":[null],"dataclass_transform_spec":null,"flags":[],"fullname":"math.atan","name":"atan","type":{".class":"CallableType","arg_kinds":[0],"arg_names":[null],"arg_types":[{".class":"TypeAliasType","args":[],"type_ref":"math._SupportsFloatOrIndex"}],"bound_args":[],"def_extras":{"first_arg":null},"fallback":"builtins.function","from_concatenate":false,"implicit":false,"is_ellipsis_args":false,"name":"atan","ret_type":"builtins.float","type_guard":null,"unpack_kwargs":false,"variables":[]}}},"atan2":{".class":"SymbolTableNode","kind":"Gdef","node":{".class":"FuncDef","abstract_status":0,"arg_kinds":[0,0],"arg_names":[null,null],"dataclass_transform_spec":null,"flags":[],"fullname":"math.atan2","name":"atan2","type":{".class":"CallableType","arg_kinds":[0,0],"arg_names":[null,null],"arg_types":[{".class":"TypeAliasType","args":[],"type_ref":"math._SupportsFloatOrIndex"},{".class":"TypeAliasType","args":[],"type_ref":"math._SupportsFloatOrIndex"}],"bound_args":[],"def_extras":{"first_arg":null},"fallback":"builtins.function","from_concatenate":false,"implicit":false,"is_ellipsis_args":false,"name":"atan2","ret_type":"builtins.float","type_guard":null,"unpack_kwargs":false,"variables":[]}}},"atanh":{".class":"SymbolTableNode","kind":"Gdef","node":{".class":"FuncDef","abstract_status":0,"arg_kinds":[0],"arg_names":[null],"dataclass_transform_spec":null,"flags":[],"fullname":"math.atanh","name":"atanh","type":{".class":"CallableType","arg_kinds":[0],"arg_names":[null],"arg_types":[{".class":"TypeAliasType","args":[],"type_ref":"math._SupportsFloatOrIndex"}],"bound_args":[],"def_extras":{"first_arg":null},"fallback":"builtins.function","from_concatenate":false,"implicit":false,"is_ellipsis_args":false,"name":"atanh","ret_type":"builtins.float","type_guard":null,"unpack_kwargs":false,"variables":[]}}},"cbrt":{".class":"SymbolTableNode","kind":"Gdef","node":{".class":"FuncDef","abstract_status":0,"arg_kinds":[0],"arg_names":[null],"dataclass_transform_spec":null,"flags":[],"fullname":"math.cbrt","name":"cbrt","type":{".class":"CallableType","arg_kinds":[0],"arg_names":[null],"arg_types":[{".class":"TypeAliasType","args":[],"type_ref":"math._SupportsFloatOrIndex"}],"bound_args":[],"def_extras":{"first_arg":null},"fallback":"builtins.function","from_concatenate":false,"implicit":false,"is_ellipsis_args":false,"name":"cbrt","ret_type":"builtins.float","type_guard":null,"unpack_kwargs":false,"variables":[]}}},"ceil":{".class":"SymbolTableNode","kind":"Gdef","node":{".class":"OverloadedFuncDef","flags":[],"fullname":"math.ceil","impl":null,"items":[{".class":"Decorator","func":{".class":"FuncDef","abstract_status":0,"arg_kinds":[0],"arg_names":[null],"dataclass_transform_spec":null,"flags":["is_overload","is_decorated"],"fullname":"math.ceil","name":"ceil","type":{".class":"CallableType","arg_kinds":[0],"arg_names":[null],"arg_types":[{".class":"Instance","args":[{".class":"TypeVarType","fullname":"math._T","id":-1,"name":"_T","namespace":"","upper_bound":"builtins.object","values":[],"variance":0}],"type_ref":"math._SupportsCeil"}],"bound_args":[],"def_extras":{"first_arg":null},"fallback":"builtins.function","from_concatenate":false,"implicit":false,"is_ellipsis_args":false,"name":"ceil","ret_type":{".class":"TypeVarType","fullname":"math._T","id":-1,"name":"_T","namespace":"","upper_bound":"builtins.object","values":[],"variance":0},"type_guard":null,"unpack_kwargs":false,"variables":[{".class":"TypeVarType","fullname":"math._T","id":-1,"name":"_T","namespace":"","upper_bound":"builtins.object","values":[],"variance":0}]}},"is_overload":true,"var":{".class":"Var","flags":["is_inferred"],"fullname":"math.ceil","name":"ceil","type":null}},{".class":"Decorator","func":{".class":"FuncDef","abstract_status":0,"arg_kinds":[0],"arg_names":[null],"dataclass_transform_spec":null,"flags":["is_overload","is_decorated"],"fullname":"math.ceil","name":"ceil","type":{".class":"CallableType","arg_kinds":[0],"arg_names":[null],"arg_types":[{".class":"TypeAliasType","args":[],"type_ref":"math._SupportsFloatOrIndex"}],"bound_args":[],"def_extras":{"first_arg":null},"fallback":"builtins.function","from_concatenate":false,"implicit":false,"is_ellipsis_args":false,"name":"ceil","ret_type":"builtins.int","type_guard":null,"unpack_kwargs":false,"variables":[]}},"is_overload":true,"var":{".class":"Var","flags":["is_inferred"],"fullname":"math.ceil","name":"ceil","type":null}}],"type":{".class":"Overloaded","items":[{".class":"CallableType","arg_kinds":[0],"arg_names":[null],"arg_types":[{".class":"Instance","args":[{".class":"TypeVarType","fullname":"math._T","id":-1,"name":"_T","namespace":"","upper_bound":"builtins.object","values":[],"variance":0}],"type_ref":"math._SupportsCeil"}],"bound_args":[],"def_extras":{"first_arg":null},"fallback":"builtins.function","from_concatenate":false,"implicit":false,"is_ellipsis_args":false,"name":"ceil","ret_type":{".class":"TypeVarType","fullname":"math._T","id":-1,"name":"_T","namespace":"","upper_bound":"builtins.object","values":[],"variance":0},"type_guard":null,"unpack_kwargs":false,"variables":[{".class":"TypeVarType","fullname":"math._T","id":-1,"name":"_T","namespace":"","upper_bound":"builtins.object","values":[],"variance":0}]},{".class":"CallableType","arg_kinds":[0],"arg_names":[null],"arg_types":[{".class":"TypeAliasType","args":[],"type_ref":"math._SupportsFloatOrIndex"}],"bound_args":[],"def_extras":{"first_arg":null},"fallback":"builtins.function","from_concatenate":false,"implicit":false,"is_ellipsis_args":false,"name":"ceil","ret_type":"builtins.int","type_guard":null,"unpack_kwargs":false,"variables":[]}]}}},"comb":{".class":"SymbolTableNode","kind":"Gdef","node":{".class":"FuncDef","abstract_status":0,"arg_kinds":[0,0],"arg_names":[null,null],"dataclass_transform_spec":null,"flags":[],"fullname":"math.comb","name":"comb","type":{".class":"CallableType","arg_kinds":[0,0],"arg_names":[null,null],"arg_types":["typing_extensions.SupportsIndex","typing_extensions.SupportsIndex"],"bound_args":[],"def_extras":{"first_arg":null},"fallback":"builtins.function","from_concatenate":false,"implicit":false,"is_ellipsis_args":false,"name":"comb","ret_type":"builtins.int","type_guard":null,"unpack_kwargs":false,"variables":[]}}},"copysign":{".class":"SymbolTableNode","kind":"Gdef","node":{".class":"FuncDef","abstract_status":0,"arg_kinds":[0,0],"arg_names":[null,null],"dataclass_transform_spec":null,"flags":[],"fullname":"math.copysign","name":"copysign","type":{".class":"CallableType","arg_kinds":[0,0],"arg_names":[null,null],"arg_types":[{".class":"TypeAliasType","args":[],"type_ref":"math._SupportsFloatOrIndex"},{".class":"TypeAliasType","args":[],"type_ref":"math._SupportsFloatOrIndex"}],"bound_args":[],"def_extras":{"first_arg":null},"fallback":"builtins.function","from_concatenate":false,"implicit":false,"is_ellipsis_args":false,"name":"copysign","ret_type":"builtins.float","type_guard":null,"unpack_kwargs":false,"variables":[]}}},"cos":{".class":"SymbolTableNode","kind":"Gdef","node":{".class":"FuncDef","abstract_status":0,"arg_kinds":[0],"arg_names":[null],"dataclass_transform_spec":null,"flags":[],"fullname":"math.cos","name":"cos","type":{".class":"CallableType","arg_kinds":[0],"arg_names":[null],"arg_types":[{".class":"TypeAliasType","args":[],"type_ref":"math._SupportsFloatOrIndex"}],"bound_args":[],"def_extras":{"first_arg":null},"fallback":"builtins.function","from_concatenate":false,"implicit":false,"is_ellipsis_args":false,"name":"cos","ret_type":"builtins.float","type_guard":null,"unpack_kwargs":false,"variables":[]}}},"cosh":{".class":"SymbolTableNode","kind":"Gdef","node":{".class":"FuncDef","abstract_status":0,"arg_kinds":[0],"arg_names":[null],"dataclass_transform_spec":null,"flags":[],"fullname":"math.cosh","name":"cosh","type":{".class":"CallableType","arg_kinds":[0],"arg_names":[null],"arg_types":[{".class":"TypeAliasType","args":[],"type_ref":"math._SupportsFloatOrIndex"}],"bound_args":[],"def_extras":{"first_arg":null},"fallback":"builtins.function","from_concatenate":false,"implicit":false,"is_ellipsis_args":false,"name":"cosh","ret_type":"builtins.float","type_guard":null,"unpack_kwargs":false,"variables":[]}}},"degrees":{".class":"SymbolTableNode","kind":"Gdef","node":{".class":"FuncDef","abstract_status":0,"arg_kinds":[0],"arg_names":[null],"dataclass_transform_spec":null,"flags":[],"fullname":"math.degrees","name":"degrees","type":{".class":"CallableType","arg_kinds":[0],"arg_names":[null],"arg_types":[{".class":"TypeAliasType","args":[],"type_ref":"math._SupportsFloatOrIndex"}],"bound_args":[],"def_extras":{"first_arg":null},"fallback":"builtins.function","from_concatenate":false,"implicit":false,"is_ellipsis_args":false,"name":"degrees","ret_type":"builtins.float","type_guard":null,"unpack_kwargs":false,"variables":[]}}},"dist":{".class":"SymbolTableNode","kind":"Gdef","node":{".class":"FuncDef","abstract_status":0,"arg_kinds":[0,0],"arg_names":[null,null],"dataclass_transform_spec":null,"flags":[],"fullname":"math.dist","name":"dist","type":{".class":"CallableType","arg_kinds":[0,0],"arg_names":[null,null],"arg_types":[{".class":"Instance","args":[{".class":"TypeAliasType","args":[],"type_ref":"math._SupportsFloatOrIndex"}],"type_ref":"typing.Iterable"},{".class":"Instance","args":[{".class":"TypeAliasType","args":[],"type_ref":"math._SupportsFloatOrIndex"}],"type_ref":"typing.Iterable"}],"bound_args":[],"def_extras":{"first_arg":null},"fallback":"builtins.function","from_concatenate":false,"implicit":false,"is_ellipsis_args":false,"name":"dist","ret_type":"builtins.float","type_guard":null,"unpack_kwargs":false,"variables":[]}}},"e":{".class":"SymbolTableNode","kind":"Gdef","node":{".class":"Var","flags":["is_ready"],"fullname":"math.e","name":"e","type":"builtins.float"}},"erf":{".class":"SymbolTableNode","kind":"Gdef","node":{".class":"FuncDef","abstract_status":0,"arg_kinds":[0],"arg_names":[null],"dataclass_transform_spec":null,"flags":[],"fullname":"math.erf","name":"erf","type":{".class":"CallableType","arg_kinds":[0],"arg_names":[null],"arg_types":[{".class":"TypeAliasType","args":[],"type_ref":"math._SupportsFloatOrIndex"}],"bound_args":[],"def_extras":{"first_arg":null},"fallback":"builtins.function","from_concatenate":false,"implicit":false,"is_ellipsis_args":false,"name":"erf","ret_type":"builtins.float","type_guard":null,"unpack_kwargs":false,"variables":[]}}},"erfc":{".class":"SymbolTableNode","kind":"Gdef","node":{".class":"FuncDef","abstract_status":0,"arg_kinds":[0],"arg_names":[null],"dataclass_transform_spec":null,"flags":[],"fullname":"math.erfc","name":"erfc","type":{".class":"CallableType","arg_kinds":[0],"arg_names":[null],"arg_types":[{".class":"TypeAliasType","args":[],"type_ref":"math._SupportsFloatOrIndex"}],"bound_args":[],"def_extras":{"first_arg":null},"fallback":"builtins.function","from_concatenate":false,"implicit":false,"is_ellipsis_args":false,"name":"erfc","ret_type":"builtins.float","type_guard":null,"unpack_kwargs":false,"variables":[]}}},"exp":{".class":"SymbolTableNode","kind":"Gdef","node":{".class":"FuncDef","abstract_status":0,"arg_kinds":[0],"arg_names":[null],"dataclass_transform_spec":null,"flags":[],"fullname":"math.exp","name":"exp","type":{".class":"CallableType","arg_kinds":[0],"arg_names":[null],"arg_types":[{".class":"TypeAliasType","args":[],"type_ref":"math._SupportsFloatOrIndex"}],"bound_args":[],"def_extras":{"first_arg":null},"fallback":"builtins.function","from_concatenate":false,"implicit":false,"is_ellipsis_args":false,"name":"exp","ret_type":"builtins.float","type_guard":null,"unpack_kwargs":false,"variables":[]}}},"exp2":{".class":"SymbolTableNode","kind":"Gdef","node":{".class":"FuncDef","abstract_status":0,"arg_kinds":[0],"arg_names":[null],"dataclass_transform_spec":null,"flags":[],"fullname":"math.exp2","name":"exp2","type":{".class":"CallableType","arg_kinds":[0],"arg_names":[null],"arg_types":[{".class":"TypeAliasType","args":[],"type_ref":"math._SupportsFloatOrIndex"}],"bound_args":[],"def_extras":{"first_arg":null},"fallback":"builtins.function","from_concatenate":false,"implicit":false,"is_ellipsis_args":false,"name":"exp2","ret_type":"builtins.float","type_guard":null,"unpack_kwargs":false,"variables":[]}}},"expm1":{".class":"SymbolTableNode","kind":"Gdef","node":{".class":"FuncDef","abstract_status":0,"arg_kinds":[0],"arg_names":[null],"dataclass_transform_spec":null,"flags":[],"fullname":"math.expm1","name":"expm1","type":{".class":"CallableType","arg_kinds":[0],"arg_names":[null],"arg_types":[{".class":"TypeAliasType","args":[],"type_ref":"math._SupportsFloatOrIndex"}],"bound_args":[],"def_extras":{"first_arg":null},"fallback":"builtins.function","from_concatenate":false,"implicit":false,"is_ellipsis_args":false,"name":"expm1","ret_type":"builtins.float","type_guard":null,"unpack_kwargs":false,"variables":[]}}},"fabs":{".class":"SymbolTableNode","kind":"Gdef","node":{".class":"FuncDef","abstract_status":0,"arg_kinds":[0],"arg_names":[null],"dataclass_transform_spec":null,"flags":[],"fullname":"math.fabs","name":"fabs","type":{".class":"CallableType","arg_kinds":[0],"arg_names":[null],"arg_types":[{".class":"TypeAliasType","args":[],"type_ref":"math._SupportsFloatOrIndex"}],"bound_args":[],"def_extras":{"first_arg":null},"fallback":"builtins.function","from_concatenate":false,"implicit":false,"is_ellipsis_args":false,"name":"fabs","ret_type":"builtins.float","type_guard":null,"unpack_kwargs":false,"variables":[]}}},"factorial":{".class":"SymbolTableNode","kind":"Gdef","node":{".class":"FuncDef","abstract_status":0,"arg_kinds":[0],"arg_names":[null],"dataclass_transform_spec":null,"flags":[],"fullname":"math.factorial","name":"factorial","type":{".class":"CallableType","arg_kinds":[0],"arg_names":[null],"arg_types":["typing_extensions.SupportsIndex"],"bound_args":[],"def_extras":{"first_arg":null},"fallback":"builtins.function","from_concatenate":false,"implicit":false,"is_ellipsis_args":false,"name":"factorial","ret_type":"builtins.int","type_guard":null,"unpack_kwargs":false,"variables":[]}}},"floor":{".class":"SymbolTableNode","kind":"Gdef","node":{".class":"OverloadedFuncDef","flags":[],"fullname":"math.floor","impl":null,"items":[{".class":"Decorator","func":{".class":"FuncDef","abstract_status":0,"arg_kinds":[0],"arg_names":[null],"dataclass_transform_spec":null,"flags":["is_overload","is_decorated"],"fullname":"math.floor","name":"floor","type":{".class":"CallableType","arg_kinds":[0],"arg_names":[null],"arg_types":[{".class":"Instance","args":[{".class":"TypeVarType","fullname":"math._T","id":-1,"name":"_T","namespace":"","upper_bound":"builtins.object","values":[],"variance":0}],"type_ref":"math._SupportsFloor"}],"bound_args":[],"def_extras":{"first_arg":null},"fallback":"builtins.function","from_concatenate":false,"implicit":false,"is_ellipsis_args":false,"name":"floor","ret_type":{".class":"TypeVarType","fullname":"math._T","id":-1,"name":"_T","namespace":"","upper_bound":"builtins.object","values":[],"variance":0},"type_guard":null,"unpack_kwargs":false,"variables":[{".class":"TypeVarType","fullname":"math._T","id":-1,"name":"_T","namespace":"","upper_bound":"builtins.object","values":[],"variance":0}]}},"is_overload":true,"var":{".class":"Var","flags":["is_inferred"],"fullname":"math.floor","name":"floor","type":null}},{".class":"Decorator","func":{".class":"FuncDef","abstract_status":0,"arg_kinds":[0],"arg_names":[null],"dataclass_transform_spec":null,"flags":["is_overload","is_decorated"],"fullname":"math.floor","name":"floor","type":{".class":"CallableType","arg_kinds":[0],"arg_names":[null],"arg_types":[{".class":"TypeAliasType","args":[],"type_ref":"math._SupportsFloatOrIndex"}],"bound_args":[],"def_extras":{"first_arg":null},"fallback":"builtins.function","from_concatenate":false,"implicit":false,"is_ellipsis_args":false,"name":"floor","ret_type":"builtins.int","type_guard":null,"unpack_kwargs":false,"variables":[]}},"is_overload":true,"var":{".class":"Var","flags":["is_inferred"],"fullname":"math.floor","name":"floor","type":null}}],"type":{".class":"Overloaded","items":[{".class":"CallableType","arg_kinds":[0],"arg_names":[null],"arg_types":[{".class":"Instance","args":[{".class":"TypeVarType","fullname":"math._T","id":-1,"name":"_T","namespace":"","upper_bound":"builtins.object","values":[],"variance":0}],"type_ref":"math._SupportsFloor"}],"bound_args":[],"def_extras":{"first_arg":null},"fallback":"builtins.function","from_concatenate":false,"implicit":false,"is_ellipsis_args":false,"name":"floor","ret_type":{".class":"TypeVarType","fullname":"math._T","id":-1,"name":"_T","namespace":"","upper_bound":"builtins.object","values":[],"variance":0},"type_guard":null,"unpack_kwargs":false,"variables":[{".class":"TypeVarType","fullname":"math._T","id":-1,"name":"_T","namespace":"","upper_bound":"builtins.object","values":[],"variance":0}]},{".class":"CallableType","arg_kinds":[0],"arg_names":[null],"arg_types":[{".class":"TypeAliasType","args":[],"type_ref":"math._SupportsFloatOrIndex"}],"bound_args":[],"def_extras":{"first_arg":null},"fallback":"builtins.function","from_concatenate":false,"implicit":false,"is_ellipsis_args":false,"name":"floor","ret_type":"builtins.int","type_guard":null,"unpack_kwargs":false,"variables":[]}]}}},"fmod":{".class":"SymbolTableNode","kind":"Gdef","node":{".class":"FuncDef","abstract_status":0,"arg_kinds":[0,0],"arg_names":[null,null],"dataclass_transform_spec":null,"flags":[],"fullname":"math.fmod","name":"fmod","type":{".class":"CallableType","arg_kinds":[0,0],"arg_names":[null,null],"arg_types":[{".class":"TypeAliasType","args":[],"type_ref":"math._SupportsFloatOrIndex"},{".class":"TypeAliasType","args":[],"type_ref":"math._SupportsFloatOrIndex"}],"bound_args":[],"def_extras":{"first_arg":null},"fallback":"builtins.function","from_concatenate":false,"implicit":false,"is_ellipsis_args":false,"name":"fmod","ret_type":"builtins.float","type_guard":null,"unpack_kwargs":false,"variables":[]}}},"frexp":{".class":"SymbolTableNode","kind":"Gdef","node":{".class":"FuncDef","abstract_status":0,"arg_kinds":[0],"arg_names":[null],"dataclass_transform_spec":null,"flags":[],"fullname":"math.frexp","name":"frexp","type":{".class":"CallableType","arg_kinds":[0],"arg_names":[null],"arg_types":[{".class":"TypeAliasType","args":[],"type_ref":"math._SupportsFloatOrIndex"}],"bound_args":[],"def_extras":{"first_arg":null},"fallback":"builtins.function","from_concatenate":false,"implicit":false,"is_ellipsis_args":false,"name":"frexp","ret_type":{".class":"TupleType","implicit":false,"items":["builtins.float","builtins.int"],"partial_fallback":{".class":"Instance","args":[{".class":"AnyType","missing_import_name":null,"source_any":null,"type_of_any":6}],"type_ref":"builtins.tuple"}},"type_guard":null,"unpack_kwargs":false,"variables":[]}}},"fsum":{".class":"SymbolTableNode","kind":"Gdef","node":{".class":"FuncDef","abstract_status":0,"arg_kinds":[0],"arg_names":[null],"dataclass_transform_spec":null,"flags":[],"fullname":"math.fsum","name":"fsum","type":{".class":"CallableType","arg_kinds":[0],"arg_names":[null],"arg_types":[{".class":"Instance","args":[{".class":"TypeAliasType","args":[],"type_ref":"math._SupportsFloatOrIndex"}],"type_ref":"typing.Iterable"}],"bound_args":[],"def_extras":{"first_arg":null},"fallback":"builtins.function","from_concatenate":false,"implicit":false,"is_ellipsis_args":false,"name":"fsum","ret_type":"builtins.float","type_guard":null,"unpack_kwargs":false,"variables":[]}}},"gamma":{".class":"SymbolTableNode","kind":"Gdef","node":{".class":"FuncDef","abstract_status":0,"arg_kinds":[0],"arg_names":[null],"dataclass_transform_spec":null,"flags":[],"fullname":"math.gamma","name":"gamma","type":{".class":"CallableType","arg_kinds":[0],"arg_names":[null],"arg_types":[{".class":"TypeAliasType","args":[],"type_ref":"math._SupportsFloatOrIndex"}],"bound_args":[],"def_extras":{"first_arg":null},"fallback":"builtins.function","from_concatenate":false,"implicit":false,"is_ellipsis_args":false,"name":"gamma","ret_type":"builtins.float","type_guard":null,"unpack_kwargs":false,"variables":[]}}},"gcd":{".class":"SymbolTableNode","kind":"Gdef","node":{".class":"FuncDef","abstract_status":0,"arg_kinds":[2],"arg_names":["integers"],"dataclass_transform_spec":null,"flags":[],"fullname":"math.gcd","name":"gcd","type":{".class":"CallableType","arg_kinds":[2],"arg_names":["integers"],"arg_types":["typing_extensions.SupportsIndex"],"bound_args":[],"def_extras":{"first_arg":null},"fallback":"builtins.function","from_concatenate":false,"implicit":false,"is_ellipsis_args":false,"name":"gcd","ret_type":"builtins.int","type_guard":null,"unpack_kwargs":false,"variables":[]}}},"hypot":{".class":"SymbolTableNode","kind":"Gdef","node":{".class":"FuncDef","abstract_status":0,"arg_kinds":[2],"arg_names":["coordinates"],"dataclass_transform_spec":null,"flags":[],"fullname":"math.hypot","name":"hypot","type":{".class":"CallableType","arg_kinds":[2],"arg_names":["coordinates"],"arg_types":[{".class":"TypeAliasType","args":[],"type_ref":"math._SupportsFloatOrIndex"}],"bound_args":[],"def_extras":{"first_arg":null},"fallback":"builtins.function","from_concatenate":false,"implicit":false,"is_ellipsis_args":false,"name":"hypot","ret_type":"builtins.float","type_guard":null,"unpack_kwargs":false,"variables":[]}}},"inf":{".class":"SymbolTableNode","kind":"Gdef","node":{".class":"Var","flags":["is_ready"],"fullname":"math.inf","name":"inf","type":"builtins.float"}},"isclose":{".class":"SymbolTableNode","kind":"Gdef","node":{".class":"FuncDef","abstract_status":0,"arg_kinds":[0,0,5,5],"arg_names":["a","b","rel_tol","abs_tol"],"dataclass_transform_spec":null,"flags":[],"fullname":"math.isclose","name":"isclose","type":{".class":"CallableType","arg_kinds":[0,0,5,5],"arg_names":["a","b","rel_tol","abs_tol"],"arg_types":[{".class":"TypeAliasType","args":[],"type_ref":"math._SupportsFloatOrIndex"},{".class":"TypeAliasType","args":[],"type_ref":"math._SupportsFloatOrIndex"},{".class":"TypeAliasType","args":[],"type_ref":"math._SupportsFloatOrIndex"},{".class":"TypeAliasType","args":[],"type_ref":"math._SupportsFloatOrIndex"}],"bound_args":[],"def_extras":{"first_arg":null},"fallback":"builtins.function","from_concatenate":false,"implicit":false,"is_ellipsis_args":false,"name":"isclose","ret_type":"builtins.bool","type_guard":null,"unpack_kwargs":false,"variables":[]}}},"isfinite":{".class":"SymbolTableNode","kind":"Gdef","node":{".class":"FuncDef","abstract_status":0,"arg_kinds":[0],"arg_names":[null],"dataclass_transform_spec":null,"flags":[],"fullname":"math.isfinite","name":"isfinite","type":{".class":"CallableType","arg_kinds":[0],"arg_names":[null],"arg_types":[{".class":"TypeAliasType","args":[],"type_ref":"math._SupportsFloatOrIndex"}],"bound_args":[],"def_extras":{"first_arg":null},"fallback":"builtins.function","from_concatenate":false,"implicit":false,"is_ellipsis_args":false,"name":"isfinite","ret_type":"builtins.bool","type_guard":null,"unpack_kwargs":false,"variables":[]}}},"isinf":{".class":"SymbolTableNode","kind":"Gdef","node":{".class":"FuncDef","abstract_status":0,"arg_kinds":[0],"arg_names":[null],"dataclass_transform_spec":null,"flags":[],"fullname":"math.isinf","name":"isinf","type":{".class":"CallableType","arg_kinds":[0],"arg_names":[null],"arg_types":[{".class":"TypeAliasType","args":[],"type_ref":"math._SupportsFloatOrIndex"}],"bound_args":[],"def_extras":{"first_arg":null},"fallback":"builtins.function","from_concatenate":false,"implicit":false,"is_ellipsis_args":false,"name":"isinf","ret_type":"builtins.bool","type_guard":null,"unpack_kwargs":false,"variables":[]}}},"isnan":{".class":"SymbolTableNode","kind":"Gdef","node":{".class":"FuncDef","abstract_status":0,"arg_kinds":[0],"arg_names":[null],"dataclass_transform_spec":null,"flags":[],"fullname":"math.isnan","name":"isnan","type":{".class":"CallableType","arg_kinds":[0],"arg_names":[null],"arg_types":[{".class":"TypeAliasType","args":[],"type_ref":"math._SupportsFloatOrIndex"}],"bound_args":[],"def_extras":{"first_arg":null},"fallback":"builtins.function","from_concatenate":false,"implicit":false,"is_ellipsis_args":false,"name":"isnan","ret_type":"builtins.bool","type_guard":null,"unpack_kwargs":false,"variables":[]}}},"isqrt":{".class":"SymbolTableNode","kind":"Gdef","node":{".class":"FuncDef","abstract_status":0,"arg_kinds":[0],"arg_names":[null],"dataclass_transform_spec":null,"flags":[],"fullname":"math.isqrt","name":"isqrt","type":{".class":"CallableType","arg_kinds":[0],"arg_names":[null],"arg_types":["typing_extensions.SupportsIndex"],"bound_args":[],"def_extras":{"first_arg":null},"fallback":"builtins.function","from_concatenate":false,"implicit":false,"is_ellipsis_args":false,"name":"isqrt","ret_type":"builtins.int","type_guard":null,"unpack_kwargs":false,"variables":[]}}},"lcm":{".class":"SymbolTableNode","kind":"Gdef","node":{".class":"FuncDef","abstract_status":0,"arg_kinds":[2],"arg_names":["integers"],"dataclass_transform_spec":null,"flags":[],"fullname":"math.lcm","name":"lcm","type":{".class":"CallableType","arg_kinds":[2],"arg_names":["integers"],"arg_types":["typing_extensions.SupportsIndex"],"bound_args":[],"def_extras":{"first_arg":null},"fallback":"builtins.function","from_concatenate":false,"implicit":false,"is_ellipsis_args":false,"name":"lcm","ret_type":"builtins.int","type_guard":null,"unpack_kwargs":false,"variables":[]}}},"ldexp":{".class":"SymbolTableNode","kind":"Gdef","node":{".class":"FuncDef","abstract_status":0,"arg_kinds":[0,0],"arg_names":[null,null],"dataclass_transform_spec":null,"flags":[],"fullname":"math.ldexp","name":"ldexp","type":{".class":"CallableType","arg_kinds":[0,0],"arg_names":[null,null],"arg_types":[{".class":"TypeAliasType","args":[],"type_ref":"math._SupportsFloatOrIndex"},"builtins.int"],"bound_args":[],"def_extras":{"first_arg":null},"fallback":"builtins.function","from_concatenate":false,"implicit":false,"is_ellipsis_args":false,"name":"ldexp","ret_type":"builtins.float","type_guard":null,"unpack_kwargs":false,"variables":[]}}},"lgamma":{".class":"SymbolTableNode","kind":"Gdef","node":{".class":"FuncDef","abstract_status":0,"arg_kinds":[0],"arg_names":[null],"dataclass_transform_spec":null,"flags":[],"fullname":"math.lgamma","name":"lgamma","type":{".class":"CallableType","arg_kinds":[0],"arg_names":[null],"arg_types":[{".class":"TypeAliasType","args":[],"type_ref":"math._SupportsFloatOrIndex"}],"bound_args":[],"def_extras":{"first_arg":null},"fallback":"builtins.function","from_concatenate":false,"implicit":false,"is_ellipsis_args":false,"name":"lgamma","ret_type":"builtins.float","type_guard":null,"unpack_kwargs":false,"variables":[]}}},"log":{".class":"SymbolTableNode","kind":"Gdef","node":{".class":"FuncDef","abstract_status":0,"arg_kinds":[0,1],"arg_names":["x","base"],"dataclass_transform_spec":null,"flags":[],"fullname":"math.log","name":"log","type":{".class":"CallableType","arg_kinds":[0,1],"arg_names":["x","base"],"arg_types":[{".class":"TypeAliasType","args":[],"type_ref":"math._SupportsFloatOrIndex"},{".class":"TypeAliasType","args":[],"type_ref":"math._SupportsFloatOrIndex"}],"bound_args":[],"def_extras":{"first_arg":null},"fallback":"builtins.function","from_concatenate":false,"implicit":false,"is_ellipsis_args":false,"name":"log","ret_type":"builtins.float","type_guard":null,"unpack_kwargs":false,"variables":[]}}},"log10":{".class":"SymbolTableNode","kind":"Gdef","node":{".class":"FuncDef","abstract_status":0,"arg_kinds":[0],"arg_names":[null],"dataclass_transform_spec":null,"flags":[],"fullname":"math.log10","name":"log10","type":{".class":"CallableType","arg_kinds":[0],"arg_names":[null],"arg_types":[{".class":"TypeAliasType","args":[],"type_ref":"math._SupportsFloatOrIndex"}],"bound_args":[],"def_extras":{"first_arg":null},"fallback":"builtins.function","from_concatenate":false,"implicit":false,"is_ellipsis_args":false,"name":"log10","ret_type":"builtins.float","type_guard":null,"unpack_kwargs":false,"variables":[]}}},"log1p":{".class":"SymbolTableNode","kind":"Gdef","node":{".class":"FuncDef","abstract_status":0,"arg_kinds":[0],"arg_names":[null],"dataclass_transform_spec":null,"flags":[],"fullname":"math.log1p","name":"log1p","type":{".class":"CallableType","arg_kinds":[0],"arg_names":[null],"arg_types":[{".class":"TypeAliasType","args":[],"type_ref":"math._SupportsFloatOrIndex"}],"bound_args":[],"def_extras":{"first_arg":null},"fallback":"builtins.function","from_concatenate":false,"implicit":false,"is_ellipsis_args":false,"name":"log1p","ret_type":"builtins.float","type_guard":null,"unpack_kwargs":false,"variables":[]}}},"log2":{".class":"SymbolTableNode","kind":"Gdef","node":{".class":"FuncDef","abstract_status":0,"arg_kinds":[0],"arg_names":[null],"dataclass_transform_spec":null,"flags":[],"fullname":"math.log2","name":"log2","type":{".class":"CallableType","arg_kinds":[0],"arg_names":[null],"arg_types":[{".class":"TypeAliasType","args":[],"type_ref":"math._SupportsFloatOrIndex"}],"bound_args":[],"def_extras":{"first_arg":null},"fallback":"builtins.function","from_concatenate":false,"implicit":false,"is_ellipsis_args":false,"name":"log2","ret_type":"builtins.float","type_guard":null,"unpack_kwargs":false,"variables":[]}}},"modf":{".class":"SymbolTableNode","kind":"Gdef","node":{".class":"FuncDef","abstract_status":0,"arg_kinds":[0],"arg_names":[null],"dataclass_transform_spec":null,"flags":[],"fullname":"math.modf","name":"modf","type":{".class":"CallableType","arg_kinds":[0],"arg_names":[null],"arg_types":[{".class":"TypeAliasType","args":[],"type_ref":"math._SupportsFloatOrIndex"}],"bound_args":[],"def_extras":{"first_arg":null},"fallback":"builtins.function","from_concatenate":false,"implicit":false,"is_ellipsis_args":false,"name":"modf","ret_type":{".class":"TupleType","implicit":false,"items":["builtins.float","builtins.float"],"partial_fallback":{".class":"Instance","args":[{".class":"AnyType","missing_import_name":null,"source_any":null,"type_of_any":6}],"type_ref":"builtins.tuple"}},"type_guard":null,"unpack_kwargs":false,"variables":[]}}},"nan":{".class":"SymbolTableNode","kind":"Gdef","node":{".class":"Var","flags":["is_ready"],"fullname":"math.nan","name":"nan","type":"builtins.float"}},"nextafter":{".class":"SymbolTableNode","kind":"Gdef","node":{".class":"FuncDef","abstract_status":0,"arg_kinds":[0,0],"arg_names":[null,null],"dataclass_transform_spec":null,"flags":[],"fullname":"math.nextafter","name":"nextafter","type":{".class":"CallableType","arg_kinds":[0,0],"arg_names":[null,null],"arg_types":[{".class":"TypeAliasType","args":[],"type_ref":"math._SupportsFloatOrIndex"},{".class":"TypeAliasType","args":[],"type_ref":"math._SupportsFloatOrIndex"}],"bound_args":[],"def_extras":{"first_arg":null},"fallback":"builtins.function","from_concatenate":false,"implicit":false,"is_ellipsis_args":false,"name":"nextafter","ret_type":"builtins.float","type_guard":null,"unpack_kwargs":false,"variables":[]}}},"overload":{".class":"SymbolTableNode","cross_ref":"typing.overload","kind":"Gdef","module_hidden":true,"module_public":false},"perm":{".class":"SymbolTableNode","kind":"Gdef","node":{".class":"FuncDef","abstract_status":0,"arg_kinds":[0,1],"arg_names":[null,null],"dataclass_transform_spec":null,"flags":[],"fullname":"math.perm","name":"perm","type":{".class":"CallableType","arg_kinds":[0,1],"arg_names":[null,null],"arg_types":["typing_extensions.SupportsIndex",{".class":"UnionType","items":["typing_extensions.SupportsIndex",{".class":"NoneType"}]}],"bound_args":[],"def_extras":{"first_arg":null},"fallback":"builtins.function","from_concatenate":false,"implicit":false,"is_ellipsis_args":false,"name":"perm","ret_type":"builtins.int","type_guard":null,"unpack_kwargs":false,"variables":[]}}},"pi":{".class":"SymbolTableNode","kind":"Gdef","node":{".class":"Var","flags":["is_ready"],"fullname":"math.pi","name":"pi","type":"builtins.float"}},"pow":{".class":"SymbolTableNode","kind":"Gdef","node":{".class":"FuncDef","abstract_status":0,"arg_kinds":[0,0],"arg_names":[null,null],"dataclass_transform_spec":null,"flags":[],"fullname":"math.pow","name":"pow","type":{".class":"CallableType","arg_kinds":[0,0],"arg_names":[null,null],"arg_types":[{".class":"TypeAliasType","args":[],"type_ref":"math._SupportsFloatOrIndex"},{".class":"TypeAliasType","args":[],"type_ref":"math._SupportsFloatOrIndex"}],"bound_args":[],"def_extras":{"first_arg":null},"fallback":"builtins.function","from_concatenate":false,"implicit":false,"is_ellipsis_args":false,"name":"pow","ret_type":"builtins.float","type_guard":null,"unpack_kwargs":false,"variables":[]}}},"prod":{".class":"SymbolTableNode","kind":"Gdef","node":{".class":"OverloadedFuncDef","flags":[],"fullname":"math.prod","impl":null,"items":[{".class":"Decorator","func":{".class":"FuncDef","abstract_status":0,"arg_kinds":[0,5],"arg_names":[null,"start"],"dataclass_transform_spec":null,"flags":["is_overload","is_decorated"],"fullname":"math.prod","name":"prod","type":{".class":"CallableType","arg_kinds":[0,5],"arg_names":[null,"start"],"arg_types":[{".class":"Instance","args":["typing_extensions.SupportsIndex"],"type_ref":"typing.Iterable"},"typing_extensions.SupportsIndex"],"bound_args":[],"def_extras":{"first_arg":null},"fallback":"builtins.function","from_concatenate":false,"implicit":false,"is_ellipsis_args":false,"name":"prod","ret_type":"builtins.int","type_guard":null,"unpack_kwargs":false,"variables":[]}},"is_overload":true,"var":{".class":"Var","flags":["is_inferred"],"fullname":"math.prod","name":"prod","type":null}},{".class":"Decorator","func":{".class":"FuncDef","abstract_status":0,"arg_kinds":[0,5],"arg_names":[null,"start"],"dataclass_transform_spec":null,"flags":["is_overload","is_decorated"],"fullname":"math.prod","name":"prod","type":{".class":"CallableType","arg_kinds":[0,5],"arg_names":[null,"start"],"arg_types":[{".class":"Instance","args":[{".class":"TypeAliasType","args":[],"type_ref":"math._SupportsFloatOrIndex"}],"type_ref":"typing.Iterable"},{".class":"TypeAliasType","args":[],"type_ref":"math._SupportsFloatOrIndex"}],"bound_args":[],"def_extras":{"first_arg":null},"fallback":"builtins.function","from_concatenate":false,"implicit":false,"is_ellipsis_args":false,"name":"prod","ret_type":"builtins.float","type_guard":null,"unpack_kwargs":false,"variables":[]}},"is_overload":true,"var":{".class":"Var","flags":["is_inferred"],"fullname":"math.prod","name":"prod","type":null}}],"type":{".class":"Overloaded","items":[{".class":"CallableType","arg_kinds":[0,5],"arg_names":[null,"start"],"arg_types":[{".class":"Instance","args":["typing_extensions.SupportsIndex"],"type_ref":"typing.Iterable"},"typing_extensions.SupportsIndex"],"bound_args":[],"def_extras":{"first_arg":null},"fallback":"builtins.function","from_concatenate":false,"implicit":false,"is_ellipsis_args":false,"name":"prod","ret_type":"builtins.int","type_guard":null,"unpack_kwargs":false,"variables":[]},{".class":"CallableType","arg_kinds":[0,5],"arg_names":[null,"start"],"arg_types":[{".class":"Instance","args":[{".class":"TypeAliasType","args":[],"type_ref":"math._SupportsFloatOrIndex"}],"type_ref":"typing.Iterable"},{".class":"TypeAliasType","args":[],"type_ref":"math._SupportsFloatOrIndex"}],"bound_args":[],"def_extras":{"first_arg":null},"fallback":"builtins.function","from_concatenate":false,"implicit":false,"is_ellipsis_args":false,"name":"prod","ret_type":"builtins.float","type_guard":null,"unpack_kwargs":false,"variables":[]}]}}},"radians":{".class":"SymbolTableNode","kind":"Gdef","node":{".class":"FuncDef","abstract_status":0,"arg_kinds":[0],"arg_names":[null],"dataclass_transform_spec":null,"flags":[],"fullname":"math.radians","name":"radians","type":{".class":"CallableType","arg_kinds":[0],"arg_names":[null],"arg_types":[{".class":"TypeAliasType","args":[],"type_ref":"math._SupportsFloatOrIndex"}],"bound_args":[],"def_extras":{"first_arg":null},"fallback":"builtins.function","from_concatenate":false,"implicit":false,"is_ellipsis_args":false,"name":"radians","ret_type":"builtins.float","type_guard":null,"unpack_kwargs":false,"variables":[]}}},"remainder":{".class":"SymbolTableNode","kind":"Gdef","node":{".class":"FuncDef","abstract_status":0,"arg_kinds":[0,0],"arg_names":[null,null],"dataclass_transform_spec":null,"flags":[],"fullname":"math.remainder","name":"remainder","type":{".class":"CallableType","arg_kinds":[0,0],"arg_names":[null,null],"arg_types":[{".class":"TypeAliasType","args":[],"type_ref":"math._SupportsFloatOrIndex"},{".class":"TypeAliasType","args":[],"type_ref":"math._SupportsFloatOrIndex"}],"bound_args":[],"def_extras":{"first_arg":null},"fallback":"builtins.function","from_concatenate":false,"implicit":false,"is_ellipsis_args":false,"name":"remainder","ret_type":"builtins.float","type_guard":null,"unpack_kwargs":false,"variables":[]}}},"sin":{".class":"SymbolTableNode","kind":"Gdef","node":{".class":"FuncDef","abstract_status":0,"arg_kinds":[0],"arg_names":[null],"dataclass_transform_spec":null,"flags":[],"fullname":"math.sin","name":"sin","type":{".class":"CallableType","arg_kinds":[0],"arg_names":[null],"arg_types":[{".class":"TypeAliasType","args":[],"type_ref":"math._SupportsFloatOrIndex"}],"bound_args":[],"def_extras":{"first_arg":null},"fallback":"builtins.function","from_concatenate":false,"implicit":false,"is_ellipsis_args":false,"name":"sin","ret_type":"builtins.float","type_guard":null,"unpack_kwargs":false,"variables":[]}}},"sinh":{".class":"SymbolTableNode","kind":"Gdef","node":{".class":"FuncDef","abstract_status":0,"arg_kinds":[0],"arg_names":[null],"dataclass_transform_spec":null,"flags":[],"fullname":"math.sinh","name":"sinh","type":{".class":"CallableType","arg_kinds":[0],"arg_names":[null],"arg_types":[{".class":"TypeAliasType","args":[],"type_ref":"math._SupportsFloatOrIndex"}],"bound_args":[],"def_extras":{"first_arg":null},"fallback":"builtins.function","from_concatenate":false,"implicit":false,"is_ellipsis_args":false,"name":"sinh","ret_type":"builtins.float","type_guard":null,"unpack_kwargs":false,"variables":[]}}},"sqrt":{".class":"SymbolTableNode","kind":"Gdef","node":{".class":"FuncDef","abstract_status":0,"arg_kinds":[0],"arg_names":[null],"dataclass_transform_spec":null,"flags":[],"fullname":"math.sqrt","name":"sqrt","type":{".class":"CallableType","arg_kinds":[0],"arg_names":[null],"arg_types":[{".class":"TypeAliasType","args":[],"type_ref":"math._SupportsFloatOrIndex"}],"bound_args":[],"def_extras":{"first_arg":null},"fallback":"builtins.function","from_concatenate":false,"implicit":false,"is_ellipsis_args":false,"name":"sqrt","ret_type":"builtins.float","type_guard":null,"unpack_kwargs":false,"variables":[]}}},"sys":{".class":"SymbolTableNode","cross_ref":"sys","kind":"Gdef","module_hidden":true,"module_public":false},"tan":{".class":"SymbolTableNode","kind":"Gdef","node":{".class":"FuncDef","abstract_status":0,"arg_kinds":[0],"arg_names":[null],"dataclass_transform_spec":null,"flags":[],"fullname":"math.tan","name":"tan","type":{".class":"CallableType","arg_kinds":[0],"arg_names":[null],"arg_types":[{".class":"TypeAliasType","args":[],"type_ref":"math._SupportsFloatOrIndex"}],"bound_args":[],"def_extras":{"first_arg":null},"fallback":"builtins.function","from_concatenate":false,"implicit":false,"is_ellipsis_args":false,"name":"tan","ret_type":"builtins.float","type_guard":null,"unpack_kwargs":false,"variables":[]}}},"tanh":{".class":"SymbolTableNode","kind":"Gdef","node":{".class":"FuncDef","abstract_status":0,"arg_kinds":[0],"arg_names":[null],"dataclass_transform_spec":null,"flags":[],"fullname":"math.tanh","name":"tanh","type":{".class":"CallableType","arg_kinds":[0],"arg_names":[null],"arg_types":[{".class":"TypeAliasType","args":[],"type_ref":"math._SupportsFloatOrIndex"}],"bound_args":[],"def_extras":{"first_arg":null},"fallback":"builtins.function","from_concatenate":false,"implicit":false,"is_ellipsis_args":false,"name":"tanh","ret_type":"builtins.float","type_guard":null,"unpack_kwargs":false,"variables":[]}}},"tau":{".class":"SymbolTableNode","kind":"Gdef","node":{".class":"Var","flags":["is_ready"],"fullname":"math.tau","name":"tau","type":"builtins.float"}},"trunc":{".class":"SymbolTableNode","kind":"Gdef","node":{".class":"FuncDef","abstract_status":0,"arg_kinds":[0],"arg_names":[null],"dataclass_transform_spec":null,"flags":[],"fullname":"math.trunc","name":"trunc","type":{".class":"CallableType","arg_kinds":[0],"arg_names":[null],"arg_types":[{".class":"Instance","args":[{".class":"TypeVarType","fullname":"math._T","id":-1,"name":"_T","namespace":"","upper_bound":"builtins.object","values":[],"variance":0}],"type_ref":"math._SupportsTrunc"}],"bound_args":[],"def_extras":{"first_arg":null},"fallback":"builtins.function","from_concatenate":false,"implicit":false,"is_ellipsis_args":false,"name":"trunc","ret_type":{".class":"TypeVarType","fullname":"math._T","id":-1,"name":"_T","namespace":"","upper_bound":"builtins.object","values":[],"variance":0},"type_guard":null,"unpack_kwargs":false,"variables":[{".class":"TypeVarType","fullname":"math._T","id":-1,"name":"_T","namespace":"","upper_bound":"builtins.object","values":[],"variance":0}]}}},"ulp":{".class":"SymbolTableNode","kind":"Gdef","node":{".class":"FuncDef","abstract_status":0,"arg_kinds":[0],"arg_names":[null],"dataclass_transform_spec":null,"flags":[],"fullname":"math.ulp","name":"ulp","type":{".class":"CallableType","arg_kinds":[0],"arg_names":[null],"arg_types":[{".class":"TypeAliasType","args":[],"type_ref":"math._SupportsFloatOrIndex"}],"bound_args":[],"def_extras":{"first_arg":null},"fallback":"builtins.function","from_concatenate":false,"implicit":false,"is_ellipsis_args":false,"name":"ulp","ret_type":"builtins.float","type_guard":null,"unpack_kwargs":false,"variables":[]}}}},"path":"C:\\Users\\Vasilis\\AppData\\Local\\Programs\\Python\\Python313\\Lib\\site-packages\\mypy\\typeshed\\stdlib\\math.pyi"}