{"data_mtime":1762095554,"dep_lines":[15,16,17,1,3,4,5,6,7,9,1,1,1,1,1,1,1,1,1,1,1,1],"dep_prios":[5,5,5,5,10,5,5,5,5,5,5,30,30,30,30,30,30,30,30,30,30,30],"dependencies":["anyio._core._testing","anyio.abc","anyio.lowlevel","__future__","warnings","collections","dataclasses","types","typing","anyio","builtins","_collections_abc","_typeshed","_warnings","abc","anyio._core","anyio._core._exceptions","anyio._core._synchronization","anyio._core._typedattr","anyio.abc._resources","anyio.abc._streams","threading"],"hash":"19c6c5ddc6a176c74566d71365a20aa595cf0d92a8823d7cc163cf984d0e9865","id":"anyio.streams.memory","ignore_all":true,"interface_hash":"9db1da5ab7cda2e907494fdcda943d75bc25f5e9b3bbfad22c5c78ad3a50db7f","mtime":1758060734,"options":{"allow_redefinition":false,"allow_untyped_globals":false,"always_false":[],"always_true":[],"bazel":false,"check_untyped_defs":false,"disable_bytearray_promotion":false,"disable_error_code":[],"disable_memoryview_promotion":false,"disabled_error_codes":[],"disallow_any_decorated":false,"disallow_any_explicit":false,"disallow_any_expr":false,"disallow_any_generics":false,"disallow_any_unimported":false,"disallow_incomplete_defs":false,"disallow_subclassing_any":false,"disallow_untyped_calls":false,"disallow_untyped_decorators":false,"disallow_untyped_defs":false,"enable_error_code":[],"enabled_error_codes":[],"follow_imports":"silent","follow_imports_for_stubs":false,"ignore_errors":false,"ignore_missing_imports":true,"implicit_optional":true,"implicit_reexport":true,"local_partial_types":false,"mypyc":false,"platform":"win32","plugins":[],"strict_concatenate":false,"strict_equality":false,"strict_optional":true,"warn_no_return":true,"warn_return_any":false,"warn_unreachable":false,"warn_unused_ignores":false},"path":"C:\\Users\\Vasilis\\AppData\\Local\\Programs\\Python\\Python313\\Lib\\site-packages\\anyio\\streams\\memory.py","plugin_data":null,"size":10620,"suppressed":[],"version_id":"1.3.0"}