{"data_mtime":1762095550,"dep_lines":[14,3,14,1,4,5,6,7,8,12,23,24,25,1,1,1,1,1,1,1,1,1,1],"dep_prios":[10,5,20,5,5,10,10,10,5,10,10,10,10,5,30,30,30,30,30,30,30,30,30],"dependencies":["sqlalchemy.engine.url","collections.abc","sqlalchemy.engine","__future__","contextlib","logging","sys","textwrap","typing","warnings","fcntl","termios","struct","builtins","_warnings","abc","array","ctypes","mmap","pickle","sqlalchemy","types","typing_extensions"],"hash":"ddb101a03cb81005c44d702f02b9588de3084d70d380f4eee99a04df2b67cd2c","id":"alembic.util.messaging","ignore_all":true,"interface_hash":"fb26016821d62b5e1cf38a0dc096bfcc9ee4073fa4d93e3aaa01b610731b4244","mtime":1761854780,"options":{"allow_redefinition":false,"allow_untyped_globals":false,"always_false":[],"always_true":[],"bazel":false,"check_untyped_defs":false,"disable_bytearray_promotion":false,"disable_error_code":[],"disable_memoryview_promotion":false,"disabled_error_codes":[],"disallow_any_decorated":false,"disallow_any_explicit":false,"disallow_any_expr":false,"disallow_any_generics":false,"disallow_any_unimported":false,"disallow_incomplete_defs":false,"disallow_subclassing_any":false,"disallow_untyped_calls":false,"disallow_untyped_decorators":false,"disallow_untyped_defs":false,"enable_error_code":[],"enabled_error_codes":[],"follow_imports":"silent","follow_imports_for_stubs":false,"ignore_errors":false,"ignore_missing_imports":true,"implicit_optional":true,"implicit_reexport":true,"local_partial_types":false,"mypyc":false,"platform":"win32","plugins":[],"strict_concatenate":false,"strict_equality":false,"strict_optional":true,"warn_no_return":true,"warn_return_any":false,"warn_unreachable":false,"warn_unused_ignores":false},"path":"C:\\Users\\Vasilis\\AppData\\Local\\Programs\\Python\\Python313\\Lib\\site-packages\\alembic\\util\\messaging.py","plugin_data":null,"size":3294,"suppressed":[],"version_id":"1.3.0"}