{"data_mtime":1762095563,"dep_lines":[28,29,34,35,40,42,45,47,49,27,32,33,43,46,4,6,8,9,10,24,30,32,1,1,1,1,1,1,1,1,1,1,1,1,1,1,1,1,1,1,1,1,1,1,1,1,1,1,1,1,1,1,1,1],"dep_prios":[10,5,10,5,25,25,25,25,25,5,10,10,25,25,5,5,10,10,5,5,5,20,5,30,30,30,30,30,30,30,30,30,30,30,30,30,30,30,30,30,30,30,30,30,30,30,30,30,30,30,30,30,30,30],"dependencies":["sqlalchemy.engine.url","sqlalchemy.engine.strategies","alembic.util.sqla_compat","alembic.util.compat","sqlalchemy.engine.base","sqlalchemy.engine.mock","alembic.runtime.environment","alembic.script.base","alembic.script.revision","sqlalchemy.engine","alembic.ddl","alembic.util","sqlalchemy.sql","alembic.config","__future__","contextlib","logging","sys","typing","sqlalchemy","typing_extensions","alembic","builtins","abc","alembic.ddl.impl","alembic.script","alembic.util.exc","alembic.util.langhelpers","alembic.util.messaging","io","sqlalchemy.engine.cursor","sqlalchemy.engine.interfaces","sqlalchemy.engine.result","sqlalchemy.engine.row","sqlalchemy.log","sqlalchemy.pool","sqlalchemy.pool.base","sqlalchemy.sql.annotation","sqlalchemy.sql.base","sqlalchemy.sql.dml","sqlalchemy.sql.elements","sqlalchemy.sql.expression","sqlalchemy.sql.operators","sqlalchemy.sql.roles","sqlalchemy.sql.schema","sqlalchemy.sql.selectable","sqlalchemy.sql.sqltypes","sqlalchemy.sql.traversals","sqlalchemy.sql.type_api","sqlalchemy.sql.visitors","sqlalchemy.util","sqlalchemy.util._collections","sqlalchemy.util.langhelpers","types"],"hash":"96ef7fcffab25a637348ce76fc581d5cffc6e763d39934de39e3014009104c58","id":"alembic.runtime.migration","ignore_all":true,"interface_hash":"74fe4c1a2591d78b59ce0dc89eefe8452168fefccbc2c25bd60ff2c60393e265","mtime":1761854780,"options":{"allow_redefinition":false,"allow_untyped_globals":false,"always_false":[],"always_true":[],"bazel":false,"check_untyped_defs":false,"disable_bytearray_promotion":false,"disable_error_code":[],"disable_memoryview_promotion":false,"disabled_error_codes":[],"disallow_any_decorated":false,"disallow_any_explicit":false,"disallow_any_expr":false,"disallow_any_generics":false,"disallow_any_unimported":false,"disallow_incomplete_defs":false,"disallow_subclassing_any":false,"disallow_untyped_calls":false,"disallow_untyped_decorators":false,"disallow_untyped_defs":false,"enable_error_code":[],"enabled_error_codes":[],"follow_imports":"silent","follow_imports_for_stubs":false,"ignore_errors":false,"ignore_missing_imports":true,"implicit_optional":true,"implicit_reexport":true,"local_partial_types":false,"mypyc":false,"platform":"win32","plugins":[],"strict_concatenate":false,"strict_equality":false,"strict_optional":true,"warn_no_return":true,"warn_return_any":false,"warn_unreachable":false,"warn_unused_ignores":false},"path":"C:\\Users\\Vasilis\\AppData\\Local\\Programs\\Python\\Python313\\Lib\\site-packages\\alembic\\runtime\\migration.py","plugin_data":null,"size":49997,"suppressed":[],"version_id":"1.3.0"}