{".class":"MypyFile","_fullname":"mimetypes","future_import_flags":[],"is_partial_stub_package":false,"is_stub":true,"names":{".class":"SymbolTable","IO":{".class":"SymbolTableNode","cross_ref":"typing.IO","kind":"Gdef","module_hidden":true,"module_public":false},"MimeTypes":{".class":"SymbolTableNode","kind":"Gdef","node":{".class":"TypeInfo","_promote":[],"abstract_attributes":[],"alt_promote":null,"bases":["builtins.object"],"dataclass_transform_spec":null,"declared_metaclass":null,"defn":{".class":"ClassDef","fullname":"mimetypes.MimeTypes","name":"MimeTypes","type_vars":[]},"deletable_attributes":[],"flags":[],"fullname":"mimetypes.MimeTypes","has_param_spec_type":false,"metaclass_type":null,"metadata":{},"module_name":"mimetypes","mro":["mimetypes.MimeTypes","builtins.object"],"names":{".class":"SymbolTable","__init__":{".class":"SymbolTableNode","kind":"Mdef","node":{".class":"FuncDef","abstract_status":0,"arg_kinds":[0,1,1],"arg_names":["self","filenames","strict"],"dataclass_transform_spec":null,"flags":[],"fullname":"mimetypes.MimeTypes.__init__","name":"__init__","type":{".class":"CallableType","arg_kinds":[0,1,1],"arg_names":["self","filenames","strict"],"arg_types":["mimetypes.MimeTypes",{".class":"Instance","args":["builtins.str"],"type_ref":"builtins.tuple"},"builtins.bool"],"bound_args":[],"def_extras":{"first_arg":"self"},"fallback":"builtins.function","from_concatenate":false,"implicit":false,"is_ellipsis_args":false,"name":"__init__ of MimeTypes","ret_type":{".class":"NoneType"},"type_guard":null,"unpack_kwargs":false,"variables":[]}}},"encodings_map":{".class":"SymbolTableNode","kind":"Mdef","node":{".class":"Var","flags":["is_initialized_in_class","is_ready"],"fullname":"mimetypes.MimeTypes.encodings_map","name":"encodings_map","type":{".class":"Instance","args":["builtins.str","builtins.str"],"type_ref":"builtins.dict"}}},"guess_all_extensions":{".class":"SymbolTableNode","kind":"Mdef","node":{".class":"FuncDef","abstract_status":0,"arg_kinds":[0,0,1],"arg_names":["self","type","strict"],"dataclass_transform_spec":null,"flags":[],"fullname":"mimetypes.MimeTypes.guess_all_extensions","name":"guess_all_extensions","type":{".class":"CallableType","arg_kinds":[0,0,1],"arg_names":["self","type","strict"],"arg_types":["mimetypes.MimeTypes","builtins.str","builtins.bool"],"bound_args":[],"def_extras":{"first_arg":"self"},"fallback":"builtins.function","from_concatenate":false,"implicit":false,"is_ellipsis_args":false,"name":"guess_all_extensions of MimeTypes","ret_type":{".class":"Instance","args":["builtins.str"],"type_ref":"builtins.list"},"type_guard":null,"unpack_kwargs":false,"variables":[]}}},"guess_extension":{".class":"SymbolTableNode","kind":"Mdef","node":{".class":"FuncDef","abstract_status":0,"arg_kinds":[0,0,1],"arg_names":["self","type","strict"],"dataclass_transform_spec":null,"flags":[],"fullname":"mimetypes.MimeTypes.guess_extension","name":"guess_extension","type":{".class":"CallableType","arg_kinds":[0,0,1],"arg_names":["self","type","strict"],"arg_types":["mimetypes.MimeTypes","builtins.str","builtins.bool"],"bound_args":[],"def_extras":{"first_arg":"self"},"fallback":"builtins.function","from_concatenate":false,"implicit":false,"is_ellipsis_args":false,"name":"guess_extension of MimeTypes","ret_type":{".class":"UnionType","items":["builtins.str",{".class":"NoneType"}]},"type_guard":null,"unpack_kwargs":false,"variables":[]}}},"guess_type":{".class":"SymbolTableNode","kind":"Mdef","node":{".class":"FuncDef","abstract_status":0,"arg_kinds":[0,0,1],"arg_names":["self","url","strict"],"dataclass_transform_spec":null,"flags":[],"fullname":"mimetypes.MimeTypes.guess_type","name":"guess_type","type":{".class":"CallableType","arg_kinds":[0,0,1],"arg_names":["self","url","strict"],"arg_types":["mimetypes.MimeTypes",{".class":"TypeAliasType","args":[],"type_ref":"_typeshed.StrPath"},"builtins.bool"],"bound_args":[],"def_extras":{"first_arg":"self"},"fallback":"builtins.function","from_concatenate":false,"implicit":false,"is_ellipsis_args":false,"name":"guess_type of MimeTypes","ret_type":{".class":"TupleType","implicit":false,"items":[{".class":"UnionType","items":["builtins.str",{".class":"NoneType"}]},{".class":"UnionType","items":["builtins.str",{".class":"NoneType"}]}],"partial_fallback":{".class":"Instance","args":[{".class":"AnyType","missing_import_name":null,"source_any":null,"type_of_any":6}],"type_ref":"builtins.tuple"}},"type_guard":null,"unpack_kwargs":false,"variables":[]}}},"read":{".class":"SymbolTableNode","kind":"Mdef","node":{".class":"FuncDef","abstract_status":0,"arg_kinds":[0,0,1],"arg_names":["self","filename","strict"],"dataclass_transform_spec":null,"flags":[],"fullname":"mimetypes.MimeTypes.read","name":"read","type":{".class":"CallableType","arg_kinds":[0,0,1],"arg_names":["self","filename","strict"],"arg_types":["mimetypes.MimeTypes","builtins.str","builtins.bool"],"bound_args":[],"def_extras":{"first_arg":"self"},"fallback":"builtins.function","from_concatenate":false,"implicit":false,"is_ellipsis_args":false,"name":"read of MimeTypes","ret_type":{".class":"NoneType"},"type_guard":null,"unpack_kwargs":false,"variables":[]}}},"read_windows_registry":{".class":"SymbolTableNode","kind":"Mdef","node":{".class":"FuncDef","abstract_status":0,"arg_kinds":[0,1],"arg_names":["self","strict"],"dataclass_transform_spec":null,"flags":[],"fullname":"mimetypes.MimeTypes.read_windows_registry","name":"read_windows_registry","type":{".class":"CallableType","arg_kinds":[0,1],"arg_names":["self","strict"],"arg_types":["mimetypes.MimeTypes","builtins.bool"],"bound_args":[],"def_extras":{"first_arg":"self"},"fallback":"builtins.function","from_concatenate":false,"implicit":false,"is_ellipsis_args":false,"name":"read_windows_registry of MimeTypes","ret_type":{".class":"NoneType"},"type_guard":null,"unpack_kwargs":false,"variables":[]}}},"readfp":{".class":"SymbolTableNode","kind":"Mdef","node":{".class":"FuncDef","abstract_status":0,"arg_kinds":[0,0,1],"arg_names":["self","fp","strict"],"dataclass_transform_spec":null,"flags":[],"fullname":"mimetypes.MimeTypes.readfp","name":"readfp","type":{".class":"CallableType","arg_kinds":[0,0,1],"arg_names":["self","fp","strict"],"arg_types":["mimetypes.MimeTypes",{".class":"Instance","args":["builtins.str"],"type_ref":"typing.IO"},"builtins.bool"],"bound_args":[],"def_extras":{"first_arg":"self"},"fallback":"builtins.function","from_concatenate":false,"implicit":false,"is_ellipsis_args":false,"name":"readfp of MimeTypes","ret_type":{".class":"NoneType"},"type_guard":null,"unpack_kwargs":false,"variables":[]}}},"suffix_map":{".class":"SymbolTableNode","kind":"Mdef","node":{".class":"Var","flags":["is_initialized_in_class","is_ready"],"fullname":"mimetypes.MimeTypes.suffix_map","name":"suffix_map","type":{".class":"Instance","args":["builtins.str","builtins.str"],"type_ref":"builtins.dict"}}},"types_map":{".class":"SymbolTableNode","kind":"Mdef","node":{".class":"Var","flags":["is_initialized_in_class","is_ready"],"fullname":"mimetypes.MimeTypes.types_map","name":"types_map","type":{".class":"TupleType","implicit":false,"items":[{".class":"Instance","args":["builtins.str","builtins.str"],"type_ref":"builtins.dict"},{".class":"Instance","args":["builtins.str","builtins.str"],"type_ref":"builtins.dict"}],"partial_fallback":{".class":"Instance","args":[{".class":"AnyType","missing_import_name":null,"source_any":null,"type_of_any":6}],"type_ref":"builtins.tuple"}}}},"types_map_inv":{".class":"SymbolTableNode","kind":"Mdef","node":{".class":"Var","flags":["is_initialized_in_class","is_ready"],"fullname":"mimetypes.MimeTypes.types_map_inv","name":"types_map_inv","type":{".class":"TupleType","implicit":false,"items":[{".class":"Instance","args":["builtins.str","builtins.str"],"type_ref":"builtins.dict"},{".class":"Instance","args":["builtins.str","builtins.str"],"type_ref":"builtins.dict"}],"partial_fallback":{".class":"Instance","args":[{".class":"AnyType","missing_import_name":null,"source_any":null,"type_of_any":6}],"type_ref":"builtins.tuple"}}}}},"self_type":null,"slots":null,"tuple_type":null,"type_vars":[],"typeddict_type":null}},"Sequence":{".class":"SymbolTableNode","cross_ref":"typing.Sequence","kind":"Gdef","module_hidden":true,"module_public":false},"StrPath":{".class":"SymbolTableNode","cross_ref":"_typeshed.StrPath","kind":"Gdef","module_hidden":true,"module_public":false},"__all__":{".class":"SymbolTableNode","kind":"Gdef","module_public":false,"node":{".class":"Var","flags":["is_inferred","has_explicit_value"],"fullname":"mimetypes.__all__","name":"__all__","type":{".class":"Instance","args":["builtins.str"],"type_ref":"builtins.list"}}},"__annotations__":{".class":"SymbolTableNode","kind":"Gdef","module_public":false,"node":{".class":"Var","flags":["is_ready"],"fullname":"mimetypes.__annotations__","name":"__annotations__","type":{".class":"Instance","args":["builtins.str",{".class":"AnyType","missing_import_name":null,"source_any":null,"type_of_any":6}],"type_ref":"builtins.dict"}}},"__doc__":{".class":"SymbolTableNode","kind":"Gdef","module_public":false,"node":{".class":"Var","flags":["is_ready"],"fullname":"mimetypes.__doc__","name":"__doc__","type":"builtins.str"}},"__file__":{".class":"SymbolTableNode","kind":"Gdef","module_public":false,"node":{".class":"Var","flags":["is_ready"],"fullname":"mimetypes.__file__","name":"__file__","type":"builtins.str"}},"__name__":{".class":"SymbolTableNode","kind":"Gdef","module_public":false,"node":{".class":"Var","flags":["is_ready"],"fullname":"mimetypes.__name__","name":"__name__","type":"builtins.str"}},"__package__":{".class":"SymbolTableNode","kind":"Gdef","module_public":false,"node":{".class":"Var","flags":["is_ready"],"fullname":"mimetypes.__package__","name":"__package__","type":"builtins.str"}},"add_type":{".class":"SymbolTableNode","kind":"Gdef","node":{".class":"FuncDef","abstract_status":0,"arg_kinds":[0,0,1],"arg_names":["type","ext","strict"],"dataclass_transform_spec":null,"flags":[],"fullname":"mimetypes.add_type","name":"add_type","type":{".class":"CallableType","arg_kinds":[0,0,1],"arg_names":["type","ext","strict"],"arg_types":["builtins.str","builtins.str","builtins.bool"],"bound_args":[],"def_extras":{"first_arg":null},"fallback":"builtins.function","from_concatenate":false,"implicit":false,"is_ellipsis_args":false,"name":"add_type","ret_type":{".class":"NoneType"},"type_guard":null,"unpack_kwargs":false,"variables":[]}}},"common_types":{".class":"SymbolTableNode","kind":"Gdef","node":{".class":"Var","flags":["is_ready"],"fullname":"mimetypes.common_types","name":"common_types","type":{".class":"Instance","args":["builtins.str","builtins.str"],"type_ref":"builtins.dict"}}},"encodings_map":{".class":"SymbolTableNode","kind":"Gdef","node":{".class":"Var","flags":["is_ready"],"fullname":"mimetypes.encodings_map","name":"encodings_map","type":{".class":"Instance","args":["builtins.str","builtins.str"],"type_ref":"builtins.dict"}}},"guess_all_extensions":{".class":"SymbolTableNode","kind":"Gdef","node":{".class":"FuncDef","abstract_status":0,"arg_kinds":[0,1],"arg_names":["type","strict"],"dataclass_transform_spec":null,"flags":[],"fullname":"mimetypes.guess_all_extensions","name":"guess_all_extensions","type":{".class":"CallableType","arg_kinds":[0,1],"arg_names":["type","strict"],"arg_types":["builtins.str","builtins.bool"],"bound_args":[],"def_extras":{"first_arg":null},"fallback":"builtins.function","from_concatenate":false,"implicit":false,"is_ellipsis_args":false,"name":"guess_all_extensions","ret_type":{".class":"Instance","args":["builtins.str"],"type_ref":"builtins.list"},"type_guard":null,"unpack_kwargs":false,"variables":[]}}},"guess_extension":{".class":"SymbolTableNode","kind":"Gdef","node":{".class":"FuncDef","abstract_status":0,"arg_kinds":[0,1],"arg_names":["type","strict"],"dataclass_transform_spec":null,"flags":[],"fullname":"mimetypes.guess_extension","name":"guess_extension","type":{".class":"CallableType","arg_kinds":[0,1],"arg_names":["type","strict"],"arg_types":["builtins.str","builtins.bool"],"bound_args":[],"def_extras":{"first_arg":null},"fallback":"builtins.function","from_concatenate":false,"implicit":false,"is_ellipsis_args":false,"name":"guess_extension","ret_type":{".class":"UnionType","items":["builtins.str",{".class":"NoneType"}]},"type_guard":null,"unpack_kwargs":false,"variables":[]}}},"guess_type":{".class":"SymbolTableNode","kind":"Gdef","node":{".class":"FuncDef","abstract_status":0,"arg_kinds":[0,1],"arg_names":["url","strict"],"dataclass_transform_spec":null,"flags":[],"fullname":"mimetypes.guess_type","name":"guess_type","type":{".class":"CallableType","arg_kinds":[0,1],"arg_names":["url","strict"],"arg_types":[{".class":"TypeAliasType","args":[],"type_ref":"_typeshed.StrPath"},"builtins.bool"],"bound_args":[],"def_extras":{"first_arg":null},"fallback":"builtins.function","from_concatenate":false,"implicit":false,"is_ellipsis_args":false,"name":"guess_type","ret_type":{".class":"TupleType","implicit":false,"items":[{".class":"UnionType","items":["builtins.str",{".class":"NoneType"}]},{".class":"UnionType","items":["builtins.str",{".class":"NoneType"}]}],"partial_fallback":{".class":"Instance","args":[{".class":"AnyType","missing_import_name":null,"source_any":null,"type_of_any":6}],"type_ref":"builtins.tuple"}},"type_guard":null,"unpack_kwargs":false,"variables":[]}}},"init":{".class":"SymbolTableNode","kind":"Gdef","node":{".class":"FuncDef","abstract_status":0,"arg_kinds":[1],"arg_names":["files"],"dataclass_transform_spec":null,"flags":[],"fullname":"mimetypes.init","name":"init","type":{".class":"CallableType","arg_kinds":[1],"arg_names":["files"],"arg_types":[{".class":"UnionType","items":[{".class":"Instance","args":["builtins.str"],"type_ref":"typing.Sequence"},{".class":"NoneType"}]}],"bound_args":[],"def_extras":{"first_arg":null},"fallback":"builtins.function","from_concatenate":false,"implicit":false,"is_ellipsis_args":false,"name":"init","ret_type":{".class":"NoneType"},"type_guard":null,"unpack_kwargs":false,"variables":[]}}},"inited":{".class":"SymbolTableNode","kind":"Gdef","node":{".class":"Var","flags":["is_ready"],"fullname":"mimetypes.inited","name":"inited","type":"builtins.bool"}},"knownfiles":{".class":"SymbolTableNode","kind":"Gdef","node":{".class":"Var","flags":["is_ready"],"fullname":"mimetypes.knownfiles","name":"knownfiles","type":{".class":"Instance","args":["builtins.str"],"type_ref":"builtins.list"}}},"read_mime_types":{".class":"SymbolTableNode","kind":"Gdef","node":{".class":"FuncDef","abstract_status":0,"arg_kinds":[0],"arg_names":["file"],"dataclass_transform_spec":null,"flags":[],"fullname":"mimetypes.read_mime_types","name":"read_mime_types","type":{".class":"CallableType","arg_kinds":[0],"arg_names":["file"],"arg_types":["builtins.str"],"bound_args":[],"def_extras":{"first_arg":null},"fallback":"builtins.function","from_concatenate":false,"implicit":false,"is_ellipsis_args":false,"name":"read_mime_types","ret_type":{".class":"UnionType","items":[{".class":"Instance","args":["builtins.str","builtins.str"],"type_ref":"builtins.dict"},{".class":"NoneType"}]},"type_guard":null,"unpack_kwargs":false,"variables":[]}}},"suffix_map":{".class":"SymbolTableNode","kind":"Gdef","node":{".class":"Var","flags":["is_ready"],"fullname":"mimetypes.suffix_map","name":"suffix_map","type":{".class":"Instance","args":["builtins.str","builtins.str"],"type_ref":"builtins.dict"}}},"sys":{".class":"SymbolTableNode","cross_ref":"sys","kind":"Gdef","module_hidden":true,"module_public":false},"types_map":{".class":"SymbolTableNode","kind":"Gdef","node":{".class":"Var","flags":["is_ready"],"fullname":"mimetypes.types_map","name":"types_map","type":{".class":"Instance","args":["builtins.str","builtins.str"],"type_ref":"builtins.dict"}}}},"path":"C:\\Users\\Vasilis\\AppData\\Local\\Programs\\Python\\Python313\\Lib\\site-packages\\mypy\\typeshed\\stdlib\\mimetypes.pyi"}