{".class":"MypyFile","_fullname":"mmap","future_import_flags":[],"is_partial_stub_package":false,"is_stub":true,"names":{".class":"SymbolTable","ACCESS_COPY":{".class":"SymbolTableNode","kind":"Gdef","node":{".class":"Var","flags":["is_ready"],"fullname":"mmap.ACCESS_COPY","name":"ACCESS_COPY","type":"builtins.int"}},"ACCESS_DEFAULT":{".class":"SymbolTableNode","kind":"Gdef","node":{".class":"Var","flags":["is_ready"],"fullname":"mmap.ACCESS_DEFAULT","name":"ACCESS_DEFAULT","type":"builtins.int"}},"ACCESS_READ":{".class":"SymbolTableNode","kind":"Gdef","node":{".class":"Var","flags":["is_ready"],"fullname":"mmap.ACCESS_READ","name":"ACCESS_READ","type":"builtins.int"}},"ACCESS_WRITE":{".class":"SymbolTableNode","kind":"Gdef","node":{".class":"Var","flags":["is_ready"],"fullname":"mmap.ACCESS_WRITE","name":"ACCESS_WRITE","type":"builtins.int"}},"ALLOCATIONGRANULARITY":{".class":"SymbolTableNode","kind":"Gdef","node":{".class":"Var","flags":["is_ready"],"fullname":"mmap.ALLOCATIONGRANULARITY","name":"ALLOCATIONGRANULARITY","type":"builtins.int"}},"Iterable":{".class":"SymbolTableNode","cross_ref":"typing.Iterable","kind":"Gdef","module_hidden":true,"module_public":false},"Iterator":{".class":"SymbolTableNode","cross_ref":"typing.Iterator","kind":"Gdef","module_hidden":true,"module_public":false},"NoReturn":{".class":"SymbolTableNode","cross_ref":"typing.NoReturn","kind":"Gdef","module_hidden":true,"module_public":false},"ReadableBuffer":{".class":"SymbolTableNode","cross_ref":"_typeshed.ReadableBuffer","kind":"Gdef","module_hidden":true,"module_public":false},"Self":{".class":"SymbolTableNode","cross_ref":"typing.Self","kind":"Gdef","module_hidden":true,"module_public":false},"Sized":{".class":"SymbolTableNode","cross_ref":"typing.Sized","kind":"Gdef","module_hidden":true,"module_public":false},"Unused":{".class":"SymbolTableNode","cross_ref":"_typeshed.Unused","kind":"Gdef","module_hidden":true,"module_public":false},"__annotations__":{".class":"SymbolTableNode","kind":"Gdef","node":{".class":"Var","flags":["is_ready"],"fullname":"mmap.__annotations__","name":"__annotations__","type":{".class":"Instance","args":["builtins.str",{".class":"AnyType","missing_import_name":null,"source_any":null,"type_of_any":6}],"type_ref":"builtins.dict"}}},"__doc__":{".class":"SymbolTableNode","kind":"Gdef","node":{".class":"Var","flags":["is_ready"],"fullname":"mmap.__doc__","name":"__doc__","type":"builtins.str"}},"__file__":{".class":"SymbolTableNode","kind":"Gdef","node":{".class":"Var","flags":["is_ready"],"fullname":"mmap.__file__","name":"__file__","type":"builtins.str"}},"__name__":{".class":"SymbolTableNode","kind":"Gdef","node":{".class":"Var","flags":["is_ready"],"fullname":"mmap.__name__","name":"__name__","type":"builtins.str"}},"__package__":{".class":"SymbolTableNode","kind":"Gdef","node":{".class":"Var","flags":["is_ready"],"fullname":"mmap.__package__","name":"__package__","type":"builtins.str"}},"mmap":{".class":"SymbolTableNode","kind":"Gdef","node":{".class":"TypeInfo","_promote":[],"abstract_attributes":[],"alt_promote":null,"bases":[{".class":"Instance","args":["builtins.int"],"type_ref":"typing.Iterable"},"typing.Sized"],"dataclass_transform_spec":null,"declared_metaclass":null,"defn":{".class":"ClassDef","fullname":"mmap.mmap","name":"mmap","type_vars":[]},"deletable_attributes":[],"flags":[],"fullname":"mmap.mmap","has_param_spec_type":false,"metaclass_type":"abc.ABCMeta","metadata":{},"module_name":"mmap","mro":["mmap.mmap","typing.Iterable","typing.Sized","builtins.object"],"names":{".class":"SymbolTable","__contains__":{".class":"SymbolTableNode","kind":"Mdef","node":{".class":"FuncDef","abstract_status":0,"arg_kinds":[0,0],"arg_names":[null,null],"dataclass_transform_spec":null,"flags":[],"fullname":"mmap.mmap.__contains__","name":"__contains__","type":{".class":"CallableType","arg_kinds":[0,0],"arg_names":[null,null],"arg_types":["mmap.mmap","builtins.object"],"bound_args":[],"def_extras":{"first_arg":"self"},"fallback":"builtins.function","from_concatenate":false,"implicit":false,"is_ellipsis_args":false,"name":"__contains__ of mmap","ret_type":"builtins.bool","type_guard":null,"unpack_kwargs":false,"variables":[]}}},"__delitem__":{".class":"SymbolTableNode","kind":"Mdef","node":{".class":"FuncDef","abstract_status":0,"arg_kinds":[0,0],"arg_names":[null,null],"dataclass_transform_spec":null,"flags":[],"fullname":"mmap.mmap.__delitem__","name":"__delitem__","type":{".class":"CallableType","arg_kinds":[0,0],"arg_names":[null,null],"arg_types":["mmap.mmap",{".class":"UnionType","items":["builtins.int","builtins.slice"]}],"bound_args":[],"def_extras":{"first_arg":"self"},"fallback":"builtins.function","from_concatenate":false,"implicit":false,"is_ellipsis_args":false,"name":"__delitem__ of mmap","ret_type":{".class":"UninhabitedType","is_noreturn":true},"type_guard":null,"unpack_kwargs":false,"variables":[]}}},"__enter__":{".class":"SymbolTableNode","kind":"Mdef","node":{".class":"FuncDef","abstract_status":0,"arg_kinds":[0],"arg_names":[null],"dataclass_transform_spec":null,"flags":[],"fullname":"mmap.mmap.__enter__","name":"__enter__","type":{".class":"CallableType","arg_kinds":[0],"arg_names":[null],"arg_types":[{".class":"TypeVarType","fullname":"mmap.mmap.Self","id":0,"name":"Self","namespace":"","upper_bound":"mmap.mmap","values":[],"variance":0}],"bound_args":[],"def_extras":{"first_arg":"self"},"fallback":"builtins.function","from_concatenate":false,"implicit":false,"is_ellipsis_args":false,"name":"__enter__ of mmap","ret_type":{".class":"TypeVarType","fullname":"mmap.mmap.Self","id":0,"name":"Self","namespace":"","upper_bound":"mmap.mmap","values":[],"variance":0},"type_guard":null,"unpack_kwargs":false,"variables":[{".class":"TypeVarType","fullname":"mmap.mmap.Self","id":0,"name":"Self","namespace":"","upper_bound":"mmap.mmap","values":[],"variance":0}]}}},"__exit__":{".class":"SymbolTableNode","kind":"Mdef","node":{".class":"FuncDef","abstract_status":0,"arg_kinds":[0,2],"arg_names":[null,null],"dataclass_transform_spec":null,"flags":[],"fullname":"mmap.mmap.__exit__","name":"__exit__","type":{".class":"CallableType","arg_kinds":[0,2],"arg_names":[null,null],"arg_types":["mmap.mmap","builtins.object"],"bound_args":[],"def_extras":{"first_arg":"self"},"fallback":"builtins.function","from_concatenate":false,"implicit":false,"is_ellipsis_args":false,"name":"__exit__ of mmap","ret_type":{".class":"NoneType"},"type_guard":null,"unpack_kwargs":false,"variables":[]}}},"__getitem__":{".class":"SymbolTableNode","kind":"Mdef","node":{".class":"OverloadedFuncDef","flags":[],"fullname":"mmap.mmap.__getitem__","impl":null,"items":[{".class":"Decorator","func":{".class":"FuncDef","abstract_status":0,"arg_kinds":[0,0],"arg_names":[null,null],"dataclass_transform_spec":null,"flags":["is_overload","is_decorated"],"fullname":"mmap.mmap.__getitem__","name":"__getitem__","type":{".class":"CallableType","arg_kinds":[0,0],"arg_names":[null,null],"arg_types":["mmap.mmap","builtins.int"],"bound_args":[],"def_extras":{"first_arg":"self"},"fallback":"builtins.function","from_concatenate":false,"implicit":false,"is_ellipsis_args":false,"name":"__getitem__ of mmap","ret_type":"builtins.int","type_guard":null,"unpack_kwargs":false,"variables":[]}},"is_overload":true,"var":{".class":"Var","flags":["is_inferred"],"fullname":"mmap.mmap.__getitem__","name":"__getitem__","type":null}},{".class":"Decorator","func":{".class":"FuncDef","abstract_status":0,"arg_kinds":[0,0],"arg_names":[null,null],"dataclass_transform_spec":null,"flags":["is_overload","is_decorated"],"fullname":"mmap.mmap.__getitem__","name":"__getitem__","type":{".class":"CallableType","arg_kinds":[0,0],"arg_names":[null,null],"arg_types":["mmap.mmap","builtins.slice"],"bound_args":[],"def_extras":{"first_arg":"self"},"fallback":"builtins.function","from_concatenate":false,"implicit":false,"is_ellipsis_args":false,"name":"__getitem__ of mmap","ret_type":"builtins.bytes","type_guard":null,"unpack_kwargs":false,"variables":[]}},"is_overload":true,"var":{".class":"Var","flags":["is_inferred"],"fullname":"mmap.mmap.__getitem__","name":"__getitem__","type":null}}],"type":{".class":"Overloaded","items":[{".class":"CallableType","arg_kinds":[0,0],"arg_names":[null,null],"arg_types":["mmap.mmap","builtins.int"],"bound_args":[],"def_extras":{"first_arg":"self"},"fallback":"builtins.function","from_concatenate":false,"implicit":false,"is_ellipsis_args":false,"name":"__getitem__ of mmap","ret_type":"builtins.int","type_guard":null,"unpack_kwargs":false,"variables":[]},{".class":"CallableType","arg_kinds":[0,0],"arg_names":[null,null],"arg_types":["mmap.mmap","builtins.slice"],"bound_args":[],"def_extras":{"first_arg":"self"},"fallback":"builtins.function","from_concatenate":false,"implicit":false,"is_ellipsis_args":false,"name":"__getitem__ of mmap","ret_type":"builtins.bytes","type_guard":null,"unpack_kwargs":false,"variables":[]}]}}},"__init__":{".class":"SymbolTableNode","kind":"Mdef","node":{".class":"FuncDef","abstract_status":0,"arg_kinds":[0,0,0,1,1,1],"arg_names":["self","fileno","length","tagname","access","offset"],"dataclass_transform_spec":null,"flags":[],"fullname":"mmap.mmap.__init__","name":"__init__","type":{".class":"CallableType","arg_kinds":[0,0,0,1,1,1],"arg_names":["self","fileno","length","tagname","access","offset"],"arg_types":["mmap.mmap","builtins.int","builtins.int",{".class":"UnionType","items":["builtins.str",{".class":"NoneType"}]},"builtins.int","builtins.int"],"bound_args":[],"def_extras":{"first_arg":"self"},"fallback":"builtins.function","from_concatenate":false,"implicit":false,"is_ellipsis_args":false,"name":"__init__ of mmap","ret_type":{".class":"NoneType"},"type_guard":null,"unpack_kwargs":false,"variables":[]}}},"__iter__":{".class":"SymbolTableNode","kind":"Mdef","node":{".class":"FuncDef","abstract_status":0,"arg_kinds":[0],"arg_names":[null],"dataclass_transform_spec":null,"flags":[],"fullname":"mmap.mmap.__iter__","name":"__iter__","type":{".class":"CallableType","arg_kinds":[0],"arg_names":[null],"arg_types":["mmap.mmap"],"bound_args":[],"def_extras":{"first_arg":"self"},"fallback":"builtins.function","from_concatenate":false,"implicit":false,"is_ellipsis_args":false,"name":"__iter__ of mmap","ret_type":{".class":"Instance","args":["builtins.int"],"type_ref":"typing.Iterator"},"type_guard":null,"unpack_kwargs":false,"variables":[]}}},"__len__":{".class":"SymbolTableNode","kind":"Mdef","node":{".class":"FuncDef","abstract_status":0,"arg_kinds":[0],"arg_names":[null],"dataclass_transform_spec":null,"flags":[],"fullname":"mmap.mmap.__len__","name":"__len__","type":{".class":"CallableType","arg_kinds":[0],"arg_names":[null],"arg_types":["mmap.mmap"],"bound_args":[],"def_extras":{"first_arg":"self"},"fallback":"builtins.function","from_concatenate":false,"implicit":false,"is_ellipsis_args":false,"name":"__len__ of mmap","ret_type":"builtins.int","type_guard":null,"unpack_kwargs":false,"variables":[]}}},"__setitem__":{".class":"SymbolTableNode","kind":"Mdef","node":{".class":"OverloadedFuncDef","flags":[],"fullname":"mmap.mmap.__setitem__","impl":null,"items":[{".class":"Decorator","func":{".class":"FuncDef","abstract_status":0,"arg_kinds":[0,0,0],"arg_names":[null,null,null],"dataclass_transform_spec":null,"flags":["is_overload","is_decorated"],"fullname":"mmap.mmap.__setitem__","name":"__setitem__","type":{".class":"CallableType","arg_kinds":[0,0,0],"arg_names":[null,null,null],"arg_types":["mmap.mmap","builtins.int","builtins.int"],"bound_args":[],"def_extras":{"first_arg":"self"},"fallback":"builtins.function","from_concatenate":false,"implicit":false,"is_ellipsis_args":false,"name":"__setitem__ of mmap","ret_type":{".class":"NoneType"},"type_guard":null,"unpack_kwargs":false,"variables":[]}},"is_overload":true,"var":{".class":"Var","flags":["is_inferred"],"fullname":"mmap.mmap.__setitem__","name":"__setitem__","type":null}},{".class":"Decorator","func":{".class":"FuncDef","abstract_status":0,"arg_kinds":[0,0,0],"arg_names":[null,null,null],"dataclass_transform_spec":null,"flags":["is_overload","is_decorated"],"fullname":"mmap.mmap.__setitem__","name":"__setitem__","type":{".class":"CallableType","arg_kinds":[0,0,0],"arg_names":[null,null,null],"arg_types":["mmap.mmap","builtins.slice",{".class":"TypeAliasType","args":[],"type_ref":"_typeshed.ReadableBuffer"}],"bound_args":[],"def_extras":{"first_arg":"self"},"fallback":"builtins.function","from_concatenate":false,"implicit":false,"is_ellipsis_args":false,"name":"__setitem__ of mmap","ret_type":{".class":"NoneType"},"type_guard":null,"unpack_kwargs":false,"variables":[]}},"is_overload":true,"var":{".class":"Var","flags":["is_inferred"],"fullname":"mmap.mmap.__setitem__","name":"__setitem__","type":null}}],"type":{".class":"Overloaded","items":[{".class":"CallableType","arg_kinds":[0,0,0],"arg_names":[null,null,null],"arg_types":["mmap.mmap","builtins.int","builtins.int"],"bound_args":[],"def_extras":{"first_arg":"self"},"fallback":"builtins.function","from_concatenate":false,"implicit":false,"is_ellipsis_args":false,"name":"__setitem__ of mmap","ret_type":{".class":"NoneType"},"type_guard":null,"unpack_kwargs":false,"variables":[]},{".class":"CallableType","arg_kinds":[0,0,0],"arg_names":[null,null,null],"arg_types":["mmap.mmap","builtins.slice",{".class":"TypeAliasType","args":[],"type_ref":"_typeshed.ReadableBuffer"}],"bound_args":[],"def_extras":{"first_arg":"self"},"fallback":"builtins.function","from_concatenate":false,"implicit":false,"is_ellipsis_args":false,"name":"__setitem__ of mmap","ret_type":{".class":"NoneType"},"type_guard":null,"unpack_kwargs":false,"variables":[]}]}}},"close":{".class":"SymbolTableNode","kind":"Mdef","node":{".class":"FuncDef","abstract_status":0,"arg_kinds":[0],"arg_names":["self"],"dataclass_transform_spec":null,"flags":[],"fullname":"mmap.mmap.close","name":"close","type":{".class":"CallableType","arg_kinds":[0],"arg_names":["self"],"arg_types":["mmap.mmap"],"bound_args":[],"def_extras":{"first_arg":"self"},"fallback":"builtins.function","from_concatenate":false,"implicit":false,"is_ellipsis_args":false,"name":"close of mmap","ret_type":{".class":"NoneType"},"type_guard":null,"unpack_kwargs":false,"variables":[]}}},"closed":{".class":"SymbolTableNode","kind":"Mdef","node":{".class":"Var","flags":["is_initialized_in_class","is_ready"],"fullname":"mmap.mmap.closed","name":"closed","type":"builtins.bool"}},"find":{".class":"SymbolTableNode","kind":"Mdef","node":{".class":"FuncDef","abstract_status":0,"arg_kinds":[0,0,1,1],"arg_names":["self","sub","start","stop"],"dataclass_transform_spec":null,"flags":[],"fullname":"mmap.mmap.find","name":"find","type":{".class":"CallableType","arg_kinds":[0,0,1,1],"arg_names":["self","sub","start","stop"],"arg_types":["mmap.mmap",{".class":"TypeAliasType","args":[],"type_ref":"_typeshed.ReadableBuffer"},"builtins.int","builtins.int"],"bound_args":[],"def_extras":{"first_arg":"self"},"fallback":"builtins.function","from_concatenate":false,"implicit":false,"is_ellipsis_args":false,"name":"find of mmap","ret_type":"builtins.int","type_guard":null,"unpack_kwargs":false,"variables":[]}}},"flush":{".class":"SymbolTableNode","kind":"Mdef","node":{".class":"FuncDef","abstract_status":0,"arg_kinds":[0,1,1],"arg_names":["self","offset","size"],"dataclass_transform_spec":null,"flags":[],"fullname":"mmap.mmap.flush","name":"flush","type":{".class":"CallableType","arg_kinds":[0,1,1],"arg_names":["self","offset","size"],"arg_types":["mmap.mmap","builtins.int","builtins.int"],"bound_args":[],"def_extras":{"first_arg":"self"},"fallback":"builtins.function","from_concatenate":false,"implicit":false,"is_ellipsis_args":false,"name":"flush of mmap","ret_type":{".class":"NoneType"},"type_guard":null,"unpack_kwargs":false,"variables":[]}}},"move":{".class":"SymbolTableNode","kind":"Mdef","node":{".class":"FuncDef","abstract_status":0,"arg_kinds":[0,0,0,0],"arg_names":["self","dest","src","count"],"dataclass_transform_spec":null,"flags":[],"fullname":"mmap.mmap.move","name":"move","type":{".class":"CallableType","arg_kinds":[0,0,0,0],"arg_names":["self","dest","src","count"],"arg_types":["mmap.mmap","builtins.int","builtins.int","builtins.int"],"bound_args":[],"def_extras":{"first_arg":"self"},"fallback":"builtins.function","from_concatenate":false,"implicit":false,"is_ellipsis_args":false,"name":"move of mmap","ret_type":{".class":"NoneType"},"type_guard":null,"unpack_kwargs":false,"variables":[]}}},"read":{".class":"SymbolTableNode","kind":"Mdef","node":{".class":"FuncDef","abstract_status":0,"arg_kinds":[0,1],"arg_names":["self","n"],"dataclass_transform_spec":null,"flags":[],"fullname":"mmap.mmap.read","name":"read","type":{".class":"CallableType","arg_kinds":[0,1],"arg_names":["self","n"],"arg_types":["mmap.mmap",{".class":"UnionType","items":["builtins.int",{".class":"NoneType"}]}],"bound_args":[],"def_extras":{"first_arg":"self"},"fallback":"builtins.function","from_concatenate":false,"implicit":false,"is_ellipsis_args":false,"name":"read of mmap","ret_type":"builtins.bytes","type_guard":null,"unpack_kwargs":false,"variables":[]}}},"read_byte":{".class":"SymbolTableNode","kind":"Mdef","node":{".class":"FuncDef","abstract_status":0,"arg_kinds":[0],"arg_names":["self"],"dataclass_transform_spec":null,"flags":[],"fullname":"mmap.mmap.read_byte","name":"read_byte","type":{".class":"CallableType","arg_kinds":[0],"arg_names":["self"],"arg_types":["mmap.mmap"],"bound_args":[],"def_extras":{"first_arg":"self"},"fallback":"builtins.function","from_concatenate":false,"implicit":false,"is_ellipsis_args":false,"name":"read_byte of mmap","ret_type":"builtins.int","type_guard":null,"unpack_kwargs":false,"variables":[]}}},"readline":{".class":"SymbolTableNode","kind":"Mdef","node":{".class":"FuncDef","abstract_status":0,"arg_kinds":[0],"arg_names":["self"],"dataclass_transform_spec":null,"flags":[],"fullname":"mmap.mmap.readline","name":"readline","type":{".class":"CallableType","arg_kinds":[0],"arg_names":["self"],"arg_types":["mmap.mmap"],"bound_args":[],"def_extras":{"first_arg":"self"},"fallback":"builtins.function","from_concatenate":false,"implicit":false,"is_ellipsis_args":false,"name":"readline of mmap","ret_type":"builtins.bytes","type_guard":null,"unpack_kwargs":false,"variables":[]}}},"resize":{".class":"SymbolTableNode","kind":"Mdef","node":{".class":"FuncDef","abstract_status":0,"arg_kinds":[0,0],"arg_names":["self","newsize"],"dataclass_transform_spec":null,"flags":[],"fullname":"mmap.mmap.resize","name":"resize","type":{".class":"CallableType","arg_kinds":[0,0],"arg_names":["self","newsize"],"arg_types":["mmap.mmap","builtins.int"],"bound_args":[],"def_extras":{"first_arg":"self"},"fallback":"builtins.function","from_concatenate":false,"implicit":false,"is_ellipsis_args":false,"name":"resize of mmap","ret_type":{".class":"NoneType"},"type_guard":null,"unpack_kwargs":false,"variables":[]}}},"rfind":{".class":"SymbolTableNode","kind":"Mdef","node":{".class":"FuncDef","abstract_status":0,"arg_kinds":[0,0,1,1],"arg_names":["self","sub","start","stop"],"dataclass_transform_spec":null,"flags":[],"fullname":"mmap.mmap.rfind","name":"rfind","type":{".class":"CallableType","arg_kinds":[0,0,1,1],"arg_names":["self","sub","start","stop"],"arg_types":["mmap.mmap",{".class":"TypeAliasType","args":[],"type_ref":"_typeshed.ReadableBuffer"},"builtins.int","builtins.int"],"bound_args":[],"def_extras":{"first_arg":"self"},"fallback":"builtins.function","from_concatenate":false,"implicit":false,"is_ellipsis_args":false,"name":"rfind of mmap","ret_type":"builtins.int","type_guard":null,"unpack_kwargs":false,"variables":[]}}},"seek":{".class":"SymbolTableNode","kind":"Mdef","node":{".class":"FuncDef","abstract_status":0,"arg_kinds":[0,0,1],"arg_names":["self","pos","whence"],"dataclass_transform_spec":null,"flags":[],"fullname":"mmap.mmap.seek","name":"seek","type":{".class":"CallableType","arg_kinds":[0,0,1],"arg_names":["self","pos","whence"],"arg_types":["mmap.mmap","builtins.int","builtins.int"],"bound_args":[],"def_extras":{"first_arg":"self"},"fallback":"builtins.function","from_concatenate":false,"implicit":false,"is_ellipsis_args":false,"name":"seek of mmap","ret_type":{".class":"NoneType"},"type_guard":null,"unpack_kwargs":false,"variables":[]}}},"size":{".class":"SymbolTableNode","kind":"Mdef","node":{".class":"FuncDef","abstract_status":0,"arg_kinds":[0],"arg_names":["self"],"dataclass_transform_spec":null,"flags":[],"fullname":"mmap.mmap.size","name":"size","type":{".class":"CallableType","arg_kinds":[0],"arg_names":["self"],"arg_types":["mmap.mmap"],"bound_args":[],"def_extras":{"first_arg":"self"},"fallback":"builtins.function","from_concatenate":false,"implicit":false,"is_ellipsis_args":false,"name":"size of mmap","ret_type":"builtins.int","type_guard":null,"unpack_kwargs":false,"variables":[]}}},"tell":{".class":"SymbolTableNode","kind":"Mdef","node":{".class":"FuncDef","abstract_status":0,"arg_kinds":[0],"arg_names":["self"],"dataclass_transform_spec":null,"flags":[],"fullname":"mmap.mmap.tell","name":"tell","type":{".class":"CallableType","arg_kinds":[0],"arg_names":["self"],"arg_types":["mmap.mmap"],"bound_args":[],"def_extras":{"first_arg":"self"},"fallback":"builtins.function","from_concatenate":false,"implicit":false,"is_ellipsis_args":false,"name":"tell of mmap","ret_type":"builtins.int","type_guard":null,"unpack_kwargs":false,"variables":[]}}},"write":{".class":"SymbolTableNode","kind":"Mdef","node":{".class":"FuncDef","abstract_status":0,"arg_kinds":[0,0],"arg_names":["self","bytes"],"dataclass_transform_spec":null,"flags":[],"fullname":"mmap.mmap.write","name":"write","type":{".class":"CallableType","arg_kinds":[0,0],"arg_names":["self","bytes"],"arg_types":["mmap.mmap",{".class":"TypeAliasType","args":[],"type_ref":"_typeshed.ReadableBuffer"}],"bound_args":[],"def_extras":{"first_arg":"self"},"fallback":"builtins.function","from_concatenate":false,"implicit":false,"is_ellipsis_args":false,"name":"write of mmap","ret_type":"builtins.int","type_guard":null,"unpack_kwargs":false,"variables":[]}}},"write_byte":{".class":"SymbolTableNode","kind":"Mdef","node":{".class":"FuncDef","abstract_status":0,"arg_kinds":[0,0],"arg_names":["self","byte"],"dataclass_transform_spec":null,"flags":[],"fullname":"mmap.mmap.write_byte","name":"write_byte","type":{".class":"CallableType","arg_kinds":[0,0],"arg_names":["self","byte"],"arg_types":["mmap.mmap","builtins.int"],"bound_args":[],"def_extras":{"first_arg":"self"},"fallback":"builtins.function","from_concatenate":false,"implicit":false,"is_ellipsis_args":false,"name":"write_byte of mmap","ret_type":{".class":"NoneType"},"type_guard":null,"unpack_kwargs":false,"variables":[]}}}},"self_type":{".class":"TypeVarType","fullname":"mmap.mmap.Self","id":0,"name":"Self","namespace":"","upper_bound":"mmap.mmap","values":[],"variance":0},"slots":null,"tuple_type":null,"type_vars":[],"typeddict_type":null}},"overload":{".class":"SymbolTableNode","cross_ref":"typing.overload","kind":"Gdef","module_hidden":true,"module_public":false},"sys":{".class":"SymbolTableNode","cross_ref":"sys","kind":"Gdef","module_hidden":true,"module_public":false}},"path":"C:\\Users\\Vasilis\\AppData\\Local\\Programs\\Python\\Python313\\Lib\\site-packages\\mypy\\typeshed\\stdlib\\mmap.pyi"}