{".class":"MypyFile","_fullname":"alembic.ddl.mysql","future_import_flags":["annotations"],"is_partial_stub_package":false,"is_stub":false,"names":{".class":"SymbolTable","AlterColumn":{".class":"SymbolTableNode","cross_ref":"alembic.ddl.base.AlterColumn","kind":"Gdef"},"Any":{".class":"SymbolTableNode","cross_ref":"typing.Any","kind":"Gdef"},"ClauseElement":{".class":"SymbolTableNode","cross_ref":"sqlalchemy.sql.elements.ClauseElement","kind":"Gdef"},"ColumnDefault":{".class":"SymbolTableNode","cross_ref":"alembic.ddl.base.ColumnDefault","kind":"Gdef"},"ColumnName":{".class":"SymbolTableNode","cross_ref":"alembic.ddl.base.ColumnName","kind":"Gdef"},"ColumnNullable":{".class":"SymbolTableNode","cross_ref":"alembic.ddl.base.ColumnNullable","kind":"Gdef"},"ColumnType":{".class":"SymbolTableNode","cross_ref":"alembic.ddl.base.ColumnType","kind":"Gdef"},"Constraint":{".class":"SymbolTableNode","cross_ref":"sqlalchemy.sql.schema.Constraint","kind":"Gdef"},"DefaultImpl":{".class":"SymbolTableNode","cross_ref":"alembic.ddl.impl.DefaultImpl","kind":"Gdef"},"DropConstraint":{".class":"SymbolTableNode","cross_ref":"sqlalchemy.sql.ddl.DropConstraint","kind":"Gdef"},"Literal":{".class":"SymbolTableNode","cross_ref":"typing.Literal","kind":"Gdef"},"MariaDBImpl":{".class":"SymbolTableNode","kind":"Gdef","node":{".class":"TypeInfo","_promote":[],"abstract_attributes":[],"alt_promote":null,"bases":["alembic.ddl.mysql.MySQLImpl"],"dataclass_transform_spec":null,"declared_metaclass":null,"defn":{".class":"ClassDef","fullname":"alembic.ddl.mysql.MariaDBImpl","name":"MariaDBImpl","type_vars":[]},"deletable_attributes":[],"flags":[],"fullname":"alembic.ddl.mysql.MariaDBImpl","has_param_spec_type":false,"metaclass_type":"alembic.ddl.impl.ImplMeta","metadata":{},"module_name":"alembic.ddl.mysql","mro":["alembic.ddl.mysql.MariaDBImpl","alembic.ddl.mysql.MySQLImpl","alembic.ddl.impl.DefaultImpl","builtins.object"],"names":{".class":"SymbolTable","__dialect__":{".class":"SymbolTableNode","kind":"Mdef","node":{".class":"Var","flags":["is_initialized_in_class","is_inferred","has_explicit_value"],"fullname":"alembic.ddl.mysql.MariaDBImpl.__dialect__","name":"__dialect__","type":"builtins.str"}}},"self_type":null,"slots":null,"tuple_type":null,"type_vars":[],"typeddict_type":null}},"MySQLAlterDefault":{".class":"SymbolTableNode","kind":"Gdef","node":{".class":"TypeInfo","_promote":[],"abstract_attributes":[],"alt_promote":null,"bases":["alembic.ddl.base.AlterColumn"],"dataclass_transform_spec":null,"declared_metaclass":null,"defn":{".class":"ClassDef","fullname":"alembic.ddl.mysql.MySQLAlterDefault","name":"MySQLAlterDefault","type_vars":[]},"deletable_attributes":[],"flags":[],"fullname":"alembic.ddl.mysql.MySQLAlterDefault","has_param_spec_type":false,"metaclass_type":"sqlalchemy.sql.visitors.TraversibleType","metadata":{},"module_name":"alembic.ddl.mysql","mro":["alembic.ddl.mysql.MySQLAlterDefault","alembic.ddl.base.AlterColumn","alembic.ddl.base.AlterTable","sqlalchemy.sql.ddl.DDLElement","sqlalchemy.sql.roles.DDLRole","sqlalchemy.sql.roles.StatementRole","sqlalchemy.sql.base.Executable","sqlalchemy.sql.roles.CoerceTextStatementRole","sqlalchemy.sql.ddl._DDLCompiles","sqlalchemy.sql.elements.ClauseElement","sqlalchemy.sql.roles.SQLRole","sqlalchemy.sql.base.Generative","sqlalchemy.sql.annotation.SupportsWrappingAnnotations","sqlalchemy.sql.annotation.SupportsAnnotations","sqlalchemy.sql.traversals.MemoizedHasCacheKey","sqlalchemy.sql.traversals.HasCacheKey","sqlalchemy.util.langhelpers.HasMemoized","sqlalchemy.sql.traversals.HasCopyInternals","sqlalchemy.sql.visitors.Traversible","builtins.object"],"names":{".class":"SymbolTable","__init__":{".class":"SymbolTableNode","kind":"Mdef","node":{".class":"FuncDef","abstract_status":0,"arg_kinds":[0,0,0,0,1],"arg_names":["self","name","column_name","default","schema"],"dataclass_transform_spec":null,"flags":[],"fullname":"alembic.ddl.mysql.MySQLAlterDefault.__init__","name":"__init__","type":{".class":"CallableType","arg_kinds":[0,0,0,0,1],"arg_names":["self","name","column_name","default","schema"],"arg_types":["alembic.ddl.mysql.MySQLAlterDefault","builtins.str","builtins.str",{".class":"UnionType","items":["sqlalchemy.sql.elements.TextClause","sqlalchemy.sql.schema.FetchedValue",{".class":"Instance","args":[{".class":"AnyType","missing_import_name":null,"source_any":null,"type_of_any":6}],"type_ref":"sqlalchemy.sql.functions.Function"},"builtins.str",{".class":"NoneType"}]},{".class":"UnionType","items":["builtins.str",{".class":"NoneType"}]}],"bound_args":[],"def_extras":{"first_arg":"self"},"fallback":"builtins.function","from_concatenate":false,"implicit":false,"is_ellipsis_args":false,"name":"__init__ of MySQLAlterDefault","ret_type":{".class":"NoneType"},"type_guard":null,"unpack_kwargs":false,"variables":[]}}},"default":{".class":"SymbolTableNode","implicit":true,"kind":"Mdef","node":{".class":"Var","flags":["is_inferred"],"fullname":"alembic.ddl.mysql.MySQLAlterDefault.default","name":"default","type":{".class":"UnionType","items":["sqlalchemy.sql.elements.TextClause","sqlalchemy.sql.schema.FetchedValue",{".class":"Instance","args":[{".class":"AnyType","missing_import_name":null,"source_any":null,"type_of_any":6}],"type_ref":"sqlalchemy.sql.functions.Function"},"builtins.str",{".class":"NoneType"}]}}}},"self_type":null,"slots":null,"tuple_type":null,"type_vars":[],"typeddict_type":null}},"MySQLChangeColumn":{".class":"SymbolTableNode","kind":"Gdef","node":{".class":"TypeInfo","_promote":[],"abstract_attributes":[],"alt_promote":null,"bases":["alembic.ddl.base.AlterColumn"],"dataclass_transform_spec":null,"declared_metaclass":null,"defn":{".class":"ClassDef","fullname":"alembic.ddl.mysql.MySQLChangeColumn","name":"MySQLChangeColumn","type_vars":[]},"deletable_attributes":[],"flags":[],"fullname":"alembic.ddl.mysql.MySQLChangeColumn","has_param_spec_type":false,"metaclass_type":"sqlalchemy.sql.visitors.TraversibleType","metadata":{},"module_name":"alembic.ddl.mysql","mro":["alembic.ddl.mysql.MySQLChangeColumn","alembic.ddl.base.AlterColumn","alembic.ddl.base.AlterTable","sqlalchemy.sql.ddl.DDLElement","sqlalchemy.sql.roles.DDLRole","sqlalchemy.sql.roles.StatementRole","sqlalchemy.sql.base.Executable","sqlalchemy.sql.roles.CoerceTextStatementRole","sqlalchemy.sql.ddl._DDLCompiles","sqlalchemy.sql.elements.ClauseElement","sqlalchemy.sql.roles.SQLRole","sqlalchemy.sql.base.Generative","sqlalchemy.sql.annotation.SupportsWrappingAnnotations","sqlalchemy.sql.annotation.SupportsAnnotations","sqlalchemy.sql.traversals.MemoizedHasCacheKey","sqlalchemy.sql.traversals.HasCacheKey","sqlalchemy.util.langhelpers.HasMemoized","sqlalchemy.sql.traversals.HasCopyInternals","sqlalchemy.sql.visitors.Traversible","builtins.object"],"names":{".class":"SymbolTable","__init__":{".class":"SymbolTableNode","kind":"Mdef","node":{".class":"FuncDef","abstract_status":0,"arg_kinds":[0,0,0,1,1,1,1,1,1,1],"arg_names":["self","name","column_name","schema","newname","type_","nullable","default","autoincrement","comment"],"dataclass_transform_spec":null,"flags":[],"fullname":"alembic.ddl.mysql.MySQLChangeColumn.__init__","name":"__init__","type":{".class":"CallableType","arg_kinds":[0,0,0,1,1,1,1,1,1,1],"arg_names":["self","name","column_name","schema","newname","type_","nullable","default","autoincrement","comment"],"arg_types":["alembic.ddl.mysql.MySQLChangeColumn","builtins.str","builtins.str",{".class":"UnionType","items":["builtins.str",{".class":"NoneType"}]},{".class":"UnionType","items":["builtins.str",{".class":"NoneType"}]},{".class":"UnionType","items":[{".class":"Instance","args":[{".class":"AnyType","missing_import_name":null,"source_any":null,"type_of_any":4}],"type_ref":"sqlalchemy.sql.type_api.TypeEngine"},{".class":"NoneType"}]},{".class":"UnionType","items":["builtins.bool",{".class":"NoneType"}]},{".class":"UnionType","items":[{".class":"TypeAliasType","args":[],"type_ref":"alembic.ddl.base._ServerDefault"},{".class":"LiteralType","fallback":"builtins.bool","value":false},{".class":"NoneType"}]},{".class":"UnionType","items":["builtins.bool",{".class":"NoneType"}]},{".class":"UnionType","items":["builtins.str",{".class":"LiteralType","fallback":"builtins.bool","value":false},{".class":"NoneType"}]}],"bound_args":[],"def_extras":{"first_arg":"self"},"fallback":"builtins.function","from_concatenate":false,"implicit":false,"is_ellipsis_args":false,"name":"__init__ of MySQLChangeColumn","ret_type":{".class":"NoneType"},"type_guard":null,"unpack_kwargs":false,"variables":[]}}},"autoincrement":{".class":"SymbolTableNode","implicit":true,"kind":"Mdef","node":{".class":"Var","flags":["is_inferred"],"fullname":"alembic.ddl.mysql.MySQLChangeColumn.autoincrement","name":"autoincrement","type":{".class":"UnionType","items":["builtins.bool",{".class":"NoneType"}]}}},"comment":{".class":"SymbolTableNode","implicit":true,"kind":"Mdef","node":{".class":"Var","flags":["is_inferred"],"fullname":"alembic.ddl.mysql.MySQLChangeColumn.comment","name":"comment","type":{".class":"UnionType","items":["builtins.str",{".class":"LiteralType","fallback":"builtins.bool","value":false},{".class":"NoneType"}]}}},"default":{".class":"SymbolTableNode","implicit":true,"kind":"Mdef","node":{".class":"Var","flags":["is_inferred"],"fullname":"alembic.ddl.mysql.MySQLChangeColumn.default","name":"default","type":{".class":"UnionType","items":[{".class":"TypeAliasType","args":[],"type_ref":"alembic.ddl.base._ServerDefault"},{".class":"LiteralType","fallback":"builtins.bool","value":false},{".class":"NoneType"}]}}},"newname":{".class":"SymbolTableNode","implicit":true,"kind":"Mdef","node":{".class":"Var","flags":["is_inferred"],"fullname":"alembic.ddl.mysql.MySQLChangeColumn.newname","name":"newname","type":{".class":"UnionType","items":["builtins.str",{".class":"NoneType"}]}}},"nullable":{".class":"SymbolTableNode","implicit":true,"kind":"Mdef","node":{".class":"Var","flags":["is_inferred"],"fullname":"alembic.ddl.mysql.MySQLChangeColumn.nullable","name":"nullable","type":{".class":"UnionType","items":["builtins.bool",{".class":"NoneType"}]}}},"type_":{".class":"SymbolTableNode","implicit":true,"kind":"Mdef","node":{".class":"Var","flags":["is_inferred"],"fullname":"alembic.ddl.mysql.MySQLChangeColumn.type_","name":"type_","type":{".class":"AnyType","missing_import_name":null,"source_any":null,"type_of_any":2}}}},"self_type":null,"slots":null,"tuple_type":null,"type_vars":[],"typeddict_type":null}},"MySQLDDLCompiler":{".class":"SymbolTableNode","cross_ref":"sqlalchemy.dialects.mysql.base.MySQLDDLCompiler","kind":"Gdef"},"MySQLImpl":{".class":"SymbolTableNode","kind":"Gdef","node":{".class":"TypeInfo","_promote":[],"abstract_attributes":[],"alt_promote":null,"bases":["alembic.ddl.impl.DefaultImpl"],"dataclass_transform_spec":null,"declared_metaclass":null,"defn":{".class":"ClassDef","fullname":"alembic.ddl.mysql.MySQLImpl","name":"MySQLImpl","type_vars":[]},"deletable_attributes":[],"flags":[],"fullname":"alembic.ddl.mysql.MySQLImpl","has_param_spec_type":false,"metaclass_type":"alembic.ddl.impl.ImplMeta","metadata":{},"module_name":"alembic.ddl.mysql","mro":["alembic.ddl.mysql.MySQLImpl","alembic.ddl.impl.DefaultImpl","builtins.object"],"names":{".class":"SymbolTable","__dialect__":{".class":"SymbolTableNode","kind":"Mdef","node":{".class":"Var","flags":["is_initialized_in_class","is_inferred","has_explicit_value"],"fullname":"alembic.ddl.mysql.MySQLImpl.__dialect__","name":"__dialect__","type":"builtins.str"}},"_is_mysql_allowed_functional_default":{".class":"SymbolTableNode","kind":"Mdef","node":{".class":"FuncDef","abstract_status":0,"arg_kinds":[0,0,0],"arg_names":["self","type_","server_default"],"dataclass_transform_spec":null,"flags":[],"fullname":"alembic.ddl.mysql.MySQLImpl._is_mysql_allowed_functional_default","name":"_is_mysql_allowed_functional_default","type":{".class":"CallableType","arg_kinds":[0,0,0],"arg_names":["self","type_","server_default"],"arg_types":["alembic.ddl.mysql.MySQLImpl",{".class":"UnionType","items":[{".class":"Instance","args":[{".class":"AnyType","missing_import_name":null,"source_any":null,"type_of_any":4}],"type_ref":"sqlalchemy.sql.type_api.TypeEngine"},{".class":"NoneType"}]},{".class":"UnionType","items":[{".class":"TypeAliasType","args":[],"type_ref":"alembic.ddl.base._ServerDefault"},{".class":"LiteralType","fallback":"builtins.bool","value":false},{".class":"NoneType"}]}],"bound_args":[],"def_extras":{"first_arg":"self"},"fallback":"builtins.function","from_concatenate":false,"implicit":false,"is_ellipsis_args":false,"name":"_is_mysql_allowed_functional_default of MySQLImpl","ret_type":"builtins.bool","type_guard":null,"unpack_kwargs":false,"variables":[]}}},"alter_column":{".class":"SymbolTableNode","kind":"Mdef","node":{".class":"FuncDef","abstract_status":0,"arg_kinds":[0,0,0,5,5,5,5,5,5,5,5,5,5,5,5,4],"arg_names":["self","table_name","column_name","nullable","server_default","name","type_","schema","existing_type","existing_server_default","existing_nullable","autoincrement","existing_autoincrement","comment","existing_comment","kw"],"dataclass_transform_spec":null,"flags":[],"fullname":"alembic.ddl.mysql.MySQLImpl.alter_column","name":"alter_column","type":{".class":"CallableType","arg_kinds":[0,0,0,5,5,5,5,5,5,5,5,5,5,5,5,4],"arg_names":["self","table_name","column_name","nullable","server_default","name","type_","schema","existing_type","existing_server_default","existing_nullable","autoincrement","existing_autoincrement","comment","existing_comment","kw"],"arg_types":["alembic.ddl.mysql.MySQLImpl","builtins.str","builtins.str",{".class":"UnionType","items":["builtins.bool",{".class":"NoneType"}]},{".class":"UnionType","items":[{".class":"TypeAliasType","args":[],"type_ref":"alembic.ddl.base._ServerDefault"},{".class":"LiteralType","fallback":"builtins.bool","value":false},{".class":"NoneType"}]},{".class":"UnionType","items":["builtins.str",{".class":"NoneType"}]},{".class":"UnionType","items":[{".class":"Instance","args":[{".class":"AnyType","missing_import_name":null,"source_any":null,"type_of_any":4}],"type_ref":"sqlalchemy.sql.type_api.TypeEngine"},{".class":"NoneType"}]},{".class":"UnionType","items":["builtins.str",{".class":"NoneType"}]},{".class":"UnionType","items":[{".class":"Instance","args":[{".class":"AnyType","missing_import_name":null,"source_any":null,"type_of_any":4}],"type_ref":"sqlalchemy.sql.type_api.TypeEngine"},{".class":"NoneType"}]},{".class":"UnionType","items":["sqlalchemy.sql.elements.TextClause","sqlalchemy.sql.schema.FetchedValue",{".class":"Instance","args":[{".class":"AnyType","missing_import_name":null,"source_any":null,"type_of_any":6}],"type_ref":"sqlalchemy.sql.functions.Function"},"builtins.str",{".class":"NoneType"}]},{".class":"UnionType","items":["builtins.bool",{".class":"NoneType"}]},{".class":"UnionType","items":["builtins.bool",{".class":"NoneType"}]},{".class":"UnionType","items":["builtins.bool",{".class":"NoneType"}]},{".class":"UnionType","items":["builtins.str",{".class":"LiteralType","fallback":"builtins.bool","value":false},{".class":"NoneType"}]},{".class":"UnionType","items":["builtins.str",{".class":"NoneType"}]},{".class":"AnyType","missing_import_name":null,"source_any":null,"type_of_any":2}],"bound_args":[],"def_extras":{"first_arg":"self"},"fallback":"builtins.function","from_concatenate":false,"implicit":false,"is_ellipsis_args":false,"name":"alter_column of MySQLImpl","ret_type":{".class":"NoneType"},"type_guard":null,"unpack_kwargs":false,"variables":[]}}},"compare_server_default":{".class":"SymbolTableNode","kind":"Mdef","node":{".class":"FuncDef","abstract_status":0,"arg_kinds":[0,0,0,0,0],"arg_names":["self","inspector_column","metadata_column","rendered_metadata_default","rendered_inspector_default"],"dataclass_transform_spec":null,"flags":[],"fullname":"alembic.ddl.mysql.MySQLImpl.compare_server_default","name":"compare_server_default","type":null}},"correct_for_autogen_constraints":{".class":"SymbolTableNode","kind":"Mdef","node":{".class":"FuncDef","abstract_status":0,"arg_kinds":[0,0,0,0,0],"arg_names":["self","conn_unique_constraints","conn_indexes","metadata_unique_constraints","metadata_indexes"],"dataclass_transform_spec":null,"flags":[],"fullname":"alembic.ddl.mysql.MySQLImpl.correct_for_autogen_constraints","name":"correct_for_autogen_constraints","type":null}},"correct_for_autogen_foreignkeys":{".class":"SymbolTableNode","kind":"Mdef","node":{".class":"FuncDef","abstract_status":0,"arg_kinds":[0,0,0],"arg_names":["self","conn_fks","metadata_fks"],"dataclass_transform_spec":null,"flags":[],"fullname":"alembic.ddl.mysql.MySQLImpl.correct_for_autogen_foreignkeys","name":"correct_for_autogen_foreignkeys","type":null}},"drop_constraint":{".class":"SymbolTableNode","kind":"Mdef","node":{".class":"FuncDef","abstract_status":0,"arg_kinds":[0,0,4],"arg_names":["self","const","kw"],"dataclass_transform_spec":null,"flags":[],"fullname":"alembic.ddl.mysql.MySQLImpl.drop_constraint","name":"drop_constraint","type":{".class":"CallableType","arg_kinds":[0,0,4],"arg_names":["self","const","kw"],"arg_types":["alembic.ddl.mysql.MySQLImpl","sqlalchemy.sql.schema.Constraint",{".class":"AnyType","missing_import_name":null,"source_any":null,"type_of_any":2}],"bound_args":[],"def_extras":{"first_arg":"self"},"fallback":"builtins.function","from_concatenate":false,"implicit":false,"is_ellipsis_args":false,"name":"drop_constraint of MySQLImpl","ret_type":{".class":"NoneType"},"type_guard":null,"unpack_kwargs":false,"variables":[]}}},"render_ddl_sql_expr":{".class":"SymbolTableNode","kind":"Mdef","node":{".class":"FuncDef","abstract_status":0,"arg_kinds":[0,0,1,1,4],"arg_names":["self","expr","is_server_default","is_index","kw"],"dataclass_transform_spec":null,"flags":[],"fullname":"alembic.ddl.mysql.MySQLImpl.render_ddl_sql_expr","name":"render_ddl_sql_expr","type":{".class":"CallableType","arg_kinds":[0,0,1,1,4],"arg_names":["self","expr","is_server_default","is_index","kw"],"arg_types":["alembic.ddl.mysql.MySQLImpl","sqlalchemy.sql.elements.ClauseElement","builtins.bool","builtins.bool",{".class":"AnyType","missing_import_name":null,"source_any":null,"type_of_any":2}],"bound_args":[],"def_extras":{"first_arg":"self"},"fallback":"builtins.function","from_concatenate":false,"implicit":false,"is_ellipsis_args":false,"name":"render_ddl_sql_expr of MySQLImpl","ret_type":"builtins.str","type_guard":null,"unpack_kwargs":false,"variables":[]}}},"transactional_ddl":{".class":"SymbolTableNode","kind":"Mdef","node":{".class":"Var","flags":["is_initialized_in_class","is_inferred","has_explicit_value"],"fullname":"alembic.ddl.mysql.MySQLImpl.transactional_ddl","name":"transactional_ddl","type":"builtins.bool"}},"type_arg_extract":{".class":"SymbolTableNode","kind":"Mdef","node":{".class":"Var","flags":["is_initialized_in_class","is_inferred","has_explicit_value"],"fullname":"alembic.ddl.mysql.MySQLImpl.type_arg_extract","name":"type_arg_extract","type":{".class":"Instance","args":["builtins.str"],"type_ref":"builtins.list"}}},"type_synonyms":{".class":"SymbolTableNode","kind":"Mdef","node":{".class":"Var","flags":["is_initialized_in_class","is_inferred","has_explicit_value"],"fullname":"alembic.ddl.mysql.MySQLImpl.type_synonyms","name":"type_synonyms","type":{".class":"Instance","args":[{".class":"Instance","args":["builtins.str"],"type_ref":"builtins.set"}],"type_ref":"builtins.tuple"}}}},"self_type":null,"slots":null,"tuple_type":null,"type_vars":[],"typeddict_type":null}},"MySQLModifyColumn":{".class":"SymbolTableNode","kind":"Gdef","node":{".class":"TypeInfo","_promote":[],"abstract_attributes":[],"alt_promote":null,"bases":["alembic.ddl.mysql.MySQLChangeColumn"],"dataclass_transform_spec":null,"declared_metaclass":null,"defn":{".class":"ClassDef","fullname":"alembic.ddl.mysql.MySQLModifyColumn","name":"MySQLModifyColumn","type_vars":[]},"deletable_attributes":[],"flags":[],"fullname":"alembic.ddl.mysql.MySQLModifyColumn","has_param_spec_type":false,"metaclass_type":"sqlalchemy.sql.visitors.TraversibleType","metadata":{},"module_name":"alembic.ddl.mysql","mro":["alembic.ddl.mysql.MySQLModifyColumn","alembic.ddl.mysql.MySQLChangeColumn","alembic.ddl.base.AlterColumn","alembic.ddl.base.AlterTable","sqlalchemy.sql.ddl.DDLElement","sqlalchemy.sql.roles.DDLRole","sqlalchemy.sql.roles.StatementRole","sqlalchemy.sql.base.Executable","sqlalchemy.sql.roles.CoerceTextStatementRole","sqlalchemy.sql.ddl._DDLCompiles","sqlalchemy.sql.elements.ClauseElement","sqlalchemy.sql.roles.SQLRole","sqlalchemy.sql.base.Generative","sqlalchemy.sql.annotation.SupportsWrappingAnnotations","sqlalchemy.sql.annotation.SupportsAnnotations","sqlalchemy.sql.traversals.MemoizedHasCacheKey","sqlalchemy.sql.traversals.HasCacheKey","sqlalchemy.util.langhelpers.HasMemoized","sqlalchemy.sql.traversals.HasCopyInternals","sqlalchemy.sql.visitors.Traversible","builtins.object"],"names":{".class":"SymbolTable"},"self_type":null,"slots":null,"tuple_type":null,"type_vars":[],"typeddict_type":null}},"Optional":{".class":"SymbolTableNode","cross_ref":"typing.Optional","kind":"Gdef"},"TYPE_CHECKING":{".class":"SymbolTableNode","cross_ref":"typing.TYPE_CHECKING","kind":"Gdef"},"TypeEngine":{".class":"SymbolTableNode","cross_ref":"sqlalchemy.sql.type_api.TypeEngine","kind":"Gdef"},"Union":{".class":"SymbolTableNode","cross_ref":"typing.Union","kind":"Gdef"},"_ServerDefault":{".class":"SymbolTableNode","cross_ref":"alembic.ddl.base._ServerDefault","kind":"Gdef"},"__annotations__":{".class":"SymbolTableNode","kind":"Gdef","node":{".class":"Var","flags":["is_ready"],"fullname":"alembic.ddl.mysql.__annotations__","name":"__annotations__","type":{".class":"Instance","args":["builtins.str",{".class":"AnyType","missing_import_name":null,"source_any":null,"type_of_any":6}],"type_ref":"builtins.dict"}}},"__doc__":{".class":"SymbolTableNode","kind":"Gdef","node":{".class":"Var","flags":["is_ready"],"fullname":"alembic.ddl.mysql.__doc__","name":"__doc__","type":"builtins.str"}},"__file__":{".class":"SymbolTableNode","kind":"Gdef","node":{".class":"Var","flags":["is_ready"],"fullname":"alembic.ddl.mysql.__file__","name":"__file__","type":"builtins.str"}},"__name__":{".class":"SymbolTableNode","kind":"Gdef","node":{".class":"Var","flags":["is_ready"],"fullname":"alembic.ddl.mysql.__name__","name":"__name__","type":"builtins.str"}},"__package__":{".class":"SymbolTableNode","kind":"Gdef","node":{".class":"Var","flags":["is_ready"],"fullname":"alembic.ddl.mysql.__package__","name":"__package__","type":"builtins.str"}},"_is_type_bound":{".class":"SymbolTableNode","cross_ref":"alembic.util.sqla_compat._is_type_bound","kind":"Gdef"},"_mysql_alter_default":{".class":"SymbolTableNode","kind":"Gdef","node":{".class":"Decorator","func":{".class":"FuncDef","abstract_status":0,"arg_kinds":[0,0,4],"arg_names":["element","compiler","kw"],"dataclass_transform_spec":null,"flags":["is_decorated"],"fullname":"alembic.ddl.mysql._mysql_alter_default","name":"_mysql_alter_default","type":{".class":"CallableType","arg_kinds":[0,0,4],"arg_names":["element","compiler","kw"],"arg_types":["alembic.ddl.mysql.MySQLAlterDefault","sqlalchemy.dialects.mysql.base.MySQLDDLCompiler",{".class":"AnyType","missing_import_name":null,"source_any":null,"type_of_any":1}],"bound_args":[],"def_extras":{"first_arg":null},"fallback":"builtins.function","from_concatenate":false,"implicit":false,"is_ellipsis_args":false,"name":"_mysql_alter_default","ret_type":"builtins.str","type_guard":null,"unpack_kwargs":false,"variables":[]}},"is_overload":false,"var":{".class":"Var","flags":["is_ready","is_inferred"],"fullname":"alembic.ddl.mysql._mysql_alter_default","name":"_mysql_alter_default","type":"alembic.util.sqla_compat._CompilerProtocol"}}},"_mysql_change_column":{".class":"SymbolTableNode","kind":"Gdef","node":{".class":"Decorator","func":{".class":"FuncDef","abstract_status":0,"arg_kinds":[0,0,4],"arg_names":["element","compiler","kw"],"dataclass_transform_spec":null,"flags":["is_decorated"],"fullname":"alembic.ddl.mysql._mysql_change_column","name":"_mysql_change_column","type":{".class":"CallableType","arg_kinds":[0,0,4],"arg_names":["element","compiler","kw"],"arg_types":["alembic.ddl.mysql.MySQLChangeColumn","sqlalchemy.dialects.mysql.base.MySQLDDLCompiler",{".class":"AnyType","missing_import_name":null,"source_any":null,"type_of_any":1}],"bound_args":[],"def_extras":{"first_arg":null},"fallback":"builtins.function","from_concatenate":false,"implicit":false,"is_ellipsis_args":false,"name":"_mysql_change_column","ret_type":"builtins.str","type_guard":null,"unpack_kwargs":false,"variables":[]}},"is_overload":false,"var":{".class":"Var","flags":["is_ready","is_inferred"],"fullname":"alembic.ddl.mysql._mysql_change_column","name":"_mysql_change_column","type":"alembic.util.sqla_compat._CompilerProtocol"}}},"_mysql_colspec":{".class":"SymbolTableNode","kind":"Gdef","node":{".class":"FuncDef","abstract_status":0,"arg_kinds":[0,0,0,0,0,0],"arg_names":["compiler","nullable","server_default","type_","autoincrement","comment"],"dataclass_transform_spec":null,"flags":[],"fullname":"alembic.ddl.mysql._mysql_colspec","name":"_mysql_colspec","type":{".class":"CallableType","arg_kinds":[0,0,0,0,0,0],"arg_names":["compiler","nullable","server_default","type_","autoincrement","comment"],"arg_types":["sqlalchemy.dialects.mysql.base.MySQLDDLCompiler",{".class":"UnionType","items":["builtins.bool",{".class":"NoneType"}]},{".class":"UnionType","items":[{".class":"TypeAliasType","args":[],"type_ref":"alembic.ddl.base._ServerDefault"},{".class":"LiteralType","fallback":"builtins.bool","value":false},{".class":"NoneType"}]},{".class":"Instance","args":[{".class":"AnyType","missing_import_name":null,"source_any":null,"type_of_any":4}],"type_ref":"sqlalchemy.sql.type_api.TypeEngine"},{".class":"UnionType","items":["builtins.bool",{".class":"NoneType"}]},{".class":"UnionType","items":["builtins.str",{".class":"LiteralType","fallback":"builtins.bool","value":false},{".class":"NoneType"}]}],"bound_args":[],"def_extras":{"first_arg":null},"fallback":"builtins.function","from_concatenate":false,"implicit":false,"is_ellipsis_args":false,"name":"_mysql_colspec","ret_type":"builtins.str","type_guard":null,"unpack_kwargs":false,"variables":[]}}},"_mysql_doesnt_support_individual":{".class":"SymbolTableNode","kind":"Gdef","node":{".class":"Decorator","func":{".class":"FuncDef","abstract_status":0,"arg_kinds":[0,0,4],"arg_names":["element","compiler","kw"],"dataclass_transform_spec":null,"flags":["is_decorated"],"fullname":"alembic.ddl.mysql._mysql_doesnt_support_individual","name":"_mysql_doesnt_support_individual","type":null},"is_overload":false,"var":{".class":"Var","flags":["is_ready","is_inferred"],"fullname":"alembic.ddl.mysql._mysql_doesnt_support_individual","name":"_mysql_doesnt_support_individual","type":"alembic.util.sqla_compat._CompilerProtocol"}}},"_mysql_drop_constraint":{".class":"SymbolTableNode","kind":"Gdef","node":{".class":"Decorator","func":{".class":"FuncDef","abstract_status":0,"arg_kinds":[0,0,4],"arg_names":["element","compiler","kw"],"dataclass_transform_spec":null,"flags":["is_decorated"],"fullname":"alembic.ddl.mysql._mysql_drop_constraint","name":"_mysql_drop_constraint","type":{".class":"CallableType","arg_kinds":[0,0,4],"arg_names":["element","compiler","kw"],"arg_types":["sqlalchemy.sql.ddl.DropConstraint","sqlalchemy.dialects.mysql.base.MySQLDDLCompiler",{".class":"AnyType","missing_import_name":null,"source_any":null,"type_of_any":1}],"bound_args":[],"def_extras":{"first_arg":null},"fallback":"builtins.function","from_concatenate":false,"implicit":false,"is_ellipsis_args":false,"name":"_mysql_drop_constraint","ret_type":"builtins.str","type_guard":null,"unpack_kwargs":false,"variables":[]}},"is_overload":false,"var":{".class":"Var","flags":["is_ready","is_inferred"],"fullname":"alembic.ddl.mysql._mysql_drop_constraint","name":"_mysql_drop_constraint","type":"alembic.util.sqla_compat._CompilerProtocol"}}},"_mysql_modify_column":{".class":"SymbolTableNode","kind":"Gdef","node":{".class":"Decorator","func":{".class":"FuncDef","abstract_status":0,"arg_kinds":[0,0,4],"arg_names":["element","compiler","kw"],"dataclass_transform_spec":null,"flags":["is_decorated"],"fullname":"alembic.ddl.mysql._mysql_modify_column","name":"_mysql_modify_column","type":{".class":"CallableType","arg_kinds":[0,0,4],"arg_names":["element","compiler","kw"],"arg_types":["alembic.ddl.mysql.MySQLModifyColumn","sqlalchemy.dialects.mysql.base.MySQLDDLCompiler",{".class":"AnyType","missing_import_name":null,"source_any":null,"type_of_any":1}],"bound_args":[],"def_extras":{"first_arg":null},"fallback":"builtins.function","from_concatenate":false,"implicit":false,"is_ellipsis_args":false,"name":"_mysql_modify_column","ret_type":"builtins.str","type_guard":null,"unpack_kwargs":false,"variables":[]}},"is_overload":false,"var":{".class":"Var","flags":["is_ready","is_inferred"],"fullname":"alembic.ddl.mysql._mysql_modify_column","name":"_mysql_modify_column","type":"alembic.util.sqla_compat._CompilerProtocol"}}},"alter_table":{".class":"SymbolTableNode","cross_ref":"alembic.ddl.base.alter_table","kind":"Gdef"},"annotations":{".class":"SymbolTableNode","cross_ref":"__future__.annotations","kind":"Gdef"},"compiles":{".class":"SymbolTableNode","cross_ref":"alembic.util.sqla_compat.compiles","kind":"Gdef"},"elements":{".class":"SymbolTableNode","cross_ref":"sqlalchemy.sql.elements","kind":"Gdef"},"format_column_name":{".class":"SymbolTableNode","cross_ref":"alembic.ddl.base.format_column_name","kind":"Gdef"},"format_server_default":{".class":"SymbolTableNode","cross_ref":"alembic.ddl.base.format_server_default","kind":"Gdef"},"functions":{".class":"SymbolTableNode","cross_ref":"sqlalchemy.sql.functions","kind":"Gdef"},"operators":{".class":"SymbolTableNode","cross_ref":"sqlalchemy.sql.operators","kind":"Gdef"},"re":{".class":"SymbolTableNode","cross_ref":"re","kind":"Gdef"},"schema":{".class":"SymbolTableNode","cross_ref":"sqlalchemy.schema","kind":"Gdef"},"sqla_compat":{".class":"SymbolTableNode","cross_ref":"alembic.util.sqla_compat","kind":"Gdef"},"sqltypes":{".class":"SymbolTableNode","cross_ref":"sqlalchemy.types","kind":"Gdef"},"util":{".class":"SymbolTableNode","cross_ref":"alembic.util","kind":"Gdef"}},"path":"C:\\Users\\Vasilis\\AppData\\Local\\Programs\\Python\\Python313\\Lib\\site-packages\\alembic\\ddl\\mysql.py"}