{"data_mtime":1762095563,"dep_lines":[35,14,15,16,18,26,28,36,38,39,12,13,14,27,4,6,7,12,27,1,1,1,1,1,1,1,1,1,1,1,1,1,1,1,1,1,1,1,1],"dep_prios":[25,10,10,10,5,5,5,25,25,25,10,10,20,10,5,10,5,20,20,5,30,30,30,30,30,30,30,30,30,30,30,30,30,30,30,30,30,30,30],"dependencies":["sqlalchemy.dialects.mysql.base","sqlalchemy.sql.elements","sqlalchemy.sql.functions","sqlalchemy.sql.operators","alembic.ddl.base","alembic.ddl.impl","alembic.util.sqla_compat","sqlalchemy.sql.ddl","sqlalchemy.sql.schema","sqlalchemy.sql.type_api","sqlalchemy.schema","sqlalchemy.types","sqlalchemy.sql","alembic.util","__future__","re","typing","sqlalchemy","alembic","builtins","abc","alembic.util.exc","sqlalchemy.dialects","sqlalchemy.dialects.mysql","sqlalchemy.engine","sqlalchemy.engine.base","sqlalchemy.engine.cursor","sqlalchemy.engine.interfaces","sqlalchemy.engine.result","sqlalchemy.sql.annotation","sqlalchemy.sql.base","sqlalchemy.sql.compiler","sqlalchemy.sql.roles","sqlalchemy.sql.selectable","sqlalchemy.sql.sqltypes","sqlalchemy.sql.traversals","sqlalchemy.sql.visitors","sqlalchemy.util","sqlalchemy.util.langhelpers"],"hash":"2d27f088005d4f9e2c298fee43e87a46f8db1a21bed6f0920e43b71027aadea3","id":"alembic.ddl.mysql","ignore_all":true,"interface_hash":"73145fc6ead992c803a2fee9df6b1cf6b3941a7f6de1bcc8d456a4bcd5e25ec3","mtime":1761854780,"options":{"allow_redefinition":false,"allow_untyped_globals":false,"always_false":[],"always_true":[],"bazel":false,"check_untyped_defs":false,"disable_bytearray_promotion":false,"disable_error_code":[],"disable_memoryview_promotion":false,"disabled_error_codes":[],"disallow_any_decorated":false,"disallow_any_explicit":false,"disallow_any_expr":false,"disallow_any_generics":false,"disallow_any_unimported":false,"disallow_incomplete_defs":false,"disallow_subclassing_any":false,"disallow_untyped_calls":false,"disallow_untyped_decorators":false,"disallow_untyped_defs":false,"enable_error_code":[],"enabled_error_codes":[],"follow_imports":"silent","follow_imports_for_stubs":false,"ignore_errors":false,"ignore_missing_imports":true,"implicit_optional":true,"implicit_reexport":true,"local_partial_types":false,"mypyc":false,"platform":"win32","plugins":[],"strict_concatenate":false,"strict_equality":false,"strict_optional":true,"warn_no_return":true,"warn_return_any":false,"warn_unreachable":false,"warn_unused_ignores":false},"path":"C:\\Users\\Vasilis\\AppData\\Local\\Programs\\Python\\Python313\\Lib\\site-packages\\alembic\\ddl\\mysql.py","plugin_data":null,"size":18383,"suppressed":[],"version_id":"1.3.0"}