{"data_mtime":1762095524,"dep_lines":[1,2,3,1,1,1],"dep_prios":[10,5,5,5,30,30],"dependencies":["sys","_typeshed","typing_extensions","builtins","abc","typing"],"hash":"b6f7eb170f6ea8dcede97b7f7c95656c5dae5c8a09cbb6171003b3bde07c004a","id":"netrc","ignore_all":true,"interface_hash":"f493fa497e5f9c25b3eeabd90a45e4f7993b196eaa459980b1c4ca88bf420f06","mtime":1762095443,"options":{"allow_redefinition":false,"allow_untyped_globals":false,"always_false":[],"always_true":[],"bazel":false,"check_untyped_defs":false,"disable_bytearray_promotion":false,"disable_error_code":[],"disable_memoryview_promotion":false,"disabled_error_codes":[],"disallow_any_decorated":false,"disallow_any_explicit":false,"disallow_any_expr":false,"disallow_any_generics":false,"disallow_any_unimported":false,"disallow_incomplete_defs":false,"disallow_subclassing_any":false,"disallow_untyped_calls":false,"disallow_untyped_decorators":false,"disallow_untyped_defs":false,"enable_error_code":[],"enabled_error_codes":[],"follow_imports":"silent","follow_imports_for_stubs":false,"ignore_errors":false,"ignore_missing_imports":true,"implicit_optional":true,"implicit_reexport":true,"local_partial_types":false,"mypyc":false,"platform":"win32","plugins":[],"strict_concatenate":false,"strict_equality":false,"strict_optional":true,"warn_no_return":true,"warn_return_any":false,"warn_unreachable":false,"warn_unused_ignores":false},"path":"C:\\Users\\Vasilis\\AppData\\Local\\Programs\\Python\\Python313\\Lib\\site-packages\\mypy\\typeshed\\stdlib\\netrc.pyi","plugin_data":null,"size":745,"suppressed":[],"version_id":"1.3.0"}