{"data_mtime":1762095563,"dep_lines":[26,29,30,35,38,39,54,55,24,25,36,3,5,6,1,1,1,1,1,1,1,1,1,1,1,1,1,1,1,1,1,1,1,1],"dep_prios":[25,25,25,25,25,25,25,25,25,25,25,5,5,5,5,30,30,30,30,30,30,30,30,30,30,30,30,30,30,30,30,30,30,30],"dependencies":["sqlalchemy.sql.elements","sqlalchemy.sql.expression","sqlalchemy.sql.schema","sqlalchemy.sql.type_api","alembic.operations.base","alembic.operations.ops","alembic.runtime.migration","alembic.util.sqla_compat","sqlalchemy.engine","sqlalchemy.sql","sqlalchemy.util","__future__","contextlib","typing","builtins","_typeshed","abc","alembic.context","alembic.operations","alembic.runtime","alembic.util","alembic.util.langhelpers","sqlalchemy","sqlalchemy.engine.base","sqlalchemy.engine.interfaces","sqlalchemy.sql.annotation","sqlalchemy.sql.base","sqlalchemy.sql.operators","sqlalchemy.sql.roles","sqlalchemy.sql.selectable","sqlalchemy.sql.traversals","sqlalchemy.sql.visitors","sqlalchemy.util._collections","sqlalchemy.util.langhelpers"],"hash":"3d0e2628da7b117ae355d216411a0688149591ee0f3f14dcf48eaa17c6461991","id":"alembic.op","ignore_all":true,"interface_hash":"a35019d31bb375d86d77d05d373fbb8c20b1f13f4ff8a9c720ab93cb09704fad","mtime":1761854780,"options":{"allow_redefinition":false,"allow_untyped_globals":false,"always_false":[],"always_true":[],"bazel":false,"check_untyped_defs":false,"disable_bytearray_promotion":false,"disable_error_code":[],"disable_memoryview_promotion":false,"disabled_error_codes":[],"disallow_any_decorated":false,"disallow_any_explicit":false,"disallow_any_expr":false,"disallow_any_generics":false,"disallow_any_unimported":false,"disallow_incomplete_defs":false,"disallow_subclassing_any":false,"disallow_untyped_calls":false,"disallow_untyped_decorators":false,"disallow_untyped_defs":false,"enable_error_code":[],"enabled_error_codes":[],"follow_imports":"silent","follow_imports_for_stubs":false,"ignore_errors":false,"ignore_missing_imports":true,"implicit_optional":true,"implicit_reexport":true,"local_partial_types":false,"mypyc":false,"platform":"win32","plugins":[],"strict_concatenate":false,"strict_equality":false,"strict_optional":true,"warn_no_return":true,"warn_return_any":false,"warn_unreachable":false,"warn_unused_ignores":false},"path":"C:\\Users\\Vasilis\\AppData\\Local\\Programs\\Python\\Python313\\Lib\\site-packages\\alembic\\op.pyi","plugin_data":null,"size":50711,"suppressed":[],"version_id":"1.3.0"}