{"data_mtime":1762095526,"dep_lines":[1,2,1,1,1,1,1],"dep_prios":[10,5,5,30,30,30,30],"dependencies":["sys","_operator","builtins","_typeshed","abc","typing","typing_extensions"],"hash":"b5874dad84073d6251c60f2da6aded0683c8cf18d7369e3f606cd1787d383625","id":"operator","ignore_all":true,"interface_hash":"703926cdfbd695ba0c72f15fb737c69e95b6f51cf91621e791c8a6bc06faacd5","mtime":1762095443,"options":{"allow_redefinition":false,"allow_untyped_globals":false,"always_false":[],"always_true":[],"bazel":false,"check_untyped_defs":false,"disable_bytearray_promotion":false,"disable_error_code":[],"disable_memoryview_promotion":false,"disabled_error_codes":[],"disallow_any_decorated":false,"disallow_any_explicit":false,"disallow_any_expr":false,"disallow_any_generics":false,"disallow_any_unimported":false,"disallow_incomplete_defs":false,"disallow_subclassing_any":false,"disallow_untyped_calls":false,"disallow_untyped_decorators":false,"disallow_untyped_defs":false,"enable_error_code":[],"enabled_error_codes":[],"follow_imports":"silent","follow_imports_for_stubs":false,"ignore_errors":false,"ignore_missing_imports":true,"implicit_optional":true,"implicit_reexport":true,"local_partial_types":false,"mypyc":false,"platform":"win32","plugins":[],"strict_concatenate":false,"strict_equality":false,"strict_optional":true,"warn_no_return":true,"warn_return_any":false,"warn_unreachable":false,"warn_unused_ignores":false},"path":"C:\\Users\\Vasilis\\AppData\\Local\\Programs\\Python\\Python313\\Lib\\site-packages\\mypy\\typeshed\\stdlib\\operator.pyi","plugin_data":null,"size":1644,"suppressed":[],"version_id":"1.3.0"}