{"data_mtime":1762095563,"dep_lines":[26,27,30,36,40,52,53,55,56,57,24,26,29,35,1,3,4,5,6,7,29,1,1,1,1,1,1,1,1,1,1,1,1,1,1,1,1,1,1],"dep_prios":[10,5,10,25,25,25,25,25,25,25,5,20,10,25,5,5,10,10,10,5,20,5,30,30,30,30,30,30,30,30,30,30,30,30,30,30,30,30,30],"dependencies":["alembic.operations.schemaobj","alembic.operations.base","alembic.util.sqla_compat","sqlalchemy.sql.elements","sqlalchemy.sql.schema","sqlalchemy.sql.selectable","sqlalchemy.sql.type_api","alembic.autogenerate.rewriter","alembic.runtime.migration","alembic.script.revision","sqlalchemy.types","alembic.operations","alembic.util","sqlalchemy.sql","__future__","abc","os","pathlib","re","typing","alembic","builtins","_typeshed","alembic.autogenerate","alembic.operations.batch","alembic.runtime","alembic.util.langhelpers","sqlalchemy","sqlalchemy.sql.annotation","sqlalchemy.sql.base","sqlalchemy.sql.operators","sqlalchemy.sql.roles","sqlalchemy.sql.sqltypes","sqlalchemy.sql.traversals","sqlalchemy.sql.visitors","sqlalchemy.util","sqlalchemy.util._collections","sqlalchemy.util.langhelpers","typing_extensions"],"hash":"7edb0581c64872dc510e2b8682442c6851ec32544fedc2eaec38ffb1e2950674","id":"alembic.operations.ops","ignore_all":true,"interface_hash":"390e8bfb0c26fc38cbbf3bb42ecc98030a7b323099c6eb733339679534284b19","mtime":1761854780,"options":{"allow_redefinition":false,"allow_untyped_globals":false,"always_false":[],"always_true":[],"bazel":false,"check_untyped_defs":false,"disable_bytearray_promotion":false,"disable_error_code":[],"disable_memoryview_promotion":false,"disabled_error_codes":[],"disallow_any_decorated":false,"disallow_any_explicit":false,"disallow_any_expr":false,"disallow_any_generics":false,"disallow_any_unimported":false,"disallow_incomplete_defs":false,"disallow_subclassing_any":false,"disallow_untyped_calls":false,"disallow_untyped_decorators":false,"disallow_untyped_defs":false,"enable_error_code":[],"enabled_error_codes":[],"follow_imports":"silent","follow_imports_for_stubs":false,"ignore_errors":false,"ignore_missing_imports":true,"implicit_optional":true,"implicit_reexport":true,"local_partial_types":false,"mypyc":false,"platform":"win32","plugins":[],"strict_concatenate":false,"strict_equality":false,"strict_optional":true,"warn_no_return":true,"warn_return_any":false,"warn_unreachable":false,"warn_unused_ignores":false},"path":"C:\\Users\\Vasilis\\AppData\\Local\\Programs\\Python\\Python313\\Lib\\site-packages\\alembic\\operations\\ops.py","plugin_data":null,"size":96276,"suppressed":[],"version_id":"1.3.0"}