{"data_mtime":1762095563,"dep_lines":[30,11,13,26,27,31,32,11,4,6,7,1,1,1,1,1,1,1,1,1,1,1,1,1,1,1,1,1,1,1,1,1,1,1,1],"dep_prios":[25,10,5,5,5,25,25,20,5,10,5,5,30,30,30,30,30,30,30,30,30,30,30,30,30,30,30,30,30,30,30,30,30,30,30],"dependencies":["sqlalchemy.dialects.oracle.base","sqlalchemy.sql.sqltypes","alembic.ddl.base","alembic.ddl.impl","alembic.util.sqla_compat","sqlalchemy.engine.cursor","sqlalchemy.sql.schema","sqlalchemy.sql","__future__","re","typing","builtins","abc","alembic.util","sqlalchemy","sqlalchemy.dialects","sqlalchemy.dialects.oracle","sqlalchemy.engine","sqlalchemy.engine.base","sqlalchemy.engine.interfaces","sqlalchemy.engine.result","sqlalchemy.sql.annotation","sqlalchemy.sql.base","sqlalchemy.sql.compiler","sqlalchemy.sql.ddl","sqlalchemy.sql.elements","sqlalchemy.sql.functions","sqlalchemy.sql.operators","sqlalchemy.sql.roles","sqlalchemy.sql.selectable","sqlalchemy.sql.traversals","sqlalchemy.sql.type_api","sqlalchemy.sql.visitors","sqlalchemy.util","sqlalchemy.util.langhelpers"],"hash":"ebaf589647198a195715b9d7847da4addaef0ebcbcab9a5c5067e8aa483f47a6","id":"alembic.ddl.oracle","ignore_all":true,"interface_hash":"dae4c6319abd311a94bf734f93149ba895dd88d26968e9faf885c6ed74fb0cd3","mtime":1761854780,"options":{"allow_redefinition":false,"allow_untyped_globals":false,"always_false":[],"always_true":[],"bazel":false,"check_untyped_defs":false,"disable_bytearray_promotion":false,"disable_error_code":[],"disable_memoryview_promotion":false,"disabled_error_codes":[],"disallow_any_decorated":false,"disallow_any_explicit":false,"disallow_any_expr":false,"disallow_any_generics":false,"disallow_any_unimported":false,"disallow_incomplete_defs":false,"disallow_subclassing_any":false,"disallow_untyped_calls":false,"disallow_untyped_decorators":false,"disallow_untyped_defs":false,"enable_error_code":[],"enabled_error_codes":[],"follow_imports":"silent","follow_imports_for_stubs":false,"ignore_errors":false,"ignore_missing_imports":true,"implicit_optional":true,"implicit_reexport":true,"local_partial_types":false,"mypyc":false,"platform":"win32","plugins":[],"strict_concatenate":false,"strict_equality":false,"strict_optional":true,"warn_no_return":true,"warn_return_any":false,"warn_unreachable":false,"warn_unused_ignores":false},"path":"C:\\Users\\Vasilis\\AppData\\Local\\Programs\\Python\\Python313\\Lib\\site-packages\\alembic\\ddl\\oracle.py","plugin_data":null,"size":6243,"suppressed":[],"version_id":"1.3.0"}