{".class":"MypyFile","_fullname":"alembic.ddl.oracle","future_import_flags":["annotations"],"is_partial_stub_package":false,"is_stub":false,"names":{".class":"SymbolTable","AddColumn":{".class":"SymbolTableNode","cross_ref":"alembic.ddl.base.AddColumn","kind":"Gdef"},"Any":{".class":"SymbolTableNode","cross_ref":"typing.Any","kind":"Gdef"},"Column":{".class":"SymbolTableNode","cross_ref":"sqlalchemy.sql.schema.Column","kind":"Gdef"},"ColumnComment":{".class":"SymbolTableNode","cross_ref":"alembic.ddl.base.ColumnComment","kind":"Gdef"},"ColumnDefault":{".class":"SymbolTableNode","cross_ref":"alembic.ddl.base.ColumnDefault","kind":"Gdef"},"ColumnName":{".class":"SymbolTableNode","cross_ref":"alembic.ddl.base.ColumnName","kind":"Gdef"},"ColumnNullable":{".class":"SymbolTableNode","cross_ref":"alembic.ddl.base.ColumnNullable","kind":"Gdef"},"ColumnType":{".class":"SymbolTableNode","cross_ref":"alembic.ddl.base.ColumnType","kind":"Gdef"},"CursorResult":{".class":"SymbolTableNode","cross_ref":"sqlalchemy.engine.cursor.CursorResult","kind":"Gdef"},"DefaultImpl":{".class":"SymbolTableNode","cross_ref":"alembic.ddl.impl.DefaultImpl","kind":"Gdef"},"IdentityColumnDefault":{".class":"SymbolTableNode","cross_ref":"alembic.ddl.base.IdentityColumnDefault","kind":"Gdef"},"Optional":{".class":"SymbolTableNode","cross_ref":"typing.Optional","kind":"Gdef"},"OracleDDLCompiler":{".class":"SymbolTableNode","cross_ref":"sqlalchemy.dialects.oracle.base.OracleDDLCompiler","kind":"Gdef"},"OracleImpl":{".class":"SymbolTableNode","kind":"Gdef","node":{".class":"TypeInfo","_promote":[],"abstract_attributes":[],"alt_promote":null,"bases":["alembic.ddl.impl.DefaultImpl"],"dataclass_transform_spec":null,"declared_metaclass":null,"defn":{".class":"ClassDef","fullname":"alembic.ddl.oracle.OracleImpl","name":"OracleImpl","type_vars":[]},"deletable_attributes":[],"flags":[],"fullname":"alembic.ddl.oracle.OracleImpl","has_param_spec_type":false,"metaclass_type":"alembic.ddl.impl.ImplMeta","metadata":{},"module_name":"alembic.ddl.oracle","mro":["alembic.ddl.oracle.OracleImpl","alembic.ddl.impl.DefaultImpl","builtins.object"],"names":{".class":"SymbolTable","__dialect__":{".class":"SymbolTableNode","kind":"Mdef","node":{".class":"Var","flags":["is_initialized_in_class","is_inferred","has_explicit_value"],"fullname":"alembic.ddl.oracle.OracleImpl.__dialect__","name":"__dialect__","type":"builtins.str"}},"__init__":{".class":"SymbolTableNode","kind":"Mdef","node":{".class":"FuncDef","abstract_status":0,"arg_kinds":[0,2,4],"arg_names":["self","arg","kw"],"dataclass_transform_spec":null,"flags":[],"fullname":"alembic.ddl.oracle.OracleImpl.__init__","name":"__init__","type":{".class":"CallableType","arg_kinds":[0,2,4],"arg_names":["self","arg","kw"],"arg_types":["alembic.ddl.oracle.OracleImpl",{".class":"AnyType","missing_import_name":null,"source_any":null,"type_of_any":1},{".class":"AnyType","missing_import_name":null,"source_any":null,"type_of_any":1}],"bound_args":[],"def_extras":{"first_arg":"self"},"fallback":"builtins.function","from_concatenate":false,"implicit":false,"is_ellipsis_args":false,"name":"__init__ of OracleImpl","ret_type":{".class":"NoneType"},"type_guard":null,"unpack_kwargs":false,"variables":[]}}},"_exec":{".class":"SymbolTableNode","kind":"Mdef","node":{".class":"FuncDef","abstract_status":0,"arg_kinds":[0,0,2,4],"arg_names":["self","construct","args","kw"],"dataclass_transform_spec":null,"flags":[],"fullname":"alembic.ddl.oracle.OracleImpl._exec","name":"_exec","type":{".class":"CallableType","arg_kinds":[0,0,2,4],"arg_names":["self","construct","args","kw"],"arg_types":["alembic.ddl.oracle.OracleImpl",{".class":"AnyType","missing_import_name":null,"source_any":null,"type_of_any":2},{".class":"AnyType","missing_import_name":null,"source_any":null,"type_of_any":1},{".class":"AnyType","missing_import_name":null,"source_any":null,"type_of_any":1}],"bound_args":[],"def_extras":{"first_arg":"self"},"fallback":"builtins.function","from_concatenate":false,"implicit":false,"is_ellipsis_args":false,"name":"_exec of OracleImpl","ret_type":{".class":"UnionType","items":["sqlalchemy.engine.cursor.CursorResult",{".class":"NoneType"}]},"type_guard":null,"unpack_kwargs":false,"variables":[]}}},"batch_separator":{".class":"SymbolTableNode","kind":"Mdef","node":{".class":"Var","flags":["is_initialized_in_class","is_ready","is_inferred","has_explicit_value"],"fullname":"alembic.ddl.oracle.OracleImpl.batch_separator","name":"batch_separator","type":"builtins.str"}},"command_terminator":{".class":"SymbolTableNode","kind":"Mdef","node":{".class":"Var","flags":["is_initialized_in_class","is_inferred","has_explicit_value"],"fullname":"alembic.ddl.oracle.OracleImpl.command_terminator","name":"command_terminator","type":"builtins.str"}},"compare_server_default":{".class":"SymbolTableNode","kind":"Mdef","node":{".class":"FuncDef","abstract_status":0,"arg_kinds":[0,0,0,0,0],"arg_names":["self","inspector_column","metadata_column","rendered_metadata_default","rendered_inspector_default"],"dataclass_transform_spec":null,"flags":[],"fullname":"alembic.ddl.oracle.OracleImpl.compare_server_default","name":"compare_server_default","type":null}},"emit_begin":{".class":"SymbolTableNode","kind":"Mdef","node":{".class":"FuncDef","abstract_status":0,"arg_kinds":[0],"arg_names":["self"],"dataclass_transform_spec":null,"flags":[],"fullname":"alembic.ddl.oracle.OracleImpl.emit_begin","name":"emit_begin","type":{".class":"CallableType","arg_kinds":[0],"arg_names":["self"],"arg_types":["alembic.ddl.oracle.OracleImpl"],"bound_args":[],"def_extras":{"first_arg":"self"},"fallback":"builtins.function","from_concatenate":false,"implicit":false,"is_ellipsis_args":false,"name":"emit_begin of OracleImpl","ret_type":{".class":"NoneType"},"type_guard":null,"unpack_kwargs":false,"variables":[]}}},"emit_commit":{".class":"SymbolTableNode","kind":"Mdef","node":{".class":"FuncDef","abstract_status":0,"arg_kinds":[0],"arg_names":["self"],"dataclass_transform_spec":null,"flags":[],"fullname":"alembic.ddl.oracle.OracleImpl.emit_commit","name":"emit_commit","type":{".class":"CallableType","arg_kinds":[0],"arg_names":["self"],"arg_types":["alembic.ddl.oracle.OracleImpl"],"bound_args":[],"def_extras":{"first_arg":"self"},"fallback":"builtins.function","from_concatenate":false,"implicit":false,"is_ellipsis_args":false,"name":"emit_commit of OracleImpl","ret_type":{".class":"NoneType"},"type_guard":null,"unpack_kwargs":false,"variables":[]}}},"identity_attrs_ignore":{".class":"SymbolTableNode","kind":"Mdef","node":{".class":"Var","flags":["is_initialized_in_class","is_inferred","has_explicit_value"],"fullname":"alembic.ddl.oracle.OracleImpl.identity_attrs_ignore","name":"identity_attrs_ignore","type":{".class":"TupleType","implicit":false,"items":[],"partial_fallback":{".class":"Instance","args":[{".class":"AnyType","missing_import_name":null,"source_any":null,"type_of_any":6}],"type_ref":"builtins.tuple"}}}},"transactional_ddl":{".class":"SymbolTableNode","kind":"Mdef","node":{".class":"Var","flags":["is_initialized_in_class","is_inferred","has_explicit_value"],"fullname":"alembic.ddl.oracle.OracleImpl.transactional_ddl","name":"transactional_ddl","type":"builtins.bool"}},"type_synonyms":{".class":"SymbolTableNode","kind":"Mdef","node":{".class":"Var","flags":["is_initialized_in_class","is_inferred","has_explicit_value"],"fullname":"alembic.ddl.oracle.OracleImpl.type_synonyms","name":"type_synonyms","type":{".class":"Instance","args":[{".class":"Instance","args":["builtins.str"],"type_ref":"builtins.set"}],"type_ref":"builtins.tuple"}}}},"self_type":null,"slots":null,"tuple_type":null,"type_vars":[],"typeddict_type":null}},"RenameTable":{".class":"SymbolTableNode","cross_ref":"alembic.ddl.base.RenameTable","kind":"Gdef"},"TYPE_CHECKING":{".class":"SymbolTableNode","cross_ref":"typing.TYPE_CHECKING","kind":"Gdef"},"__annotations__":{".class":"SymbolTableNode","kind":"Gdef","node":{".class":"Var","flags":["is_ready"],"fullname":"alembic.ddl.oracle.__annotations__","name":"__annotations__","type":{".class":"Instance","args":["builtins.str",{".class":"AnyType","missing_import_name":null,"source_any":null,"type_of_any":6}],"type_ref":"builtins.dict"}}},"__doc__":{".class":"SymbolTableNode","kind":"Gdef","node":{".class":"Var","flags":["is_ready"],"fullname":"alembic.ddl.oracle.__doc__","name":"__doc__","type":"builtins.str"}},"__file__":{".class":"SymbolTableNode","kind":"Gdef","node":{".class":"Var","flags":["is_ready"],"fullname":"alembic.ddl.oracle.__file__","name":"__file__","type":"builtins.str"}},"__name__":{".class":"SymbolTableNode","kind":"Gdef","node":{".class":"Var","flags":["is_ready"],"fullname":"alembic.ddl.oracle.__name__","name":"__name__","type":"builtins.str"}},"__package__":{".class":"SymbolTableNode","kind":"Gdef","node":{".class":"Var","flags":["is_ready"],"fullname":"alembic.ddl.oracle.__package__","name":"__package__","type":"builtins.str"}},"add_column":{".class":"SymbolTableNode","kind":"Gdef","node":{".class":"FuncDef","abstract_status":0,"arg_kinds":[0,0,4],"arg_names":["compiler","column","kw"],"dataclass_transform_spec":null,"flags":[],"fullname":"alembic.ddl.oracle.add_column","name":"add_column","type":{".class":"CallableType","arg_kinds":[0,0,4],"arg_names":["compiler","column","kw"],"arg_types":["sqlalchemy.dialects.oracle.base.OracleDDLCompiler",{".class":"Instance","args":[{".class":"AnyType","missing_import_name":null,"source_any":null,"type_of_any":2}],"type_ref":"sqlalchemy.sql.schema.Column"},{".class":"AnyType","missing_import_name":null,"source_any":null,"type_of_any":1}],"bound_args":[],"def_extras":{"first_arg":null},"fallback":"builtins.function","from_concatenate":false,"implicit":false,"is_ellipsis_args":false,"name":"add_column","ret_type":"builtins.str","type_guard":null,"unpack_kwargs":false,"variables":[]}}},"alter_column":{".class":"SymbolTableNode","kind":"Gdef","node":{".class":"FuncDef","abstract_status":0,"arg_kinds":[0,0],"arg_names":["compiler","name"],"dataclass_transform_spec":null,"flags":[],"fullname":"alembic.ddl.oracle.alter_column","name":"alter_column","type":{".class":"CallableType","arg_kinds":[0,0],"arg_names":["compiler","name"],"arg_types":["sqlalchemy.dialects.oracle.base.OracleDDLCompiler","builtins.str"],"bound_args":[],"def_extras":{"first_arg":null},"fallback":"builtins.function","from_concatenate":false,"implicit":false,"is_ellipsis_args":false,"name":"alter_column","ret_type":"builtins.str","type_guard":null,"unpack_kwargs":false,"variables":[]}}},"alter_table":{".class":"SymbolTableNode","cross_ref":"alembic.ddl.base.alter_table","kind":"Gdef"},"annotations":{".class":"SymbolTableNode","cross_ref":"__future__.annotations","kind":"Gdef"},"compiles":{".class":"SymbolTableNode","cross_ref":"alembic.util.sqla_compat.compiles","kind":"Gdef"},"format_column_name":{".class":"SymbolTableNode","cross_ref":"alembic.ddl.base.format_column_name","kind":"Gdef"},"format_server_default":{".class":"SymbolTableNode","cross_ref":"alembic.ddl.base.format_server_default","kind":"Gdef"},"format_table_name":{".class":"SymbolTableNode","cross_ref":"alembic.ddl.base.format_table_name","kind":"Gdef"},"format_type":{".class":"SymbolTableNode","cross_ref":"alembic.ddl.base.format_type","kind":"Gdef"},"re":{".class":"SymbolTableNode","cross_ref":"re","kind":"Gdef"},"sqltypes":{".class":"SymbolTableNode","cross_ref":"sqlalchemy.sql.sqltypes","kind":"Gdef"},"visit_add_column":{".class":"SymbolTableNode","kind":"Gdef","node":{".class":"Decorator","func":{".class":"FuncDef","abstract_status":0,"arg_kinds":[0,0,4],"arg_names":["element","compiler","kw"],"dataclass_transform_spec":null,"flags":["is_decorated"],"fullname":"alembic.ddl.oracle.visit_add_column","name":"visit_add_column","type":{".class":"CallableType","arg_kinds":[0,0,4],"arg_names":["element","compiler","kw"],"arg_types":["alembic.ddl.base.AddColumn","sqlalchemy.dialects.oracle.base.OracleDDLCompiler",{".class":"AnyType","missing_import_name":null,"source_any":null,"type_of_any":1}],"bound_args":[],"def_extras":{"first_arg":null},"fallback":"builtins.function","from_concatenate":false,"implicit":false,"is_ellipsis_args":false,"name":"visit_add_column","ret_type":"builtins.str","type_guard":null,"unpack_kwargs":false,"variables":[]}},"is_overload":false,"var":{".class":"Var","flags":["is_ready","is_inferred"],"fullname":"alembic.ddl.oracle.visit_add_column","name":"visit_add_column","type":"alembic.util.sqla_compat._CompilerProtocol"}}},"visit_column_comment":{".class":"SymbolTableNode","kind":"Gdef","node":{".class":"Decorator","func":{".class":"FuncDef","abstract_status":0,"arg_kinds":[0,0,4],"arg_names":["element","compiler","kw"],"dataclass_transform_spec":null,"flags":["is_decorated"],"fullname":"alembic.ddl.oracle.visit_column_comment","name":"visit_column_comment","type":{".class":"CallableType","arg_kinds":[0,0,4],"arg_names":["element","compiler","kw"],"arg_types":["alembic.ddl.base.ColumnComment","sqlalchemy.dialects.oracle.base.OracleDDLCompiler",{".class":"AnyType","missing_import_name":null,"source_any":null,"type_of_any":1}],"bound_args":[],"def_extras":{"first_arg":null},"fallback":"builtins.function","from_concatenate":false,"implicit":false,"is_ellipsis_args":false,"name":"visit_column_comment","ret_type":"builtins.str","type_guard":null,"unpack_kwargs":false,"variables":[]}},"is_overload":false,"var":{".class":"Var","flags":["is_ready","is_inferred"],"fullname":"alembic.ddl.oracle.visit_column_comment","name":"visit_column_comment","type":"alembic.util.sqla_compat._CompilerProtocol"}}},"visit_column_default":{".class":"SymbolTableNode","kind":"Gdef","node":{".class":"Decorator","func":{".class":"FuncDef","abstract_status":0,"arg_kinds":[0,0,4],"arg_names":["element","compiler","kw"],"dataclass_transform_spec":null,"flags":["is_decorated"],"fullname":"alembic.ddl.oracle.visit_column_default","name":"visit_column_default","type":{".class":"CallableType","arg_kinds":[0,0,4],"arg_names":["element","compiler","kw"],"arg_types":["alembic.ddl.base.ColumnDefault","sqlalchemy.dialects.oracle.base.OracleDDLCompiler",{".class":"AnyType","missing_import_name":null,"source_any":null,"type_of_any":1}],"bound_args":[],"def_extras":{"first_arg":null},"fallback":"builtins.function","from_concatenate":false,"implicit":false,"is_ellipsis_args":false,"name":"visit_column_default","ret_type":"builtins.str","type_guard":null,"unpack_kwargs":false,"variables":[]}},"is_overload":false,"var":{".class":"Var","flags":["is_ready","is_inferred"],"fullname":"alembic.ddl.oracle.visit_column_default","name":"visit_column_default","type":"alembic.util.sqla_compat._CompilerProtocol"}}},"visit_column_name":{".class":"SymbolTableNode","kind":"Gdef","node":{".class":"Decorator","func":{".class":"FuncDef","abstract_status":0,"arg_kinds":[0,0,4],"arg_names":["element","compiler","kw"],"dataclass_transform_spec":null,"flags":["is_decorated"],"fullname":"alembic.ddl.oracle.visit_column_name","name":"visit_column_name","type":{".class":"CallableType","arg_kinds":[0,0,4],"arg_names":["element","compiler","kw"],"arg_types":["alembic.ddl.base.ColumnName","sqlalchemy.dialects.oracle.base.OracleDDLCompiler",{".class":"AnyType","missing_import_name":null,"source_any":null,"type_of_any":1}],"bound_args":[],"def_extras":{"first_arg":null},"fallback":"builtins.function","from_concatenate":false,"implicit":false,"is_ellipsis_args":false,"name":"visit_column_name","ret_type":"builtins.str","type_guard":null,"unpack_kwargs":false,"variables":[]}},"is_overload":false,"var":{".class":"Var","flags":["is_ready","is_inferred"],"fullname":"alembic.ddl.oracle.visit_column_name","name":"visit_column_name","type":"alembic.util.sqla_compat._CompilerProtocol"}}},"visit_column_nullable":{".class":"SymbolTableNode","kind":"Gdef","node":{".class":"Decorator","func":{".class":"FuncDef","abstract_status":0,"arg_kinds":[0,0,4],"arg_names":["element","compiler","kw"],"dataclass_transform_spec":null,"flags":["is_decorated"],"fullname":"alembic.ddl.oracle.visit_column_nullable","name":"visit_column_nullable","type":{".class":"CallableType","arg_kinds":[0,0,4],"arg_names":["element","compiler","kw"],"arg_types":["alembic.ddl.base.ColumnNullable","sqlalchemy.dialects.oracle.base.OracleDDLCompiler",{".class":"AnyType","missing_import_name":null,"source_any":null,"type_of_any":1}],"bound_args":[],"def_extras":{"first_arg":null},"fallback":"builtins.function","from_concatenate":false,"implicit":false,"is_ellipsis_args":false,"name":"visit_column_nullable","ret_type":"builtins.str","type_guard":null,"unpack_kwargs":false,"variables":[]}},"is_overload":false,"var":{".class":"Var","flags":["is_ready","is_inferred"],"fullname":"alembic.ddl.oracle.visit_column_nullable","name":"visit_column_nullable","type":"alembic.util.sqla_compat._CompilerProtocol"}}},"visit_column_type":{".class":"SymbolTableNode","kind":"Gdef","node":{".class":"Decorator","func":{".class":"FuncDef","abstract_status":0,"arg_kinds":[0,0,4],"arg_names":["element","compiler","kw"],"dataclass_transform_spec":null,"flags":["is_decorated"],"fullname":"alembic.ddl.oracle.visit_column_type","name":"visit_column_type","type":{".class":"CallableType","arg_kinds":[0,0,4],"arg_names":["element","compiler","kw"],"arg_types":["alembic.ddl.base.ColumnType","sqlalchemy.dialects.oracle.base.OracleDDLCompiler",{".class":"AnyType","missing_import_name":null,"source_any":null,"type_of_any":1}],"bound_args":[],"def_extras":{"first_arg":null},"fallback":"builtins.function","from_concatenate":false,"implicit":false,"is_ellipsis_args":false,"name":"visit_column_type","ret_type":"builtins.str","type_guard":null,"unpack_kwargs":false,"variables":[]}},"is_overload":false,"var":{".class":"Var","flags":["is_ready","is_inferred"],"fullname":"alembic.ddl.oracle.visit_column_type","name":"visit_column_type","type":"alembic.util.sqla_compat._CompilerProtocol"}}},"visit_identity_column":{".class":"SymbolTableNode","kind":"Gdef","node":{".class":"Decorator","func":{".class":"FuncDef","abstract_status":0,"arg_kinds":[0,0,4],"arg_names":["element","compiler","kw"],"dataclass_transform_spec":null,"flags":["is_decorated"],"fullname":"alembic.ddl.oracle.visit_identity_column","name":"visit_identity_column","type":{".class":"CallableType","arg_kinds":[0,0,4],"arg_names":["element","compiler","kw"],"arg_types":["alembic.ddl.base.IdentityColumnDefault","sqlalchemy.dialects.oracle.base.OracleDDLCompiler",{".class":"AnyType","missing_import_name":null,"source_any":null,"type_of_any":1}],"bound_args":[],"def_extras":{"first_arg":null},"fallback":"builtins.function","from_concatenate":false,"implicit":false,"is_ellipsis_args":false,"name":"visit_identity_column","ret_type":{".class":"AnyType","missing_import_name":null,"source_any":null,"type_of_any":1},"type_guard":null,"unpack_kwargs":false,"variables":[]}},"is_overload":false,"var":{".class":"Var","flags":["is_ready","is_inferred"],"fullname":"alembic.ddl.oracle.visit_identity_column","name":"visit_identity_column","type":"alembic.util.sqla_compat._CompilerProtocol"}}},"visit_rename_table":{".class":"SymbolTableNode","kind":"Gdef","node":{".class":"Decorator","func":{".class":"FuncDef","abstract_status":0,"arg_kinds":[0,0,4],"arg_names":["element","compiler","kw"],"dataclass_transform_spec":null,"flags":["is_decorated"],"fullname":"alembic.ddl.oracle.visit_rename_table","name":"visit_rename_table","type":{".class":"CallableType","arg_kinds":[0,0,4],"arg_names":["element","compiler","kw"],"arg_types":["alembic.ddl.base.RenameTable","sqlalchemy.dialects.oracle.base.OracleDDLCompiler",{".class":"AnyType","missing_import_name":null,"source_any":null,"type_of_any":1}],"bound_args":[],"def_extras":{"first_arg":null},"fallback":"builtins.function","from_concatenate":false,"implicit":false,"is_ellipsis_args":false,"name":"visit_rename_table","ret_type":"builtins.str","type_guard":null,"unpack_kwargs":false,"variables":[]}},"is_overload":false,"var":{".class":"Var","flags":["is_ready","is_inferred"],"fullname":"alembic.ddl.oracle.visit_rename_table","name":"visit_rename_table","type":"alembic.util.sqla_compat._CompilerProtocol"}}}},"path":"C:\\Users\\Vasilis\\AppData\\Local\\Programs\\Python\\Python313\\Lib\\site-packages\\alembic\\ddl\\oracle.py"}