{"data_mtime":1762095518,"dep_lines":[12,1,2,13,14,15,16,17,1,1,1,1,1,1],"dep_prios":[5,10,5,5,5,5,5,5,5,30,30,30,30,30],"dependencies":["collections.abc","sys","_typeshed","io","os","types","typing","typing_extensions","builtins","abc","array","ctypes","mmap","pickle"],"hash":"af5d9944e5c7afe3dd4c99f5d83d4950e1d88bbcaba5db66ac57f946b5d10f41","id":"pathlib","ignore_all":true,"interface_hash":"517b1ddd3fe4aaf3cf263d3e9aec42d5ea46387730dc527485ccc1ad09216c43","mtime":1762095443,"options":{"allow_redefinition":false,"allow_untyped_globals":false,"always_false":[],"always_true":[],"bazel":false,"check_untyped_defs":false,"disable_bytearray_promotion":false,"disable_error_code":[],"disable_memoryview_promotion":false,"disabled_error_codes":[],"disallow_any_decorated":false,"disallow_any_explicit":false,"disallow_any_expr":false,"disallow_any_generics":false,"disallow_any_unimported":false,"disallow_incomplete_defs":false,"disallow_subclassing_any":false,"disallow_untyped_calls":false,"disallow_untyped_decorators":false,"disallow_untyped_defs":false,"enable_error_code":[],"enabled_error_codes":[],"follow_imports":"silent","follow_imports_for_stubs":false,"ignore_errors":false,"ignore_missing_imports":true,"implicit_optional":true,"implicit_reexport":true,"local_partial_types":false,"mypyc":false,"platform":"win32","plugins":[],"strict_concatenate":false,"strict_equality":false,"strict_optional":true,"warn_no_return":true,"warn_return_any":false,"warn_unreachable":false,"warn_unused_ignores":false},"path":"C:\\Users\\Vasilis\\AppData\\Local\\Programs\\Python\\Python313\\Lib\\site-packages\\mypy\\typeshed\\stdlib\\pathlib.pyi","plugin_data":null,"size":7949,"suppressed":[],"version_id":"1.3.0"}