{".class":"MypyFile","_fullname":"pathlib","future_import_flags":[],"is_partial_stub_package":false,"is_stub":true,"names":{".class":"SymbolTable","Any":{".class":"SymbolTableNode","cross_ref":"typing.Any","kind":"Gdef","module_hidden":true,"module_public":false},"BinaryIO":{".class":"SymbolTableNode","cross_ref":"typing.BinaryIO","kind":"Gdef","module_hidden":true,"module_public":false},"BufferedRandom":{".class":"SymbolTableNode","cross_ref":"io.BufferedRandom","kind":"Gdef","module_hidden":true,"module_public":false},"BufferedReader":{".class":"SymbolTableNode","cross_ref":"io.BufferedReader","kind":"Gdef","module_hidden":true,"module_public":false},"BufferedWriter":{".class":"SymbolTableNode","cross_ref":"io.BufferedWriter","kind":"Gdef","module_hidden":true,"module_public":false},"Callable":{".class":"SymbolTableNode","cross_ref":"typing.Callable","kind":"Gdef","module_hidden":true,"module_public":false},"FileIO":{".class":"SymbolTableNode","cross_ref":"io.FileIO","kind":"Gdef","module_hidden":true,"module_public":false},"Generator":{".class":"SymbolTableNode","cross_ref":"typing.Generator","kind":"Gdef","module_hidden":true,"module_public":false},"GenericAlias":{".class":"SymbolTableNode","cross_ref":"types.GenericAlias","kind":"Gdef","module_hidden":true,"module_public":false},"IO":{".class":"SymbolTableNode","cross_ref":"typing.IO","kind":"Gdef","module_hidden":true,"module_public":false},"Iterator":{".class":"SymbolTableNode","cross_ref":"typing.Iterator","kind":"Gdef","module_hidden":true,"module_public":false},"Literal":{".class":"SymbolTableNode","cross_ref":"typing_extensions.Literal","kind":"Gdef","module_hidden":true,"module_public":false},"OpenBinaryMode":{".class":"SymbolTableNode","cross_ref":"_typeshed.OpenBinaryMode","kind":"Gdef","module_hidden":true,"module_public":false},"OpenBinaryModeReading":{".class":"SymbolTableNode","cross_ref":"_typeshed.OpenBinaryModeReading","kind":"Gdef","module_hidden":true,"module_public":false},"OpenBinaryModeUpdating":{".class":"SymbolTableNode","cross_ref":"_typeshed.OpenBinaryModeUpdating","kind":"Gdef","module_hidden":true,"module_public":false},"OpenBinaryModeWriting":{".class":"SymbolTableNode","cross_ref":"_typeshed.OpenBinaryModeWriting","kind":"Gdef","module_hidden":true,"module_public":false},"OpenTextMode":{".class":"SymbolTableNode","cross_ref":"_typeshed.OpenTextMode","kind":"Gdef","module_hidden":true,"module_public":false},"Path":{".class":"SymbolTableNode","kind":"Gdef","node":{".class":"TypeInfo","_promote":[],"abstract_attributes":[],"alt_promote":null,"bases":["pathlib.PurePath"],"dataclass_transform_spec":null,"declared_metaclass":null,"defn":{".class":"ClassDef","fullname":"pathlib.Path","name":"Path","type_vars":[]},"deletable_attributes":[],"flags":[],"fullname":"pathlib.Path","has_param_spec_type":false,"metaclass_type":"abc.ABCMeta","metadata":{},"module_name":"pathlib","mro":["pathlib.Path","pathlib.PurePath","os.PathLike","builtins.object"],"names":{".class":"SymbolTable","__enter__":{".class":"SymbolTableNode","kind":"Mdef","node":{".class":"FuncDef","abstract_status":0,"arg_kinds":[0],"arg_names":[null],"dataclass_transform_spec":null,"flags":[],"fullname":"pathlib.Path.__enter__","name":"__enter__","type":{".class":"CallableType","arg_kinds":[0],"arg_names":[null],"arg_types":[{".class":"TypeVarType","fullname":"pathlib.Path.Self","id":0,"name":"Self","namespace":"","upper_bound":"pathlib.Path","values":[],"variance":0}],"bound_args":[],"def_extras":{"first_arg":"self"},"fallback":"builtins.function","from_concatenate":false,"implicit":false,"is_ellipsis_args":false,"name":"__enter__ of Path","ret_type":{".class":"TypeVarType","fullname":"pathlib.Path.Self","id":0,"name":"Self","namespace":"","upper_bound":"pathlib.Path","values":[],"variance":0},"type_guard":null,"unpack_kwargs":false,"variables":[{".class":"TypeVarType","fullname":"pathlib.Path.Self","id":0,"name":"Self","namespace":"","upper_bound":"pathlib.Path","values":[],"variance":0}]}}},"__exit__":{".class":"SymbolTableNode","kind":"Mdef","node":{".class":"FuncDef","abstract_status":0,"arg_kinds":[0,0,0,0],"arg_names":[null,null,null,null],"dataclass_transform_spec":null,"flags":[],"fullname":"pathlib.Path.__exit__","name":"__exit__","type":{".class":"CallableType","arg_kinds":[0,0,0,0],"arg_names":[null,null,null,null],"arg_types":["pathlib.Path",{".class":"UnionType","items":[{".class":"TypeType","item":"builtins.BaseException"},{".class":"NoneType"}]},{".class":"UnionType","items":["builtins.BaseException",{".class":"NoneType"}]},{".class":"UnionType","items":["types.TracebackType",{".class":"NoneType"}]}],"bound_args":[],"def_extras":{"first_arg":"self"},"fallback":"builtins.function","from_concatenate":false,"implicit":false,"is_ellipsis_args":false,"name":"__exit__ of Path","ret_type":{".class":"NoneType"},"type_guard":null,"unpack_kwargs":false,"variables":[]}}},"__new__":{".class":"SymbolTableNode","kind":"Mdef","node":{".class":"FuncDef","abstract_status":0,"arg_kinds":[0,2,4],"arg_names":["cls","args","kwargs"],"dataclass_transform_spec":null,"flags":[],"fullname":"pathlib.Path.__new__","name":"__new__","type":{".class":"CallableType","arg_kinds":[0,2,4],"arg_names":["cls","args","kwargs"],"arg_types":[{".class":"TypeType","item":{".class":"TypeVarType","fullname":"pathlib.Path.Self","id":0,"name":"Self","namespace":"","upper_bound":"pathlib.Path","values":[],"variance":0}},{".class":"TypeAliasType","args":[],"type_ref":"_typeshed.StrPath"},{".class":"AnyType","missing_import_name":null,"source_any":null,"type_of_any":2}],"bound_args":[],"def_extras":{"first_arg":"cls"},"fallback":"builtins.function","from_concatenate":false,"implicit":false,"is_ellipsis_args":false,"name":"__new__ of Path","ret_type":{".class":"TypeVarType","fullname":"pathlib.Path.Self","id":0,"name":"Self","namespace":"","upper_bound":"pathlib.Path","values":[],"variance":0},"type_guard":null,"unpack_kwargs":false,"variables":[{".class":"TypeVarType","fullname":"pathlib.Path.Self","id":0,"name":"Self","namespace":"","upper_bound":"pathlib.Path","values":[],"variance":0}]}}},"absolute":{".class":"SymbolTableNode","kind":"Mdef","node":{".class":"FuncDef","abstract_status":0,"arg_kinds":[0],"arg_names":["self"],"dataclass_transform_spec":null,"flags":[],"fullname":"pathlib.Path.absolute","name":"absolute","type":{".class":"CallableType","arg_kinds":[0],"arg_names":["self"],"arg_types":[{".class":"TypeVarType","fullname":"pathlib.Path.Self","id":0,"name":"Self","namespace":"","upper_bound":"pathlib.Path","values":[],"variance":0}],"bound_args":[],"def_extras":{"first_arg":"self"},"fallback":"builtins.function","from_concatenate":false,"implicit":false,"is_ellipsis_args":false,"name":"absolute of Path","ret_type":{".class":"TypeVarType","fullname":"pathlib.Path.Self","id":0,"name":"Self","namespace":"","upper_bound":"pathlib.Path","values":[],"variance":0},"type_guard":null,"unpack_kwargs":false,"variables":[{".class":"TypeVarType","fullname":"pathlib.Path.Self","id":0,"name":"Self","namespace":"","upper_bound":"pathlib.Path","values":[],"variance":0}]}}},"chmod":{".class":"SymbolTableNode","kind":"Mdef","node":{".class":"FuncDef","abstract_status":0,"arg_kinds":[0,0,5],"arg_names":["self","mode","follow_symlinks"],"dataclass_transform_spec":null,"flags":[],"fullname":"pathlib.Path.chmod","name":"chmod","type":{".class":"CallableType","arg_kinds":[0,0,5],"arg_names":["self","mode","follow_symlinks"],"arg_types":["pathlib.Path","builtins.int","builtins.bool"],"bound_args":[],"def_extras":{"first_arg":"self"},"fallback":"builtins.function","from_concatenate":false,"implicit":false,"is_ellipsis_args":false,"name":"chmod of Path","ret_type":{".class":"NoneType"},"type_guard":null,"unpack_kwargs":false,"variables":[]}}},"cwd":{".class":"SymbolTableNode","kind":"Mdef","node":{".class":"Decorator","func":{".class":"FuncDef","abstract_status":0,"arg_kinds":[0],"arg_names":["cls"],"dataclass_transform_spec":null,"flags":["is_class","is_decorated"],"fullname":"pathlib.Path.cwd","name":"cwd","type":{".class":"CallableType","arg_kinds":[0],"arg_names":["cls"],"arg_types":[{".class":"TypeType","item":{".class":"TypeVarType","fullname":"pathlib.Path.Self","id":0,"name":"Self","namespace":"","upper_bound":"pathlib.Path","values":[],"variance":0}}],"bound_args":[],"def_extras":{"first_arg":"cls"},"fallback":"builtins.function","from_concatenate":false,"implicit":false,"is_ellipsis_args":false,"name":"cwd of Path","ret_type":{".class":"TypeVarType","fullname":"pathlib.Path.Self","id":0,"name":"Self","namespace":"","upper_bound":"pathlib.Path","values":[],"variance":0},"type_guard":null,"unpack_kwargs":false,"variables":[{".class":"TypeVarType","fullname":"pathlib.Path.Self","id":0,"name":"Self","namespace":"","upper_bound":"pathlib.Path","values":[],"variance":0}]}},"is_overload":false,"var":{".class":"Var","flags":["is_initialized_in_class","is_classmethod","is_ready","is_inferred"],"fullname":"pathlib.Path.cwd","name":"cwd","type":{".class":"CallableType","arg_kinds":[0],"arg_names":["cls"],"arg_types":[{".class":"TypeType","item":{".class":"TypeVarType","fullname":"pathlib.Path.Self","id":0,"name":"Self","namespace":"","upper_bound":"pathlib.Path","values":[],"variance":0}}],"bound_args":[],"def_extras":{"first_arg":"cls"},"fallback":"builtins.function","from_concatenate":false,"implicit":false,"is_ellipsis_args":false,"name":"cwd of Path","ret_type":{".class":"TypeVarType","fullname":"pathlib.Path.Self","id":0,"name":"Self","namespace":"","upper_bound":"pathlib.Path","values":[],"variance":0},"type_guard":null,"unpack_kwargs":false,"variables":[{".class":"TypeVarType","fullname":"pathlib.Path.Self","id":0,"name":"Self","namespace":"","upper_bound":"pathlib.Path","values":[],"variance":0}]}}}},"exists":{".class":"SymbolTableNode","kind":"Mdef","node":{".class":"FuncDef","abstract_status":0,"arg_kinds":[0],"arg_names":["self"],"dataclass_transform_spec":null,"flags":[],"fullname":"pathlib.Path.exists","name":"exists","type":{".class":"CallableType","arg_kinds":[0],"arg_names":["self"],"arg_types":["pathlib.Path"],"bound_args":[],"def_extras":{"first_arg":"self"},"fallback":"builtins.function","from_concatenate":false,"implicit":false,"is_ellipsis_args":false,"name":"exists of Path","ret_type":"builtins.bool","type_guard":null,"unpack_kwargs":false,"variables":[]}}},"expanduser":{".class":"SymbolTableNode","kind":"Mdef","node":{".class":"FuncDef","abstract_status":0,"arg_kinds":[0],"arg_names":["self"],"dataclass_transform_spec":null,"flags":[],"fullname":"pathlib.Path.expanduser","name":"expanduser","type":{".class":"CallableType","arg_kinds":[0],"arg_names":["self"],"arg_types":[{".class":"TypeVarType","fullname":"pathlib.Path.Self","id":0,"name":"Self","namespace":"","upper_bound":"pathlib.Path","values":[],"variance":0}],"bound_args":[],"def_extras":{"first_arg":"self"},"fallback":"builtins.function","from_concatenate":false,"implicit":false,"is_ellipsis_args":false,"name":"expanduser of Path","ret_type":{".class":"TypeVarType","fullname":"pathlib.Path.Self","id":0,"name":"Self","namespace":"","upper_bound":"pathlib.Path","values":[],"variance":0},"type_guard":null,"unpack_kwargs":false,"variables":[{".class":"TypeVarType","fullname":"pathlib.Path.Self","id":0,"name":"Self","namespace":"","upper_bound":"pathlib.Path","values":[],"variance":0}]}}},"glob":{".class":"SymbolTableNode","kind":"Mdef","node":{".class":"FuncDef","abstract_status":0,"arg_kinds":[0,0],"arg_names":["self","pattern"],"dataclass_transform_spec":null,"flags":[],"fullname":"pathlib.Path.glob","name":"glob","type":{".class":"CallableType","arg_kinds":[0,0],"arg_names":["self","pattern"],"arg_types":[{".class":"TypeVarType","fullname":"pathlib.Path.Self","id":0,"name":"Self","namespace":"","upper_bound":"pathlib.Path","values":[],"variance":0},"builtins.str"],"bound_args":[],"def_extras":{"first_arg":"self"},"fallback":"builtins.function","from_concatenate":false,"implicit":false,"is_ellipsis_args":false,"name":"glob of Path","ret_type":{".class":"Instance","args":[{".class":"TypeVarType","fullname":"pathlib.Path.Self","id":0,"name":"Self","namespace":"","upper_bound":"pathlib.Path","values":[],"variance":0},{".class":"NoneType"},{".class":"NoneType"}],"type_ref":"typing.Generator"},"type_guard":null,"unpack_kwargs":false,"variables":[{".class":"TypeVarType","fullname":"pathlib.Path.Self","id":0,"name":"Self","namespace":"","upper_bound":"pathlib.Path","values":[],"variance":0}]}}},"hardlink_to":{".class":"SymbolTableNode","kind":"Mdef","node":{".class":"FuncDef","abstract_status":0,"arg_kinds":[0,0],"arg_names":["self","target"],"dataclass_transform_spec":null,"flags":[],"fullname":"pathlib.Path.hardlink_to","name":"hardlink_to","type":{".class":"CallableType","arg_kinds":[0,0],"arg_names":["self","target"],"arg_types":["pathlib.Path",{".class":"TypeAliasType","args":[],"type_ref":"_typeshed.StrOrBytesPath"}],"bound_args":[],"def_extras":{"first_arg":"self"},"fallback":"builtins.function","from_concatenate":false,"implicit":false,"is_ellipsis_args":false,"name":"hardlink_to of Path","ret_type":{".class":"NoneType"},"type_guard":null,"unpack_kwargs":false,"variables":[]}}},"home":{".class":"SymbolTableNode","kind":"Mdef","node":{".class":"Decorator","func":{".class":"FuncDef","abstract_status":0,"arg_kinds":[0],"arg_names":["cls"],"dataclass_transform_spec":null,"flags":["is_class","is_decorated"],"fullname":"pathlib.Path.home","name":"home","type":{".class":"CallableType","arg_kinds":[0],"arg_names":["cls"],"arg_types":[{".class":"TypeType","item":{".class":"TypeVarType","fullname":"pathlib.Path.Self","id":0,"name":"Self","namespace":"","upper_bound":"pathlib.Path","values":[],"variance":0}}],"bound_args":[],"def_extras":{"first_arg":"cls"},"fallback":"builtins.function","from_concatenate":false,"implicit":false,"is_ellipsis_args":false,"name":"home of Path","ret_type":{".class":"TypeVarType","fullname":"pathlib.Path.Self","id":0,"name":"Self","namespace":"","upper_bound":"pathlib.Path","values":[],"variance":0},"type_guard":null,"unpack_kwargs":false,"variables":[{".class":"TypeVarType","fullname":"pathlib.Path.Self","id":0,"name":"Self","namespace":"","upper_bound":"pathlib.Path","values":[],"variance":0}]}},"is_overload":false,"var":{".class":"Var","flags":["is_initialized_in_class","is_classmethod","is_ready","is_inferred"],"fullname":"pathlib.Path.home","name":"home","type":{".class":"CallableType","arg_kinds":[0],"arg_names":["cls"],"arg_types":[{".class":"TypeType","item":{".class":"TypeVarType","fullname":"pathlib.Path.Self","id":0,"name":"Self","namespace":"","upper_bound":"pathlib.Path","values":[],"variance":0}}],"bound_args":[],"def_extras":{"first_arg":"cls"},"fallback":"builtins.function","from_concatenate":false,"implicit":false,"is_ellipsis_args":false,"name":"home of Path","ret_type":{".class":"TypeVarType","fullname":"pathlib.Path.Self","id":0,"name":"Self","namespace":"","upper_bound":"pathlib.Path","values":[],"variance":0},"type_guard":null,"unpack_kwargs":false,"variables":[{".class":"TypeVarType","fullname":"pathlib.Path.Self","id":0,"name":"Self","namespace":"","upper_bound":"pathlib.Path","values":[],"variance":0}]}}}},"is_block_device":{".class":"SymbolTableNode","kind":"Mdef","node":{".class":"FuncDef","abstract_status":0,"arg_kinds":[0],"arg_names":["self"],"dataclass_transform_spec":null,"flags":[],"fullname":"pathlib.Path.is_block_device","name":"is_block_device","type":{".class":"CallableType","arg_kinds":[0],"arg_names":["self"],"arg_types":["pathlib.Path"],"bound_args":[],"def_extras":{"first_arg":"self"},"fallback":"builtins.function","from_concatenate":false,"implicit":false,"is_ellipsis_args":false,"name":"is_block_device of Path","ret_type":"builtins.bool","type_guard":null,"unpack_kwargs":false,"variables":[]}}},"is_char_device":{".class":"SymbolTableNode","kind":"Mdef","node":{".class":"FuncDef","abstract_status":0,"arg_kinds":[0],"arg_names":["self"],"dataclass_transform_spec":null,"flags":[],"fullname":"pathlib.Path.is_char_device","name":"is_char_device","type":{".class":"CallableType","arg_kinds":[0],"arg_names":["self"],"arg_types":["pathlib.Path"],"bound_args":[],"def_extras":{"first_arg":"self"},"fallback":"builtins.function","from_concatenate":false,"implicit":false,"is_ellipsis_args":false,"name":"is_char_device of Path","ret_type":"builtins.bool","type_guard":null,"unpack_kwargs":false,"variables":[]}}},"is_dir":{".class":"SymbolTableNode","kind":"Mdef","node":{".class":"FuncDef","abstract_status":0,"arg_kinds":[0],"arg_names":["self"],"dataclass_transform_spec":null,"flags":[],"fullname":"pathlib.Path.is_dir","name":"is_dir","type":{".class":"CallableType","arg_kinds":[0],"arg_names":["self"],"arg_types":["pathlib.Path"],"bound_args":[],"def_extras":{"first_arg":"self"},"fallback":"builtins.function","from_concatenate":false,"implicit":false,"is_ellipsis_args":false,"name":"is_dir of Path","ret_type":"builtins.bool","type_guard":null,"unpack_kwargs":false,"variables":[]}}},"is_fifo":{".class":"SymbolTableNode","kind":"Mdef","node":{".class":"FuncDef","abstract_status":0,"arg_kinds":[0],"arg_names":["self"],"dataclass_transform_spec":null,"flags":[],"fullname":"pathlib.Path.is_fifo","name":"is_fifo","type":{".class":"CallableType","arg_kinds":[0],"arg_names":["self"],"arg_types":["pathlib.Path"],"bound_args":[],"def_extras":{"first_arg":"self"},"fallback":"builtins.function","from_concatenate":false,"implicit":false,"is_ellipsis_args":false,"name":"is_fifo of Path","ret_type":"builtins.bool","type_guard":null,"unpack_kwargs":false,"variables":[]}}},"is_file":{".class":"SymbolTableNode","kind":"Mdef","node":{".class":"FuncDef","abstract_status":0,"arg_kinds":[0],"arg_names":["self"],"dataclass_transform_spec":null,"flags":[],"fullname":"pathlib.Path.is_file","name":"is_file","type":{".class":"CallableType","arg_kinds":[0],"arg_names":["self"],"arg_types":["pathlib.Path"],"bound_args":[],"def_extras":{"first_arg":"self"},"fallback":"builtins.function","from_concatenate":false,"implicit":false,"is_ellipsis_args":false,"name":"is_file of Path","ret_type":"builtins.bool","type_guard":null,"unpack_kwargs":false,"variables":[]}}},"is_socket":{".class":"SymbolTableNode","kind":"Mdef","node":{".class":"FuncDef","abstract_status":0,"arg_kinds":[0],"arg_names":["self"],"dataclass_transform_spec":null,"flags":[],"fullname":"pathlib.Path.is_socket","name":"is_socket","type":{".class":"CallableType","arg_kinds":[0],"arg_names":["self"],"arg_types":["pathlib.Path"],"bound_args":[],"def_extras":{"first_arg":"self"},"fallback":"builtins.function","from_concatenate":false,"implicit":false,"is_ellipsis_args":false,"name":"is_socket of Path","ret_type":"builtins.bool","type_guard":null,"unpack_kwargs":false,"variables":[]}}},"is_symlink":{".class":"SymbolTableNode","kind":"Mdef","node":{".class":"FuncDef","abstract_status":0,"arg_kinds":[0],"arg_names":["self"],"dataclass_transform_spec":null,"flags":[],"fullname":"pathlib.Path.is_symlink","name":"is_symlink","type":{".class":"CallableType","arg_kinds":[0],"arg_names":["self"],"arg_types":["pathlib.Path"],"bound_args":[],"def_extras":{"first_arg":"self"},"fallback":"builtins.function","from_concatenate":false,"implicit":false,"is_ellipsis_args":false,"name":"is_symlink of Path","ret_type":"builtins.bool","type_guard":null,"unpack_kwargs":false,"variables":[]}}},"iterdir":{".class":"SymbolTableNode","kind":"Mdef","node":{".class":"FuncDef","abstract_status":0,"arg_kinds":[0],"arg_names":["self"],"dataclass_transform_spec":null,"flags":[],"fullname":"pathlib.Path.iterdir","name":"iterdir","type":{".class":"CallableType","arg_kinds":[0],"arg_names":["self"],"arg_types":[{".class":"TypeVarType","fullname":"pathlib.Path.Self","id":0,"name":"Self","namespace":"","upper_bound":"pathlib.Path","values":[],"variance":0}],"bound_args":[],"def_extras":{"first_arg":"self"},"fallback":"builtins.function","from_concatenate":false,"implicit":false,"is_ellipsis_args":false,"name":"iterdir of Path","ret_type":{".class":"Instance","args":[{".class":"TypeVarType","fullname":"pathlib.Path.Self","id":0,"name":"Self","namespace":"","upper_bound":"pathlib.Path","values":[],"variance":0},{".class":"NoneType"},{".class":"NoneType"}],"type_ref":"typing.Generator"},"type_guard":null,"unpack_kwargs":false,"variables":[{".class":"TypeVarType","fullname":"pathlib.Path.Self","id":0,"name":"Self","namespace":"","upper_bound":"pathlib.Path","values":[],"variance":0}]}}},"lchmod":{".class":"SymbolTableNode","kind":"Mdef","node":{".class":"FuncDef","abstract_status":0,"arg_kinds":[0,0],"arg_names":["self","mode"],"dataclass_transform_spec":null,"flags":[],"fullname":"pathlib.Path.lchmod","name":"lchmod","type":{".class":"CallableType","arg_kinds":[0,0],"arg_names":["self","mode"],"arg_types":["pathlib.Path","builtins.int"],"bound_args":[],"def_extras":{"first_arg":"self"},"fallback":"builtins.function","from_concatenate":false,"implicit":false,"is_ellipsis_args":false,"name":"lchmod of Path","ret_type":{".class":"NoneType"},"type_guard":null,"unpack_kwargs":false,"variables":[]}}},"link_to":{".class":"SymbolTableNode","kind":"Mdef","node":{".class":"FuncDef","abstract_status":0,"arg_kinds":[0,0],"arg_names":["self","target"],"dataclass_transform_spec":null,"flags":[],"fullname":"pathlib.Path.link_to","name":"link_to","type":{".class":"CallableType","arg_kinds":[0,0],"arg_names":["self","target"],"arg_types":["pathlib.Path",{".class":"TypeAliasType","args":[],"type_ref":"_typeshed.StrOrBytesPath"}],"bound_args":[],"def_extras":{"first_arg":"self"},"fallback":"builtins.function","from_concatenate":false,"implicit":false,"is_ellipsis_args":false,"name":"link_to of Path","ret_type":{".class":"NoneType"},"type_guard":null,"unpack_kwargs":false,"variables":[]}}},"lstat":{".class":"SymbolTableNode","kind":"Mdef","node":{".class":"FuncDef","abstract_status":0,"arg_kinds":[0],"arg_names":["self"],"dataclass_transform_spec":null,"flags":[],"fullname":"pathlib.Path.lstat","name":"lstat","type":{".class":"CallableType","arg_kinds":[0],"arg_names":["self"],"arg_types":["pathlib.Path"],"bound_args":[],"def_extras":{"first_arg":"self"},"fallback":"builtins.function","from_concatenate":false,"implicit":false,"is_ellipsis_args":false,"name":"lstat of Path","ret_type":{".class":"TypeAliasType","args":[],"type_ref":"os.stat_result"},"type_guard":null,"unpack_kwargs":false,"variables":[]}}},"mkdir":{".class":"SymbolTableNode","kind":"Mdef","node":{".class":"FuncDef","abstract_status":0,"arg_kinds":[0,1,1,1],"arg_names":["self","mode","parents","exist_ok"],"dataclass_transform_spec":null,"flags":[],"fullname":"pathlib.Path.mkdir","name":"mkdir","type":{".class":"CallableType","arg_kinds":[0,1,1,1],"arg_names":["self","mode","parents","exist_ok"],"arg_types":["pathlib.Path","builtins.int","builtins.bool","builtins.bool"],"bound_args":[],"def_extras":{"first_arg":"self"},"fallback":"builtins.function","from_concatenate":false,"implicit":false,"is_ellipsis_args":false,"name":"mkdir of Path","ret_type":{".class":"NoneType"},"type_guard":null,"unpack_kwargs":false,"variables":[]}}},"open":{".class":"SymbolTableNode","kind":"Mdef","node":{".class":"OverloadedFuncDef","flags":[],"fullname":"pathlib.Path.open","impl":null,"items":[{".class":"Decorator","func":{".class":"FuncDef","abstract_status":0,"arg_kinds":[0,1,1,1,1,1],"arg_names":["self","mode","buffering","encoding","errors","newline"],"dataclass_transform_spec":null,"flags":["is_overload","is_decorated"],"fullname":"pathlib.Path.open","name":"open","type":{".class":"CallableType","arg_kinds":[0,1,1,1,1,1],"arg_names":["self","mode","buffering","encoding","errors","newline"],"arg_types":["pathlib.Path",{".class":"TypeAliasType","args":[],"type_ref":"_typeshed.OpenTextMode"},"builtins.int",{".class":"UnionType","items":["builtins.str",{".class":"NoneType"}]},{".class":"UnionType","items":["builtins.str",{".class":"NoneType"}]},{".class":"UnionType","items":["builtins.str",{".class":"NoneType"}]}],"bound_args":[],"def_extras":{"first_arg":"self"},"fallback":"builtins.function","from_concatenate":false,"implicit":false,"is_ellipsis_args":false,"name":"open of Path","ret_type":"io.TextIOWrapper","type_guard":null,"unpack_kwargs":false,"variables":[]}},"is_overload":true,"var":{".class":"Var","flags":["is_inferred"],"fullname":"pathlib.Path.open","name":"open","type":null}},{".class":"Decorator","func":{".class":"FuncDef","abstract_status":0,"arg_kinds":[0,0,0,1,1,1],"arg_names":["self","mode","buffering","encoding","errors","newline"],"dataclass_transform_spec":null,"flags":["is_overload","is_decorated"],"fullname":"pathlib.Path.open","name":"open","type":{".class":"CallableType","arg_kinds":[0,0,0,1,1,1],"arg_names":["self","mode","buffering","encoding","errors","newline"],"arg_types":["pathlib.Path",{".class":"TypeAliasType","args":[],"type_ref":"_typeshed.OpenBinaryMode"},{".class":"LiteralType","fallback":"builtins.int","value":0},{".class":"NoneType"},{".class":"NoneType"},{".class":"NoneType"}],"bound_args":[],"def_extras":{"first_arg":"self"},"fallback":"builtins.function","from_concatenate":false,"implicit":false,"is_ellipsis_args":false,"name":"open of Path","ret_type":"io.FileIO","type_guard":null,"unpack_kwargs":false,"variables":[]}},"is_overload":true,"var":{".class":"Var","flags":["is_inferred"],"fullname":"pathlib.Path.open","name":"open","type":null}},{".class":"Decorator","func":{".class":"FuncDef","abstract_status":0,"arg_kinds":[0,0,1,1,1,1],"arg_names":["self","mode","buffering","encoding","errors","newline"],"dataclass_transform_spec":null,"flags":["is_overload","is_decorated"],"fullname":"pathlib.Path.open","name":"open","type":{".class":"CallableType","arg_kinds":[0,0,1,1,1,1],"arg_names":["self","mode","buffering","encoding","errors","newline"],"arg_types":["pathlib.Path",{".class":"TypeAliasType","args":[],"type_ref":"_typeshed.OpenBinaryModeUpdating"},{".class":"UnionType","items":[{".class":"LiteralType","fallback":"builtins.int","value":-1},{".class":"LiteralType","fallback":"builtins.int","value":1}]},{".class":"NoneType"},{".class":"NoneType"},{".class":"NoneType"}],"bound_args":[],"def_extras":{"first_arg":"self"},"fallback":"builtins.function","from_concatenate":false,"implicit":false,"is_ellipsis_args":false,"name":"open of Path","ret_type":"io.BufferedRandom","type_guard":null,"unpack_kwargs":false,"variables":[]}},"is_overload":true,"var":{".class":"Var","flags":["is_inferred"],"fullname":"pathlib.Path.open","name":"open","type":null}},{".class":"Decorator","func":{".class":"FuncDef","abstract_status":0,"arg_kinds":[0,0,1,1,1,1],"arg_names":["self","mode","buffering","encoding","errors","newline"],"dataclass_transform_spec":null,"flags":["is_overload","is_decorated"],"fullname":"pathlib.Path.open","name":"open","type":{".class":"CallableType","arg_kinds":[0,0,1,1,1,1],"arg_names":["self","mode","buffering","encoding","errors","newline"],"arg_types":["pathlib.Path",{".class":"TypeAliasType","args":[],"type_ref":"_typeshed.OpenBinaryModeWriting"},{".class":"UnionType","items":[{".class":"LiteralType","fallback":"builtins.int","value":-1},{".class":"LiteralType","fallback":"builtins.int","value":1}]},{".class":"NoneType"},{".class":"NoneType"},{".class":"NoneType"}],"bound_args":[],"def_extras":{"first_arg":"self"},"fallback":"builtins.function","from_concatenate":false,"implicit":false,"is_ellipsis_args":false,"name":"open of Path","ret_type":"io.BufferedWriter","type_guard":null,"unpack_kwargs":false,"variables":[]}},"is_overload":true,"var":{".class":"Var","flags":["is_inferred"],"fullname":"pathlib.Path.open","name":"open","type":null}},{".class":"Decorator","func":{".class":"FuncDef","abstract_status":0,"arg_kinds":[0,0,1,1,1,1],"arg_names":["self","mode","buffering","encoding","errors","newline"],"dataclass_transform_spec":null,"flags":["is_overload","is_decorated"],"fullname":"pathlib.Path.open","name":"open","type":{".class":"CallableType","arg_kinds":[0,0,1,1,1,1],"arg_names":["self","mode","buffering","encoding","errors","newline"],"arg_types":["pathlib.Path",{".class":"TypeAliasType","args":[],"type_ref":"_typeshed.OpenBinaryModeReading"},{".class":"UnionType","items":[{".class":"LiteralType","fallback":"builtins.int","value":-1},{".class":"LiteralType","fallback":"builtins.int","value":1}]},{".class":"NoneType"},{".class":"NoneType"},{".class":"NoneType"}],"bound_args":[],"def_extras":{"first_arg":"self"},"fallback":"builtins.function","from_concatenate":false,"implicit":false,"is_ellipsis_args":false,"name":"open of Path","ret_type":"io.BufferedReader","type_guard":null,"unpack_kwargs":false,"variables":[]}},"is_overload":true,"var":{".class":"Var","flags":["is_inferred"],"fullname":"pathlib.Path.open","name":"open","type":null}},{".class":"Decorator","func":{".class":"FuncDef","abstract_status":0,"arg_kinds":[0,0,1,1,1,1],"arg_names":["self","mode","buffering","encoding","errors","newline"],"dataclass_transform_spec":null,"flags":["is_overload","is_decorated"],"fullname":"pathlib.Path.open","name":"open","type":{".class":"CallableType","arg_kinds":[0,0,1,1,1,1],"arg_names":["self","mode","buffering","encoding","errors","newline"],"arg_types":["pathlib.Path",{".class":"TypeAliasType","args":[],"type_ref":"_typeshed.OpenBinaryMode"},"builtins.int",{".class":"NoneType"},{".class":"NoneType"},{".class":"NoneType"}],"bound_args":[],"def_extras":{"first_arg":"self"},"fallback":"builtins.function","from_concatenate":false,"implicit":false,"is_ellipsis_args":false,"name":"open of Path","ret_type":"typing.BinaryIO","type_guard":null,"unpack_kwargs":false,"variables":[]}},"is_overload":true,"var":{".class":"Var","flags":["is_inferred"],"fullname":"pathlib.Path.open","name":"open","type":null}},{".class":"Decorator","func":{".class":"FuncDef","abstract_status":0,"arg_kinds":[0,0,1,1,1,1],"arg_names":["self","mode","buffering","encoding","errors","newline"],"dataclass_transform_spec":null,"flags":["is_overload","is_decorated"],"fullname":"pathlib.Path.open","name":"open","type":{".class":"CallableType","arg_kinds":[0,0,1,1,1,1],"arg_names":["self","mode","buffering","encoding","errors","newline"],"arg_types":["pathlib.Path","builtins.str","builtins.int",{".class":"UnionType","items":["builtins.str",{".class":"NoneType"}]},{".class":"UnionType","items":["builtins.str",{".class":"NoneType"}]},{".class":"UnionType","items":["builtins.str",{".class":"NoneType"}]}],"bound_args":[],"def_extras":{"first_arg":"self"},"fallback":"builtins.function","from_concatenate":false,"implicit":false,"is_ellipsis_args":false,"name":"open of Path","ret_type":{".class":"Instance","args":[{".class":"AnyType","missing_import_name":null,"source_any":null,"type_of_any":2}],"type_ref":"typing.IO"},"type_guard":null,"unpack_kwargs":false,"variables":[]}},"is_overload":true,"var":{".class":"Var","flags":["is_inferred"],"fullname":"pathlib.Path.open","name":"open","type":null}}],"type":{".class":"Overloaded","items":[{".class":"CallableType","arg_kinds":[0,1,1,1,1,1],"arg_names":["self","mode","buffering","encoding","errors","newline"],"arg_types":["pathlib.Path",{".class":"TypeAliasType","args":[],"type_ref":"_typeshed.OpenTextMode"},"builtins.int",{".class":"UnionType","items":["builtins.str",{".class":"NoneType"}]},{".class":"UnionType","items":["builtins.str",{".class":"NoneType"}]},{".class":"UnionType","items":["builtins.str",{".class":"NoneType"}]}],"bound_args":[],"def_extras":{"first_arg":"self"},"fallback":"builtins.function","from_concatenate":false,"implicit":false,"is_ellipsis_args":false,"name":"open of Path","ret_type":"io.TextIOWrapper","type_guard":null,"unpack_kwargs":false,"variables":[]},{".class":"CallableType","arg_kinds":[0,0,0,1,1,1],"arg_names":["self","mode","buffering","encoding","errors","newline"],"arg_types":["pathlib.Path",{".class":"TypeAliasType","args":[],"type_ref":"_typeshed.OpenBinaryMode"},{".class":"LiteralType","fallback":"builtins.int","value":0},{".class":"NoneType"},{".class":"NoneType"},{".class":"NoneType"}],"bound_args":[],"def_extras":{"first_arg":"self"},"fallback":"builtins.function","from_concatenate":false,"implicit":false,"is_ellipsis_args":false,"name":"open of Path","ret_type":"io.FileIO","type_guard":null,"unpack_kwargs":false,"variables":[]},{".class":"CallableType","arg_kinds":[0,0,1,1,1,1],"arg_names":["self","mode","buffering","encoding","errors","newline"],"arg_types":["pathlib.Path",{".class":"TypeAliasType","args":[],"type_ref":"_typeshed.OpenBinaryModeUpdating"},{".class":"UnionType","items":[{".class":"LiteralType","fallback":"builtins.int","value":-1},{".class":"LiteralType","fallback":"builtins.int","value":1}]},{".class":"NoneType"},{".class":"NoneType"},{".class":"NoneType"}],"bound_args":[],"def_extras":{"first_arg":"self"},"fallback":"builtins.function","from_concatenate":false,"implicit":false,"is_ellipsis_args":false,"name":"open of Path","ret_type":"io.BufferedRandom","type_guard":null,"unpack_kwargs":false,"variables":[]},{".class":"CallableType","arg_kinds":[0,0,1,1,1,1],"arg_names":["self","mode","buffering","encoding","errors","newline"],"arg_types":["pathlib.Path",{".class":"TypeAliasType","args":[],"type_ref":"_typeshed.OpenBinaryModeWriting"},{".class":"UnionType","items":[{".class":"LiteralType","fallback":"builtins.int","value":-1},{".class":"LiteralType","fallback":"builtins.int","value":1}]},{".class":"NoneType"},{".class":"NoneType"},{".class":"NoneType"}],"bound_args":[],"def_extras":{"first_arg":"self"},"fallback":"builtins.function","from_concatenate":false,"implicit":false,"is_ellipsis_args":false,"name":"open of Path","ret_type":"io.BufferedWriter","type_guard":null,"unpack_kwargs":false,"variables":[]},{".class":"CallableType","arg_kinds":[0,0,1,1,1,1],"arg_names":["self","mode","buffering","encoding","errors","newline"],"arg_types":["pathlib.Path",{".class":"TypeAliasType","args":[],"type_ref":"_typeshed.OpenBinaryModeReading"},{".class":"UnionType","items":[{".class":"LiteralType","fallback":"builtins.int","value":-1},{".class":"LiteralType","fallback":"builtins.int","value":1}]},{".class":"NoneType"},{".class":"NoneType"},{".class":"NoneType"}],"bound_args":[],"def_extras":{"first_arg":"self"},"fallback":"builtins.function","from_concatenate":false,"implicit":false,"is_ellipsis_args":false,"name":"open of Path","ret_type":"io.BufferedReader","type_guard":null,"unpack_kwargs":false,"variables":[]},{".class":"CallableType","arg_kinds":[0,0,1,1,1,1],"arg_names":["self","mode","buffering","encoding","errors","newline"],"arg_types":["pathlib.Path",{".class":"TypeAliasType","args":[],"type_ref":"_typeshed.OpenBinaryMode"},"builtins.int",{".class":"NoneType"},{".class":"NoneType"},{".class":"NoneType"}],"bound_args":[],"def_extras":{"first_arg":"self"},"fallback":"builtins.function","from_concatenate":false,"implicit":false,"is_ellipsis_args":false,"name":"open of Path","ret_type":"typing.BinaryIO","type_guard":null,"unpack_kwargs":false,"variables":[]},{".class":"CallableType","arg_kinds":[0,0,1,1,1,1],"arg_names":["self","mode","buffering","encoding","errors","newline"],"arg_types":["pathlib.Path","builtins.str","builtins.int",{".class":"UnionType","items":["builtins.str",{".class":"NoneType"}]},{".class":"UnionType","items":["builtins.str",{".class":"NoneType"}]},{".class":"UnionType","items":["builtins.str",{".class":"NoneType"}]}],"bound_args":[],"def_extras":{"first_arg":"self"},"fallback":"builtins.function","from_concatenate":false,"implicit":false,"is_ellipsis_args":false,"name":"open of Path","ret_type":{".class":"Instance","args":[{".class":"AnyType","missing_import_name":null,"source_any":null,"type_of_any":2}],"type_ref":"typing.IO"},"type_guard":null,"unpack_kwargs":false,"variables":[]}]}}},"read_bytes":{".class":"SymbolTableNode","kind":"Mdef","node":{".class":"FuncDef","abstract_status":0,"arg_kinds":[0],"arg_names":["self"],"dataclass_transform_spec":null,"flags":[],"fullname":"pathlib.Path.read_bytes","name":"read_bytes","type":{".class":"CallableType","arg_kinds":[0],"arg_names":["self"],"arg_types":["pathlib.Path"],"bound_args":[],"def_extras":{"first_arg":"self"},"fallback":"builtins.function","from_concatenate":false,"implicit":false,"is_ellipsis_args":false,"name":"read_bytes of Path","ret_type":"builtins.bytes","type_guard":null,"unpack_kwargs":false,"variables":[]}}},"read_text":{".class":"SymbolTableNode","kind":"Mdef","node":{".class":"FuncDef","abstract_status":0,"arg_kinds":[0,1,1],"arg_names":["self","encoding","errors"],"dataclass_transform_spec":null,"flags":[],"fullname":"pathlib.Path.read_text","name":"read_text","type":{".class":"CallableType","arg_kinds":[0,1,1],"arg_names":["self","encoding","errors"],"arg_types":["pathlib.Path",{".class":"UnionType","items":["builtins.str",{".class":"NoneType"}]},{".class":"UnionType","items":["builtins.str",{".class":"NoneType"}]}],"bound_args":[],"def_extras":{"first_arg":"self"},"fallback":"builtins.function","from_concatenate":false,"implicit":false,"is_ellipsis_args":false,"name":"read_text of Path","ret_type":"builtins.str","type_guard":null,"unpack_kwargs":false,"variables":[]}}},"readlink":{".class":"SymbolTableNode","kind":"Mdef","node":{".class":"FuncDef","abstract_status":0,"arg_kinds":[0],"arg_names":["self"],"dataclass_transform_spec":null,"flags":[],"fullname":"pathlib.Path.readlink","name":"readlink","type":{".class":"CallableType","arg_kinds":[0],"arg_names":["self"],"arg_types":[{".class":"TypeVarType","fullname":"pathlib.Path.Self","id":0,"name":"Self","namespace":"","upper_bound":"pathlib.Path","values":[],"variance":0}],"bound_args":[],"def_extras":{"first_arg":"self"},"fallback":"builtins.function","from_concatenate":false,"implicit":false,"is_ellipsis_args":false,"name":"readlink of Path","ret_type":{".class":"TypeVarType","fullname":"pathlib.Path.Self","id":0,"name":"Self","namespace":"","upper_bound":"pathlib.Path","values":[],"variance":0},"type_guard":null,"unpack_kwargs":false,"variables":[{".class":"TypeVarType","fullname":"pathlib.Path.Self","id":0,"name":"Self","namespace":"","upper_bound":"pathlib.Path","values":[],"variance":0}]}}},"rename":{".class":"SymbolTableNode","kind":"Mdef","node":{".class":"FuncDef","abstract_status":0,"arg_kinds":[0,0],"arg_names":["self","target"],"dataclass_transform_spec":null,"flags":[],"fullname":"pathlib.Path.rename","name":"rename","type":{".class":"CallableType","arg_kinds":[0,0],"arg_names":["self","target"],"arg_types":[{".class":"TypeVarType","fullname":"pathlib.Path.Self","id":0,"name":"Self","namespace":"","upper_bound":"pathlib.Path","values":[],"variance":0},{".class":"UnionType","items":["builtins.str","pathlib.PurePath"]}],"bound_args":[],"def_extras":{"first_arg":"self"},"fallback":"builtins.function","from_concatenate":false,"implicit":false,"is_ellipsis_args":false,"name":"rename of Path","ret_type":{".class":"TypeVarType","fullname":"pathlib.Path.Self","id":0,"name":"Self","namespace":"","upper_bound":"pathlib.Path","values":[],"variance":0},"type_guard":null,"unpack_kwargs":false,"variables":[{".class":"TypeVarType","fullname":"pathlib.Path.Self","id":0,"name":"Self","namespace":"","upper_bound":"pathlib.Path","values":[],"variance":0}]}}},"replace":{".class":"SymbolTableNode","kind":"Mdef","node":{".class":"FuncDef","abstract_status":0,"arg_kinds":[0,0],"arg_names":["self","target"],"dataclass_transform_spec":null,"flags":[],"fullname":"pathlib.Path.replace","name":"replace","type":{".class":"CallableType","arg_kinds":[0,0],"arg_names":["self","target"],"arg_types":[{".class":"TypeVarType","fullname":"pathlib.Path.Self","id":0,"name":"Self","namespace":"","upper_bound":"pathlib.Path","values":[],"variance":0},{".class":"UnionType","items":["builtins.str","pathlib.PurePath"]}],"bound_args":[],"def_extras":{"first_arg":"self"},"fallback":"builtins.function","from_concatenate":false,"implicit":false,"is_ellipsis_args":false,"name":"replace of Path","ret_type":{".class":"TypeVarType","fullname":"pathlib.Path.Self","id":0,"name":"Self","namespace":"","upper_bound":"pathlib.Path","values":[],"variance":0},"type_guard":null,"unpack_kwargs":false,"variables":[{".class":"TypeVarType","fullname":"pathlib.Path.Self","id":0,"name":"Self","namespace":"","upper_bound":"pathlib.Path","values":[],"variance":0}]}}},"resolve":{".class":"SymbolTableNode","kind":"Mdef","node":{".class":"FuncDef","abstract_status":0,"arg_kinds":[0,1],"arg_names":["self","strict"],"dataclass_transform_spec":null,"flags":[],"fullname":"pathlib.Path.resolve","name":"resolve","type":{".class":"CallableType","arg_kinds":[0,1],"arg_names":["self","strict"],"arg_types":[{".class":"TypeVarType","fullname":"pathlib.Path.Self","id":0,"name":"Self","namespace":"","upper_bound":"pathlib.Path","values":[],"variance":0},"builtins.bool"],"bound_args":[],"def_extras":{"first_arg":"self"},"fallback":"builtins.function","from_concatenate":false,"implicit":false,"is_ellipsis_args":false,"name":"resolve of Path","ret_type":{".class":"TypeVarType","fullname":"pathlib.Path.Self","id":0,"name":"Self","namespace":"","upper_bound":"pathlib.Path","values":[],"variance":0},"type_guard":null,"unpack_kwargs":false,"variables":[{".class":"TypeVarType","fullname":"pathlib.Path.Self","id":0,"name":"Self","namespace":"","upper_bound":"pathlib.Path","values":[],"variance":0}]}}},"rglob":{".class":"SymbolTableNode","kind":"Mdef","node":{".class":"FuncDef","abstract_status":0,"arg_kinds":[0,0],"arg_names":["self","pattern"],"dataclass_transform_spec":null,"flags":[],"fullname":"pathlib.Path.rglob","name":"rglob","type":{".class":"CallableType","arg_kinds":[0,0],"arg_names":["self","pattern"],"arg_types":[{".class":"TypeVarType","fullname":"pathlib.Path.Self","id":0,"name":"Self","namespace":"","upper_bound":"pathlib.Path","values":[],"variance":0},"builtins.str"],"bound_args":[],"def_extras":{"first_arg":"self"},"fallback":"builtins.function","from_concatenate":false,"implicit":false,"is_ellipsis_args":false,"name":"rglob of Path","ret_type":{".class":"Instance","args":[{".class":"TypeVarType","fullname":"pathlib.Path.Self","id":0,"name":"Self","namespace":"","upper_bound":"pathlib.Path","values":[],"variance":0},{".class":"NoneType"},{".class":"NoneType"}],"type_ref":"typing.Generator"},"type_guard":null,"unpack_kwargs":false,"variables":[{".class":"TypeVarType","fullname":"pathlib.Path.Self","id":0,"name":"Self","namespace":"","upper_bound":"pathlib.Path","values":[],"variance":0}]}}},"rmdir":{".class":"SymbolTableNode","kind":"Mdef","node":{".class":"FuncDef","abstract_status":0,"arg_kinds":[0],"arg_names":["self"],"dataclass_transform_spec":null,"flags":[],"fullname":"pathlib.Path.rmdir","name":"rmdir","type":{".class":"CallableType","arg_kinds":[0],"arg_names":["self"],"arg_types":["pathlib.Path"],"bound_args":[],"def_extras":{"first_arg":"self"},"fallback":"builtins.function","from_concatenate":false,"implicit":false,"is_ellipsis_args":false,"name":"rmdir of Path","ret_type":{".class":"NoneType"},"type_guard":null,"unpack_kwargs":false,"variables":[]}}},"samefile":{".class":"SymbolTableNode","kind":"Mdef","node":{".class":"FuncDef","abstract_status":0,"arg_kinds":[0,0],"arg_names":["self","other_path"],"dataclass_transform_spec":null,"flags":[],"fullname":"pathlib.Path.samefile","name":"samefile","type":{".class":"CallableType","arg_kinds":[0,0],"arg_names":["self","other_path"],"arg_types":["pathlib.Path",{".class":"TypeAliasType","args":[],"type_ref":"_typeshed.StrPath"}],"bound_args":[],"def_extras":{"first_arg":"self"},"fallback":"builtins.function","from_concatenate":false,"implicit":false,"is_ellipsis_args":false,"name":"samefile of Path","ret_type":"builtins.bool","type_guard":null,"unpack_kwargs":false,"variables":[]}}},"stat":{".class":"SymbolTableNode","kind":"Mdef","node":{".class":"FuncDef","abstract_status":0,"arg_kinds":[0,5],"arg_names":["self","follow_symlinks"],"dataclass_transform_spec":null,"flags":[],"fullname":"pathlib.Path.stat","name":"stat","type":{".class":"CallableType","arg_kinds":[0,5],"arg_names":["self","follow_symlinks"],"arg_types":["pathlib.Path","builtins.bool"],"bound_args":[],"def_extras":{"first_arg":"self"},"fallback":"builtins.function","from_concatenate":false,"implicit":false,"is_ellipsis_args":false,"name":"stat of Path","ret_type":{".class":"TypeAliasType","args":[],"type_ref":"os.stat_result"},"type_guard":null,"unpack_kwargs":false,"variables":[]}}},"symlink_to":{".class":"SymbolTableNode","kind":"Mdef","node":{".class":"FuncDef","abstract_status":0,"arg_kinds":[0,0,1],"arg_names":["self","target","target_is_directory"],"dataclass_transform_spec":null,"flags":[],"fullname":"pathlib.Path.symlink_to","name":"symlink_to","type":{".class":"CallableType","arg_kinds":[0,0,1],"arg_names":["self","target","target_is_directory"],"arg_types":["pathlib.Path",{".class":"TypeAliasType","args":[],"type_ref":"_typeshed.StrOrBytesPath"},"builtins.bool"],"bound_args":[],"def_extras":{"first_arg":"self"},"fallback":"builtins.function","from_concatenate":false,"implicit":false,"is_ellipsis_args":false,"name":"symlink_to of Path","ret_type":{".class":"NoneType"},"type_guard":null,"unpack_kwargs":false,"variables":[]}}},"touch":{".class":"SymbolTableNode","kind":"Mdef","node":{".class":"FuncDef","abstract_status":0,"arg_kinds":[0,1,1],"arg_names":["self","mode","exist_ok"],"dataclass_transform_spec":null,"flags":[],"fullname":"pathlib.Path.touch","name":"touch","type":{".class":"CallableType","arg_kinds":[0,1,1],"arg_names":["self","mode","exist_ok"],"arg_types":["pathlib.Path","builtins.int","builtins.bool"],"bound_args":[],"def_extras":{"first_arg":"self"},"fallback":"builtins.function","from_concatenate":false,"implicit":false,"is_ellipsis_args":false,"name":"touch of Path","ret_type":{".class":"NoneType"},"type_guard":null,"unpack_kwargs":false,"variables":[]}}},"unlink":{".class":"SymbolTableNode","kind":"Mdef","node":{".class":"FuncDef","abstract_status":0,"arg_kinds":[0,1],"arg_names":["self","missing_ok"],"dataclass_transform_spec":null,"flags":[],"fullname":"pathlib.Path.unlink","name":"unlink","type":{".class":"CallableType","arg_kinds":[0,1],"arg_names":["self","missing_ok"],"arg_types":["pathlib.Path","builtins.bool"],"bound_args":[],"def_extras":{"first_arg":"self"},"fallback":"builtins.function","from_concatenate":false,"implicit":false,"is_ellipsis_args":false,"name":"unlink of Path","ret_type":{".class":"NoneType"},"type_guard":null,"unpack_kwargs":false,"variables":[]}}},"write_bytes":{".class":"SymbolTableNode","kind":"Mdef","node":{".class":"FuncDef","abstract_status":0,"arg_kinds":[0,0],"arg_names":["self","data"],"dataclass_transform_spec":null,"flags":[],"fullname":"pathlib.Path.write_bytes","name":"write_bytes","type":{".class":"CallableType","arg_kinds":[0,0],"arg_names":["self","data"],"arg_types":["pathlib.Path",{".class":"TypeAliasType","args":[],"type_ref":"_typeshed.ReadableBuffer"}],"bound_args":[],"def_extras":{"first_arg":"self"},"fallback":"builtins.function","from_concatenate":false,"implicit":false,"is_ellipsis_args":false,"name":"write_bytes of Path","ret_type":"builtins.int","type_guard":null,"unpack_kwargs":false,"variables":[]}}},"write_text":{".class":"SymbolTableNode","kind":"Mdef","node":{".class":"FuncDef","abstract_status":0,"arg_kinds":[0,0,1,1,1],"arg_names":["self","data","encoding","errors","newline"],"dataclass_transform_spec":null,"flags":[],"fullname":"pathlib.Path.write_text","name":"write_text","type":{".class":"CallableType","arg_kinds":[0,0,1,1,1],"arg_names":["self","data","encoding","errors","newline"],"arg_types":["pathlib.Path","builtins.str",{".class":"UnionType","items":["builtins.str",{".class":"NoneType"}]},{".class":"UnionType","items":["builtins.str",{".class":"NoneType"}]},{".class":"UnionType","items":["builtins.str",{".class":"NoneType"}]}],"bound_args":[],"def_extras":{"first_arg":"self"},"fallback":"builtins.function","from_concatenate":false,"implicit":false,"is_ellipsis_args":false,"name":"write_text of Path","ret_type":"builtins.int","type_guard":null,"unpack_kwargs":false,"variables":[]}}}},"self_type":{".class":"TypeVarType","fullname":"pathlib.Path.Self","id":0,"name":"Self","namespace":"","upper_bound":"pathlib.Path","values":[],"variance":0},"slots":null,"tuple_type":null,"type_vars":[],"typeddict_type":null}},"PathLike":{".class":"SymbolTableNode","cross_ref":"os.PathLike","kind":"Gdef","module_hidden":true,"module_public":false},"PosixPath":{".class":"SymbolTableNode","kind":"Gdef","node":{".class":"TypeInfo","_promote":[],"abstract_attributes":[],"alt_promote":null,"bases":["pathlib.Path","pathlib.PurePosixPath"],"dataclass_transform_spec":null,"declared_metaclass":null,"defn":{".class":"ClassDef","fullname":"pathlib.PosixPath","name":"PosixPath","type_vars":[]},"deletable_attributes":[],"flags":[],"fullname":"pathlib.PosixPath","has_param_spec_type":false,"metaclass_type":"abc.ABCMeta","metadata":{},"module_name":"pathlib","mro":["pathlib.PosixPath","pathlib.Path","pathlib.PurePosixPath","pathlib.PurePath","os.PathLike","builtins.object"],"names":{".class":"SymbolTable"},"self_type":null,"slots":null,"tuple_type":null,"type_vars":[],"typeddict_type":null}},"PurePath":{".class":"SymbolTableNode","kind":"Gdef","node":{".class":"TypeInfo","_promote":[],"abstract_attributes":[],"alt_promote":null,"bases":[{".class":"Instance","args":["builtins.str"],"type_ref":"os.PathLike"}],"dataclass_transform_spec":null,"declared_metaclass":null,"defn":{".class":"ClassDef","fullname":"pathlib.PurePath","name":"PurePath","type_vars":[]},"deletable_attributes":[],"flags":[],"fullname":"pathlib.PurePath","has_param_spec_type":false,"metaclass_type":"abc.ABCMeta","metadata":{},"module_name":"pathlib","mro":["pathlib.PurePath","os.PathLike","builtins.object"],"names":{".class":"SymbolTable","__bytes__":{".class":"SymbolTableNode","kind":"Mdef","node":{".class":"FuncDef","abstract_status":0,"arg_kinds":[0],"arg_names":["self"],"dataclass_transform_spec":null,"flags":[],"fullname":"pathlib.PurePath.__bytes__","name":"__bytes__","type":{".class":"CallableType","arg_kinds":[0],"arg_names":["self"],"arg_types":["pathlib.PurePath"],"bound_args":[],"def_extras":{"first_arg":"self"},"fallback":"builtins.function","from_concatenate":false,"implicit":false,"is_ellipsis_args":false,"name":"__bytes__ of PurePath","ret_type":"builtins.bytes","type_guard":null,"unpack_kwargs":false,"variables":[]}}},"__eq__":{".class":"SymbolTableNode","kind":"Mdef","node":{".class":"FuncDef","abstract_status":0,"arg_kinds":[0,0],"arg_names":[null,null],"dataclass_transform_spec":null,"flags":[],"fullname":"pathlib.PurePath.__eq__","name":"__eq__","type":{".class":"CallableType","arg_kinds":[0,0],"arg_names":[null,null],"arg_types":["pathlib.PurePath","builtins.object"],"bound_args":[],"def_extras":{"first_arg":"self"},"fallback":"builtins.function","from_concatenate":false,"implicit":false,"is_ellipsis_args":false,"name":"__eq__ of PurePath","ret_type":"builtins.bool","type_guard":null,"unpack_kwargs":false,"variables":[]}}},"__fspath__":{".class":"SymbolTableNode","kind":"Mdef","node":{".class":"FuncDef","abstract_status":0,"arg_kinds":[0],"arg_names":["self"],"dataclass_transform_spec":null,"flags":[],"fullname":"pathlib.PurePath.__fspath__","name":"__fspath__","type":{".class":"CallableType","arg_kinds":[0],"arg_names":["self"],"arg_types":["pathlib.PurePath"],"bound_args":[],"def_extras":{"first_arg":"self"},"fallback":"builtins.function","from_concatenate":false,"implicit":false,"is_ellipsis_args":false,"name":"__fspath__ of PurePath","ret_type":"builtins.str","type_guard":null,"unpack_kwargs":false,"variables":[]}}},"__ge__":{".class":"SymbolTableNode","kind":"Mdef","node":{".class":"FuncDef","abstract_status":0,"arg_kinds":[0,0],"arg_names":[null,null],"dataclass_transform_spec":null,"flags":[],"fullname":"pathlib.PurePath.__ge__","name":"__ge__","type":{".class":"CallableType","arg_kinds":[0,0],"arg_names":[null,null],"arg_types":["pathlib.PurePath","pathlib.PurePath"],"bound_args":[],"def_extras":{"first_arg":"self"},"fallback":"builtins.function","from_concatenate":false,"implicit":false,"is_ellipsis_args":false,"name":"__ge__ of PurePath","ret_type":"builtins.bool","type_guard":null,"unpack_kwargs":false,"variables":[]}}},"__gt__":{".class":"SymbolTableNode","kind":"Mdef","node":{".class":"FuncDef","abstract_status":0,"arg_kinds":[0,0],"arg_names":[null,null],"dataclass_transform_spec":null,"flags":[],"fullname":"pathlib.PurePath.__gt__","name":"__gt__","type":{".class":"CallableType","arg_kinds":[0,0],"arg_names":[null,null],"arg_types":["pathlib.PurePath","pathlib.PurePath"],"bound_args":[],"def_extras":{"first_arg":"self"},"fallback":"builtins.function","from_concatenate":false,"implicit":false,"is_ellipsis_args":false,"name":"__gt__ of PurePath","ret_type":"builtins.bool","type_guard":null,"unpack_kwargs":false,"variables":[]}}},"__le__":{".class":"SymbolTableNode","kind":"Mdef","node":{".class":"FuncDef","abstract_status":0,"arg_kinds":[0,0],"arg_names":[null,null],"dataclass_transform_spec":null,"flags":[],"fullname":"pathlib.PurePath.__le__","name":"__le__","type":{".class":"CallableType","arg_kinds":[0,0],"arg_names":[null,null],"arg_types":["pathlib.PurePath","pathlib.PurePath"],"bound_args":[],"def_extras":{"first_arg":"self"},"fallback":"builtins.function","from_concatenate":false,"implicit":false,"is_ellipsis_args":false,"name":"__le__ of PurePath","ret_type":"builtins.bool","type_guard":null,"unpack_kwargs":false,"variables":[]}}},"__lt__":{".class":"SymbolTableNode","kind":"Mdef","node":{".class":"FuncDef","abstract_status":0,"arg_kinds":[0,0],"arg_names":[null,null],"dataclass_transform_spec":null,"flags":[],"fullname":"pathlib.PurePath.__lt__","name":"__lt__","type":{".class":"CallableType","arg_kinds":[0,0],"arg_names":[null,null],"arg_types":["pathlib.PurePath","pathlib.PurePath"],"bound_args":[],"def_extras":{"first_arg":"self"},"fallback":"builtins.function","from_concatenate":false,"implicit":false,"is_ellipsis_args":false,"name":"__lt__ of PurePath","ret_type":"builtins.bool","type_guard":null,"unpack_kwargs":false,"variables":[]}}},"__new__":{".class":"SymbolTableNode","kind":"Mdef","node":{".class":"FuncDef","abstract_status":0,"arg_kinds":[0,2],"arg_names":["cls","args"],"dataclass_transform_spec":null,"flags":[],"fullname":"pathlib.PurePath.__new__","name":"__new__","type":{".class":"CallableType","arg_kinds":[0,2],"arg_names":["cls","args"],"arg_types":[{".class":"TypeType","item":{".class":"TypeVarType","fullname":"pathlib.PurePath.Self","id":0,"name":"Self","namespace":"","upper_bound":"pathlib.PurePath","values":[],"variance":0}},{".class":"TypeAliasType","args":[],"type_ref":"_typeshed.StrPath"}],"bound_args":[],"def_extras":{"first_arg":"cls"},"fallback":"builtins.function","from_concatenate":false,"implicit":false,"is_ellipsis_args":false,"name":"__new__ of PurePath","ret_type":{".class":"TypeVarType","fullname":"pathlib.PurePath.Self","id":0,"name":"Self","namespace":"","upper_bound":"pathlib.PurePath","values":[],"variance":0},"type_guard":null,"unpack_kwargs":false,"variables":[{".class":"TypeVarType","fullname":"pathlib.PurePath.Self","id":0,"name":"Self","namespace":"","upper_bound":"pathlib.PurePath","values":[],"variance":0}]}}},"__rtruediv__":{".class":"SymbolTableNode","kind":"Mdef","node":{".class":"FuncDef","abstract_status":0,"arg_kinds":[0,0],"arg_names":[null,null],"dataclass_transform_spec":null,"flags":[],"fullname":"pathlib.PurePath.__rtruediv__","name":"__rtruediv__","type":{".class":"CallableType","arg_kinds":[0,0],"arg_names":[null,null],"arg_types":[{".class":"TypeVarType","fullname":"pathlib.PurePath.Self","id":0,"name":"Self","namespace":"","upper_bound":"pathlib.PurePath","values":[],"variance":0},{".class":"TypeAliasType","args":[],"type_ref":"_typeshed.StrPath"}],"bound_args":[],"def_extras":{"first_arg":"self"},"fallback":"builtins.function","from_concatenate":false,"implicit":false,"is_ellipsis_args":false,"name":"__rtruediv__ of PurePath","ret_type":{".class":"TypeVarType","fullname":"pathlib.PurePath.Self","id":0,"name":"Self","namespace":"","upper_bound":"pathlib.PurePath","values":[],"variance":0},"type_guard":null,"unpack_kwargs":false,"variables":[{".class":"TypeVarType","fullname":"pathlib.PurePath.Self","id":0,"name":"Self","namespace":"","upper_bound":"pathlib.PurePath","values":[],"variance":0}]}}},"__truediv__":{".class":"SymbolTableNode","kind":"Mdef","node":{".class":"FuncDef","abstract_status":0,"arg_kinds":[0,0],"arg_names":[null,null],"dataclass_transform_spec":null,"flags":[],"fullname":"pathlib.PurePath.__truediv__","name":"__truediv__","type":{".class":"CallableType","arg_kinds":[0,0],"arg_names":[null,null],"arg_types":[{".class":"TypeVarType","fullname":"pathlib.PurePath.Self","id":0,"name":"Self","namespace":"","upper_bound":"pathlib.PurePath","values":[],"variance":0},{".class":"TypeAliasType","args":[],"type_ref":"_typeshed.StrPath"}],"bound_args":[],"def_extras":{"first_arg":"self"},"fallback":"builtins.function","from_concatenate":false,"implicit":false,"is_ellipsis_args":false,"name":"__truediv__ of PurePath","ret_type":{".class":"TypeVarType","fullname":"pathlib.PurePath.Self","id":0,"name":"Self","namespace":"","upper_bound":"pathlib.PurePath","values":[],"variance":0},"type_guard":null,"unpack_kwargs":false,"variables":[{".class":"TypeVarType","fullname":"pathlib.PurePath.Self","id":0,"name":"Self","namespace":"","upper_bound":"pathlib.PurePath","values":[],"variance":0}]}}},"anchor":{".class":"SymbolTableNode","kind":"Mdef","node":{".class":"Decorator","func":{".class":"FuncDef","abstract_status":0,"arg_kinds":[0],"arg_names":["self"],"dataclass_transform_spec":null,"flags":["is_property","is_decorated"],"fullname":"pathlib.PurePath.anchor","name":"anchor","type":{".class":"CallableType","arg_kinds":[0],"arg_names":["self"],"arg_types":["pathlib.PurePath"],"bound_args":[],"def_extras":{"first_arg":"self"},"fallback":"builtins.function","from_concatenate":false,"implicit":false,"is_ellipsis_args":false,"name":"anchor of PurePath","ret_type":"builtins.str","type_guard":null,"unpack_kwargs":false,"variables":[]}},"is_overload":false,"var":{".class":"Var","flags":["is_initialized_in_class","is_property","is_ready","is_inferred"],"fullname":"pathlib.PurePath.anchor","name":"anchor","type":{".class":"CallableType","arg_kinds":[0],"arg_names":["self"],"arg_types":["pathlib.PurePath"],"bound_args":[],"def_extras":{"first_arg":"self"},"fallback":"builtins.function","from_concatenate":false,"implicit":false,"is_ellipsis_args":false,"name":"anchor of PurePath","ret_type":"builtins.str","type_guard":null,"unpack_kwargs":false,"variables":[]}}}},"as_posix":{".class":"SymbolTableNode","kind":"Mdef","node":{".class":"FuncDef","abstract_status":0,"arg_kinds":[0],"arg_names":["self"],"dataclass_transform_spec":null,"flags":[],"fullname":"pathlib.PurePath.as_posix","name":"as_posix","type":{".class":"CallableType","arg_kinds":[0],"arg_names":["self"],"arg_types":["pathlib.PurePath"],"bound_args":[],"def_extras":{"first_arg":"self"},"fallback":"builtins.function","from_concatenate":false,"implicit":false,"is_ellipsis_args":false,"name":"as_posix of PurePath","ret_type":"builtins.str","type_guard":null,"unpack_kwargs":false,"variables":[]}}},"as_uri":{".class":"SymbolTableNode","kind":"Mdef","node":{".class":"FuncDef","abstract_status":0,"arg_kinds":[0],"arg_names":["self"],"dataclass_transform_spec":null,"flags":[],"fullname":"pathlib.PurePath.as_uri","name":"as_uri","type":{".class":"CallableType","arg_kinds":[0],"arg_names":["self"],"arg_types":["pathlib.PurePath"],"bound_args":[],"def_extras":{"first_arg":"self"},"fallback":"builtins.function","from_concatenate":false,"implicit":false,"is_ellipsis_args":false,"name":"as_uri of PurePath","ret_type":"builtins.str","type_guard":null,"unpack_kwargs":false,"variables":[]}}},"drive":{".class":"SymbolTableNode","kind":"Mdef","node":{".class":"Decorator","func":{".class":"FuncDef","abstract_status":0,"arg_kinds":[0],"arg_names":["self"],"dataclass_transform_spec":null,"flags":["is_property","is_decorated"],"fullname":"pathlib.PurePath.drive","name":"drive","type":{".class":"CallableType","arg_kinds":[0],"arg_names":["self"],"arg_types":["pathlib.PurePath"],"bound_args":[],"def_extras":{"first_arg":"self"},"fallback":"builtins.function","from_concatenate":false,"implicit":false,"is_ellipsis_args":false,"name":"drive of PurePath","ret_type":"builtins.str","type_guard":null,"unpack_kwargs":false,"variables":[]}},"is_overload":false,"var":{".class":"Var","flags":["is_initialized_in_class","is_property","is_ready","is_inferred"],"fullname":"pathlib.PurePath.drive","name":"drive","type":{".class":"CallableType","arg_kinds":[0],"arg_names":["self"],"arg_types":["pathlib.PurePath"],"bound_args":[],"def_extras":{"first_arg":"self"},"fallback":"builtins.function","from_concatenate":false,"implicit":false,"is_ellipsis_args":false,"name":"drive of PurePath","ret_type":"builtins.str","type_guard":null,"unpack_kwargs":false,"variables":[]}}}},"is_absolute":{".class":"SymbolTableNode","kind":"Mdef","node":{".class":"FuncDef","abstract_status":0,"arg_kinds":[0],"arg_names":["self"],"dataclass_transform_spec":null,"flags":[],"fullname":"pathlib.PurePath.is_absolute","name":"is_absolute","type":{".class":"CallableType","arg_kinds":[0],"arg_names":["self"],"arg_types":["pathlib.PurePath"],"bound_args":[],"def_extras":{"first_arg":"self"},"fallback":"builtins.function","from_concatenate":false,"implicit":false,"is_ellipsis_args":false,"name":"is_absolute of PurePath","ret_type":"builtins.bool","type_guard":null,"unpack_kwargs":false,"variables":[]}}},"is_relative_to":{".class":"SymbolTableNode","kind":"Mdef","node":{".class":"FuncDef","abstract_status":0,"arg_kinds":[0,2],"arg_names":["self","other"],"dataclass_transform_spec":null,"flags":[],"fullname":"pathlib.PurePath.is_relative_to","name":"is_relative_to","type":{".class":"CallableType","arg_kinds":[0,2],"arg_names":["self","other"],"arg_types":["pathlib.PurePath",{".class":"TypeAliasType","args":[],"type_ref":"_typeshed.StrPath"}],"bound_args":[],"def_extras":{"first_arg":"self"},"fallback":"builtins.function","from_concatenate":false,"implicit":false,"is_ellipsis_args":false,"name":"is_relative_to of PurePath","ret_type":"builtins.bool","type_guard":null,"unpack_kwargs":false,"variables":[]}}},"is_reserved":{".class":"SymbolTableNode","kind":"Mdef","node":{".class":"FuncDef","abstract_status":0,"arg_kinds":[0],"arg_names":["self"],"dataclass_transform_spec":null,"flags":[],"fullname":"pathlib.PurePath.is_reserved","name":"is_reserved","type":{".class":"CallableType","arg_kinds":[0],"arg_names":["self"],"arg_types":["pathlib.PurePath"],"bound_args":[],"def_extras":{"first_arg":"self"},"fallback":"builtins.function","from_concatenate":false,"implicit":false,"is_ellipsis_args":false,"name":"is_reserved of PurePath","ret_type":"builtins.bool","type_guard":null,"unpack_kwargs":false,"variables":[]}}},"joinpath":{".class":"SymbolTableNode","kind":"Mdef","node":{".class":"FuncDef","abstract_status":0,"arg_kinds":[0,2],"arg_names":["self","other"],"dataclass_transform_spec":null,"flags":[],"fullname":"pathlib.PurePath.joinpath","name":"joinpath","type":{".class":"CallableType","arg_kinds":[0,2],"arg_names":["self","other"],"arg_types":[{".class":"TypeVarType","fullname":"pathlib.PurePath.Self","id":0,"name":"Self","namespace":"","upper_bound":"pathlib.PurePath","values":[],"variance":0},{".class":"TypeAliasType","args":[],"type_ref":"_typeshed.StrPath"}],"bound_args":[],"def_extras":{"first_arg":"self"},"fallback":"builtins.function","from_concatenate":false,"implicit":false,"is_ellipsis_args":false,"name":"joinpath of PurePath","ret_type":{".class":"TypeVarType","fullname":"pathlib.PurePath.Self","id":0,"name":"Self","namespace":"","upper_bound":"pathlib.PurePath","values":[],"variance":0},"type_guard":null,"unpack_kwargs":false,"variables":[{".class":"TypeVarType","fullname":"pathlib.PurePath.Self","id":0,"name":"Self","namespace":"","upper_bound":"pathlib.PurePath","values":[],"variance":0}]}}},"match":{".class":"SymbolTableNode","kind":"Mdef","node":{".class":"FuncDef","abstract_status":0,"arg_kinds":[0,0],"arg_names":["self","path_pattern"],"dataclass_transform_spec":null,"flags":[],"fullname":"pathlib.PurePath.match","name":"match","type":{".class":"CallableType","arg_kinds":[0,0],"arg_names":["self","path_pattern"],"arg_types":["pathlib.PurePath","builtins.str"],"bound_args":[],"def_extras":{"first_arg":"self"},"fallback":"builtins.function","from_concatenate":false,"implicit":false,"is_ellipsis_args":false,"name":"match of PurePath","ret_type":"builtins.bool","type_guard":null,"unpack_kwargs":false,"variables":[]}}},"name":{".class":"SymbolTableNode","kind":"Mdef","node":{".class":"Decorator","func":{".class":"FuncDef","abstract_status":0,"arg_kinds":[0],"arg_names":["self"],"dataclass_transform_spec":null,"flags":["is_property","is_decorated"],"fullname":"pathlib.PurePath.name","name":"name","type":{".class":"CallableType","arg_kinds":[0],"arg_names":["self"],"arg_types":["pathlib.PurePath"],"bound_args":[],"def_extras":{"first_arg":"self"},"fallback":"builtins.function","from_concatenate":false,"implicit":false,"is_ellipsis_args":false,"name":"name of PurePath","ret_type":"builtins.str","type_guard":null,"unpack_kwargs":false,"variables":[]}},"is_overload":false,"var":{".class":"Var","flags":["is_initialized_in_class","is_property","is_ready","is_inferred"],"fullname":"pathlib.PurePath.name","name":"name","type":{".class":"CallableType","arg_kinds":[0],"arg_names":["self"],"arg_types":["pathlib.PurePath"],"bound_args":[],"def_extras":{"first_arg":"self"},"fallback":"builtins.function","from_concatenate":false,"implicit":false,"is_ellipsis_args":false,"name":"name of PurePath","ret_type":"builtins.str","type_guard":null,"unpack_kwargs":false,"variables":[]}}}},"parent":{".class":"SymbolTableNode","kind":"Mdef","node":{".class":"Decorator","func":{".class":"FuncDef","abstract_status":0,"arg_kinds":[0],"arg_names":["self"],"dataclass_transform_spec":null,"flags":["is_property","is_decorated"],"fullname":"pathlib.PurePath.parent","name":"parent","type":{".class":"CallableType","arg_kinds":[0],"arg_names":["self"],"arg_types":[{".class":"TypeVarType","fullname":"pathlib.PurePath.Self","id":0,"name":"Self","namespace":"","upper_bound":"pathlib.PurePath","values":[],"variance":0}],"bound_args":[],"def_extras":{"first_arg":"self"},"fallback":"builtins.function","from_concatenate":false,"implicit":false,"is_ellipsis_args":false,"name":"parent of PurePath","ret_type":{".class":"TypeVarType","fullname":"pathlib.PurePath.Self","id":0,"name":"Self","namespace":"","upper_bound":"pathlib.PurePath","values":[],"variance":0},"type_guard":null,"unpack_kwargs":false,"variables":[{".class":"TypeVarType","fullname":"pathlib.PurePath.Self","id":0,"name":"Self","namespace":"","upper_bound":"pathlib.PurePath","values":[],"variance":0}]}},"is_overload":false,"var":{".class":"Var","flags":["is_initialized_in_class","is_property","is_ready","is_inferred"],"fullname":"pathlib.PurePath.parent","name":"parent","type":{".class":"CallableType","arg_kinds":[0],"arg_names":["self"],"arg_types":[{".class":"TypeVarType","fullname":"pathlib.PurePath.Self","id":0,"name":"Self","namespace":"","upper_bound":"pathlib.PurePath","values":[],"variance":0}],"bound_args":[],"def_extras":{"first_arg":"self"},"fallback":"builtins.function","from_concatenate":false,"implicit":false,"is_ellipsis_args":false,"name":"parent of PurePath","ret_type":{".class":"TypeVarType","fullname":"pathlib.PurePath.Self","id":0,"name":"Self","namespace":"","upper_bound":"pathlib.PurePath","values":[],"variance":0},"type_guard":null,"unpack_kwargs":false,"variables":[{".class":"TypeVarType","fullname":"pathlib.PurePath.Self","id":0,"name":"Self","namespace":"","upper_bound":"pathlib.PurePath","values":[],"variance":0}]}}}},"parents":{".class":"SymbolTableNode","kind":"Mdef","node":{".class":"Decorator","func":{".class":"FuncDef","abstract_status":0,"arg_kinds":[0],"arg_names":["self"],"dataclass_transform_spec":null,"flags":["is_property","is_decorated"],"fullname":"pathlib.PurePath.parents","name":"parents","type":{".class":"CallableType","arg_kinds":[0],"arg_names":["self"],"arg_types":[{".class":"TypeVarType","fullname":"pathlib.PurePath.Self","id":0,"name":"Self","namespace":"","upper_bound":"pathlib.PurePath","values":[],"variance":0}],"bound_args":[],"def_extras":{"first_arg":"self"},"fallback":"builtins.function","from_concatenate":false,"implicit":false,"is_ellipsis_args":false,"name":"parents of PurePath","ret_type":{".class":"Instance","args":[{".class":"TypeVarType","fullname":"pathlib.PurePath.Self","id":0,"name":"Self","namespace":"","upper_bound":"pathlib.PurePath","values":[],"variance":0}],"type_ref":"typing.Sequence"},"type_guard":null,"unpack_kwargs":false,"variables":[{".class":"TypeVarType","fullname":"pathlib.PurePath.Self","id":0,"name":"Self","namespace":"","upper_bound":"pathlib.PurePath","values":[],"variance":0}]}},"is_overload":false,"var":{".class":"Var","flags":["is_initialized_in_class","is_property","is_ready","is_inferred"],"fullname":"pathlib.PurePath.parents","name":"parents","type":{".class":"CallableType","arg_kinds":[0],"arg_names":["self"],"arg_types":[{".class":"TypeVarType","fullname":"pathlib.PurePath.Self","id":0,"name":"Self","namespace":"","upper_bound":"pathlib.PurePath","values":[],"variance":0}],"bound_args":[],"def_extras":{"first_arg":"self"},"fallback":"builtins.function","from_concatenate":false,"implicit":false,"is_ellipsis_args":false,"name":"parents of PurePath","ret_type":{".class":"Instance","args":[{".class":"TypeVarType","fullname":"pathlib.PurePath.Self","id":0,"name":"Self","namespace":"","upper_bound":"pathlib.PurePath","values":[],"variance":0}],"type_ref":"typing.Sequence"},"type_guard":null,"unpack_kwargs":false,"variables":[{".class":"TypeVarType","fullname":"pathlib.PurePath.Self","id":0,"name":"Self","namespace":"","upper_bound":"pathlib.PurePath","values":[],"variance":0}]}}}},"parts":{".class":"SymbolTableNode","kind":"Mdef","node":{".class":"Decorator","func":{".class":"FuncDef","abstract_status":0,"arg_kinds":[0],"arg_names":["self"],"dataclass_transform_spec":null,"flags":["is_property","is_decorated"],"fullname":"pathlib.PurePath.parts","name":"parts","type":{".class":"CallableType","arg_kinds":[0],"arg_names":["self"],"arg_types":["pathlib.PurePath"],"bound_args":[],"def_extras":{"first_arg":"self"},"fallback":"builtins.function","from_concatenate":false,"implicit":false,"is_ellipsis_args":false,"name":"parts of PurePath","ret_type":{".class":"Instance","args":["builtins.str"],"type_ref":"builtins.tuple"},"type_guard":null,"unpack_kwargs":false,"variables":[]}},"is_overload":false,"var":{".class":"Var","flags":["is_initialized_in_class","is_property","is_ready","is_inferred"],"fullname":"pathlib.PurePath.parts","name":"parts","type":{".class":"CallableType","arg_kinds":[0],"arg_names":["self"],"arg_types":["pathlib.PurePath"],"bound_args":[],"def_extras":{"first_arg":"self"},"fallback":"builtins.function","from_concatenate":false,"implicit":false,"is_ellipsis_args":false,"name":"parts of PurePath","ret_type":{".class":"Instance","args":["builtins.str"],"type_ref":"builtins.tuple"},"type_guard":null,"unpack_kwargs":false,"variables":[]}}}},"relative_to":{".class":"SymbolTableNode","kind":"Mdef","node":{".class":"FuncDef","abstract_status":0,"arg_kinds":[0,2],"arg_names":["self","other"],"dataclass_transform_spec":null,"flags":[],"fullname":"pathlib.PurePath.relative_to","name":"relative_to","type":{".class":"CallableType","arg_kinds":[0,2],"arg_names":["self","other"],"arg_types":[{".class":"TypeVarType","fullname":"pathlib.PurePath.Self","id":0,"name":"Self","namespace":"","upper_bound":"pathlib.PurePath","values":[],"variance":0},{".class":"TypeAliasType","args":[],"type_ref":"_typeshed.StrPath"}],"bound_args":[],"def_extras":{"first_arg":"self"},"fallback":"builtins.function","from_concatenate":false,"implicit":false,"is_ellipsis_args":false,"name":"relative_to of PurePath","ret_type":{".class":"TypeVarType","fullname":"pathlib.PurePath.Self","id":0,"name":"Self","namespace":"","upper_bound":"pathlib.PurePath","values":[],"variance":0},"type_guard":null,"unpack_kwargs":false,"variables":[{".class":"TypeVarType","fullname":"pathlib.PurePath.Self","id":0,"name":"Self","namespace":"","upper_bound":"pathlib.PurePath","values":[],"variance":0}]}}},"root":{".class":"SymbolTableNode","kind":"Mdef","node":{".class":"Decorator","func":{".class":"FuncDef","abstract_status":0,"arg_kinds":[0],"arg_names":["self"],"dataclass_transform_spec":null,"flags":["is_property","is_decorated"],"fullname":"pathlib.PurePath.root","name":"root","type":{".class":"CallableType","arg_kinds":[0],"arg_names":["self"],"arg_types":["pathlib.PurePath"],"bound_args":[],"def_extras":{"first_arg":"self"},"fallback":"builtins.function","from_concatenate":false,"implicit":false,"is_ellipsis_args":false,"name":"root of PurePath","ret_type":"builtins.str","type_guard":null,"unpack_kwargs":false,"variables":[]}},"is_overload":false,"var":{".class":"Var","flags":["is_initialized_in_class","is_property","is_ready","is_inferred"],"fullname":"pathlib.PurePath.root","name":"root","type":{".class":"CallableType","arg_kinds":[0],"arg_names":["self"],"arg_types":["pathlib.PurePath"],"bound_args":[],"def_extras":{"first_arg":"self"},"fallback":"builtins.function","from_concatenate":false,"implicit":false,"is_ellipsis_args":false,"name":"root of PurePath","ret_type":"builtins.str","type_guard":null,"unpack_kwargs":false,"variables":[]}}}},"stem":{".class":"SymbolTableNode","kind":"Mdef","node":{".class":"Decorator","func":{".class":"FuncDef","abstract_status":0,"arg_kinds":[0],"arg_names":["self"],"dataclass_transform_spec":null,"flags":["is_property","is_decorated"],"fullname":"pathlib.PurePath.stem","name":"stem","type":{".class":"CallableType","arg_kinds":[0],"arg_names":["self"],"arg_types":["pathlib.PurePath"],"bound_args":[],"def_extras":{"first_arg":"self"},"fallback":"builtins.function","from_concatenate":false,"implicit":false,"is_ellipsis_args":false,"name":"stem of PurePath","ret_type":"builtins.str","type_guard":null,"unpack_kwargs":false,"variables":[]}},"is_overload":false,"var":{".class":"Var","flags":["is_initialized_in_class","is_property","is_ready","is_inferred"],"fullname":"pathlib.PurePath.stem","name":"stem","type":{".class":"CallableType","arg_kinds":[0],"arg_names":["self"],"arg_types":["pathlib.PurePath"],"bound_args":[],"def_extras":{"first_arg":"self"},"fallback":"builtins.function","from_concatenate":false,"implicit":false,"is_ellipsis_args":false,"name":"stem of PurePath","ret_type":"builtins.str","type_guard":null,"unpack_kwargs":false,"variables":[]}}}},"suffix":{".class":"SymbolTableNode","kind":"Mdef","node":{".class":"Decorator","func":{".class":"FuncDef","abstract_status":0,"arg_kinds":[0],"arg_names":["self"],"dataclass_transform_spec":null,"flags":["is_property","is_decorated"],"fullname":"pathlib.PurePath.suffix","name":"suffix","type":{".class":"CallableType","arg_kinds":[0],"arg_names":["self"],"arg_types":["pathlib.PurePath"],"bound_args":[],"def_extras":{"first_arg":"self"},"fallback":"builtins.function","from_concatenate":false,"implicit":false,"is_ellipsis_args":false,"name":"suffix of PurePath","ret_type":"builtins.str","type_guard":null,"unpack_kwargs":false,"variables":[]}},"is_overload":false,"var":{".class":"Var","flags":["is_initialized_in_class","is_property","is_ready","is_inferred"],"fullname":"pathlib.PurePath.suffix","name":"suffix","type":{".class":"CallableType","arg_kinds":[0],"arg_names":["self"],"arg_types":["pathlib.PurePath"],"bound_args":[],"def_extras":{"first_arg":"self"},"fallback":"builtins.function","from_concatenate":false,"implicit":false,"is_ellipsis_args":false,"name":"suffix of PurePath","ret_type":"builtins.str","type_guard":null,"unpack_kwargs":false,"variables":[]}}}},"suffixes":{".class":"SymbolTableNode","kind":"Mdef","node":{".class":"Decorator","func":{".class":"FuncDef","abstract_status":0,"arg_kinds":[0],"arg_names":["self"],"dataclass_transform_spec":null,"flags":["is_property","is_decorated"],"fullname":"pathlib.PurePath.suffixes","name":"suffixes","type":{".class":"CallableType","arg_kinds":[0],"arg_names":["self"],"arg_types":["pathlib.PurePath"],"bound_args":[],"def_extras":{"first_arg":"self"},"fallback":"builtins.function","from_concatenate":false,"implicit":false,"is_ellipsis_args":false,"name":"suffixes of PurePath","ret_type":{".class":"Instance","args":["builtins.str"],"type_ref":"builtins.list"},"type_guard":null,"unpack_kwargs":false,"variables":[]}},"is_overload":false,"var":{".class":"Var","flags":["is_initialized_in_class","is_property","is_ready","is_inferred"],"fullname":"pathlib.PurePath.suffixes","name":"suffixes","type":{".class":"CallableType","arg_kinds":[0],"arg_names":["self"],"arg_types":["pathlib.PurePath"],"bound_args":[],"def_extras":{"first_arg":"self"},"fallback":"builtins.function","from_concatenate":false,"implicit":false,"is_ellipsis_args":false,"name":"suffixes of PurePath","ret_type":{".class":"Instance","args":["builtins.str"],"type_ref":"builtins.list"},"type_guard":null,"unpack_kwargs":false,"variables":[]}}}},"with_name":{".class":"SymbolTableNode","kind":"Mdef","node":{".class":"FuncDef","abstract_status":0,"arg_kinds":[0,0],"arg_names":["self","name"],"dataclass_transform_spec":null,"flags":[],"fullname":"pathlib.PurePath.with_name","name":"with_name","type":{".class":"CallableType","arg_kinds":[0,0],"arg_names":["self","name"],"arg_types":[{".class":"TypeVarType","fullname":"pathlib.PurePath.Self","id":0,"name":"Self","namespace":"","upper_bound":"pathlib.PurePath","values":[],"variance":0},"builtins.str"],"bound_args":[],"def_extras":{"first_arg":"self"},"fallback":"builtins.function","from_concatenate":false,"implicit":false,"is_ellipsis_args":false,"name":"with_name of PurePath","ret_type":{".class":"TypeVarType","fullname":"pathlib.PurePath.Self","id":0,"name":"Self","namespace":"","upper_bound":"pathlib.PurePath","values":[],"variance":0},"type_guard":null,"unpack_kwargs":false,"variables":[{".class":"TypeVarType","fullname":"pathlib.PurePath.Self","id":0,"name":"Self","namespace":"","upper_bound":"pathlib.PurePath","values":[],"variance":0}]}}},"with_stem":{".class":"SymbolTableNode","kind":"Mdef","node":{".class":"FuncDef","abstract_status":0,"arg_kinds":[0,0],"arg_names":["self","stem"],"dataclass_transform_spec":null,"flags":[],"fullname":"pathlib.PurePath.with_stem","name":"with_stem","type":{".class":"CallableType","arg_kinds":[0,0],"arg_names":["self","stem"],"arg_types":[{".class":"TypeVarType","fullname":"pathlib.PurePath.Self","id":0,"name":"Self","namespace":"","upper_bound":"pathlib.PurePath","values":[],"variance":0},"builtins.str"],"bound_args":[],"def_extras":{"first_arg":"self"},"fallback":"builtins.function","from_concatenate":false,"implicit":false,"is_ellipsis_args":false,"name":"with_stem of PurePath","ret_type":{".class":"TypeVarType","fullname":"pathlib.PurePath.Self","id":0,"name":"Self","namespace":"","upper_bound":"pathlib.PurePath","values":[],"variance":0},"type_guard":null,"unpack_kwargs":false,"variables":[{".class":"TypeVarType","fullname":"pathlib.PurePath.Self","id":0,"name":"Self","namespace":"","upper_bound":"pathlib.PurePath","values":[],"variance":0}]}}},"with_suffix":{".class":"SymbolTableNode","kind":"Mdef","node":{".class":"FuncDef","abstract_status":0,"arg_kinds":[0,0],"arg_names":["self","suffix"],"dataclass_transform_spec":null,"flags":[],"fullname":"pathlib.PurePath.with_suffix","name":"with_suffix","type":{".class":"CallableType","arg_kinds":[0,0],"arg_names":["self","suffix"],"arg_types":[{".class":"TypeVarType","fullname":"pathlib.PurePath.Self","id":0,"name":"Self","namespace":"","upper_bound":"pathlib.PurePath","values":[],"variance":0},"builtins.str"],"bound_args":[],"def_extras":{"first_arg":"self"},"fallback":"builtins.function","from_concatenate":false,"implicit":false,"is_ellipsis_args":false,"name":"with_suffix of PurePath","ret_type":{".class":"TypeVarType","fullname":"pathlib.PurePath.Self","id":0,"name":"Self","namespace":"","upper_bound":"pathlib.PurePath","values":[],"variance":0},"type_guard":null,"unpack_kwargs":false,"variables":[{".class":"TypeVarType","fullname":"pathlib.PurePath.Self","id":0,"name":"Self","namespace":"","upper_bound":"pathlib.PurePath","values":[],"variance":0}]}}}},"self_type":{".class":"TypeVarType","fullname":"pathlib.PurePath.Self","id":0,"name":"Self","namespace":"","upper_bound":"pathlib.PurePath","values":[],"variance":0},"slots":null,"tuple_type":null,"type_vars":[],"typeddict_type":null}},"PurePosixPath":{".class":"SymbolTableNode","kind":"Gdef","node":{".class":"TypeInfo","_promote":[],"abstract_attributes":[],"alt_promote":null,"bases":["pathlib.PurePath"],"dataclass_transform_spec":null,"declared_metaclass":null,"defn":{".class":"ClassDef","fullname":"pathlib.PurePosixPath","name":"PurePosixPath","type_vars":[]},"deletable_attributes":[],"flags":[],"fullname":"pathlib.PurePosixPath","has_param_spec_type":false,"metaclass_type":"abc.ABCMeta","metadata":{},"module_name":"pathlib","mro":["pathlib.PurePosixPath","pathlib.PurePath","os.PathLike","builtins.object"],"names":{".class":"SymbolTable"},"self_type":null,"slots":null,"tuple_type":null,"type_vars":[],"typeddict_type":null}},"PureWindowsPath":{".class":"SymbolTableNode","kind":"Gdef","node":{".class":"TypeInfo","_promote":[],"abstract_attributes":[],"alt_promote":null,"bases":["pathlib.PurePath"],"dataclass_transform_spec":null,"declared_metaclass":null,"defn":{".class":"ClassDef","fullname":"pathlib.PureWindowsPath","name":"PureWindowsPath","type_vars":[]},"deletable_attributes":[],"flags":[],"fullname":"pathlib.PureWindowsPath","has_param_spec_type":false,"metaclass_type":"abc.ABCMeta","metadata":{},"module_name":"pathlib","mro":["pathlib.PureWindowsPath","pathlib.PurePath","os.PathLike","builtins.object"],"names":{".class":"SymbolTable"},"self_type":null,"slots":null,"tuple_type":null,"type_vars":[],"typeddict_type":null}},"ReadableBuffer":{".class":"SymbolTableNode","cross_ref":"_typeshed.ReadableBuffer","kind":"Gdef","module_hidden":true,"module_public":false},"Self":{".class":"SymbolTableNode","cross_ref":"typing.Self","kind":"Gdef","module_hidden":true,"module_public":false},"Sequence":{".class":"SymbolTableNode","cross_ref":"typing.Sequence","kind":"Gdef","module_hidden":true,"module_public":false},"StrOrBytesPath":{".class":"SymbolTableNode","cross_ref":"_typeshed.StrOrBytesPath","kind":"Gdef","module_hidden":true,"module_public":false},"StrPath":{".class":"SymbolTableNode","cross_ref":"_typeshed.StrPath","kind":"Gdef","module_hidden":true,"module_public":false},"TextIOWrapper":{".class":"SymbolTableNode","cross_ref":"io.TextIOWrapper","kind":"Gdef","module_hidden":true,"module_public":false},"TracebackType":{".class":"SymbolTableNode","cross_ref":"types.TracebackType","kind":"Gdef","module_hidden":true,"module_public":false},"WindowsPath":{".class":"SymbolTableNode","kind":"Gdef","node":{".class":"TypeInfo","_promote":[],"abstract_attributes":[],"alt_promote":null,"bases":["pathlib.Path","pathlib.PureWindowsPath"],"dataclass_transform_spec":null,"declared_metaclass":null,"defn":{".class":"ClassDef","fullname":"pathlib.WindowsPath","name":"WindowsPath","type_vars":[]},"deletable_attributes":[],"flags":[],"fullname":"pathlib.WindowsPath","has_param_spec_type":false,"metaclass_type":"abc.ABCMeta","metadata":{},"module_name":"pathlib","mro":["pathlib.WindowsPath","pathlib.Path","pathlib.PureWindowsPath","pathlib.PurePath","os.PathLike","builtins.object"],"names":{".class":"SymbolTable"},"self_type":null,"slots":null,"tuple_type":null,"type_vars":[],"typeddict_type":null}},"__all__":{".class":"SymbolTableNode","kind":"Gdef","module_public":false,"node":{".class":"Var","flags":["is_inferred","has_explicit_value"],"fullname":"pathlib.__all__","name":"__all__","type":{".class":"Instance","args":["builtins.str"],"type_ref":"builtins.list"}}},"__annotations__":{".class":"SymbolTableNode","kind":"Gdef","module_public":false,"node":{".class":"Var","flags":["is_ready"],"fullname":"pathlib.__annotations__","name":"__annotations__","type":{".class":"Instance","args":["builtins.str",{".class":"AnyType","missing_import_name":null,"source_any":null,"type_of_any":6}],"type_ref":"builtins.dict"}}},"__doc__":{".class":"SymbolTableNode","kind":"Gdef","module_public":false,"node":{".class":"Var","flags":["is_ready"],"fullname":"pathlib.__doc__","name":"__doc__","type":"builtins.str"}},"__file__":{".class":"SymbolTableNode","kind":"Gdef","module_public":false,"node":{".class":"Var","flags":["is_ready"],"fullname":"pathlib.__file__","name":"__file__","type":"builtins.str"}},"__name__":{".class":"SymbolTableNode","kind":"Gdef","module_public":false,"node":{".class":"Var","flags":["is_ready"],"fullname":"pathlib.__name__","name":"__name__","type":"builtins.str"}},"__package__":{".class":"SymbolTableNode","kind":"Gdef","module_public":false,"node":{".class":"Var","flags":["is_ready"],"fullname":"pathlib.__package__","name":"__package__","type":"builtins.str"}},"overload":{".class":"SymbolTableNode","cross_ref":"typing.overload","kind":"Gdef","module_hidden":true,"module_public":false},"stat_result":{".class":"SymbolTableNode","cross_ref":"os.stat_result","kind":"Gdef","module_hidden":true,"module_public":false},"sys":{".class":"SymbolTableNode","cross_ref":"sys","kind":"Gdef","module_hidden":true,"module_public":false}},"path":"C:\\Users\\Vasilis\\AppData\\Local\\Programs\\Python\\Python313\\Lib\\site-packages\\mypy\\typeshed\\stdlib\\pathlib.pyi"}