{".class":"MypyFile","_fullname":"pdb","future_import_flags":[],"is_partial_stub_package":false,"is_stub":true,"names":{".class":"SymbolTable","Any":{".class":"SymbolTableNode","cross_ref":"typing.Any","kind":"Gdef","module_hidden":true,"module_public":false},"Bdb":{".class":"SymbolTableNode","cross_ref":"bdb.Bdb","kind":"Gdef","module_hidden":true,"module_public":false},"Callable":{".class":"SymbolTableNode","cross_ref":"typing.Callable","kind":"Gdef","module_hidden":true,"module_public":false},"ClassVar":{".class":"SymbolTableNode","cross_ref":"typing.ClassVar","kind":"Gdef","module_hidden":true,"module_public":false},"Cmd":{".class":"SymbolTableNode","cross_ref":"cmd.Cmd","kind":"Gdef","module_hidden":true,"module_public":false},"CodeType":{".class":"SymbolTableNode","cross_ref":"types.CodeType","kind":"Gdef","module_hidden":true,"module_public":false},"FrameType":{".class":"SymbolTableNode","cross_ref":"types.FrameType","kind":"Gdef","module_hidden":true,"module_public":false},"IO":{".class":"SymbolTableNode","cross_ref":"typing.IO","kind":"Gdef","module_hidden":true,"module_public":false},"Iterable":{".class":"SymbolTableNode","cross_ref":"typing.Iterable","kind":"Gdef","module_hidden":true,"module_public":false},"Mapping":{".class":"SymbolTableNode","cross_ref":"typing.Mapping","kind":"Gdef","module_hidden":true,"module_public":false},"ParamSpec":{".class":"SymbolTableNode","cross_ref":"typing_extensions.ParamSpec","kind":"Gdef","module_hidden":true,"module_public":false},"Pdb":{".class":"SymbolTableNode","kind":"Gdef","node":{".class":"TypeInfo","_promote":[],"abstract_attributes":[],"alt_promote":null,"bases":["bdb.Bdb","cmd.Cmd"],"dataclass_transform_spec":null,"declared_metaclass":null,"defn":{".class":"ClassDef","fullname":"pdb.Pdb","name":"Pdb","type_vars":[]},"deletable_attributes":[],"flags":[],"fullname":"pdb.Pdb","has_param_spec_type":false,"metaclass_type":null,"metadata":{},"module_name":"pdb","mro":["pdb.Pdb","bdb.Bdb","cmd.Cmd","builtins.object"],"names":{".class":"SymbolTable","__init__":{".class":"SymbolTableNode","kind":"Mdef","node":{".class":"FuncDef","abstract_status":0,"arg_kinds":[0,1,1,1,1,1,1],"arg_names":["self","completekey","stdin","stdout","skip","nosigint","readrc"],"dataclass_transform_spec":null,"flags":[],"fullname":"pdb.Pdb.__init__","name":"__init__","type":{".class":"CallableType","arg_kinds":[0,1,1,1,1,1,1],"arg_names":["self","completekey","stdin","stdout","skip","nosigint","readrc"],"arg_types":["pdb.Pdb","builtins.str",{".class":"UnionType","items":[{".class":"Instance","args":["builtins.str"],"type_ref":"typing.IO"},{".class":"NoneType"}]},{".class":"UnionType","items":[{".class":"Instance","args":["builtins.str"],"type_ref":"typing.IO"},{".class":"NoneType"}]},{".class":"UnionType","items":[{".class":"Instance","args":["builtins.str"],"type_ref":"typing.Iterable"},{".class":"NoneType"}]},"builtins.bool","builtins.bool"],"bound_args":[],"def_extras":{"first_arg":"self"},"fallback":"builtins.function","from_concatenate":false,"implicit":false,"is_ellipsis_args":false,"name":"__init__ of Pdb","ret_type":{".class":"NoneType"},"type_guard":null,"unpack_kwargs":false,"variables":[]}}},"_cmdloop":{".class":"SymbolTableNode","kind":"Mdef","node":{".class":"FuncDef","abstract_status":0,"arg_kinds":[0],"arg_names":["self"],"dataclass_transform_spec":null,"flags":[],"fullname":"pdb.Pdb._cmdloop","name":"_cmdloop","type":{".class":"CallableType","arg_kinds":[0],"arg_names":["self"],"arg_types":["pdb.Pdb"],"bound_args":[],"def_extras":{"first_arg":"self"},"fallback":"builtins.function","from_concatenate":false,"implicit":false,"is_ellipsis_args":false,"name":"_cmdloop of Pdb","ret_type":{".class":"NoneType"},"type_guard":null,"unpack_kwargs":false,"variables":[]}}},"_complete_bpnumber":{".class":"SymbolTableNode","kind":"Mdef","node":{".class":"FuncDef","abstract_status":0,"arg_kinds":[0,0,0,0,0],"arg_names":["self","text","line","begidx","endidx"],"dataclass_transform_spec":null,"flags":[],"fullname":"pdb.Pdb._complete_bpnumber","name":"_complete_bpnumber","type":{".class":"CallableType","arg_kinds":[0,0,0,0,0],"arg_names":["self","text","line","begidx","endidx"],"arg_types":["pdb.Pdb","builtins.str","builtins.str","builtins.int","builtins.int"],"bound_args":[],"def_extras":{"first_arg":"self"},"fallback":"builtins.function","from_concatenate":false,"implicit":false,"is_ellipsis_args":false,"name":"_complete_bpnumber of Pdb","ret_type":{".class":"Instance","args":["builtins.str"],"type_ref":"builtins.list"},"type_guard":null,"unpack_kwargs":false,"variables":[]}}},"_complete_expression":{".class":"SymbolTableNode","kind":"Mdef","node":{".class":"FuncDef","abstract_status":0,"arg_kinds":[0,0,0,0,0],"arg_names":["self","text","line","begidx","endidx"],"dataclass_transform_spec":null,"flags":[],"fullname":"pdb.Pdb._complete_expression","name":"_complete_expression","type":{".class":"CallableType","arg_kinds":[0,0,0,0,0],"arg_names":["self","text","line","begidx","endidx"],"arg_types":["pdb.Pdb","builtins.str","builtins.str","builtins.int","builtins.int"],"bound_args":[],"def_extras":{"first_arg":"self"},"fallback":"builtins.function","from_concatenate":false,"implicit":false,"is_ellipsis_args":false,"name":"_complete_expression of Pdb","ret_type":{".class":"Instance","args":["builtins.str"],"type_ref":"builtins.list"},"type_guard":null,"unpack_kwargs":false,"variables":[]}}},"_complete_location":{".class":"SymbolTableNode","kind":"Mdef","node":{".class":"FuncDef","abstract_status":0,"arg_kinds":[0,0,0,0,0],"arg_names":["self","text","line","begidx","endidx"],"dataclass_transform_spec":null,"flags":[],"fullname":"pdb.Pdb._complete_location","name":"_complete_location","type":{".class":"CallableType","arg_kinds":[0,0,0,0,0],"arg_names":["self","text","line","begidx","endidx"],"arg_types":["pdb.Pdb","builtins.str","builtins.str","builtins.int","builtins.int"],"bound_args":[],"def_extras":{"first_arg":"self"},"fallback":"builtins.function","from_concatenate":false,"implicit":false,"is_ellipsis_args":false,"name":"_complete_location of Pdb","ret_type":{".class":"Instance","args":["builtins.str"],"type_ref":"builtins.list"},"type_guard":null,"unpack_kwargs":false,"variables":[]}}},"_getval":{".class":"SymbolTableNode","kind":"Mdef","node":{".class":"FuncDef","abstract_status":0,"arg_kinds":[0,0],"arg_names":["self","arg"],"dataclass_transform_spec":null,"flags":[],"fullname":"pdb.Pdb._getval","name":"_getval","type":{".class":"CallableType","arg_kinds":[0,0],"arg_names":["self","arg"],"arg_types":["pdb.Pdb","builtins.str"],"bound_args":[],"def_extras":{"first_arg":"self"},"fallback":"builtins.function","from_concatenate":false,"implicit":false,"is_ellipsis_args":false,"name":"_getval of Pdb","ret_type":"builtins.object","type_guard":null,"unpack_kwargs":false,"variables":[]}}},"_getval_except":{".class":"SymbolTableNode","kind":"Mdef","node":{".class":"FuncDef","abstract_status":0,"arg_kinds":[0,0,1],"arg_names":["self","arg","frame"],"dataclass_transform_spec":null,"flags":[],"fullname":"pdb.Pdb._getval_except","name":"_getval_except","type":{".class":"CallableType","arg_kinds":[0,0,1],"arg_names":["self","arg","frame"],"arg_types":["pdb.Pdb","builtins.str",{".class":"UnionType","items":["types.FrameType",{".class":"NoneType"}]}],"bound_args":[],"def_extras":{"first_arg":"self"},"fallback":"builtins.function","from_concatenate":false,"implicit":false,"is_ellipsis_args":false,"name":"_getval_except of Pdb","ret_type":"builtins.object","type_guard":null,"unpack_kwargs":false,"variables":[]}}},"_print_lines":{".class":"SymbolTableNode","kind":"Mdef","node":{".class":"FuncDef","abstract_status":0,"arg_kinds":[0,0,0,1,1],"arg_names":["self","lines","start","breaks","frame"],"dataclass_transform_spec":null,"flags":[],"fullname":"pdb.Pdb._print_lines","name":"_print_lines","type":{".class":"CallableType","arg_kinds":[0,0,0,1,1],"arg_names":["self","lines","start","breaks","frame"],"arg_types":["pdb.Pdb",{".class":"Instance","args":["builtins.str"],"type_ref":"typing.Sequence"},"builtins.int",{".class":"Instance","args":["builtins.int"],"type_ref":"typing.Sequence"},{".class":"UnionType","items":["types.FrameType",{".class":"NoneType"}]}],"bound_args":[],"def_extras":{"first_arg":"self"},"fallback":"builtins.function","from_concatenate":false,"implicit":false,"is_ellipsis_args":false,"name":"_print_lines of Pdb","ret_type":{".class":"NoneType"},"type_guard":null,"unpack_kwargs":false,"variables":[]}}},"_select_frame":{".class":"SymbolTableNode","kind":"Mdef","node":{".class":"FuncDef","abstract_status":0,"arg_kinds":[0,0],"arg_names":["self","number"],"dataclass_transform_spec":null,"flags":[],"fullname":"pdb.Pdb._select_frame","name":"_select_frame","type":{".class":"CallableType","arg_kinds":[0,0],"arg_names":["self","number"],"arg_types":["pdb.Pdb","builtins.int"],"bound_args":[],"def_extras":{"first_arg":"self"},"fallback":"builtins.function","from_concatenate":false,"implicit":false,"is_ellipsis_args":false,"name":"_select_frame of Pdb","ret_type":{".class":"NoneType"},"type_guard":null,"unpack_kwargs":false,"variables":[]}}},"_wait_for_mainpyfile":{".class":"SymbolTableNode","kind":"Mdef","node":{".class":"Var","flags":["is_initialized_in_class","is_ready"],"fullname":"pdb.Pdb._wait_for_mainpyfile","name":"_wait_for_mainpyfile","type":"builtins.bool"}},"aliases":{".class":"SymbolTableNode","kind":"Mdef","node":{".class":"Var","flags":["is_initialized_in_class","is_ready"],"fullname":"pdb.Pdb.aliases","name":"aliases","type":{".class":"Instance","args":["builtins.str","builtins.str"],"type_ref":"builtins.dict"}}},"bp_commands":{".class":"SymbolTableNode","kind":"Mdef","node":{".class":"FuncDef","abstract_status":0,"arg_kinds":[0,0],"arg_names":["self","frame"],"dataclass_transform_spec":null,"flags":[],"fullname":"pdb.Pdb.bp_commands","name":"bp_commands","type":{".class":"CallableType","arg_kinds":[0,0],"arg_names":["self","frame"],"arg_types":["pdb.Pdb","types.FrameType"],"bound_args":[],"def_extras":{"first_arg":"self"},"fallback":"builtins.function","from_concatenate":false,"implicit":false,"is_ellipsis_args":false,"name":"bp_commands of Pdb","ret_type":"builtins.bool","type_guard":null,"unpack_kwargs":false,"variables":[]}}},"checkline":{".class":"SymbolTableNode","kind":"Mdef","node":{".class":"FuncDef","abstract_status":0,"arg_kinds":[0,0,0],"arg_names":["self","filename","lineno"],"dataclass_transform_spec":null,"flags":[],"fullname":"pdb.Pdb.checkline","name":"checkline","type":{".class":"CallableType","arg_kinds":[0,0,0],"arg_names":["self","filename","lineno"],"arg_types":["pdb.Pdb","builtins.str","builtins.int"],"bound_args":[],"def_extras":{"first_arg":"self"},"fallback":"builtins.function","from_concatenate":false,"implicit":false,"is_ellipsis_args":false,"name":"checkline of Pdb","ret_type":"builtins.int","type_guard":null,"unpack_kwargs":false,"variables":[]}}},"commands":{".class":"SymbolTableNode","kind":"Mdef","node":{".class":"Var","flags":["is_initialized_in_class","is_ready"],"fullname":"pdb.Pdb.commands","name":"commands","type":{".class":"Instance","args":["builtins.int",{".class":"Instance","args":["builtins.str"],"type_ref":"builtins.list"}],"type_ref":"builtins.dict"}}},"commands_bnum":{".class":"SymbolTableNode","kind":"Mdef","node":{".class":"Var","flags":["is_initialized_in_class","is_ready"],"fullname":"pdb.Pdb.commands_bnum","name":"commands_bnum","type":{".class":"UnionType","items":["builtins.int",{".class":"NoneType"}]}}},"commands_defining":{".class":"SymbolTableNode","kind":"Mdef","node":{".class":"Var","flags":["is_initialized_in_class","is_ready"],"fullname":"pdb.Pdb.commands_defining","name":"commands_defining","type":"builtins.bool"}},"commands_doprompt":{".class":"SymbolTableNode","kind":"Mdef","node":{".class":"Var","flags":["is_initialized_in_class","is_ready"],"fullname":"pdb.Pdb.commands_doprompt","name":"commands_doprompt","type":{".class":"Instance","args":["builtins.int","builtins.bool"],"type_ref":"builtins.dict"}}},"commands_resuming":{".class":"SymbolTableNode","kind":"Mdef","node":{".class":"Var","flags":["is_initialized_in_class","is_classvar","is_ready"],"fullname":"pdb.Pdb.commands_resuming","name":"commands_resuming","type":{".class":"Instance","args":["builtins.str"],"type_ref":"builtins.list"}}},"commands_silent":{".class":"SymbolTableNode","kind":"Mdef","node":{".class":"Var","flags":["is_initialized_in_class","is_ready"],"fullname":"pdb.Pdb.commands_silent","name":"commands_silent","type":{".class":"Instance","args":["builtins.int","builtins.bool"],"type_ref":"builtins.dict"}}},"complete_b":{".class":"SymbolTableNode","kind":"Mdef","node":{".class":"Var","flags":["is_initialized_in_class","is_inferred","has_explicit_value"],"fullname":"pdb.Pdb.complete_b","name":"complete_b","type":{".class":"CallableType","arg_kinds":[0,0,0,0,0],"arg_names":["self","text","line","begidx","endidx"],"arg_types":["pdb.Pdb","builtins.str","builtins.str","builtins.int","builtins.int"],"bound_args":[],"def_extras":{"first_arg":"self"},"fallback":"builtins.function","from_concatenate":false,"implicit":false,"is_ellipsis_args":false,"name":null,"ret_type":{".class":"Instance","args":["builtins.str"],"type_ref":"builtins.list"},"type_guard":null,"unpack_kwargs":false,"variables":[]}}},"complete_break":{".class":"SymbolTableNode","kind":"Mdef","node":{".class":"Var","flags":["is_initialized_in_class","is_inferred","has_explicit_value"],"fullname":"pdb.Pdb.complete_break","name":"complete_break","type":{".class":"CallableType","arg_kinds":[0,0,0,0,0],"arg_names":["self","text","line","begidx","endidx"],"arg_types":["pdb.Pdb","builtins.str","builtins.str","builtins.int","builtins.int"],"bound_args":[],"def_extras":{"first_arg":"self"},"fallback":"builtins.function","from_concatenate":false,"implicit":false,"is_ellipsis_args":false,"name":null,"ret_type":{".class":"Instance","args":["builtins.str"],"type_ref":"builtins.list"},"type_guard":null,"unpack_kwargs":false,"variables":[]}}},"complete_cl":{".class":"SymbolTableNode","kind":"Mdef","node":{".class":"Var","flags":["is_initialized_in_class","is_inferred","has_explicit_value"],"fullname":"pdb.Pdb.complete_cl","name":"complete_cl","type":{".class":"CallableType","arg_kinds":[0,0,0,0,0],"arg_names":["self","text","line","begidx","endidx"],"arg_types":["pdb.Pdb","builtins.str","builtins.str","builtins.int","builtins.int"],"bound_args":[],"def_extras":{"first_arg":"self"},"fallback":"builtins.function","from_concatenate":false,"implicit":false,"is_ellipsis_args":false,"name":null,"ret_type":{".class":"Instance","args":["builtins.str"],"type_ref":"builtins.list"},"type_guard":null,"unpack_kwargs":false,"variables":[]}}},"complete_clear":{".class":"SymbolTableNode","kind":"Mdef","node":{".class":"Var","flags":["is_initialized_in_class","is_inferred","has_explicit_value"],"fullname":"pdb.Pdb.complete_clear","name":"complete_clear","type":{".class":"CallableType","arg_kinds":[0,0,0,0,0],"arg_names":["self","text","line","begidx","endidx"],"arg_types":["pdb.Pdb","builtins.str","builtins.str","builtins.int","builtins.int"],"bound_args":[],"def_extras":{"first_arg":"self"},"fallback":"builtins.function","from_concatenate":false,"implicit":false,"is_ellipsis_args":false,"name":null,"ret_type":{".class":"Instance","args":["builtins.str"],"type_ref":"builtins.list"},"type_guard":null,"unpack_kwargs":false,"variables":[]}}},"complete_commands":{".class":"SymbolTableNode","kind":"Mdef","node":{".class":"Var","flags":["is_initialized_in_class","is_inferred","has_explicit_value"],"fullname":"pdb.Pdb.complete_commands","name":"complete_commands","type":{".class":"CallableType","arg_kinds":[0,0,0,0,0],"arg_names":["self","text","line","begidx","endidx"],"arg_types":["pdb.Pdb","builtins.str","builtins.str","builtins.int","builtins.int"],"bound_args":[],"def_extras":{"first_arg":"self"},"fallback":"builtins.function","from_concatenate":false,"implicit":false,"is_ellipsis_args":false,"name":null,"ret_type":{".class":"Instance","args":["builtins.str"],"type_ref":"builtins.list"},"type_guard":null,"unpack_kwargs":false,"variables":[]}}},"complete_condition":{".class":"SymbolTableNode","kind":"Mdef","node":{".class":"Var","flags":["is_initialized_in_class","is_inferred","has_explicit_value"],"fullname":"pdb.Pdb.complete_condition","name":"complete_condition","type":{".class":"CallableType","arg_kinds":[0,0,0,0,0],"arg_names":["self","text","line","begidx","endidx"],"arg_types":["pdb.Pdb","builtins.str","builtins.str","builtins.int","builtins.int"],"bound_args":[],"def_extras":{"first_arg":"self"},"fallback":"builtins.function","from_concatenate":false,"implicit":false,"is_ellipsis_args":false,"name":null,"ret_type":{".class":"Instance","args":["builtins.str"],"type_ref":"builtins.list"},"type_guard":null,"unpack_kwargs":false,"variables":[]}}},"complete_debug":{".class":"SymbolTableNode","kind":"Mdef","node":{".class":"Var","flags":["is_initialized_in_class","is_inferred","has_explicit_value"],"fullname":"pdb.Pdb.complete_debug","name":"complete_debug","type":{".class":"CallableType","arg_kinds":[0,0,0,0,0],"arg_names":["self","text","line","begidx","endidx"],"arg_types":["pdb.Pdb","builtins.str","builtins.str","builtins.int","builtins.int"],"bound_args":[],"def_extras":{"first_arg":"self"},"fallback":"builtins.function","from_concatenate":false,"implicit":false,"is_ellipsis_args":false,"name":null,"ret_type":{".class":"Instance","args":["builtins.str"],"type_ref":"builtins.list"},"type_guard":null,"unpack_kwargs":false,"variables":[]}}},"complete_disable":{".class":"SymbolTableNode","kind":"Mdef","node":{".class":"Var","flags":["is_initialized_in_class","is_inferred","has_explicit_value"],"fullname":"pdb.Pdb.complete_disable","name":"complete_disable","type":{".class":"CallableType","arg_kinds":[0,0,0,0,0],"arg_names":["self","text","line","begidx","endidx"],"arg_types":["pdb.Pdb","builtins.str","builtins.str","builtins.int","builtins.int"],"bound_args":[],"def_extras":{"first_arg":"self"},"fallback":"builtins.function","from_concatenate":false,"implicit":false,"is_ellipsis_args":false,"name":null,"ret_type":{".class":"Instance","args":["builtins.str"],"type_ref":"builtins.list"},"type_guard":null,"unpack_kwargs":false,"variables":[]}}},"complete_display":{".class":"SymbolTableNode","kind":"Mdef","node":{".class":"Var","flags":["is_initialized_in_class","is_inferred","has_explicit_value"],"fullname":"pdb.Pdb.complete_display","name":"complete_display","type":{".class":"CallableType","arg_kinds":[0,0,0,0,0],"arg_names":["self","text","line","begidx","endidx"],"arg_types":["pdb.Pdb","builtins.str","builtins.str","builtins.int","builtins.int"],"bound_args":[],"def_extras":{"first_arg":"self"},"fallback":"builtins.function","from_concatenate":false,"implicit":false,"is_ellipsis_args":false,"name":null,"ret_type":{".class":"Instance","args":["builtins.str"],"type_ref":"builtins.list"},"type_guard":null,"unpack_kwargs":false,"variables":[]}}},"complete_enable":{".class":"SymbolTableNode","kind":"Mdef","node":{".class":"Var","flags":["is_initialized_in_class","is_inferred","has_explicit_value"],"fullname":"pdb.Pdb.complete_enable","name":"complete_enable","type":{".class":"CallableType","arg_kinds":[0,0,0,0,0],"arg_names":["self","text","line","begidx","endidx"],"arg_types":["pdb.Pdb","builtins.str","builtins.str","builtins.int","builtins.int"],"bound_args":[],"def_extras":{"first_arg":"self"},"fallback":"builtins.function","from_concatenate":false,"implicit":false,"is_ellipsis_args":false,"name":null,"ret_type":{".class":"Instance","args":["builtins.str"],"type_ref":"builtins.list"},"type_guard":null,"unpack_kwargs":false,"variables":[]}}},"complete_ignore":{".class":"SymbolTableNode","kind":"Mdef","node":{".class":"Var","flags":["is_initialized_in_class","is_inferred","has_explicit_value"],"fullname":"pdb.Pdb.complete_ignore","name":"complete_ignore","type":{".class":"CallableType","arg_kinds":[0,0,0,0,0],"arg_names":["self","text","line","begidx","endidx"],"arg_types":["pdb.Pdb","builtins.str","builtins.str","builtins.int","builtins.int"],"bound_args":[],"def_extras":{"first_arg":"self"},"fallback":"builtins.function","from_concatenate":false,"implicit":false,"is_ellipsis_args":false,"name":null,"ret_type":{".class":"Instance","args":["builtins.str"],"type_ref":"builtins.list"},"type_guard":null,"unpack_kwargs":false,"variables":[]}}},"complete_p":{".class":"SymbolTableNode","kind":"Mdef","node":{".class":"Var","flags":["is_initialized_in_class","is_inferred","has_explicit_value"],"fullname":"pdb.Pdb.complete_p","name":"complete_p","type":{".class":"CallableType","arg_kinds":[0,0,0,0,0],"arg_names":["self","text","line","begidx","endidx"],"arg_types":["pdb.Pdb","builtins.str","builtins.str","builtins.int","builtins.int"],"bound_args":[],"def_extras":{"first_arg":"self"},"fallback":"builtins.function","from_concatenate":false,"implicit":false,"is_ellipsis_args":false,"name":null,"ret_type":{".class":"Instance","args":["builtins.str"],"type_ref":"builtins.list"},"type_guard":null,"unpack_kwargs":false,"variables":[]}}},"complete_pp":{".class":"SymbolTableNode","kind":"Mdef","node":{".class":"Var","flags":["is_initialized_in_class","is_inferred","has_explicit_value"],"fullname":"pdb.Pdb.complete_pp","name":"complete_pp","type":{".class":"CallableType","arg_kinds":[0,0,0,0,0],"arg_names":["self","text","line","begidx","endidx"],"arg_types":["pdb.Pdb","builtins.str","builtins.str","builtins.int","builtins.int"],"bound_args":[],"def_extras":{"first_arg":"self"},"fallback":"builtins.function","from_concatenate":false,"implicit":false,"is_ellipsis_args":false,"name":null,"ret_type":{".class":"Instance","args":["builtins.str"],"type_ref":"builtins.list"},"type_guard":null,"unpack_kwargs":false,"variables":[]}}},"complete_print":{".class":"SymbolTableNode","kind":"Mdef","node":{".class":"Var","flags":["is_initialized_in_class","is_inferred","has_explicit_value"],"fullname":"pdb.Pdb.complete_print","name":"complete_print","type":{".class":"CallableType","arg_kinds":[0,0,0,0,0],"arg_names":["self","text","line","begidx","endidx"],"arg_types":["pdb.Pdb","builtins.str","builtins.str","builtins.int","builtins.int"],"bound_args":[],"def_extras":{"first_arg":"self"},"fallback":"builtins.function","from_concatenate":false,"implicit":false,"is_ellipsis_args":false,"name":null,"ret_type":{".class":"Instance","args":["builtins.str"],"type_ref":"builtins.list"},"type_guard":null,"unpack_kwargs":false,"variables":[]}}},"complete_source":{".class":"SymbolTableNode","kind":"Mdef","node":{".class":"Var","flags":["is_initialized_in_class","is_inferred","has_explicit_value"],"fullname":"pdb.Pdb.complete_source","name":"complete_source","type":{".class":"CallableType","arg_kinds":[0,0,0,0,0],"arg_names":["self","text","line","begidx","endidx"],"arg_types":["pdb.Pdb","builtins.str","builtins.str","builtins.int","builtins.int"],"bound_args":[],"def_extras":{"first_arg":"self"},"fallback":"builtins.function","from_concatenate":false,"implicit":false,"is_ellipsis_args":false,"name":null,"ret_type":{".class":"Instance","args":["builtins.str"],"type_ref":"builtins.list"},"type_guard":null,"unpack_kwargs":false,"variables":[]}}},"complete_tbreak":{".class":"SymbolTableNode","kind":"Mdef","node":{".class":"Var","flags":["is_initialized_in_class","is_inferred","has_explicit_value"],"fullname":"pdb.Pdb.complete_tbreak","name":"complete_tbreak","type":{".class":"CallableType","arg_kinds":[0,0,0,0,0],"arg_names":["self","text","line","begidx","endidx"],"arg_types":["pdb.Pdb","builtins.str","builtins.str","builtins.int","builtins.int"],"bound_args":[],"def_extras":{"first_arg":"self"},"fallback":"builtins.function","from_concatenate":false,"implicit":false,"is_ellipsis_args":false,"name":null,"ret_type":{".class":"Instance","args":["builtins.str"],"type_ref":"builtins.list"},"type_guard":null,"unpack_kwargs":false,"variables":[]}}},"complete_unalias":{".class":"SymbolTableNode","kind":"Mdef","node":{".class":"FuncDef","abstract_status":0,"arg_kinds":[0,0,0,0,0],"arg_names":["self","text","line","begidx","endidx"],"dataclass_transform_spec":null,"flags":[],"fullname":"pdb.Pdb.complete_unalias","name":"complete_unalias","type":{".class":"CallableType","arg_kinds":[0,0,0,0,0],"arg_names":["self","text","line","begidx","endidx"],"arg_types":["pdb.Pdb","builtins.str","builtins.str","builtins.int","builtins.int"],"bound_args":[],"def_extras":{"first_arg":"self"},"fallback":"builtins.function","from_concatenate":false,"implicit":false,"is_ellipsis_args":false,"name":"complete_unalias of Pdb","ret_type":{".class":"Instance","args":["builtins.str"],"type_ref":"builtins.list"},"type_guard":null,"unpack_kwargs":false,"variables":[]}}},"complete_undisplay":{".class":"SymbolTableNode","kind":"Mdef","node":{".class":"FuncDef","abstract_status":0,"arg_kinds":[0,0,0,0,0],"arg_names":["self","text","line","begidx","endidx"],"dataclass_transform_spec":null,"flags":[],"fullname":"pdb.Pdb.complete_undisplay","name":"complete_undisplay","type":{".class":"CallableType","arg_kinds":[0,0,0,0,0],"arg_names":["self","text","line","begidx","endidx"],"arg_types":["pdb.Pdb","builtins.str","builtins.str","builtins.int","builtins.int"],"bound_args":[],"def_extras":{"first_arg":"self"},"fallback":"builtins.function","from_concatenate":false,"implicit":false,"is_ellipsis_args":false,"name":"complete_undisplay of Pdb","ret_type":{".class":"Instance","args":["builtins.str"],"type_ref":"builtins.list"},"type_guard":null,"unpack_kwargs":false,"variables":[]}}},"complete_whatis":{".class":"SymbolTableNode","kind":"Mdef","node":{".class":"Var","flags":["is_initialized_in_class","is_inferred","has_explicit_value"],"fullname":"pdb.Pdb.complete_whatis","name":"complete_whatis","type":{".class":"CallableType","arg_kinds":[0,0,0,0,0],"arg_names":["self","text","line","begidx","endidx"],"arg_types":["pdb.Pdb","builtins.str","builtins.str","builtins.int","builtins.int"],"bound_args":[],"def_extras":{"first_arg":"self"},"fallback":"builtins.function","from_concatenate":false,"implicit":false,"is_ellipsis_args":false,"name":null,"ret_type":{".class":"Instance","args":["builtins.str"],"type_ref":"builtins.list"},"type_guard":null,"unpack_kwargs":false,"variables":[]}}},"curframe":{".class":"SymbolTableNode","kind":"Mdef","node":{".class":"Var","flags":["is_initialized_in_class","is_ready"],"fullname":"pdb.Pdb.curframe","name":"curframe","type":{".class":"UnionType","items":["types.FrameType",{".class":"NoneType"}]}}},"curframe_locals":{".class":"SymbolTableNode","kind":"Mdef","node":{".class":"Var","flags":["is_initialized_in_class","is_ready"],"fullname":"pdb.Pdb.curframe_locals","name":"curframe_locals","type":{".class":"Instance","args":["builtins.str",{".class":"AnyType","missing_import_name":null,"source_any":null,"type_of_any":2}],"type_ref":"typing.Mapping"}}},"curindex":{".class":"SymbolTableNode","kind":"Mdef","node":{".class":"Var","flags":["is_initialized_in_class","is_ready"],"fullname":"pdb.Pdb.curindex","name":"curindex","type":"builtins.int"}},"defaultFile":{".class":"SymbolTableNode","kind":"Mdef","node":{".class":"FuncDef","abstract_status":0,"arg_kinds":[0],"arg_names":["self"],"dataclass_transform_spec":null,"flags":[],"fullname":"pdb.Pdb.defaultFile","name":"defaultFile","type":{".class":"CallableType","arg_kinds":[0],"arg_names":["self"],"arg_types":["pdb.Pdb"],"bound_args":[],"def_extras":{"first_arg":"self"},"fallback":"builtins.function","from_concatenate":false,"implicit":false,"is_ellipsis_args":false,"name":"defaultFile of Pdb","ret_type":"builtins.str","type_guard":null,"unpack_kwargs":false,"variables":[]}}},"displayhook":{".class":"SymbolTableNode","kind":"Mdef","node":{".class":"FuncDef","abstract_status":0,"arg_kinds":[0,0],"arg_names":["self","obj"],"dataclass_transform_spec":null,"flags":[],"fullname":"pdb.Pdb.displayhook","name":"displayhook","type":{".class":"CallableType","arg_kinds":[0,0],"arg_names":["self","obj"],"arg_types":["pdb.Pdb","builtins.object"],"bound_args":[],"def_extras":{"first_arg":"self"},"fallback":"builtins.function","from_concatenate":false,"implicit":false,"is_ellipsis_args":false,"name":"displayhook of Pdb","ret_type":{".class":"NoneType"},"type_guard":null,"unpack_kwargs":false,"variables":[]}}},"do_EOF":{".class":"SymbolTableNode","kind":"Mdef","node":{".class":"FuncDef","abstract_status":0,"arg_kinds":[0,0],"arg_names":["self","arg"],"dataclass_transform_spec":null,"flags":[],"fullname":"pdb.Pdb.do_EOF","name":"do_EOF","type":{".class":"CallableType","arg_kinds":[0,0],"arg_names":["self","arg"],"arg_types":["pdb.Pdb","builtins.str"],"bound_args":[],"def_extras":{"first_arg":"self"},"fallback":"builtins.function","from_concatenate":false,"implicit":false,"is_ellipsis_args":false,"name":"do_EOF of Pdb","ret_type":{".class":"UnionType","items":["builtins.bool",{".class":"NoneType"}]},"type_guard":null,"unpack_kwargs":false,"variables":[]}}},"do_a":{".class":"SymbolTableNode","kind":"Mdef","node":{".class":"Var","flags":["is_initialized_in_class","is_inferred","has_explicit_value"],"fullname":"pdb.Pdb.do_a","name":"do_a","type":{".class":"CallableType","arg_kinds":[0,0],"arg_names":["self","arg"],"arg_types":["pdb.Pdb","builtins.str"],"bound_args":[],"def_extras":{"first_arg":"self"},"fallback":"builtins.function","from_concatenate":false,"implicit":false,"is_ellipsis_args":false,"name":null,"ret_type":{".class":"UnionType","items":["builtins.bool",{".class":"NoneType"}]},"type_guard":null,"unpack_kwargs":false,"variables":[]}}},"do_alias":{".class":"SymbolTableNode","kind":"Mdef","node":{".class":"FuncDef","abstract_status":0,"arg_kinds":[0,0],"arg_names":["self","arg"],"dataclass_transform_spec":null,"flags":[],"fullname":"pdb.Pdb.do_alias","name":"do_alias","type":{".class":"CallableType","arg_kinds":[0,0],"arg_names":["self","arg"],"arg_types":["pdb.Pdb","builtins.str"],"bound_args":[],"def_extras":{"first_arg":"self"},"fallback":"builtins.function","from_concatenate":false,"implicit":false,"is_ellipsis_args":false,"name":"do_alias of Pdb","ret_type":{".class":"UnionType","items":["builtins.bool",{".class":"NoneType"}]},"type_guard":null,"unpack_kwargs":false,"variables":[]}}},"do_args":{".class":"SymbolTableNode","kind":"Mdef","node":{".class":"FuncDef","abstract_status":0,"arg_kinds":[0,0],"arg_names":["self","arg"],"dataclass_transform_spec":null,"flags":[],"fullname":"pdb.Pdb.do_args","name":"do_args","type":{".class":"CallableType","arg_kinds":[0,0],"arg_names":["self","arg"],"arg_types":["pdb.Pdb","builtins.str"],"bound_args":[],"def_extras":{"first_arg":"self"},"fallback":"builtins.function","from_concatenate":false,"implicit":false,"is_ellipsis_args":false,"name":"do_args of Pdb","ret_type":{".class":"UnionType","items":["builtins.bool",{".class":"NoneType"}]},"type_guard":null,"unpack_kwargs":false,"variables":[]}}},"do_b":{".class":"SymbolTableNode","kind":"Mdef","node":{".class":"Var","flags":["is_initialized_in_class","is_inferred","has_explicit_value"],"fullname":"pdb.Pdb.do_b","name":"do_b","type":{".class":"CallableType","arg_kinds":[0,0,1],"arg_names":["self","arg","temporary"],"arg_types":["pdb.Pdb","builtins.str","builtins.bool"],"bound_args":[],"def_extras":{"first_arg":"self"},"fallback":"builtins.function","from_concatenate":false,"implicit":false,"is_ellipsis_args":false,"name":null,"ret_type":{".class":"UnionType","items":["builtins.bool",{".class":"NoneType"}]},"type_guard":null,"unpack_kwargs":false,"variables":[]}}},"do_break":{".class":"SymbolTableNode","kind":"Mdef","node":{".class":"FuncDef","abstract_status":0,"arg_kinds":[0,0,1],"arg_names":["self","arg","temporary"],"dataclass_transform_spec":null,"flags":[],"fullname":"pdb.Pdb.do_break","name":"do_break","type":{".class":"CallableType","arg_kinds":[0,0,1],"arg_names":["self","arg","temporary"],"arg_types":["pdb.Pdb","builtins.str","builtins.bool"],"bound_args":[],"def_extras":{"first_arg":"self"},"fallback":"builtins.function","from_concatenate":false,"implicit":false,"is_ellipsis_args":false,"name":"do_break of Pdb","ret_type":{".class":"UnionType","items":["builtins.bool",{".class":"NoneType"}]},"type_guard":null,"unpack_kwargs":false,"variables":[]}}},"do_bt":{".class":"SymbolTableNode","kind":"Mdef","node":{".class":"Var","flags":["is_initialized_in_class","is_inferred","has_explicit_value"],"fullname":"pdb.Pdb.do_bt","name":"do_bt","type":{".class":"CallableType","arg_kinds":[0,0],"arg_names":["self","arg"],"arg_types":["pdb.Pdb","builtins.str"],"bound_args":[],"def_extras":{"first_arg":"self"},"fallback":"builtins.function","from_concatenate":false,"implicit":false,"is_ellipsis_args":false,"name":null,"ret_type":{".class":"UnionType","items":["builtins.bool",{".class":"NoneType"}]},"type_guard":null,"unpack_kwargs":false,"variables":[]}}},"do_c":{".class":"SymbolTableNode","kind":"Mdef","node":{".class":"Var","flags":["is_initialized_in_class","is_inferred","has_explicit_value"],"fullname":"pdb.Pdb.do_c","name":"do_c","type":{".class":"CallableType","arg_kinds":[0,0],"arg_names":["self","arg"],"arg_types":["pdb.Pdb","builtins.str"],"bound_args":[],"def_extras":{"first_arg":"self"},"fallback":"builtins.function","from_concatenate":false,"implicit":false,"is_ellipsis_args":false,"name":null,"ret_type":{".class":"UnionType","items":["builtins.bool",{".class":"NoneType"}]},"type_guard":null,"unpack_kwargs":false,"variables":[]}}},"do_cl":{".class":"SymbolTableNode","kind":"Mdef","node":{".class":"Var","flags":["is_initialized_in_class","is_inferred","has_explicit_value"],"fullname":"pdb.Pdb.do_cl","name":"do_cl","type":{".class":"CallableType","arg_kinds":[0,0],"arg_names":["self","arg"],"arg_types":["pdb.Pdb","builtins.str"],"bound_args":[],"def_extras":{"first_arg":"self"},"fallback":"builtins.function","from_concatenate":false,"implicit":false,"is_ellipsis_args":false,"name":null,"ret_type":{".class":"UnionType","items":["builtins.bool",{".class":"NoneType"}]},"type_guard":null,"unpack_kwargs":false,"variables":[]}}},"do_clear":{".class":"SymbolTableNode","kind":"Mdef","node":{".class":"FuncDef","abstract_status":0,"arg_kinds":[0,0],"arg_names":["self","arg"],"dataclass_transform_spec":null,"flags":[],"fullname":"pdb.Pdb.do_clear","name":"do_clear","type":{".class":"CallableType","arg_kinds":[0,0],"arg_names":["self","arg"],"arg_types":["pdb.Pdb","builtins.str"],"bound_args":[],"def_extras":{"first_arg":"self"},"fallback":"builtins.function","from_concatenate":false,"implicit":false,"is_ellipsis_args":false,"name":"do_clear of Pdb","ret_type":{".class":"UnionType","items":["builtins.bool",{".class":"NoneType"}]},"type_guard":null,"unpack_kwargs":false,"variables":[]}}},"do_commands":{".class":"SymbolTableNode","kind":"Mdef","node":{".class":"FuncDef","abstract_status":0,"arg_kinds":[0,0],"arg_names":["self","arg"],"dataclass_transform_spec":null,"flags":[],"fullname":"pdb.Pdb.do_commands","name":"do_commands","type":{".class":"CallableType","arg_kinds":[0,0],"arg_names":["self","arg"],"arg_types":["pdb.Pdb","builtins.str"],"bound_args":[],"def_extras":{"first_arg":"self"},"fallback":"builtins.function","from_concatenate":false,"implicit":false,"is_ellipsis_args":false,"name":"do_commands of Pdb","ret_type":{".class":"UnionType","items":["builtins.bool",{".class":"NoneType"}]},"type_guard":null,"unpack_kwargs":false,"variables":[]}}},"do_condition":{".class":"SymbolTableNode","kind":"Mdef","node":{".class":"FuncDef","abstract_status":0,"arg_kinds":[0,0],"arg_names":["self","arg"],"dataclass_transform_spec":null,"flags":[],"fullname":"pdb.Pdb.do_condition","name":"do_condition","type":{".class":"CallableType","arg_kinds":[0,0],"arg_names":["self","arg"],"arg_types":["pdb.Pdb","builtins.str"],"bound_args":[],"def_extras":{"first_arg":"self"},"fallback":"builtins.function","from_concatenate":false,"implicit":false,"is_ellipsis_args":false,"name":"do_condition of Pdb","ret_type":{".class":"UnionType","items":["builtins.bool",{".class":"NoneType"}]},"type_guard":null,"unpack_kwargs":false,"variables":[]}}},"do_cont":{".class":"SymbolTableNode","kind":"Mdef","node":{".class":"Var","flags":["is_initialized_in_class","is_inferred","has_explicit_value"],"fullname":"pdb.Pdb.do_cont","name":"do_cont","type":{".class":"CallableType","arg_kinds":[0,0],"arg_names":["self","arg"],"arg_types":["pdb.Pdb","builtins.str"],"bound_args":[],"def_extras":{"first_arg":"self"},"fallback":"builtins.function","from_concatenate":false,"implicit":false,"is_ellipsis_args":false,"name":null,"ret_type":{".class":"UnionType","items":["builtins.bool",{".class":"NoneType"}]},"type_guard":null,"unpack_kwargs":false,"variables":[]}}},"do_continue":{".class":"SymbolTableNode","kind":"Mdef","node":{".class":"FuncDef","abstract_status":0,"arg_kinds":[0,0],"arg_names":["self","arg"],"dataclass_transform_spec":null,"flags":[],"fullname":"pdb.Pdb.do_continue","name":"do_continue","type":{".class":"CallableType","arg_kinds":[0,0],"arg_names":["self","arg"],"arg_types":["pdb.Pdb","builtins.str"],"bound_args":[],"def_extras":{"first_arg":"self"},"fallback":"builtins.function","from_concatenate":false,"implicit":false,"is_ellipsis_args":false,"name":"do_continue of Pdb","ret_type":{".class":"UnionType","items":["builtins.bool",{".class":"NoneType"}]},"type_guard":null,"unpack_kwargs":false,"variables":[]}}},"do_d":{".class":"SymbolTableNode","kind":"Mdef","node":{".class":"Var","flags":["is_initialized_in_class","is_inferred","has_explicit_value"],"fullname":"pdb.Pdb.do_d","name":"do_d","type":{".class":"CallableType","arg_kinds":[0,0],"arg_names":["self","arg"],"arg_types":["pdb.Pdb","builtins.str"],"bound_args":[],"def_extras":{"first_arg":"self"},"fallback":"builtins.function","from_concatenate":false,"implicit":false,"is_ellipsis_args":false,"name":null,"ret_type":{".class":"UnionType","items":["builtins.bool",{".class":"NoneType"}]},"type_guard":null,"unpack_kwargs":false,"variables":[]}}},"do_debug":{".class":"SymbolTableNode","kind":"Mdef","node":{".class":"FuncDef","abstract_status":0,"arg_kinds":[0,0],"arg_names":["self","arg"],"dataclass_transform_spec":null,"flags":[],"fullname":"pdb.Pdb.do_debug","name":"do_debug","type":{".class":"CallableType","arg_kinds":[0,0],"arg_names":["self","arg"],"arg_types":["pdb.Pdb","builtins.str"],"bound_args":[],"def_extras":{"first_arg":"self"},"fallback":"builtins.function","from_concatenate":false,"implicit":false,"is_ellipsis_args":false,"name":"do_debug of Pdb","ret_type":{".class":"UnionType","items":["builtins.bool",{".class":"NoneType"}]},"type_guard":null,"unpack_kwargs":false,"variables":[]}}},"do_disable":{".class":"SymbolTableNode","kind":"Mdef","node":{".class":"FuncDef","abstract_status":0,"arg_kinds":[0,0],"arg_names":["self","arg"],"dataclass_transform_spec":null,"flags":[],"fullname":"pdb.Pdb.do_disable","name":"do_disable","type":{".class":"CallableType","arg_kinds":[0,0],"arg_names":["self","arg"],"arg_types":["pdb.Pdb","builtins.str"],"bound_args":[],"def_extras":{"first_arg":"self"},"fallback":"builtins.function","from_concatenate":false,"implicit":false,"is_ellipsis_args":false,"name":"do_disable of Pdb","ret_type":{".class":"UnionType","items":["builtins.bool",{".class":"NoneType"}]},"type_guard":null,"unpack_kwargs":false,"variables":[]}}},"do_display":{".class":"SymbolTableNode","kind":"Mdef","node":{".class":"FuncDef","abstract_status":0,"arg_kinds":[0,0],"arg_names":["self","arg"],"dataclass_transform_spec":null,"flags":[],"fullname":"pdb.Pdb.do_display","name":"do_display","type":{".class":"CallableType","arg_kinds":[0,0],"arg_names":["self","arg"],"arg_types":["pdb.Pdb","builtins.str"],"bound_args":[],"def_extras":{"first_arg":"self"},"fallback":"builtins.function","from_concatenate":false,"implicit":false,"is_ellipsis_args":false,"name":"do_display of Pdb","ret_type":{".class":"UnionType","items":["builtins.bool",{".class":"NoneType"}]},"type_guard":null,"unpack_kwargs":false,"variables":[]}}},"do_down":{".class":"SymbolTableNode","kind":"Mdef","node":{".class":"FuncDef","abstract_status":0,"arg_kinds":[0,0],"arg_names":["self","arg"],"dataclass_transform_spec":null,"flags":[],"fullname":"pdb.Pdb.do_down","name":"do_down","type":{".class":"CallableType","arg_kinds":[0,0],"arg_names":["self","arg"],"arg_types":["pdb.Pdb","builtins.str"],"bound_args":[],"def_extras":{"first_arg":"self"},"fallback":"builtins.function","from_concatenate":false,"implicit":false,"is_ellipsis_args":false,"name":"do_down of Pdb","ret_type":{".class":"UnionType","items":["builtins.bool",{".class":"NoneType"}]},"type_guard":null,"unpack_kwargs":false,"variables":[]}}},"do_enable":{".class":"SymbolTableNode","kind":"Mdef","node":{".class":"FuncDef","abstract_status":0,"arg_kinds":[0,0],"arg_names":["self","arg"],"dataclass_transform_spec":null,"flags":[],"fullname":"pdb.Pdb.do_enable","name":"do_enable","type":{".class":"CallableType","arg_kinds":[0,0],"arg_names":["self","arg"],"arg_types":["pdb.Pdb","builtins.str"],"bound_args":[],"def_extras":{"first_arg":"self"},"fallback":"builtins.function","from_concatenate":false,"implicit":false,"is_ellipsis_args":false,"name":"do_enable of Pdb","ret_type":{".class":"UnionType","items":["builtins.bool",{".class":"NoneType"}]},"type_guard":null,"unpack_kwargs":false,"variables":[]}}},"do_exit":{".class":"SymbolTableNode","kind":"Mdef","node":{".class":"Var","flags":["is_initialized_in_class","is_inferred","has_explicit_value"],"fullname":"pdb.Pdb.do_exit","name":"do_exit","type":{".class":"CallableType","arg_kinds":[0,0],"arg_names":["self","arg"],"arg_types":["pdb.Pdb","builtins.str"],"bound_args":[],"def_extras":{"first_arg":"self"},"fallback":"builtins.function","from_concatenate":false,"implicit":false,"is_ellipsis_args":false,"name":null,"ret_type":{".class":"UnionType","items":["builtins.bool",{".class":"NoneType"}]},"type_guard":null,"unpack_kwargs":false,"variables":[]}}},"do_h":{".class":"SymbolTableNode","kind":"Mdef","node":{".class":"Var","flags":["is_initialized_in_class","is_inferred","has_explicit_value"],"fullname":"pdb.Pdb.do_h","name":"do_h","type":{".class":"CallableType","arg_kinds":[0,0],"arg_names":["self","arg"],"arg_types":["pdb.Pdb","builtins.str"],"bound_args":[],"def_extras":{"first_arg":"self"},"fallback":"builtins.function","from_concatenate":false,"implicit":false,"is_ellipsis_args":false,"name":null,"ret_type":{".class":"UnionType","items":["builtins.bool",{".class":"NoneType"}]},"type_guard":null,"unpack_kwargs":false,"variables":[]}}},"do_help":{".class":"SymbolTableNode","kind":"Mdef","node":{".class":"FuncDef","abstract_status":0,"arg_kinds":[0,0],"arg_names":["self","arg"],"dataclass_transform_spec":null,"flags":[],"fullname":"pdb.Pdb.do_help","name":"do_help","type":{".class":"CallableType","arg_kinds":[0,0],"arg_names":["self","arg"],"arg_types":["pdb.Pdb","builtins.str"],"bound_args":[],"def_extras":{"first_arg":"self"},"fallback":"builtins.function","from_concatenate":false,"implicit":false,"is_ellipsis_args":false,"name":"do_help of Pdb","ret_type":{".class":"UnionType","items":["builtins.bool",{".class":"NoneType"}]},"type_guard":null,"unpack_kwargs":false,"variables":[]}}},"do_ignore":{".class":"SymbolTableNode","kind":"Mdef","node":{".class":"FuncDef","abstract_status":0,"arg_kinds":[0,0],"arg_names":["self","arg"],"dataclass_transform_spec":null,"flags":[],"fullname":"pdb.Pdb.do_ignore","name":"do_ignore","type":{".class":"CallableType","arg_kinds":[0,0],"arg_names":["self","arg"],"arg_types":["pdb.Pdb","builtins.str"],"bound_args":[],"def_extras":{"first_arg":"self"},"fallback":"builtins.function","from_concatenate":false,"implicit":false,"is_ellipsis_args":false,"name":"do_ignore of Pdb","ret_type":{".class":"UnionType","items":["builtins.bool",{".class":"NoneType"}]},"type_guard":null,"unpack_kwargs":false,"variables":[]}}},"do_interact":{".class":"SymbolTableNode","kind":"Mdef","node":{".class":"FuncDef","abstract_status":0,"arg_kinds":[0,0],"arg_names":["self","arg"],"dataclass_transform_spec":null,"flags":[],"fullname":"pdb.Pdb.do_interact","name":"do_interact","type":{".class":"CallableType","arg_kinds":[0,0],"arg_names":["self","arg"],"arg_types":["pdb.Pdb","builtins.str"],"bound_args":[],"def_extras":{"first_arg":"self"},"fallback":"builtins.function","from_concatenate":false,"implicit":false,"is_ellipsis_args":false,"name":"do_interact of Pdb","ret_type":{".class":"UnionType","items":["builtins.bool",{".class":"NoneType"}]},"type_guard":null,"unpack_kwargs":false,"variables":[]}}},"do_j":{".class":"SymbolTableNode","kind":"Mdef","node":{".class":"Var","flags":["is_initialized_in_class","is_inferred","has_explicit_value"],"fullname":"pdb.Pdb.do_j","name":"do_j","type":{".class":"CallableType","arg_kinds":[0,0],"arg_names":["self","arg"],"arg_types":["pdb.Pdb","builtins.str"],"bound_args":[],"def_extras":{"first_arg":"self"},"fallback":"builtins.function","from_concatenate":false,"implicit":false,"is_ellipsis_args":false,"name":null,"ret_type":{".class":"UnionType","items":["builtins.bool",{".class":"NoneType"}]},"type_guard":null,"unpack_kwargs":false,"variables":[]}}},"do_jump":{".class":"SymbolTableNode","kind":"Mdef","node":{".class":"FuncDef","abstract_status":0,"arg_kinds":[0,0],"arg_names":["self","arg"],"dataclass_transform_spec":null,"flags":[],"fullname":"pdb.Pdb.do_jump","name":"do_jump","type":{".class":"CallableType","arg_kinds":[0,0],"arg_names":["self","arg"],"arg_types":["pdb.Pdb","builtins.str"],"bound_args":[],"def_extras":{"first_arg":"self"},"fallback":"builtins.function","from_concatenate":false,"implicit":false,"is_ellipsis_args":false,"name":"do_jump of Pdb","ret_type":{".class":"UnionType","items":["builtins.bool",{".class":"NoneType"}]},"type_guard":null,"unpack_kwargs":false,"variables":[]}}},"do_l":{".class":"SymbolTableNode","kind":"Mdef","node":{".class":"Var","flags":["is_initialized_in_class","is_inferred","has_explicit_value"],"fullname":"pdb.Pdb.do_l","name":"do_l","type":{".class":"CallableType","arg_kinds":[0,0],"arg_names":["self","arg"],"arg_types":["pdb.Pdb","builtins.str"],"bound_args":[],"def_extras":{"first_arg":"self"},"fallback":"builtins.function","from_concatenate":false,"implicit":false,"is_ellipsis_args":false,"name":null,"ret_type":{".class":"UnionType","items":["builtins.bool",{".class":"NoneType"}]},"type_guard":null,"unpack_kwargs":false,"variables":[]}}},"do_list":{".class":"SymbolTableNode","kind":"Mdef","node":{".class":"FuncDef","abstract_status":0,"arg_kinds":[0,0],"arg_names":["self","arg"],"dataclass_transform_spec":null,"flags":[],"fullname":"pdb.Pdb.do_list","name":"do_list","type":{".class":"CallableType","arg_kinds":[0,0],"arg_names":["self","arg"],"arg_types":["pdb.Pdb","builtins.str"],"bound_args":[],"def_extras":{"first_arg":"self"},"fallback":"builtins.function","from_concatenate":false,"implicit":false,"is_ellipsis_args":false,"name":"do_list of Pdb","ret_type":{".class":"UnionType","items":["builtins.bool",{".class":"NoneType"}]},"type_guard":null,"unpack_kwargs":false,"variables":[]}}},"do_ll":{".class":"SymbolTableNode","kind":"Mdef","node":{".class":"Var","flags":["is_initialized_in_class","is_inferred","has_explicit_value"],"fullname":"pdb.Pdb.do_ll","name":"do_ll","type":{".class":"CallableType","arg_kinds":[0,0],"arg_names":["self","arg"],"arg_types":["pdb.Pdb","builtins.str"],"bound_args":[],"def_extras":{"first_arg":"self"},"fallback":"builtins.function","from_concatenate":false,"implicit":false,"is_ellipsis_args":false,"name":null,"ret_type":{".class":"UnionType","items":["builtins.bool",{".class":"NoneType"}]},"type_guard":null,"unpack_kwargs":false,"variables":[]}}},"do_longlist":{".class":"SymbolTableNode","kind":"Mdef","node":{".class":"FuncDef","abstract_status":0,"arg_kinds":[0,0],"arg_names":["self","arg"],"dataclass_transform_spec":null,"flags":[],"fullname":"pdb.Pdb.do_longlist","name":"do_longlist","type":{".class":"CallableType","arg_kinds":[0,0],"arg_names":["self","arg"],"arg_types":["pdb.Pdb","builtins.str"],"bound_args":[],"def_extras":{"first_arg":"self"},"fallback":"builtins.function","from_concatenate":false,"implicit":false,"is_ellipsis_args":false,"name":"do_longlist of Pdb","ret_type":{".class":"UnionType","items":["builtins.bool",{".class":"NoneType"}]},"type_guard":null,"unpack_kwargs":false,"variables":[]}}},"do_n":{".class":"SymbolTableNode","kind":"Mdef","node":{".class":"Var","flags":["is_initialized_in_class","is_inferred","has_explicit_value"],"fullname":"pdb.Pdb.do_n","name":"do_n","type":{".class":"CallableType","arg_kinds":[0,0],"arg_names":["self","arg"],"arg_types":["pdb.Pdb","builtins.str"],"bound_args":[],"def_extras":{"first_arg":"self"},"fallback":"builtins.function","from_concatenate":false,"implicit":false,"is_ellipsis_args":false,"name":null,"ret_type":{".class":"UnionType","items":["builtins.bool",{".class":"NoneType"}]},"type_guard":null,"unpack_kwargs":false,"variables":[]}}},"do_next":{".class":"SymbolTableNode","kind":"Mdef","node":{".class":"FuncDef","abstract_status":0,"arg_kinds":[0,0],"arg_names":["self","arg"],"dataclass_transform_spec":null,"flags":[],"fullname":"pdb.Pdb.do_next","name":"do_next","type":{".class":"CallableType","arg_kinds":[0,0],"arg_names":["self","arg"],"arg_types":["pdb.Pdb","builtins.str"],"bound_args":[],"def_extras":{"first_arg":"self"},"fallback":"builtins.function","from_concatenate":false,"implicit":false,"is_ellipsis_args":false,"name":"do_next of Pdb","ret_type":{".class":"UnionType","items":["builtins.bool",{".class":"NoneType"}]},"type_guard":null,"unpack_kwargs":false,"variables":[]}}},"do_p":{".class":"SymbolTableNode","kind":"Mdef","node":{".class":"FuncDef","abstract_status":0,"arg_kinds":[0,0],"arg_names":["self","arg"],"dataclass_transform_spec":null,"flags":[],"fullname":"pdb.Pdb.do_p","name":"do_p","type":{".class":"CallableType","arg_kinds":[0,0],"arg_names":["self","arg"],"arg_types":["pdb.Pdb","builtins.str"],"bound_args":[],"def_extras":{"first_arg":"self"},"fallback":"builtins.function","from_concatenate":false,"implicit":false,"is_ellipsis_args":false,"name":"do_p of Pdb","ret_type":{".class":"UnionType","items":["builtins.bool",{".class":"NoneType"}]},"type_guard":null,"unpack_kwargs":false,"variables":[]}}},"do_pp":{".class":"SymbolTableNode","kind":"Mdef","node":{".class":"FuncDef","abstract_status":0,"arg_kinds":[0,0],"arg_names":["self","arg"],"dataclass_transform_spec":null,"flags":[],"fullname":"pdb.Pdb.do_pp","name":"do_pp","type":{".class":"CallableType","arg_kinds":[0,0],"arg_names":["self","arg"],"arg_types":["pdb.Pdb","builtins.str"],"bound_args":[],"def_extras":{"first_arg":"self"},"fallback":"builtins.function","from_concatenate":false,"implicit":false,"is_ellipsis_args":false,"name":"do_pp of Pdb","ret_type":{".class":"UnionType","items":["builtins.bool",{".class":"NoneType"}]},"type_guard":null,"unpack_kwargs":false,"variables":[]}}},"do_q":{".class":"SymbolTableNode","kind":"Mdef","node":{".class":"Var","flags":["is_initialized_in_class","is_inferred","has_explicit_value"],"fullname":"pdb.Pdb.do_q","name":"do_q","type":{".class":"CallableType","arg_kinds":[0,0],"arg_names":["self","arg"],"arg_types":["pdb.Pdb","builtins.str"],"bound_args":[],"def_extras":{"first_arg":"self"},"fallback":"builtins.function","from_concatenate":false,"implicit":false,"is_ellipsis_args":false,"name":null,"ret_type":{".class":"UnionType","items":["builtins.bool",{".class":"NoneType"}]},"type_guard":null,"unpack_kwargs":false,"variables":[]}}},"do_quit":{".class":"SymbolTableNode","kind":"Mdef","node":{".class":"FuncDef","abstract_status":0,"arg_kinds":[0,0],"arg_names":["self","arg"],"dataclass_transform_spec":null,"flags":[],"fullname":"pdb.Pdb.do_quit","name":"do_quit","type":{".class":"CallableType","arg_kinds":[0,0],"arg_names":["self","arg"],"arg_types":["pdb.Pdb","builtins.str"],"bound_args":[],"def_extras":{"first_arg":"self"},"fallback":"builtins.function","from_concatenate":false,"implicit":false,"is_ellipsis_args":false,"name":"do_quit of Pdb","ret_type":{".class":"UnionType","items":["builtins.bool",{".class":"NoneType"}]},"type_guard":null,"unpack_kwargs":false,"variables":[]}}},"do_r":{".class":"SymbolTableNode","kind":"Mdef","node":{".class":"Var","flags":["is_initialized_in_class","is_inferred","has_explicit_value"],"fullname":"pdb.Pdb.do_r","name":"do_r","type":{".class":"CallableType","arg_kinds":[0,0],"arg_names":["self","arg"],"arg_types":["pdb.Pdb","builtins.str"],"bound_args":[],"def_extras":{"first_arg":"self"},"fallback":"builtins.function","from_concatenate":false,"implicit":false,"is_ellipsis_args":false,"name":null,"ret_type":{".class":"UnionType","items":["builtins.bool",{".class":"NoneType"}]},"type_guard":null,"unpack_kwargs":false,"variables":[]}}},"do_restart":{".class":"SymbolTableNode","kind":"Mdef","node":{".class":"Var","flags":["is_initialized_in_class","is_inferred","has_explicit_value"],"fullname":"pdb.Pdb.do_restart","name":"do_restart","type":{".class":"CallableType","arg_kinds":[0,0],"arg_names":["self","arg"],"arg_types":["pdb.Pdb","builtins.str"],"bound_args":[],"def_extras":{"first_arg":"self"},"fallback":"builtins.function","from_concatenate":false,"implicit":false,"is_ellipsis_args":false,"name":null,"ret_type":{".class":"UnionType","items":["builtins.bool",{".class":"NoneType"}]},"type_guard":null,"unpack_kwargs":false,"variables":[]}}},"do_return":{".class":"SymbolTableNode","kind":"Mdef","node":{".class":"FuncDef","abstract_status":0,"arg_kinds":[0,0],"arg_names":["self","arg"],"dataclass_transform_spec":null,"flags":[],"fullname":"pdb.Pdb.do_return","name":"do_return","type":{".class":"CallableType","arg_kinds":[0,0],"arg_names":["self","arg"],"arg_types":["pdb.Pdb","builtins.str"],"bound_args":[],"def_extras":{"first_arg":"self"},"fallback":"builtins.function","from_concatenate":false,"implicit":false,"is_ellipsis_args":false,"name":"do_return of Pdb","ret_type":{".class":"UnionType","items":["builtins.bool",{".class":"NoneType"}]},"type_guard":null,"unpack_kwargs":false,"variables":[]}}},"do_retval":{".class":"SymbolTableNode","kind":"Mdef","node":{".class":"FuncDef","abstract_status":0,"arg_kinds":[0,0],"arg_names":["self","arg"],"dataclass_transform_spec":null,"flags":[],"fullname":"pdb.Pdb.do_retval","name":"do_retval","type":{".class":"CallableType","arg_kinds":[0,0],"arg_names":["self","arg"],"arg_types":["pdb.Pdb","builtins.str"],"bound_args":[],"def_extras":{"first_arg":"self"},"fallback":"builtins.function","from_concatenate":false,"implicit":false,"is_ellipsis_args":false,"name":"do_retval of Pdb","ret_type":{".class":"UnionType","items":["builtins.bool",{".class":"NoneType"}]},"type_guard":null,"unpack_kwargs":false,"variables":[]}}},"do_run":{".class":"SymbolTableNode","kind":"Mdef","node":{".class":"FuncDef","abstract_status":0,"arg_kinds":[0,0],"arg_names":["self","arg"],"dataclass_transform_spec":null,"flags":[],"fullname":"pdb.Pdb.do_run","name":"do_run","type":{".class":"CallableType","arg_kinds":[0,0],"arg_names":["self","arg"],"arg_types":["pdb.Pdb","builtins.str"],"bound_args":[],"def_extras":{"first_arg":"self"},"fallback":"builtins.function","from_concatenate":false,"implicit":false,"is_ellipsis_args":false,"name":"do_run of Pdb","ret_type":{".class":"UnionType","items":["builtins.bool",{".class":"NoneType"}]},"type_guard":null,"unpack_kwargs":false,"variables":[]}}},"do_rv":{".class":"SymbolTableNode","kind":"Mdef","node":{".class":"Var","flags":["is_initialized_in_class","is_inferred","has_explicit_value"],"fullname":"pdb.Pdb.do_rv","name":"do_rv","type":{".class":"CallableType","arg_kinds":[0,0],"arg_names":["self","arg"],"arg_types":["pdb.Pdb","builtins.str"],"bound_args":[],"def_extras":{"first_arg":"self"},"fallback":"builtins.function","from_concatenate":false,"implicit":false,"is_ellipsis_args":false,"name":null,"ret_type":{".class":"UnionType","items":["builtins.bool",{".class":"NoneType"}]},"type_guard":null,"unpack_kwargs":false,"variables":[]}}},"do_s":{".class":"SymbolTableNode","kind":"Mdef","node":{".class":"Var","flags":["is_initialized_in_class","is_inferred","has_explicit_value"],"fullname":"pdb.Pdb.do_s","name":"do_s","type":{".class":"CallableType","arg_kinds":[0,0],"arg_names":["self","arg"],"arg_types":["pdb.Pdb","builtins.str"],"bound_args":[],"def_extras":{"first_arg":"self"},"fallback":"builtins.function","from_concatenate":false,"implicit":false,"is_ellipsis_args":false,"name":null,"ret_type":{".class":"UnionType","items":["builtins.bool",{".class":"NoneType"}]},"type_guard":null,"unpack_kwargs":false,"variables":[]}}},"do_source":{".class":"SymbolTableNode","kind":"Mdef","node":{".class":"FuncDef","abstract_status":0,"arg_kinds":[0,0],"arg_names":["self","arg"],"dataclass_transform_spec":null,"flags":[],"fullname":"pdb.Pdb.do_source","name":"do_source","type":{".class":"CallableType","arg_kinds":[0,0],"arg_names":["self","arg"],"arg_types":["pdb.Pdb","builtins.str"],"bound_args":[],"def_extras":{"first_arg":"self"},"fallback":"builtins.function","from_concatenate":false,"implicit":false,"is_ellipsis_args":false,"name":"do_source of Pdb","ret_type":{".class":"UnionType","items":["builtins.bool",{".class":"NoneType"}]},"type_guard":null,"unpack_kwargs":false,"variables":[]}}},"do_step":{".class":"SymbolTableNode","kind":"Mdef","node":{".class":"FuncDef","abstract_status":0,"arg_kinds":[0,0],"arg_names":["self","arg"],"dataclass_transform_spec":null,"flags":[],"fullname":"pdb.Pdb.do_step","name":"do_step","type":{".class":"CallableType","arg_kinds":[0,0],"arg_names":["self","arg"],"arg_types":["pdb.Pdb","builtins.str"],"bound_args":[],"def_extras":{"first_arg":"self"},"fallback":"builtins.function","from_concatenate":false,"implicit":false,"is_ellipsis_args":false,"name":"do_step of Pdb","ret_type":{".class":"UnionType","items":["builtins.bool",{".class":"NoneType"}]},"type_guard":null,"unpack_kwargs":false,"variables":[]}}},"do_tbreak":{".class":"SymbolTableNode","kind":"Mdef","node":{".class":"FuncDef","abstract_status":0,"arg_kinds":[0,0],"arg_names":["self","arg"],"dataclass_transform_spec":null,"flags":[],"fullname":"pdb.Pdb.do_tbreak","name":"do_tbreak","type":{".class":"CallableType","arg_kinds":[0,0],"arg_names":["self","arg"],"arg_types":["pdb.Pdb","builtins.str"],"bound_args":[],"def_extras":{"first_arg":"self"},"fallback":"builtins.function","from_concatenate":false,"implicit":false,"is_ellipsis_args":false,"name":"do_tbreak of Pdb","ret_type":{".class":"UnionType","items":["builtins.bool",{".class":"NoneType"}]},"type_guard":null,"unpack_kwargs":false,"variables":[]}}},"do_u":{".class":"SymbolTableNode","kind":"Mdef","node":{".class":"Var","flags":["is_initialized_in_class","is_inferred","has_explicit_value"],"fullname":"pdb.Pdb.do_u","name":"do_u","type":{".class":"CallableType","arg_kinds":[0,0],"arg_names":["self","arg"],"arg_types":["pdb.Pdb","builtins.str"],"bound_args":[],"def_extras":{"first_arg":"self"},"fallback":"builtins.function","from_concatenate":false,"implicit":false,"is_ellipsis_args":false,"name":null,"ret_type":{".class":"UnionType","items":["builtins.bool",{".class":"NoneType"}]},"type_guard":null,"unpack_kwargs":false,"variables":[]}}},"do_unalias":{".class":"SymbolTableNode","kind":"Mdef","node":{".class":"FuncDef","abstract_status":0,"arg_kinds":[0,0],"arg_names":["self","arg"],"dataclass_transform_spec":null,"flags":[],"fullname":"pdb.Pdb.do_unalias","name":"do_unalias","type":{".class":"CallableType","arg_kinds":[0,0],"arg_names":["self","arg"],"arg_types":["pdb.Pdb","builtins.str"],"bound_args":[],"def_extras":{"first_arg":"self"},"fallback":"builtins.function","from_concatenate":false,"implicit":false,"is_ellipsis_args":false,"name":"do_unalias of Pdb","ret_type":{".class":"UnionType","items":["builtins.bool",{".class":"NoneType"}]},"type_guard":null,"unpack_kwargs":false,"variables":[]}}},"do_undisplay":{".class":"SymbolTableNode","kind":"Mdef","node":{".class":"FuncDef","abstract_status":0,"arg_kinds":[0,0],"arg_names":["self","arg"],"dataclass_transform_spec":null,"flags":[],"fullname":"pdb.Pdb.do_undisplay","name":"do_undisplay","type":{".class":"CallableType","arg_kinds":[0,0],"arg_names":["self","arg"],"arg_types":["pdb.Pdb","builtins.str"],"bound_args":[],"def_extras":{"first_arg":"self"},"fallback":"builtins.function","from_concatenate":false,"implicit":false,"is_ellipsis_args":false,"name":"do_undisplay of Pdb","ret_type":{".class":"UnionType","items":["builtins.bool",{".class":"NoneType"}]},"type_guard":null,"unpack_kwargs":false,"variables":[]}}},"do_unt":{".class":"SymbolTableNode","kind":"Mdef","node":{".class":"Var","flags":["is_initialized_in_class","is_inferred","has_explicit_value"],"fullname":"pdb.Pdb.do_unt","name":"do_unt","type":{".class":"CallableType","arg_kinds":[0,0],"arg_names":["self","arg"],"arg_types":["pdb.Pdb","builtins.str"],"bound_args":[],"def_extras":{"first_arg":"self"},"fallback":"builtins.function","from_concatenate":false,"implicit":false,"is_ellipsis_args":false,"name":null,"ret_type":{".class":"UnionType","items":["builtins.bool",{".class":"NoneType"}]},"type_guard":null,"unpack_kwargs":false,"variables":[]}}},"do_until":{".class":"SymbolTableNode","kind":"Mdef","node":{".class":"FuncDef","abstract_status":0,"arg_kinds":[0,0],"arg_names":["self","arg"],"dataclass_transform_spec":null,"flags":[],"fullname":"pdb.Pdb.do_until","name":"do_until","type":{".class":"CallableType","arg_kinds":[0,0],"arg_names":["self","arg"],"arg_types":["pdb.Pdb","builtins.str"],"bound_args":[],"def_extras":{"first_arg":"self"},"fallback":"builtins.function","from_concatenate":false,"implicit":false,"is_ellipsis_args":false,"name":"do_until of Pdb","ret_type":{".class":"UnionType","items":["builtins.bool",{".class":"NoneType"}]},"type_guard":null,"unpack_kwargs":false,"variables":[]}}},"do_up":{".class":"SymbolTableNode","kind":"Mdef","node":{".class":"FuncDef","abstract_status":0,"arg_kinds":[0,0],"arg_names":["self","arg"],"dataclass_transform_spec":null,"flags":[],"fullname":"pdb.Pdb.do_up","name":"do_up","type":{".class":"CallableType","arg_kinds":[0,0],"arg_names":["self","arg"],"arg_types":["pdb.Pdb","builtins.str"],"bound_args":[],"def_extras":{"first_arg":"self"},"fallback":"builtins.function","from_concatenate":false,"implicit":false,"is_ellipsis_args":false,"name":"do_up of Pdb","ret_type":{".class":"UnionType","items":["builtins.bool",{".class":"NoneType"}]},"type_guard":null,"unpack_kwargs":false,"variables":[]}}},"do_w":{".class":"SymbolTableNode","kind":"Mdef","node":{".class":"Var","flags":["is_initialized_in_class","is_inferred","has_explicit_value"],"fullname":"pdb.Pdb.do_w","name":"do_w","type":{".class":"CallableType","arg_kinds":[0,0],"arg_names":["self","arg"],"arg_types":["pdb.Pdb","builtins.str"],"bound_args":[],"def_extras":{"first_arg":"self"},"fallback":"builtins.function","from_concatenate":false,"implicit":false,"is_ellipsis_args":false,"name":null,"ret_type":{".class":"UnionType","items":["builtins.bool",{".class":"NoneType"}]},"type_guard":null,"unpack_kwargs":false,"variables":[]}}},"do_whatis":{".class":"SymbolTableNode","kind":"Mdef","node":{".class":"FuncDef","abstract_status":0,"arg_kinds":[0,0],"arg_names":["self","arg"],"dataclass_transform_spec":null,"flags":[],"fullname":"pdb.Pdb.do_whatis","name":"do_whatis","type":{".class":"CallableType","arg_kinds":[0,0],"arg_names":["self","arg"],"arg_types":["pdb.Pdb","builtins.str"],"bound_args":[],"def_extras":{"first_arg":"self"},"fallback":"builtins.function","from_concatenate":false,"implicit":false,"is_ellipsis_args":false,"name":"do_whatis of Pdb","ret_type":{".class":"UnionType","items":["builtins.bool",{".class":"NoneType"}]},"type_guard":null,"unpack_kwargs":false,"variables":[]}}},"do_where":{".class":"SymbolTableNode","kind":"Mdef","node":{".class":"FuncDef","abstract_status":0,"arg_kinds":[0,0],"arg_names":["self","arg"],"dataclass_transform_spec":null,"flags":[],"fullname":"pdb.Pdb.do_where","name":"do_where","type":{".class":"CallableType","arg_kinds":[0,0],"arg_names":["self","arg"],"arg_types":["pdb.Pdb","builtins.str"],"bound_args":[],"def_extras":{"first_arg":"self"},"fallback":"builtins.function","from_concatenate":false,"implicit":false,"is_ellipsis_args":false,"name":"do_where of Pdb","ret_type":{".class":"UnionType","items":["builtins.bool",{".class":"NoneType"}]},"type_guard":null,"unpack_kwargs":false,"variables":[]}}},"error":{".class":"SymbolTableNode","kind":"Mdef","node":{".class":"FuncDef","abstract_status":0,"arg_kinds":[0,0],"arg_names":["self","msg"],"dataclass_transform_spec":null,"flags":[],"fullname":"pdb.Pdb.error","name":"error","type":{".class":"CallableType","arg_kinds":[0,0],"arg_names":["self","msg"],"arg_types":["pdb.Pdb","builtins.str"],"bound_args":[],"def_extras":{"first_arg":"self"},"fallback":"builtins.function","from_concatenate":false,"implicit":false,"is_ellipsis_args":false,"name":"error of Pdb","ret_type":{".class":"NoneType"},"type_guard":null,"unpack_kwargs":false,"variables":[]}}},"execRcLines":{".class":"SymbolTableNode","kind":"Mdef","node":{".class":"FuncDef","abstract_status":0,"arg_kinds":[0],"arg_names":["self"],"dataclass_transform_spec":null,"flags":[],"fullname":"pdb.Pdb.execRcLines","name":"execRcLines","type":{".class":"CallableType","arg_kinds":[0],"arg_names":["self"],"arg_types":["pdb.Pdb"],"bound_args":[],"def_extras":{"first_arg":"self"},"fallback":"builtins.function","from_concatenate":false,"implicit":false,"is_ellipsis_args":false,"name":"execRcLines of Pdb","ret_type":{".class":"NoneType"},"type_guard":null,"unpack_kwargs":false,"variables":[]}}},"forget":{".class":"SymbolTableNode","kind":"Mdef","node":{".class":"FuncDef","abstract_status":0,"arg_kinds":[0],"arg_names":["self"],"dataclass_transform_spec":null,"flags":[],"fullname":"pdb.Pdb.forget","name":"forget","type":{".class":"CallableType","arg_kinds":[0],"arg_names":["self"],"arg_types":["pdb.Pdb"],"bound_args":[],"def_extras":{"first_arg":"self"},"fallback":"builtins.function","from_concatenate":false,"implicit":false,"is_ellipsis_args":false,"name":"forget of Pdb","ret_type":{".class":"NoneType"},"type_guard":null,"unpack_kwargs":false,"variables":[]}}},"handle_command_def":{".class":"SymbolTableNode","kind":"Mdef","node":{".class":"FuncDef","abstract_status":0,"arg_kinds":[0,0],"arg_names":["self","line"],"dataclass_transform_spec":null,"flags":[],"fullname":"pdb.Pdb.handle_command_def","name":"handle_command_def","type":{".class":"CallableType","arg_kinds":[0,0],"arg_names":["self","line"],"arg_types":["pdb.Pdb","builtins.str"],"bound_args":[],"def_extras":{"first_arg":"self"},"fallback":"builtins.function","from_concatenate":false,"implicit":false,"is_ellipsis_args":false,"name":"handle_command_def of Pdb","ret_type":"builtins.bool","type_guard":null,"unpack_kwargs":false,"variables":[]}}},"help_exec":{".class":"SymbolTableNode","kind":"Mdef","node":{".class":"FuncDef","abstract_status":0,"arg_kinds":[0],"arg_names":["self"],"dataclass_transform_spec":null,"flags":[],"fullname":"pdb.Pdb.help_exec","name":"help_exec","type":{".class":"CallableType","arg_kinds":[0],"arg_names":["self"],"arg_types":["pdb.Pdb"],"bound_args":[],"def_extras":{"first_arg":"self"},"fallback":"builtins.function","from_concatenate":false,"implicit":false,"is_ellipsis_args":false,"name":"help_exec of Pdb","ret_type":{".class":"NoneType"},"type_guard":null,"unpack_kwargs":false,"variables":[]}}},"help_pdb":{".class":"SymbolTableNode","kind":"Mdef","node":{".class":"FuncDef","abstract_status":0,"arg_kinds":[0],"arg_names":["self"],"dataclass_transform_spec":null,"flags":[],"fullname":"pdb.Pdb.help_pdb","name":"help_pdb","type":{".class":"CallableType","arg_kinds":[0],"arg_names":["self"],"arg_types":["pdb.Pdb"],"bound_args":[],"def_extras":{"first_arg":"self"},"fallback":"builtins.function","from_concatenate":false,"implicit":false,"is_ellipsis_args":false,"name":"help_pdb of Pdb","ret_type":{".class":"NoneType"},"type_guard":null,"unpack_kwargs":false,"variables":[]}}},"interaction":{".class":"SymbolTableNode","kind":"Mdef","node":{".class":"FuncDef","abstract_status":0,"arg_kinds":[0,0,0],"arg_names":["self","frame","traceback"],"dataclass_transform_spec":null,"flags":[],"fullname":"pdb.Pdb.interaction","name":"interaction","type":{".class":"CallableType","arg_kinds":[0,0,0],"arg_names":["self","frame","traceback"],"arg_types":["pdb.Pdb",{".class":"UnionType","items":["types.FrameType",{".class":"NoneType"}]},{".class":"UnionType","items":["types.TracebackType",{".class":"NoneType"}]}],"bound_args":[],"def_extras":{"first_arg":"self"},"fallback":"builtins.function","from_concatenate":false,"implicit":false,"is_ellipsis_args":false,"name":"interaction of Pdb","ret_type":{".class":"NoneType"},"type_guard":null,"unpack_kwargs":false,"variables":[]}}},"lineinfo":{".class":"SymbolTableNode","kind":"Mdef","node":{".class":"FuncDef","abstract_status":0,"arg_kinds":[0,0],"arg_names":["self","identifier"],"dataclass_transform_spec":null,"flags":[],"fullname":"pdb.Pdb.lineinfo","name":"lineinfo","type":{".class":"CallableType","arg_kinds":[0,0],"arg_names":["self","identifier"],"arg_types":["pdb.Pdb","builtins.str"],"bound_args":[],"def_extras":{"first_arg":"self"},"fallback":"builtins.function","from_concatenate":false,"implicit":false,"is_ellipsis_args":false,"name":"lineinfo of Pdb","ret_type":{".class":"UnionType","items":[{".class":"TupleType","implicit":false,"items":[{".class":"NoneType"},{".class":"NoneType"},{".class":"NoneType"}],"partial_fallback":{".class":"Instance","args":[{".class":"AnyType","missing_import_name":null,"source_any":null,"type_of_any":6}],"type_ref":"builtins.tuple"}},{".class":"TupleType","implicit":false,"items":["builtins.str","builtins.str","builtins.int"],"partial_fallback":{".class":"Instance","args":[{".class":"AnyType","missing_import_name":null,"source_any":null,"type_of_any":6}],"type_ref":"builtins.tuple"}}]},"type_guard":null,"unpack_kwargs":false,"variables":[]}}},"lineno":{".class":"SymbolTableNode","kind":"Mdef","node":{".class":"Var","flags":["is_initialized_in_class","is_ready"],"fullname":"pdb.Pdb.lineno","name":"lineno","type":{".class":"UnionType","items":["builtins.int",{".class":"NoneType"}]}}},"lookupmodule":{".class":"SymbolTableNode","kind":"Mdef","node":{".class":"FuncDef","abstract_status":0,"arg_kinds":[0,0],"arg_names":["self","filename"],"dataclass_transform_spec":null,"flags":[],"fullname":"pdb.Pdb.lookupmodule","name":"lookupmodule","type":{".class":"CallableType","arg_kinds":[0,0],"arg_names":["self","filename"],"arg_types":["pdb.Pdb","builtins.str"],"bound_args":[],"def_extras":{"first_arg":"self"},"fallback":"builtins.function","from_concatenate":false,"implicit":false,"is_ellipsis_args":false,"name":"lookupmodule of Pdb","ret_type":{".class":"UnionType","items":["builtins.str",{".class":"NoneType"}]},"type_guard":null,"unpack_kwargs":false,"variables":[]}}},"mainpyfile":{".class":"SymbolTableNode","kind":"Mdef","node":{".class":"Var","flags":["is_initialized_in_class","is_ready"],"fullname":"pdb.Pdb.mainpyfile","name":"mainpyfile","type":"builtins.str"}},"message":{".class":"SymbolTableNode","kind":"Mdef","node":{".class":"FuncDef","abstract_status":0,"arg_kinds":[0,0],"arg_names":["self","msg"],"dataclass_transform_spec":null,"flags":[],"fullname":"pdb.Pdb.message","name":"message","type":{".class":"CallableType","arg_kinds":[0,0],"arg_names":["self","msg"],"arg_types":["pdb.Pdb","builtins.str"],"bound_args":[],"def_extras":{"first_arg":"self"},"fallback":"builtins.function","from_concatenate":false,"implicit":false,"is_ellipsis_args":false,"name":"message of Pdb","ret_type":{".class":"NoneType"},"type_guard":null,"unpack_kwargs":false,"variables":[]}}},"print_stack_entry":{".class":"SymbolTableNode","kind":"Mdef","node":{".class":"FuncDef","abstract_status":0,"arg_kinds":[0,0,1],"arg_names":["self","frame_lineno","prompt_prefix"],"dataclass_transform_spec":null,"flags":[],"fullname":"pdb.Pdb.print_stack_entry","name":"print_stack_entry","type":{".class":"CallableType","arg_kinds":[0,0,1],"arg_names":["self","frame_lineno","prompt_prefix"],"arg_types":["pdb.Pdb",{".class":"TupleType","implicit":false,"items":["types.FrameType","builtins.int"],"partial_fallback":{".class":"Instance","args":[{".class":"AnyType","missing_import_name":null,"source_any":null,"type_of_any":6}],"type_ref":"builtins.tuple"}},"builtins.str"],"bound_args":[],"def_extras":{"first_arg":"self"},"fallback":"builtins.function","from_concatenate":false,"implicit":false,"is_ellipsis_args":false,"name":"print_stack_entry of Pdb","ret_type":{".class":"NoneType"},"type_guard":null,"unpack_kwargs":false,"variables":[]}}},"print_stack_trace":{".class":"SymbolTableNode","kind":"Mdef","node":{".class":"FuncDef","abstract_status":0,"arg_kinds":[0],"arg_names":["self"],"dataclass_transform_spec":null,"flags":[],"fullname":"pdb.Pdb.print_stack_trace","name":"print_stack_trace","type":{".class":"CallableType","arg_kinds":[0],"arg_names":["self"],"arg_types":["pdb.Pdb"],"bound_args":[],"def_extras":{"first_arg":"self"},"fallback":"builtins.function","from_concatenate":false,"implicit":false,"is_ellipsis_args":false,"name":"print_stack_trace of Pdb","ret_type":{".class":"NoneType"},"type_guard":null,"unpack_kwargs":false,"variables":[]}}},"rcLines":{".class":"SymbolTableNode","kind":"Mdef","node":{".class":"Var","flags":["is_initialized_in_class","is_ready"],"fullname":"pdb.Pdb.rcLines","name":"rcLines","type":{".class":"Instance","args":["builtins.str"],"type_ref":"builtins.list"}}},"setup":{".class":"SymbolTableNode","kind":"Mdef","node":{".class":"FuncDef","abstract_status":0,"arg_kinds":[0,0,0],"arg_names":["self","f","tb"],"dataclass_transform_spec":null,"flags":[],"fullname":"pdb.Pdb.setup","name":"setup","type":{".class":"CallableType","arg_kinds":[0,0,0],"arg_names":["self","f","tb"],"arg_types":["pdb.Pdb",{".class":"UnionType","items":["types.FrameType",{".class":"NoneType"}]},{".class":"UnionType","items":["types.TracebackType",{".class":"NoneType"}]}],"bound_args":[],"def_extras":{"first_arg":"self"},"fallback":"builtins.function","from_concatenate":false,"implicit":false,"is_ellipsis_args":false,"name":"setup of Pdb","ret_type":{".class":"NoneType"},"type_guard":null,"unpack_kwargs":false,"variables":[]}}},"sigint_handler":{".class":"SymbolTableNode","kind":"Mdef","node":{".class":"FuncDef","abstract_status":0,"arg_kinds":[0,0,0],"arg_names":["self","signum","frame"],"dataclass_transform_spec":null,"flags":[],"fullname":"pdb.Pdb.sigint_handler","name":"sigint_handler","type":{".class":"CallableType","arg_kinds":[0,0,0],"arg_names":["self","signum","frame"],"arg_types":["pdb.Pdb","signal.Signals","types.FrameType"],"bound_args":[],"def_extras":{"first_arg":"self"},"fallback":"builtins.function","from_concatenate":false,"implicit":false,"is_ellipsis_args":false,"name":"sigint_handler of Pdb","ret_type":{".class":"NoneType"},"type_guard":null,"unpack_kwargs":false,"variables":[]}}},"stack":{".class":"SymbolTableNode","kind":"Mdef","node":{".class":"Var","flags":["is_initialized_in_class","is_ready"],"fullname":"pdb.Pdb.stack","name":"stack","type":{".class":"Instance","args":[{".class":"TupleType","implicit":false,"items":["types.FrameType","builtins.int"],"partial_fallback":{".class":"Instance","args":[{".class":"AnyType","missing_import_name":null,"source_any":null,"type_of_any":6}],"type_ref":"builtins.tuple"}}],"type_ref":"builtins.list"}}}},"self_type":null,"slots":null,"tuple_type":null,"type_vars":[],"typeddict_type":null}},"Restart":{".class":"SymbolTableNode","kind":"Gdef","module_public":false,"node":{".class":"TypeInfo","_promote":[],"abstract_attributes":[],"alt_promote":null,"bases":["builtins.Exception"],"dataclass_transform_spec":null,"declared_metaclass":null,"defn":{".class":"ClassDef","fullname":"pdb.Restart","name":"Restart","type_vars":[]},"deletable_attributes":[],"flags":[],"fullname":"pdb.Restart","has_param_spec_type":false,"metaclass_type":null,"metadata":{},"module_name":"pdb","mro":["pdb.Restart","builtins.Exception","builtins.BaseException","builtins.object"],"names":{".class":"SymbolTable"},"self_type":null,"slots":null,"tuple_type":null,"type_vars":[],"typeddict_type":null}},"Self":{".class":"SymbolTableNode","cross_ref":"typing.Self","kind":"Gdef","module_hidden":true,"module_public":false},"Sequence":{".class":"SymbolTableNode","cross_ref":"typing.Sequence","kind":"Gdef","module_hidden":true,"module_public":false},"TracebackType":{".class":"SymbolTableNode","cross_ref":"types.TracebackType","kind":"Gdef","module_hidden":true,"module_public":false},"TypeVar":{".class":"SymbolTableNode","cross_ref":"typing.TypeVar","kind":"Gdef","module_hidden":true,"module_public":false},"_P":{".class":"SymbolTableNode","kind":"Gdef","module_public":false,"node":{".class":"ParamSpecExpr","fullname":"pdb._P","name":"_P","upper_bound":"builtins.object","variance":0}},"_SourceObjectType":{".class":"SymbolTableNode","cross_ref":"inspect._SourceObjectType","kind":"Gdef","module_hidden":true,"module_public":false},"_T":{".class":"SymbolTableNode","kind":"Gdef","module_public":false,"node":{".class":"TypeVarExpr","fullname":"pdb._T","name":"_T","upper_bound":"builtins.object","values":[],"variance":0}},"__all__":{".class":"SymbolTableNode","kind":"Gdef","module_public":false,"node":{".class":"Var","flags":["is_inferred","has_explicit_value"],"fullname":"pdb.__all__","name":"__all__","type":{".class":"Instance","args":["builtins.str"],"type_ref":"builtins.list"}}},"__annotations__":{".class":"SymbolTableNode","kind":"Gdef","module_public":false,"node":{".class":"Var","flags":["is_ready"],"fullname":"pdb.__annotations__","name":"__annotations__","type":{".class":"Instance","args":["builtins.str",{".class":"AnyType","missing_import_name":null,"source_any":null,"type_of_any":6}],"type_ref":"builtins.dict"}}},"__doc__":{".class":"SymbolTableNode","kind":"Gdef","module_public":false,"node":{".class":"Var","flags":["is_ready"],"fullname":"pdb.__doc__","name":"__doc__","type":"builtins.str"}},"__file__":{".class":"SymbolTableNode","kind":"Gdef","module_public":false,"node":{".class":"Var","flags":["is_ready"],"fullname":"pdb.__file__","name":"__file__","type":"builtins.str"}},"__name__":{".class":"SymbolTableNode","kind":"Gdef","module_public":false,"node":{".class":"Var","flags":["is_ready"],"fullname":"pdb.__name__","name":"__name__","type":"builtins.str"}},"__package__":{".class":"SymbolTableNode","kind":"Gdef","module_public":false,"node":{".class":"Var","flags":["is_ready"],"fullname":"pdb.__package__","name":"__package__","type":"builtins.str"}},"_rstr":{".class":"SymbolTableNode","kind":"Gdef","module_public":false,"node":{".class":"TypeInfo","_promote":[],"abstract_attributes":[],"alt_promote":null,"bases":["builtins.str"],"dataclass_transform_spec":null,"declared_metaclass":null,"defn":{".class":"ClassDef","fullname":"pdb._rstr","name":"_rstr","type_vars":[]},"deletable_attributes":[],"flags":[],"fullname":"pdb._rstr","has_param_spec_type":false,"metaclass_type":"abc.ABCMeta","metadata":{},"module_name":"pdb","mro":["pdb._rstr","builtins.str","typing.Sequence","typing.Collection","typing.Reversible","typing.Iterable","typing.Container","builtins.object"],"names":{".class":"SymbolTable","__repr__":{".class":"SymbolTableNode","kind":"Mdef","node":{".class":"FuncDef","abstract_status":0,"arg_kinds":[0],"arg_names":[null],"dataclass_transform_spec":null,"flags":[],"fullname":"pdb._rstr.__repr__","name":"__repr__","type":{".class":"CallableType","arg_kinds":[0],"arg_names":[null],"arg_types":[{".class":"TypeVarType","fullname":"pdb._rstr.Self","id":0,"name":"Self","namespace":"","upper_bound":"pdb._rstr","values":[],"variance":0}],"bound_args":[],"def_extras":{"first_arg":"self"},"fallback":"builtins.function","from_concatenate":false,"implicit":false,"is_ellipsis_args":false,"name":"__repr__ of _rstr","ret_type":{".class":"TypeVarType","fullname":"pdb._rstr.Self","id":0,"name":"Self","namespace":"","upper_bound":"pdb._rstr","values":[],"variance":0},"type_guard":null,"unpack_kwargs":false,"variables":[{".class":"TypeVarType","fullname":"pdb._rstr.Self","id":0,"name":"Self","namespace":"","upper_bound":"pdb._rstr","values":[],"variance":0}]}}}},"self_type":{".class":"TypeVarType","fullname":"pdb._rstr.Self","id":0,"name":"Self","namespace":"","upper_bound":"pdb._rstr","values":[],"variance":0},"slots":null,"tuple_type":null,"type_vars":[],"typeddict_type":null}},"find_function":{".class":"SymbolTableNode","kind":"Gdef","module_public":false,"node":{".class":"FuncDef","abstract_status":0,"arg_kinds":[0,0],"arg_names":["funcname","filename"],"dataclass_transform_spec":null,"flags":[],"fullname":"pdb.find_function","name":"find_function","type":{".class":"CallableType","arg_kinds":[0,0],"arg_names":["funcname","filename"],"arg_types":["builtins.str","builtins.str"],"bound_args":[],"def_extras":{"first_arg":null},"fallback":"builtins.function","from_concatenate":false,"implicit":false,"is_ellipsis_args":false,"name":"find_function","ret_type":{".class":"UnionType","items":[{".class":"TupleType","implicit":false,"items":["builtins.str","builtins.str","builtins.int"],"partial_fallback":{".class":"Instance","args":[{".class":"AnyType","missing_import_name":null,"source_any":null,"type_of_any":6}],"type_ref":"builtins.tuple"}},{".class":"NoneType"}]},"type_guard":null,"unpack_kwargs":false,"variables":[]}}},"getsourcelines":{".class":"SymbolTableNode","kind":"Gdef","module_public":false,"node":{".class":"FuncDef","abstract_status":0,"arg_kinds":[0],"arg_names":["obj"],"dataclass_transform_spec":null,"flags":[],"fullname":"pdb.getsourcelines","name":"getsourcelines","type":{".class":"CallableType","arg_kinds":[0],"arg_names":["obj"],"arg_types":[{".class":"TypeAliasType","args":[],"type_ref":"inspect._SourceObjectType"}],"bound_args":[],"def_extras":{"first_arg":null},"fallback":"builtins.function","from_concatenate":false,"implicit":false,"is_ellipsis_args":false,"name":"getsourcelines","ret_type":{".class":"TupleType","implicit":false,"items":[{".class":"Instance","args":["builtins.str"],"type_ref":"builtins.list"},"builtins.int"],"partial_fallback":{".class":"Instance","args":[{".class":"AnyType","missing_import_name":null,"source_any":null,"type_of_any":6}],"type_ref":"builtins.tuple"}},"type_guard":null,"unpack_kwargs":false,"variables":[]}}},"help":{".class":"SymbolTableNode","kind":"Gdef","node":{".class":"FuncDef","abstract_status":0,"arg_kinds":[],"arg_names":[],"dataclass_transform_spec":null,"flags":[],"fullname":"pdb.help","name":"help","type":{".class":"CallableType","arg_kinds":[],"arg_names":[],"arg_types":[],"bound_args":[],"def_extras":{"first_arg":null},"fallback":"builtins.function","from_concatenate":false,"implicit":false,"is_ellipsis_args":false,"name":"help","ret_type":{".class":"NoneType"},"type_guard":null,"unpack_kwargs":false,"variables":[]}}},"lasti2lineno":{".class":"SymbolTableNode","kind":"Gdef","module_public":false,"node":{".class":"FuncDef","abstract_status":0,"arg_kinds":[0,0],"arg_names":["code","lasti"],"dataclass_transform_spec":null,"flags":[],"fullname":"pdb.lasti2lineno","name":"lasti2lineno","type":{".class":"CallableType","arg_kinds":[0,0],"arg_names":["code","lasti"],"arg_types":["types.CodeType","builtins.int"],"bound_args":[],"def_extras":{"first_arg":null},"fallback":"builtins.function","from_concatenate":false,"implicit":false,"is_ellipsis_args":false,"name":"lasti2lineno","ret_type":"builtins.int","type_guard":null,"unpack_kwargs":false,"variables":[]}}},"line_prefix":{".class":"SymbolTableNode","kind":"Gdef","module_public":false,"node":{".class":"Var","flags":["is_ready"],"fullname":"pdb.line_prefix","name":"line_prefix","type":"builtins.str"}},"main":{".class":"SymbolTableNode","kind":"Gdef","module_public":false,"node":{".class":"FuncDef","abstract_status":0,"arg_kinds":[],"arg_names":[],"dataclass_transform_spec":null,"flags":[],"fullname":"pdb.main","name":"main","type":{".class":"CallableType","arg_kinds":[],"arg_names":[],"arg_types":[],"bound_args":[],"def_extras":{"first_arg":null},"fallback":"builtins.function","from_concatenate":false,"implicit":false,"is_ellipsis_args":false,"name":"main","ret_type":{".class":"NoneType"},"type_guard":null,"unpack_kwargs":false,"variables":[]}}},"pm":{".class":"SymbolTableNode","kind":"Gdef","node":{".class":"FuncDef","abstract_status":0,"arg_kinds":[],"arg_names":[],"dataclass_transform_spec":null,"flags":[],"fullname":"pdb.pm","name":"pm","type":{".class":"CallableType","arg_kinds":[],"arg_names":[],"arg_types":[],"bound_args":[],"def_extras":{"first_arg":null},"fallback":"builtins.function","from_concatenate":false,"implicit":false,"is_ellipsis_args":false,"name":"pm","ret_type":{".class":"NoneType"},"type_guard":null,"unpack_kwargs":false,"variables":[]}}},"post_mortem":{".class":"SymbolTableNode","kind":"Gdef","node":{".class":"FuncDef","abstract_status":0,"arg_kinds":[1],"arg_names":["t"],"dataclass_transform_spec":null,"flags":[],"fullname":"pdb.post_mortem","name":"post_mortem","type":{".class":"CallableType","arg_kinds":[1],"arg_names":["t"],"arg_types":[{".class":"UnionType","items":["types.TracebackType",{".class":"NoneType"}]}],"bound_args":[],"def_extras":{"first_arg":null},"fallback":"builtins.function","from_concatenate":false,"implicit":false,"is_ellipsis_args":false,"name":"post_mortem","ret_type":{".class":"NoneType"},"type_guard":null,"unpack_kwargs":false,"variables":[]}}},"run":{".class":"SymbolTableNode","kind":"Gdef","node":{".class":"FuncDef","abstract_status":0,"arg_kinds":[0,1,1],"arg_names":["statement","globals","locals"],"dataclass_transform_spec":null,"flags":[],"fullname":"pdb.run","name":"run","type":{".class":"CallableType","arg_kinds":[0,1,1],"arg_names":["statement","globals","locals"],"arg_types":["builtins.str",{".class":"UnionType","items":[{".class":"Instance","args":["builtins.str",{".class":"AnyType","missing_import_name":null,"source_any":null,"type_of_any":2}],"type_ref":"builtins.dict"},{".class":"NoneType"}]},{".class":"UnionType","items":[{".class":"Instance","args":["builtins.str",{".class":"AnyType","missing_import_name":null,"source_any":null,"type_of_any":2}],"type_ref":"typing.Mapping"},{".class":"NoneType"}]}],"bound_args":[],"def_extras":{"first_arg":null},"fallback":"builtins.function","from_concatenate":false,"implicit":false,"is_ellipsis_args":false,"name":"run","ret_type":{".class":"NoneType"},"type_guard":null,"unpack_kwargs":false,"variables":[]}}},"runcall":{".class":"SymbolTableNode","kind":"Gdef","node":{".class":"FuncDef","abstract_status":0,"arg_kinds":[0,2,4],"arg_names":["func","args","kwds"],"dataclass_transform_spec":null,"flags":[],"fullname":"pdb.runcall","name":"runcall","type":{".class":"CallableType","arg_kinds":[0,2,4],"arg_names":["func","args","kwds"],"arg_types":[{".class":"CallableType","arg_kinds":[2,4],"arg_names":[null,null],"arg_types":[{".class":"ParamSpecType","flavor":1,"fullname":"pdb._P","id":-1,"name":"_P","prefix":{".class":"Parameters","arg_kinds":[],"arg_names":[],"arg_types":[],"variables":[]},"upper_bound":{".class":"Instance","args":["builtins.object"],"type_ref":"builtins.tuple"}},{".class":"ParamSpecType","flavor":2,"fullname":"pdb._P","id":-1,"name":"_P","prefix":{".class":"Parameters","arg_kinds":[],"arg_names":[],"arg_types":[],"variables":[]},"upper_bound":{".class":"Instance","args":["builtins.str","builtins.object"],"type_ref":"builtins.dict"}}],"bound_args":[],"def_extras":{},"fallback":"builtins.function","from_concatenate":false,"implicit":false,"is_ellipsis_args":false,"name":null,"ret_type":{".class":"TypeVarType","fullname":"pdb._T","id":-2,"name":"_T","namespace":"","upper_bound":"builtins.object","values":[],"variance":0},"type_guard":null,"unpack_kwargs":false,"variables":[]},{".class":"ParamSpecType","flavor":1,"fullname":"pdb._P","id":-1,"name":"_P","prefix":{".class":"Parameters","arg_kinds":[],"arg_names":[],"arg_types":[],"variables":[]},"upper_bound":{".class":"Instance","args":["builtins.object"],"type_ref":"builtins.tuple"}},{".class":"ParamSpecType","flavor":2,"fullname":"pdb._P","id":-1,"name":"_P","prefix":{".class":"Parameters","arg_kinds":[],"arg_names":[],"arg_types":[],"variables":[]},"upper_bound":{".class":"Instance","args":["builtins.str","builtins.object"],"type_ref":"builtins.dict"}}],"bound_args":[],"def_extras":{"first_arg":null},"fallback":"builtins.function","from_concatenate":false,"implicit":false,"is_ellipsis_args":false,"name":"runcall","ret_type":{".class":"UnionType","items":[{".class":"TypeVarType","fullname":"pdb._T","id":-2,"name":"_T","namespace":"","upper_bound":"builtins.object","values":[],"variance":0},{".class":"NoneType"}]},"type_guard":null,"unpack_kwargs":false,"variables":[{".class":"ParamSpecType","flavor":0,"fullname":"pdb._P","id":-1,"name":"_P","prefix":{".class":"Parameters","arg_kinds":[],"arg_names":[],"arg_types":[],"variables":[]},"upper_bound":"builtins.object"},{".class":"TypeVarType","fullname":"pdb._T","id":-2,"name":"_T","namespace":"","upper_bound":"builtins.object","values":[],"variance":0}]}}},"runctx":{".class":"SymbolTableNode","kind":"Gdef","node":{".class":"FuncDef","abstract_status":0,"arg_kinds":[0,0,0],"arg_names":["statement","globals","locals"],"dataclass_transform_spec":null,"flags":[],"fullname":"pdb.runctx","name":"runctx","type":{".class":"CallableType","arg_kinds":[0,0,0],"arg_names":["statement","globals","locals"],"arg_types":["builtins.str",{".class":"Instance","args":["builtins.str",{".class":"AnyType","missing_import_name":null,"source_any":null,"type_of_any":2}],"type_ref":"builtins.dict"},{".class":"Instance","args":["builtins.str",{".class":"AnyType","missing_import_name":null,"source_any":null,"type_of_any":2}],"type_ref":"typing.Mapping"}],"bound_args":[],"def_extras":{"first_arg":null},"fallback":"builtins.function","from_concatenate":false,"implicit":false,"is_ellipsis_args":false,"name":"runctx","ret_type":{".class":"NoneType"},"type_guard":null,"unpack_kwargs":false,"variables":[]}}},"runeval":{".class":"SymbolTableNode","kind":"Gdef","node":{".class":"FuncDef","abstract_status":0,"arg_kinds":[0,1,1],"arg_names":["expression","globals","locals"],"dataclass_transform_spec":null,"flags":[],"fullname":"pdb.runeval","name":"runeval","type":{".class":"CallableType","arg_kinds":[0,1,1],"arg_names":["expression","globals","locals"],"arg_types":["builtins.str",{".class":"UnionType","items":[{".class":"Instance","args":["builtins.str",{".class":"AnyType","missing_import_name":null,"source_any":null,"type_of_any":2}],"type_ref":"builtins.dict"},{".class":"NoneType"}]},{".class":"UnionType","items":[{".class":"Instance","args":["builtins.str",{".class":"AnyType","missing_import_name":null,"source_any":null,"type_of_any":2}],"type_ref":"typing.Mapping"},{".class":"NoneType"}]}],"bound_args":[],"def_extras":{"first_arg":null},"fallback":"builtins.function","from_concatenate":false,"implicit":false,"is_ellipsis_args":false,"name":"runeval","ret_type":{".class":"AnyType","missing_import_name":null,"source_any":null,"type_of_any":2},"type_guard":null,"unpack_kwargs":false,"variables":[]}}},"set_trace":{".class":"SymbolTableNode","kind":"Gdef","node":{".class":"FuncDef","abstract_status":0,"arg_kinds":[5],"arg_names":["header"],"dataclass_transform_spec":null,"flags":[],"fullname":"pdb.set_trace","name":"set_trace","type":{".class":"CallableType","arg_kinds":[5],"arg_names":["header"],"arg_types":[{".class":"UnionType","items":["builtins.str",{".class":"NoneType"}]}],"bound_args":[],"def_extras":{"first_arg":null},"fallback":"builtins.function","from_concatenate":false,"implicit":false,"is_ellipsis_args":false,"name":"set_trace","ret_type":{".class":"NoneType"},"type_guard":null,"unpack_kwargs":false,"variables":[]}}},"signal":{".class":"SymbolTableNode","cross_ref":"signal","kind":"Gdef","module_hidden":true,"module_public":false},"sys":{".class":"SymbolTableNode","cross_ref":"sys","kind":"Gdef","module_hidden":true,"module_public":false}},"path":"C:\\Users\\Vasilis\\AppData\\Local\\Programs\\Python\\Python313\\Lib\\site-packages\\mypy\\typeshed\\stdlib\\pdb.pyi"}