{"data_mtime":1762095530,"dep_lines":[5,1,2,3,4,6,7,8,9,1,1,1,1,1],"dep_prios":[5,10,10,5,5,5,5,5,5,5,30,30,30,30],"dependencies":["collections.abc","signal","sys","bdb","cmd","inspect","types","typing","typing_extensions","builtins","_typeshed","abc","ast","enum"],"hash":"2cf487b34165c76c46b7479997963fc8d08f981c3009834b3cb2d2bb2822035e","id":"pdb","ignore_all":true,"interface_hash":"3e229bde94f8b334879e73b087f12de181d6a2b7b44913dd434153b34e339353","mtime":1762095443,"options":{"allow_redefinition":false,"allow_untyped_globals":false,"always_false":[],"always_true":[],"bazel":false,"check_untyped_defs":false,"disable_bytearray_promotion":false,"disable_error_code":[],"disable_memoryview_promotion":false,"disabled_error_codes":[],"disallow_any_decorated":false,"disallow_any_explicit":false,"disallow_any_expr":false,"disallow_any_generics":false,"disallow_any_unimported":false,"disallow_incomplete_defs":false,"disallow_subclassing_any":false,"disallow_untyped_calls":false,"disallow_untyped_decorators":false,"disallow_untyped_defs":false,"enable_error_code":[],"enabled_error_codes":[],"follow_imports":"silent","follow_imports_for_stubs":false,"ignore_errors":false,"ignore_missing_imports":true,"implicit_optional":true,"implicit_reexport":true,"local_partial_types":false,"mypyc":false,"platform":"win32","plugins":[],"strict_concatenate":false,"strict_equality":false,"strict_optional":true,"warn_no_return":true,"warn_return_any":false,"warn_unreachable":false,"warn_unused_ignores":false},"path":"C:\\Users\\Vasilis\\AppData\\Local\\Programs\\Python\\Python313\\Lib\\site-packages\\mypy\\typeshed\\stdlib\\pdb.pyi","plugin_data":null,"size":7378,"suppressed":[],"version_id":"1.3.0"}