{".class":"MypyFile","_fullname":"pickle","future_import_flags":[],"is_partial_stub_package":false,"is_stub":true,"names":{".class":"SymbolTable","ADDITEMS":{".class":"SymbolTableNode","kind":"Gdef","node":{".class":"Var","flags":["is_ready"],"fullname":"pickle.ADDITEMS","name":"ADDITEMS","type":"builtins.bytes"}},"APPEND":{".class":"SymbolTableNode","kind":"Gdef","node":{".class":"Var","flags":["is_ready"],"fullname":"pickle.APPEND","name":"APPEND","type":"builtins.bytes"}},"APPENDS":{".class":"SymbolTableNode","kind":"Gdef","node":{".class":"Var","flags":["is_ready"],"fullname":"pickle.APPENDS","name":"APPENDS","type":"builtins.bytes"}},"Any":{".class":"SymbolTableNode","cross_ref":"typing.Any","kind":"Gdef","module_hidden":true,"module_public":false},"BINBYTES":{".class":"SymbolTableNode","kind":"Gdef","node":{".class":"Var","flags":["is_ready"],"fullname":"pickle.BINBYTES","name":"BINBYTES","type":"builtins.bytes"}},"BINBYTES8":{".class":"SymbolTableNode","kind":"Gdef","node":{".class":"Var","flags":["is_ready"],"fullname":"pickle.BINBYTES8","name":"BINBYTES8","type":"builtins.bytes"}},"BINFLOAT":{".class":"SymbolTableNode","kind":"Gdef","node":{".class":"Var","flags":["is_ready"],"fullname":"pickle.BINFLOAT","name":"BINFLOAT","type":"builtins.bytes"}},"BINGET":{".class":"SymbolTableNode","kind":"Gdef","node":{".class":"Var","flags":["is_ready"],"fullname":"pickle.BINGET","name":"BINGET","type":"builtins.bytes"}},"BININT":{".class":"SymbolTableNode","kind":"Gdef","node":{".class":"Var","flags":["is_ready"],"fullname":"pickle.BININT","name":"BININT","type":"builtins.bytes"}},"BININT1":{".class":"SymbolTableNode","kind":"Gdef","node":{".class":"Var","flags":["is_ready"],"fullname":"pickle.BININT1","name":"BININT1","type":"builtins.bytes"}},"BININT2":{".class":"SymbolTableNode","kind":"Gdef","node":{".class":"Var","flags":["is_ready"],"fullname":"pickle.BININT2","name":"BININT2","type":"builtins.bytes"}},"BINPERSID":{".class":"SymbolTableNode","kind":"Gdef","node":{".class":"Var","flags":["is_ready"],"fullname":"pickle.BINPERSID","name":"BINPERSID","type":"builtins.bytes"}},"BINPUT":{".class":"SymbolTableNode","kind":"Gdef","node":{".class":"Var","flags":["is_ready"],"fullname":"pickle.BINPUT","name":"BINPUT","type":"builtins.bytes"}},"BINSTRING":{".class":"SymbolTableNode","kind":"Gdef","node":{".class":"Var","flags":["is_ready"],"fullname":"pickle.BINSTRING","name":"BINSTRING","type":"builtins.bytes"}},"BINUNICODE":{".class":"SymbolTableNode","kind":"Gdef","node":{".class":"Var","flags":["is_ready"],"fullname":"pickle.BINUNICODE","name":"BINUNICODE","type":"builtins.bytes"}},"BINUNICODE8":{".class":"SymbolTableNode","kind":"Gdef","node":{".class":"Var","flags":["is_ready"],"fullname":"pickle.BINUNICODE8","name":"BINUNICODE8","type":"builtins.bytes"}},"BUILD":{".class":"SymbolTableNode","kind":"Gdef","node":{".class":"Var","flags":["is_ready"],"fullname":"pickle.BUILD","name":"BUILD","type":"builtins.bytes"}},"BYTEARRAY8":{".class":"SymbolTableNode","kind":"Gdef","node":{".class":"Var","flags":["is_ready"],"fullname":"pickle.BYTEARRAY8","name":"BYTEARRAY8","type":"builtins.bytes"}},"Callable":{".class":"SymbolTableNode","cross_ref":"typing.Callable","kind":"Gdef","module_hidden":true,"module_public":false},"ClassVar":{".class":"SymbolTableNode","cross_ref":"typing.ClassVar","kind":"Gdef","module_hidden":true,"module_public":false},"DEFAULT_PROTOCOL":{".class":"SymbolTableNode","kind":"Gdef","node":{".class":"Var","flags":["is_ready"],"fullname":"pickle.DEFAULT_PROTOCOL","name":"DEFAULT_PROTOCOL","type":"builtins.int"}},"DICT":{".class":"SymbolTableNode","kind":"Gdef","node":{".class":"Var","flags":["is_ready"],"fullname":"pickle.DICT","name":"DICT","type":"builtins.bytes"}},"DUP":{".class":"SymbolTableNode","kind":"Gdef","node":{".class":"Var","flags":["is_ready"],"fullname":"pickle.DUP","name":"DUP","type":"builtins.bytes"}},"EMPTY_DICT":{".class":"SymbolTableNode","kind":"Gdef","node":{".class":"Var","flags":["is_ready"],"fullname":"pickle.EMPTY_DICT","name":"EMPTY_DICT","type":"builtins.bytes"}},"EMPTY_LIST":{".class":"SymbolTableNode","kind":"Gdef","node":{".class":"Var","flags":["is_ready"],"fullname":"pickle.EMPTY_LIST","name":"EMPTY_LIST","type":"builtins.bytes"}},"EMPTY_SET":{".class":"SymbolTableNode","kind":"Gdef","node":{".class":"Var","flags":["is_ready"],"fullname":"pickle.EMPTY_SET","name":"EMPTY_SET","type":"builtins.bytes"}},"EMPTY_TUPLE":{".class":"SymbolTableNode","kind":"Gdef","node":{".class":"Var","flags":["is_ready"],"fullname":"pickle.EMPTY_TUPLE","name":"EMPTY_TUPLE","type":"builtins.bytes"}},"EXT1":{".class":"SymbolTableNode","kind":"Gdef","node":{".class":"Var","flags":["is_ready"],"fullname":"pickle.EXT1","name":"EXT1","type":"builtins.bytes"}},"EXT2":{".class":"SymbolTableNode","kind":"Gdef","node":{".class":"Var","flags":["is_ready"],"fullname":"pickle.EXT2","name":"EXT2","type":"builtins.bytes"}},"EXT4":{".class":"SymbolTableNode","kind":"Gdef","node":{".class":"Var","flags":["is_ready"],"fullname":"pickle.EXT4","name":"EXT4","type":"builtins.bytes"}},"FALSE":{".class":"SymbolTableNode","kind":"Gdef","node":{".class":"Var","flags":["is_ready"],"fullname":"pickle.FALSE","name":"FALSE","type":"builtins.bytes"}},"FLOAT":{".class":"SymbolTableNode","kind":"Gdef","node":{".class":"Var","flags":["is_ready"],"fullname":"pickle.FLOAT","name":"FLOAT","type":"builtins.bytes"}},"FRAME":{".class":"SymbolTableNode","kind":"Gdef","node":{".class":"Var","flags":["is_ready"],"fullname":"pickle.FRAME","name":"FRAME","type":"builtins.bytes"}},"FROZENSET":{".class":"SymbolTableNode","kind":"Gdef","node":{".class":"Var","flags":["is_ready"],"fullname":"pickle.FROZENSET","name":"FROZENSET","type":"builtins.bytes"}},"GET":{".class":"SymbolTableNode","kind":"Gdef","node":{".class":"Var","flags":["is_ready"],"fullname":"pickle.GET","name":"GET","type":"builtins.bytes"}},"GLOBAL":{".class":"SymbolTableNode","kind":"Gdef","node":{".class":"Var","flags":["is_ready"],"fullname":"pickle.GLOBAL","name":"GLOBAL","type":"builtins.bytes"}},"HIGHEST_PROTOCOL":{".class":"SymbolTableNode","kind":"Gdef","node":{".class":"Var","flags":["is_ready"],"fullname":"pickle.HIGHEST_PROTOCOL","name":"HIGHEST_PROTOCOL","type":"builtins.int"}},"INST":{".class":"SymbolTableNode","kind":"Gdef","node":{".class":"Var","flags":["is_ready"],"fullname":"pickle.INST","name":"INST","type":"builtins.bytes"}},"INT":{".class":"SymbolTableNode","kind":"Gdef","node":{".class":"Var","flags":["is_ready"],"fullname":"pickle.INT","name":"INT","type":"builtins.bytes"}},"Iterable":{".class":"SymbolTableNode","cross_ref":"typing.Iterable","kind":"Gdef","module_hidden":true,"module_public":false},"Iterator":{".class":"SymbolTableNode","cross_ref":"typing.Iterator","kind":"Gdef","module_hidden":true,"module_public":false},"LIST":{".class":"SymbolTableNode","kind":"Gdef","node":{".class":"Var","flags":["is_ready"],"fullname":"pickle.LIST","name":"LIST","type":"builtins.bytes"}},"LONG":{".class":"SymbolTableNode","kind":"Gdef","node":{".class":"Var","flags":["is_ready"],"fullname":"pickle.LONG","name":"LONG","type":"builtins.bytes"}},"LONG1":{".class":"SymbolTableNode","kind":"Gdef","node":{".class":"Var","flags":["is_ready"],"fullname":"pickle.LONG1","name":"LONG1","type":"builtins.bytes"}},"LONG4":{".class":"SymbolTableNode","kind":"Gdef","node":{".class":"Var","flags":["is_ready"],"fullname":"pickle.LONG4","name":"LONG4","type":"builtins.bytes"}},"LONG_BINGET":{".class":"SymbolTableNode","kind":"Gdef","node":{".class":"Var","flags":["is_ready"],"fullname":"pickle.LONG_BINGET","name":"LONG_BINGET","type":"builtins.bytes"}},"LONG_BINPUT":{".class":"SymbolTableNode","kind":"Gdef","node":{".class":"Var","flags":["is_ready"],"fullname":"pickle.LONG_BINPUT","name":"LONG_BINPUT","type":"builtins.bytes"}},"MARK":{".class":"SymbolTableNode","kind":"Gdef","node":{".class":"Var","flags":["is_ready"],"fullname":"pickle.MARK","name":"MARK","type":"builtins.bytes"}},"MEMOIZE":{".class":"SymbolTableNode","kind":"Gdef","node":{".class":"Var","flags":["is_ready"],"fullname":"pickle.MEMOIZE","name":"MEMOIZE","type":"builtins.bytes"}},"Mapping":{".class":"SymbolTableNode","cross_ref":"typing.Mapping","kind":"Gdef","module_hidden":true,"module_public":false},"NEWFALSE":{".class":"SymbolTableNode","kind":"Gdef","node":{".class":"Var","flags":["is_ready"],"fullname":"pickle.NEWFALSE","name":"NEWFALSE","type":"builtins.bytes"}},"NEWOBJ":{".class":"SymbolTableNode","kind":"Gdef","node":{".class":"Var","flags":["is_ready"],"fullname":"pickle.NEWOBJ","name":"NEWOBJ","type":"builtins.bytes"}},"NEWOBJ_EX":{".class":"SymbolTableNode","kind":"Gdef","node":{".class":"Var","flags":["is_ready"],"fullname":"pickle.NEWOBJ_EX","name":"NEWOBJ_EX","type":"builtins.bytes"}},"NEWTRUE":{".class":"SymbolTableNode","kind":"Gdef","node":{".class":"Var","flags":["is_ready"],"fullname":"pickle.NEWTRUE","name":"NEWTRUE","type":"builtins.bytes"}},"NEXT_BUFFER":{".class":"SymbolTableNode","kind":"Gdef","node":{".class":"Var","flags":["is_ready"],"fullname":"pickle.NEXT_BUFFER","name":"NEXT_BUFFER","type":"builtins.bytes"}},"NONE":{".class":"SymbolTableNode","kind":"Gdef","node":{".class":"Var","flags":["is_ready"],"fullname":"pickle.NONE","name":"NONE","type":"builtins.bytes"}},"OBJ":{".class":"SymbolTableNode","kind":"Gdef","node":{".class":"Var","flags":["is_ready"],"fullname":"pickle.OBJ","name":"OBJ","type":"builtins.bytes"}},"PERSID":{".class":"SymbolTableNode","kind":"Gdef","node":{".class":"Var","flags":["is_ready"],"fullname":"pickle.PERSID","name":"PERSID","type":"builtins.bytes"}},"POP":{".class":"SymbolTableNode","kind":"Gdef","node":{".class":"Var","flags":["is_ready"],"fullname":"pickle.POP","name":"POP","type":"builtins.bytes"}},"POP_MARK":{".class":"SymbolTableNode","kind":"Gdef","node":{".class":"Var","flags":["is_ready"],"fullname":"pickle.POP_MARK","name":"POP_MARK","type":"builtins.bytes"}},"PROTO":{".class":"SymbolTableNode","kind":"Gdef","node":{".class":"Var","flags":["is_ready"],"fullname":"pickle.PROTO","name":"PROTO","type":"builtins.bytes"}},"PUT":{".class":"SymbolTableNode","kind":"Gdef","node":{".class":"Var","flags":["is_ready"],"fullname":"pickle.PUT","name":"PUT","type":"builtins.bytes"}},"PickleBuffer":{".class":"SymbolTableNode","kind":"Gdef","node":{".class":"TypeInfo","_promote":[],"abstract_attributes":[],"alt_promote":null,"bases":["builtins.object"],"dataclass_transform_spec":null,"declared_metaclass":null,"defn":{".class":"ClassDef","fullname":"pickle.PickleBuffer","name":"PickleBuffer","type_vars":[]},"deletable_attributes":[],"flags":["is_final"],"fullname":"pickle.PickleBuffer","has_param_spec_type":false,"metaclass_type":null,"metadata":{},"module_name":"pickle","mro":["pickle.PickleBuffer","builtins.object"],"names":{".class":"SymbolTable","__init__":{".class":"SymbolTableNode","kind":"Mdef","node":{".class":"FuncDef","abstract_status":0,"arg_kinds":[0,0],"arg_names":["self","buffer"],"dataclass_transform_spec":null,"flags":[],"fullname":"pickle.PickleBuffer.__init__","name":"__init__","type":{".class":"CallableType","arg_kinds":[0,0],"arg_names":["self","buffer"],"arg_types":["pickle.PickleBuffer",{".class":"TypeAliasType","args":[],"type_ref":"_typeshed.ReadableBuffer"}],"bound_args":[],"def_extras":{"first_arg":"self"},"fallback":"builtins.function","from_concatenate":false,"implicit":false,"is_ellipsis_args":false,"name":"__init__ of PickleBuffer","ret_type":{".class":"NoneType"},"type_guard":null,"unpack_kwargs":false,"variables":[]}}},"raw":{".class":"SymbolTableNode","kind":"Mdef","node":{".class":"FuncDef","abstract_status":0,"arg_kinds":[0],"arg_names":["self"],"dataclass_transform_spec":null,"flags":[],"fullname":"pickle.PickleBuffer.raw","name":"raw","type":{".class":"CallableType","arg_kinds":[0],"arg_names":["self"],"arg_types":["pickle.PickleBuffer"],"bound_args":[],"def_extras":{"first_arg":"self"},"fallback":"builtins.function","from_concatenate":false,"implicit":false,"is_ellipsis_args":false,"name":"raw of PickleBuffer","ret_type":"builtins.memoryview","type_guard":null,"unpack_kwargs":false,"variables":[]}}},"release":{".class":"SymbolTableNode","kind":"Mdef","node":{".class":"FuncDef","abstract_status":0,"arg_kinds":[0],"arg_names":["self"],"dataclass_transform_spec":null,"flags":[],"fullname":"pickle.PickleBuffer.release","name":"release","type":{".class":"CallableType","arg_kinds":[0],"arg_names":["self"],"arg_types":["pickle.PickleBuffer"],"bound_args":[],"def_extras":{"first_arg":"self"},"fallback":"builtins.function","from_concatenate":false,"implicit":false,"is_ellipsis_args":false,"name":"release of PickleBuffer","ret_type":{".class":"NoneType"},"type_guard":null,"unpack_kwargs":false,"variables":[]}}}},"self_type":null,"slots":null,"tuple_type":null,"type_vars":[],"typeddict_type":null}},"PickleError":{".class":"SymbolTableNode","kind":"Gdef","node":{".class":"TypeInfo","_promote":[],"abstract_attributes":[],"alt_promote":null,"bases":["builtins.Exception"],"dataclass_transform_spec":null,"declared_metaclass":null,"defn":{".class":"ClassDef","fullname":"pickle.PickleError","name":"PickleError","type_vars":[]},"deletable_attributes":[],"flags":[],"fullname":"pickle.PickleError","has_param_spec_type":false,"metaclass_type":null,"metadata":{},"module_name":"pickle","mro":["pickle.PickleError","builtins.Exception","builtins.BaseException","builtins.object"],"names":{".class":"SymbolTable"},"self_type":null,"slots":null,"tuple_type":null,"type_vars":[],"typeddict_type":null}},"Pickler":{".class":"SymbolTableNode","kind":"Gdef","node":{".class":"TypeInfo","_promote":[],"abstract_attributes":[],"alt_promote":null,"bases":["builtins.object"],"dataclass_transform_spec":null,"declared_metaclass":null,"defn":{".class":"ClassDef","fullname":"pickle.Pickler","name":"Pickler","type_vars":[]},"deletable_attributes":[],"flags":[],"fullname":"pickle.Pickler","has_param_spec_type":false,"metaclass_type":null,"metadata":{},"module_name":"pickle","mro":["pickle.Pickler","builtins.object"],"names":{".class":"SymbolTable","__init__":{".class":"SymbolTableNode","kind":"Mdef","node":{".class":"FuncDef","abstract_status":0,"arg_kinds":[0,0,1,5,5],"arg_names":["self","file","protocol","fix_imports","buffer_callback"],"dataclass_transform_spec":null,"flags":[],"fullname":"pickle.Pickler.__init__","name":"__init__","type":{".class":"CallableType","arg_kinds":[0,0,1,5,5],"arg_names":["self","file","protocol","fix_imports","buffer_callback"],"arg_types":["pickle.Pickler",{".class":"Instance","args":["builtins.bytes"],"type_ref":"_typeshed.SupportsWrite"},{".class":"UnionType","items":["builtins.int",{".class":"NoneType"}]},"builtins.bool",{".class":"TypeAliasType","args":[],"type_ref":"pickle._BufferCallback"}],"bound_args":[],"def_extras":{"first_arg":"self"},"fallback":"builtins.function","from_concatenate":false,"implicit":false,"is_ellipsis_args":false,"name":"__init__ of Pickler","ret_type":{".class":"NoneType"},"type_guard":null,"unpack_kwargs":false,"variables":[]}}},"bin":{".class":"SymbolTableNode","kind":"Mdef","node":{".class":"Var","flags":["is_initialized_in_class","is_ready"],"fullname":"pickle.Pickler.bin","name":"bin","type":"builtins.bool"}},"clear_memo":{".class":"SymbolTableNode","kind":"Mdef","node":{".class":"FuncDef","abstract_status":0,"arg_kinds":[0],"arg_names":["self"],"dataclass_transform_spec":null,"flags":[],"fullname":"pickle.Pickler.clear_memo","name":"clear_memo","type":{".class":"CallableType","arg_kinds":[0],"arg_names":["self"],"arg_types":["pickle.Pickler"],"bound_args":[],"def_extras":{"first_arg":"self"},"fallback":"builtins.function","from_concatenate":false,"implicit":false,"is_ellipsis_args":false,"name":"clear_memo of Pickler","ret_type":{".class":"NoneType"},"type_guard":null,"unpack_kwargs":false,"variables":[]}}},"dispatch":{".class":"SymbolTableNode","kind":"Mdef","node":{".class":"Var","flags":["is_initialized_in_class","is_classvar","is_ready"],"fullname":"pickle.Pickler.dispatch","name":"dispatch","type":{".class":"Instance","args":["builtins.type",{".class":"CallableType","arg_kinds":[0,0],"arg_names":[null,null],"arg_types":["pickle.Unpickler",{".class":"AnyType","missing_import_name":null,"source_any":null,"type_of_any":2}],"bound_args":[],"def_extras":{},"fallback":"builtins.function","from_concatenate":false,"implicit":false,"is_ellipsis_args":false,"name":null,"ret_type":{".class":"NoneType"},"type_guard":null,"unpack_kwargs":false,"variables":[]}],"type_ref":"builtins.dict"}}},"dispatch_table":{".class":"SymbolTableNode","kind":"Mdef","node":{".class":"Var","flags":["is_initialized_in_class","is_ready"],"fullname":"pickle.Pickler.dispatch_table","name":"dispatch_table","type":{".class":"Instance","args":["builtins.type",{".class":"CallableType","arg_kinds":[0],"arg_names":[null],"arg_types":[{".class":"AnyType","missing_import_name":null,"source_any":null,"type_of_any":2}],"bound_args":[],"def_extras":{},"fallback":"builtins.function","from_concatenate":false,"implicit":false,"is_ellipsis_args":false,"name":null,"ret_type":{".class":"TypeAliasType","args":[],"type_ref":"pickle._ReducedType"},"type_guard":null,"unpack_kwargs":false,"variables":[]}],"type_ref":"typing.Mapping"}}},"dump":{".class":"SymbolTableNode","kind":"Mdef","node":{".class":"FuncDef","abstract_status":0,"arg_kinds":[0,0],"arg_names":["self",null],"dataclass_transform_spec":null,"flags":[],"fullname":"pickle.Pickler.dump","name":"dump","type":{".class":"CallableType","arg_kinds":[0,0],"arg_names":["self",null],"arg_types":["pickle.Pickler",{".class":"AnyType","missing_import_name":null,"source_any":null,"type_of_any":2}],"bound_args":[],"def_extras":{"first_arg":"self"},"fallback":"builtins.function","from_concatenate":false,"implicit":false,"is_ellipsis_args":false,"name":"dump of Pickler","ret_type":{".class":"NoneType"},"type_guard":null,"unpack_kwargs":false,"variables":[]}}},"fast":{".class":"SymbolTableNode","kind":"Mdef","node":{".class":"Var","flags":["is_initialized_in_class","is_ready"],"fullname":"pickle.Pickler.fast","name":"fast","type":"builtins.bool"}},"persistent_id":{".class":"SymbolTableNode","kind":"Mdef","node":{".class":"FuncDef","abstract_status":0,"arg_kinds":[0,0],"arg_names":["self","obj"],"dataclass_transform_spec":null,"flags":[],"fullname":"pickle.Pickler.persistent_id","name":"persistent_id","type":{".class":"CallableType","arg_kinds":[0,0],"arg_names":["self","obj"],"arg_types":["pickle.Pickler",{".class":"AnyType","missing_import_name":null,"source_any":null,"type_of_any":2}],"bound_args":[],"def_extras":{"first_arg":"self"},"fallback":"builtins.function","from_concatenate":false,"implicit":false,"is_ellipsis_args":false,"name":"persistent_id of Pickler","ret_type":{".class":"AnyType","missing_import_name":null,"source_any":null,"type_of_any":2},"type_guard":null,"unpack_kwargs":false,"variables":[]}}},"reducer_override":{".class":"SymbolTableNode","kind":"Mdef","node":{".class":"FuncDef","abstract_status":0,"arg_kinds":[0,0],"arg_names":["self","obj"],"dataclass_transform_spec":null,"flags":[],"fullname":"pickle.Pickler.reducer_override","name":"reducer_override","type":{".class":"CallableType","arg_kinds":[0,0],"arg_names":["self","obj"],"arg_types":["pickle.Pickler",{".class":"AnyType","missing_import_name":null,"source_any":null,"type_of_any":2}],"bound_args":[],"def_extras":{"first_arg":"self"},"fallback":"builtins.function","from_concatenate":false,"implicit":false,"is_ellipsis_args":false,"name":"reducer_override of Pickler","ret_type":{".class":"AnyType","missing_import_name":null,"source_any":null,"type_of_any":2},"type_guard":null,"unpack_kwargs":false,"variables":[]}}}},"self_type":null,"slots":null,"tuple_type":null,"type_vars":[],"typeddict_type":null}},"PicklingError":{".class":"SymbolTableNode","kind":"Gdef","node":{".class":"TypeInfo","_promote":[],"abstract_attributes":[],"alt_promote":null,"bases":["pickle.PickleError"],"dataclass_transform_spec":null,"declared_metaclass":null,"defn":{".class":"ClassDef","fullname":"pickle.PicklingError","name":"PicklingError","type_vars":[]},"deletable_attributes":[],"flags":[],"fullname":"pickle.PicklingError","has_param_spec_type":false,"metaclass_type":null,"metadata":{},"module_name":"pickle","mro":["pickle.PicklingError","pickle.PickleError","builtins.Exception","builtins.BaseException","builtins.object"],"names":{".class":"SymbolTable"},"self_type":null,"slots":null,"tuple_type":null,"type_vars":[],"typeddict_type":null}},"Protocol":{".class":"SymbolTableNode","cross_ref":"typing.Protocol","kind":"Gdef","module_hidden":true,"module_public":false},"READONLY_BUFFER":{".class":"SymbolTableNode","kind":"Gdef","node":{".class":"Var","flags":["is_ready"],"fullname":"pickle.READONLY_BUFFER","name":"READONLY_BUFFER","type":"builtins.bytes"}},"REDUCE":{".class":"SymbolTableNode","kind":"Gdef","node":{".class":"Var","flags":["is_ready"],"fullname":"pickle.REDUCE","name":"REDUCE","type":"builtins.bytes"}},"ReadableBuffer":{".class":"SymbolTableNode","cross_ref":"_typeshed.ReadableBuffer","kind":"Gdef","module_hidden":true,"module_public":false},"SETITEM":{".class":"SymbolTableNode","kind":"Gdef","node":{".class":"Var","flags":["is_ready"],"fullname":"pickle.SETITEM","name":"SETITEM","type":"builtins.bytes"}},"SETITEMS":{".class":"SymbolTableNode","kind":"Gdef","node":{".class":"Var","flags":["is_ready"],"fullname":"pickle.SETITEMS","name":"SETITEMS","type":"builtins.bytes"}},"SHORT_BINBYTES":{".class":"SymbolTableNode","kind":"Gdef","node":{".class":"Var","flags":["is_ready"],"fullname":"pickle.SHORT_BINBYTES","name":"SHORT_BINBYTES","type":"builtins.bytes"}},"SHORT_BINSTRING":{".class":"SymbolTableNode","kind":"Gdef","node":{".class":"Var","flags":["is_ready"],"fullname":"pickle.SHORT_BINSTRING","name":"SHORT_BINSTRING","type":"builtins.bytes"}},"SHORT_BINUNICODE":{".class":"SymbolTableNode","kind":"Gdef","node":{".class":"Var","flags":["is_ready"],"fullname":"pickle.SHORT_BINUNICODE","name":"SHORT_BINUNICODE","type":"builtins.bytes"}},"STACK_GLOBAL":{".class":"SymbolTableNode","kind":"Gdef","node":{".class":"Var","flags":["is_ready"],"fullname":"pickle.STACK_GLOBAL","name":"STACK_GLOBAL","type":"builtins.bytes"}},"STOP":{".class":"SymbolTableNode","kind":"Gdef","node":{".class":"Var","flags":["is_ready"],"fullname":"pickle.STOP","name":"STOP","type":"builtins.bytes"}},"STRING":{".class":"SymbolTableNode","kind":"Gdef","node":{".class":"Var","flags":["is_ready"],"fullname":"pickle.STRING","name":"STRING","type":"builtins.bytes"}},"SupportsBytes":{".class":"SymbolTableNode","cross_ref":"typing.SupportsBytes","kind":"Gdef","module_hidden":true,"module_public":false},"SupportsIndex":{".class":"SymbolTableNode","cross_ref":"typing_extensions.SupportsIndex","kind":"Gdef","module_hidden":true,"module_public":false},"SupportsWrite":{".class":"SymbolTableNode","cross_ref":"_typeshed.SupportsWrite","kind":"Gdef","module_hidden":true,"module_public":false},"TRUE":{".class":"SymbolTableNode","kind":"Gdef","node":{".class":"Var","flags":["is_ready"],"fullname":"pickle.TRUE","name":"TRUE","type":"builtins.bytes"}},"TUPLE":{".class":"SymbolTableNode","kind":"Gdef","node":{".class":"Var","flags":["is_ready"],"fullname":"pickle.TUPLE","name":"TUPLE","type":"builtins.bytes"}},"TUPLE1":{".class":"SymbolTableNode","kind":"Gdef","node":{".class":"Var","flags":["is_ready"],"fullname":"pickle.TUPLE1","name":"TUPLE1","type":"builtins.bytes"}},"TUPLE2":{".class":"SymbolTableNode","kind":"Gdef","node":{".class":"Var","flags":["is_ready"],"fullname":"pickle.TUPLE2","name":"TUPLE2","type":"builtins.bytes"}},"TUPLE3":{".class":"SymbolTableNode","kind":"Gdef","node":{".class":"Var","flags":["is_ready"],"fullname":"pickle.TUPLE3","name":"TUPLE3","type":"builtins.bytes"}},"TypeAlias":{".class":"SymbolTableNode","cross_ref":"typing.TypeAlias","kind":"Gdef","module_hidden":true,"module_public":false},"UNICODE":{".class":"SymbolTableNode","kind":"Gdef","node":{".class":"Var","flags":["is_ready"],"fullname":"pickle.UNICODE","name":"UNICODE","type":"builtins.bytes"}},"Unpickler":{".class":"SymbolTableNode","kind":"Gdef","node":{".class":"TypeInfo","_promote":[],"abstract_attributes":[],"alt_promote":null,"bases":["builtins.object"],"dataclass_transform_spec":null,"declared_metaclass":null,"defn":{".class":"ClassDef","fullname":"pickle.Unpickler","name":"Unpickler","type_vars":[]},"deletable_attributes":[],"flags":[],"fullname":"pickle.Unpickler","has_param_spec_type":false,"metaclass_type":null,"metadata":{},"module_name":"pickle","mro":["pickle.Unpickler","builtins.object"],"names":{".class":"SymbolTable","__init__":{".class":"SymbolTableNode","kind":"Mdef","node":{".class":"FuncDef","abstract_status":0,"arg_kinds":[0,0,5,5,5,5],"arg_names":["self","file","fix_imports","encoding","errors","buffers"],"dataclass_transform_spec":null,"flags":[],"fullname":"pickle.Unpickler.__init__","name":"__init__","type":{".class":"CallableType","arg_kinds":[0,0,5,5,5,5],"arg_names":["self","file","fix_imports","encoding","errors","buffers"],"arg_types":["pickle.Unpickler","pickle._ReadableFileobj","builtins.bool","builtins.str","builtins.str",{".class":"UnionType","items":[{".class":"Instance","args":[{".class":"AnyType","missing_import_name":null,"source_any":null,"type_of_any":2}],"type_ref":"typing.Iterable"},{".class":"NoneType"}]}],"bound_args":[],"def_extras":{"first_arg":"self"},"fallback":"builtins.function","from_concatenate":false,"implicit":false,"is_ellipsis_args":false,"name":"__init__ of Unpickler","ret_type":{".class":"NoneType"},"type_guard":null,"unpack_kwargs":false,"variables":[]}}},"dispatch":{".class":"SymbolTableNode","kind":"Mdef","node":{".class":"Var","flags":["is_initialized_in_class","is_classvar","is_ready"],"fullname":"pickle.Unpickler.dispatch","name":"dispatch","type":{".class":"Instance","args":["builtins.int",{".class":"CallableType","arg_kinds":[0],"arg_names":[null],"arg_types":["pickle.Unpickler"],"bound_args":[],"def_extras":{},"fallback":"builtins.function","from_concatenate":false,"implicit":false,"is_ellipsis_args":false,"name":null,"ret_type":{".class":"NoneType"},"type_guard":null,"unpack_kwargs":false,"variables":[]}],"type_ref":"builtins.dict"}}},"find_class":{".class":"SymbolTableNode","kind":"Mdef","node":{".class":"FuncDef","abstract_status":0,"arg_kinds":[0,0,0],"arg_names":["self",null,null],"dataclass_transform_spec":null,"flags":[],"fullname":"pickle.Unpickler.find_class","name":"find_class","type":{".class":"CallableType","arg_kinds":[0,0,0],"arg_names":["self",null,null],"arg_types":["pickle.Unpickler","builtins.str","builtins.str"],"bound_args":[],"def_extras":{"first_arg":"self"},"fallback":"builtins.function","from_concatenate":false,"implicit":false,"is_ellipsis_args":false,"name":"find_class of Unpickler","ret_type":{".class":"AnyType","missing_import_name":null,"source_any":null,"type_of_any":2},"type_guard":null,"unpack_kwargs":false,"variables":[]}}},"load":{".class":"SymbolTableNode","kind":"Mdef","node":{".class":"FuncDef","abstract_status":0,"arg_kinds":[0],"arg_names":["self"],"dataclass_transform_spec":null,"flags":[],"fullname":"pickle.Unpickler.load","name":"load","type":{".class":"CallableType","arg_kinds":[0],"arg_names":["self"],"arg_types":["pickle.Unpickler"],"bound_args":[],"def_extras":{"first_arg":"self"},"fallback":"builtins.function","from_concatenate":false,"implicit":false,"is_ellipsis_args":false,"name":"load of Unpickler","ret_type":{".class":"AnyType","missing_import_name":null,"source_any":null,"type_of_any":2},"type_guard":null,"unpack_kwargs":false,"variables":[]}}},"persistent_load":{".class":"SymbolTableNode","kind":"Mdef","node":{".class":"FuncDef","abstract_status":0,"arg_kinds":[0,0],"arg_names":["self","pid"],"dataclass_transform_spec":null,"flags":[],"fullname":"pickle.Unpickler.persistent_load","name":"persistent_load","type":{".class":"CallableType","arg_kinds":[0,0],"arg_names":["self","pid"],"arg_types":["pickle.Unpickler",{".class":"AnyType","missing_import_name":null,"source_any":null,"type_of_any":2}],"bound_args":[],"def_extras":{"first_arg":"self"},"fallback":"builtins.function","from_concatenate":false,"implicit":false,"is_ellipsis_args":false,"name":"persistent_load of Unpickler","ret_type":{".class":"AnyType","missing_import_name":null,"source_any":null,"type_of_any":2},"type_guard":null,"unpack_kwargs":false,"variables":[]}}}},"self_type":null,"slots":null,"tuple_type":null,"type_vars":[],"typeddict_type":null}},"UnpicklingError":{".class":"SymbolTableNode","kind":"Gdef","node":{".class":"TypeInfo","_promote":[],"abstract_attributes":[],"alt_promote":null,"bases":["pickle.PickleError"],"dataclass_transform_spec":null,"declared_metaclass":null,"defn":{".class":"ClassDef","fullname":"pickle.UnpicklingError","name":"UnpicklingError","type_vars":[]},"deletable_attributes":[],"flags":[],"fullname":"pickle.UnpicklingError","has_param_spec_type":false,"metaclass_type":null,"metadata":{},"module_name":"pickle","mro":["pickle.UnpicklingError","pickle.PickleError","builtins.Exception","builtins.BaseException","builtins.object"],"names":{".class":"SymbolTable"},"self_type":null,"slots":null,"tuple_type":null,"type_vars":[],"typeddict_type":null}},"_BufferCallback":{".class":"SymbolTableNode","kind":"Gdef","module_public":false,"node":{".class":"TypeAlias","alias_tvars":[],"column":4,"fullname":"pickle._BufferCallback","line":106,"no_args":false,"normalized":false,"target":{".class":"UnionType","items":[{".class":"CallableType","arg_kinds":[0],"arg_names":[null],"arg_types":["pickle.PickleBuffer"],"bound_args":[],"def_extras":{},"fallback":"builtins.function","from_concatenate":false,"implicit":false,"is_ellipsis_args":false,"name":null,"ret_type":{".class":"AnyType","missing_import_name":null,"source_any":null,"type_of_any":6},"type_guard":null,"unpack_kwargs":false,"variables":[]},{".class":"NoneType"}]}}},"_Pickler":{".class":"SymbolTableNode","kind":"Gdef","module_public":false,"node":{".class":"TypeAlias","alias_tvars":[],"column":0,"fullname":"pickle._Pickler","line":283,"no_args":true,"normalized":false,"target":"pickle.Pickler"}},"_ReadableFileobj":{".class":"SymbolTableNode","kind":"Gdef","module_public":false,"node":{".class":"TypeInfo","_promote":[],"abstract_attributes":[],"alt_promote":null,"bases":["builtins.object"],"dataclass_transform_spec":null,"declared_metaclass":null,"defn":{".class":"ClassDef","fullname":"pickle._ReadableFileobj","name":"_ReadableFileobj","type_vars":[]},"deletable_attributes":[],"flags":["is_protocol"],"fullname":"pickle._ReadableFileobj","has_param_spec_type":false,"metaclass_type":"abc.ABCMeta","metadata":{},"module_name":"pickle","mro":["pickle._ReadableFileobj","builtins.object"],"names":{".class":"SymbolTable","read":{".class":"SymbolTableNode","kind":"Mdef","node":{".class":"FuncDef","abstract_status":0,"arg_kinds":[0,0],"arg_names":["self",null],"dataclass_transform_spec":null,"flags":[],"fullname":"pickle._ReadableFileobj.read","name":"read","type":{".class":"CallableType","arg_kinds":[0,0],"arg_names":["self",null],"arg_types":["pickle._ReadableFileobj","builtins.int"],"bound_args":[],"def_extras":{"first_arg":"self"},"fallback":"builtins.function","from_concatenate":false,"implicit":false,"is_ellipsis_args":false,"name":"read of _ReadableFileobj","ret_type":"builtins.bytes","type_guard":null,"unpack_kwargs":false,"variables":[]}}},"readline":{".class":"SymbolTableNode","kind":"Mdef","node":{".class":"FuncDef","abstract_status":0,"arg_kinds":[0],"arg_names":["self"],"dataclass_transform_spec":null,"flags":[],"fullname":"pickle._ReadableFileobj.readline","name":"readline","type":{".class":"CallableType","arg_kinds":[0],"arg_names":["self"],"arg_types":["pickle._ReadableFileobj"],"bound_args":[],"def_extras":{"first_arg":"self"},"fallback":"builtins.function","from_concatenate":false,"implicit":false,"is_ellipsis_args":false,"name":"readline of _ReadableFileobj","ret_type":"builtins.bytes","type_guard":null,"unpack_kwargs":false,"variables":[]}}}},"self_type":null,"slots":null,"tuple_type":null,"type_vars":[],"typeddict_type":null}},"_ReducedType":{".class":"SymbolTableNode","kind":"Gdef","module_public":false,"node":{".class":"TypeAlias","alias_tvars":[],"column":0,"fullname":"pickle._ReducedType","line":145,"no_args":false,"normalized":false,"target":{".class":"UnionType","items":["builtins.str",{".class":"TupleType","implicit":false,"items":[{".class":"CallableType","arg_kinds":[2,4],"arg_names":[null,null],"arg_types":[{".class":"AnyType","missing_import_name":null,"source_any":null,"type_of_any":6},{".class":"AnyType","missing_import_name":null,"source_any":null,"type_of_any":6}],"bound_args":[],"def_extras":{},"fallback":"builtins.function","from_concatenate":false,"implicit":false,"is_ellipsis_args":true,"name":null,"ret_type":{".class":"AnyType","missing_import_name":null,"source_any":null,"type_of_any":6},"type_guard":null,"unpack_kwargs":false,"variables":[]},{".class":"Instance","args":[{".class":"AnyType","missing_import_name":null,"source_any":null,"type_of_any":6}],"type_ref":"builtins.tuple"}],"partial_fallback":{".class":"Instance","args":[{".class":"AnyType","missing_import_name":null,"source_any":null,"type_of_any":6}],"type_ref":"builtins.tuple"}},{".class":"TupleType","implicit":false,"items":[{".class":"CallableType","arg_kinds":[2,4],"arg_names":[null,null],"arg_types":[{".class":"AnyType","missing_import_name":null,"source_any":null,"type_of_any":6},{".class":"AnyType","missing_import_name":null,"source_any":null,"type_of_any":6}],"bound_args":[],"def_extras":{},"fallback":"builtins.function","from_concatenate":false,"implicit":false,"is_ellipsis_args":true,"name":null,"ret_type":{".class":"AnyType","missing_import_name":null,"source_any":null,"type_of_any":6},"type_guard":null,"unpack_kwargs":false,"variables":[]},{".class":"Instance","args":[{".class":"AnyType","missing_import_name":null,"source_any":null,"type_of_any":6}],"type_ref":"builtins.tuple"},{".class":"AnyType","missing_import_name":null,"source_any":null,"type_of_any":6}],"partial_fallback":{".class":"Instance","args":[{".class":"AnyType","missing_import_name":null,"source_any":null,"type_of_any":6}],"type_ref":"builtins.tuple"}},{".class":"TupleType","implicit":false,"items":[{".class":"CallableType","arg_kinds":[2,4],"arg_names":[null,null],"arg_types":[{".class":"AnyType","missing_import_name":null,"source_any":null,"type_of_any":6},{".class":"AnyType","missing_import_name":null,"source_any":null,"type_of_any":6}],"bound_args":[],"def_extras":{},"fallback":"builtins.function","from_concatenate":false,"implicit":false,"is_ellipsis_args":true,"name":null,"ret_type":{".class":"AnyType","missing_import_name":null,"source_any":null,"type_of_any":6},"type_guard":null,"unpack_kwargs":false,"variables":[]},{".class":"Instance","args":[{".class":"AnyType","missing_import_name":null,"source_any":null,"type_of_any":6}],"type_ref":"builtins.tuple"},{".class":"AnyType","missing_import_name":null,"source_any":null,"type_of_any":6},{".class":"UnionType","items":[{".class":"Instance","args":[{".class":"AnyType","missing_import_name":null,"source_any":null,"type_of_any":6}],"type_ref":"typing.Iterator"},{".class":"NoneType"}]}],"partial_fallback":{".class":"Instance","args":[{".class":"AnyType","missing_import_name":null,"source_any":null,"type_of_any":6}],"type_ref":"builtins.tuple"}},{".class":"TupleType","implicit":false,"items":[{".class":"CallableType","arg_kinds":[2,4],"arg_names":[null,null],"arg_types":[{".class":"AnyType","missing_import_name":null,"source_any":null,"type_of_any":6},{".class":"AnyType","missing_import_name":null,"source_any":null,"type_of_any":6}],"bound_args":[],"def_extras":{},"fallback":"builtins.function","from_concatenate":false,"implicit":false,"is_ellipsis_args":true,"name":null,"ret_type":{".class":"AnyType","missing_import_name":null,"source_any":null,"type_of_any":6},"type_guard":null,"unpack_kwargs":false,"variables":[]},{".class":"Instance","args":[{".class":"AnyType","missing_import_name":null,"source_any":null,"type_of_any":6}],"type_ref":"builtins.tuple"},{".class":"AnyType","missing_import_name":null,"source_any":null,"type_of_any":6},{".class":"UnionType","items":[{".class":"Instance","args":[{".class":"AnyType","missing_import_name":null,"source_any":null,"type_of_any":6}],"type_ref":"typing.Iterator"},{".class":"NoneType"}]},{".class":"UnionType","items":[{".class":"Instance","args":[{".class":"AnyType","missing_import_name":null,"source_any":null,"type_of_any":6}],"type_ref":"typing.Iterator"},{".class":"NoneType"}]}],"partial_fallback":{".class":"Instance","args":[{".class":"AnyType","missing_import_name":null,"source_any":null,"type_of_any":6}],"type_ref":"builtins.tuple"}}]}}},"_Unpickler":{".class":"SymbolTableNode","kind":"Gdef","module_public":false,"node":{".class":"TypeAlias","alias_tvars":[],"column":0,"fullname":"pickle._Unpickler","line":284,"no_args":true,"normalized":false,"target":"pickle.Unpickler"}},"__all__":{".class":"SymbolTableNode","kind":"Gdef","module_public":false,"node":{".class":"Var","flags":["is_inferred","has_explicit_value"],"fullname":"pickle.__all__","name":"__all__","type":{".class":"Instance","args":["builtins.str"],"type_ref":"builtins.list"}}},"__annotations__":{".class":"SymbolTableNode","kind":"Gdef","module_public":false,"node":{".class":"Var","flags":["is_ready"],"fullname":"pickle.__annotations__","name":"__annotations__","type":{".class":"Instance","args":["builtins.str",{".class":"AnyType","missing_import_name":null,"source_any":null,"type_of_any":6}],"type_ref":"builtins.dict"}}},"__doc__":{".class":"SymbolTableNode","kind":"Gdef","module_public":false,"node":{".class":"Var","flags":["is_ready"],"fullname":"pickle.__doc__","name":"__doc__","type":"builtins.str"}},"__file__":{".class":"SymbolTableNode","kind":"Gdef","module_public":false,"node":{".class":"Var","flags":["is_ready"],"fullname":"pickle.__file__","name":"__file__","type":"builtins.str"}},"__name__":{".class":"SymbolTableNode","kind":"Gdef","module_public":false,"node":{".class":"Var","flags":["is_ready"],"fullname":"pickle.__name__","name":"__name__","type":"builtins.str"}},"__package__":{".class":"SymbolTableNode","kind":"Gdef","module_public":false,"node":{".class":"Var","flags":["is_ready"],"fullname":"pickle.__package__","name":"__package__","type":"builtins.str"}},"bytes_types":{".class":"SymbolTableNode","kind":"Gdef","module_public":false,"node":{".class":"Var","flags":["is_ready"],"fullname":"pickle.bytes_types","name":"bytes_types","type":{".class":"Instance","args":[{".class":"TypeType","item":{".class":"AnyType","missing_import_name":null,"source_any":null,"type_of_any":2}}],"type_ref":"builtins.tuple"}}},"decode_long":{".class":"SymbolTableNode","kind":"Gdef","module_public":false,"node":{".class":"FuncDef","abstract_status":0,"arg_kinds":[0],"arg_names":["data"],"dataclass_transform_spec":null,"flags":[],"fullname":"pickle.decode_long","name":"decode_long","type":{".class":"CallableType","arg_kinds":[0],"arg_names":["data"],"arg_types":[{".class":"UnionType","items":[{".class":"Instance","args":["typing_extensions.SupportsIndex"],"type_ref":"typing.Iterable"},"typing.SupportsBytes",{".class":"TypeAliasType","args":[],"type_ref":"_typeshed.ReadableBuffer"}]}],"bound_args":[],"def_extras":{"first_arg":null},"fallback":"builtins.function","from_concatenate":false,"implicit":false,"is_ellipsis_args":false,"name":"decode_long","ret_type":"builtins.int","type_guard":null,"unpack_kwargs":false,"variables":[]}}},"dump":{".class":"SymbolTableNode","kind":"Gdef","node":{".class":"FuncDef","abstract_status":0,"arg_kinds":[0,0,1,5,5],"arg_names":["obj","file","protocol","fix_imports","buffer_callback"],"dataclass_transform_spec":null,"flags":[],"fullname":"pickle.dump","name":"dump","type":{".class":"CallableType","arg_kinds":[0,0,1,5,5],"arg_names":["obj","file","protocol","fix_imports","buffer_callback"],"arg_types":[{".class":"AnyType","missing_import_name":null,"source_any":null,"type_of_any":2},{".class":"Instance","args":["builtins.bytes"],"type_ref":"_typeshed.SupportsWrite"},{".class":"UnionType","items":["builtins.int",{".class":"NoneType"}]},"builtins.bool",{".class":"UnionType","items":[{".class":"CallableType","arg_kinds":[0],"arg_names":[null],"arg_types":["pickle.PickleBuffer"],"bound_args":[],"def_extras":{},"fallback":"builtins.function","from_concatenate":false,"implicit":false,"is_ellipsis_args":false,"name":null,"ret_type":{".class":"AnyType","missing_import_name":null,"source_any":null,"type_of_any":6},"type_guard":null,"unpack_kwargs":false,"variables":[]},{".class":"NoneType"}]}],"bound_args":[],"def_extras":{"first_arg":null},"fallback":"builtins.function","from_concatenate":false,"implicit":false,"is_ellipsis_args":false,"name":"dump","ret_type":{".class":"NoneType"},"type_guard":null,"unpack_kwargs":false,"variables":[]}}},"dumps":{".class":"SymbolTableNode","kind":"Gdef","node":{".class":"FuncDef","abstract_status":0,"arg_kinds":[0,1,5,5],"arg_names":["obj","protocol","fix_imports","buffer_callback"],"dataclass_transform_spec":null,"flags":[],"fullname":"pickle.dumps","name":"dumps","type":{".class":"CallableType","arg_kinds":[0,1,5,5],"arg_names":["obj","protocol","fix_imports","buffer_callback"],"arg_types":[{".class":"AnyType","missing_import_name":null,"source_any":null,"type_of_any":2},{".class":"UnionType","items":["builtins.int",{".class":"NoneType"}]},"builtins.bool",{".class":"UnionType","items":[{".class":"CallableType","arg_kinds":[0],"arg_names":[null],"arg_types":["pickle.PickleBuffer"],"bound_args":[],"def_extras":{},"fallback":"builtins.function","from_concatenate":false,"implicit":false,"is_ellipsis_args":false,"name":null,"ret_type":{".class":"AnyType","missing_import_name":null,"source_any":null,"type_of_any":6},"type_guard":null,"unpack_kwargs":false,"variables":[]},{".class":"NoneType"}]}],"bound_args":[],"def_extras":{"first_arg":null},"fallback":"builtins.function","from_concatenate":false,"implicit":false,"is_ellipsis_args":false,"name":"dumps","ret_type":"builtins.bytes","type_guard":null,"unpack_kwargs":false,"variables":[]}}},"encode_long":{".class":"SymbolTableNode","kind":"Gdef","module_public":false,"node":{".class":"FuncDef","abstract_status":0,"arg_kinds":[0],"arg_names":["x"],"dataclass_transform_spec":null,"flags":[],"fullname":"pickle.encode_long","name":"encode_long","type":{".class":"CallableType","arg_kinds":[0],"arg_names":["x"],"arg_types":["builtins.int"],"bound_args":[],"def_extras":{"first_arg":null},"fallback":"builtins.function","from_concatenate":false,"implicit":false,"is_ellipsis_args":false,"name":"encode_long","ret_type":"builtins.bytes","type_guard":null,"unpack_kwargs":false,"variables":[]}}},"final":{".class":"SymbolTableNode","cross_ref":"typing_extensions.final","kind":"Gdef","module_hidden":true,"module_public":false},"load":{".class":"SymbolTableNode","kind":"Gdef","node":{".class":"FuncDef","abstract_status":0,"arg_kinds":[0,5,5,5,5],"arg_names":["file","fix_imports","encoding","errors","buffers"],"dataclass_transform_spec":null,"flags":[],"fullname":"pickle.load","name":"load","type":{".class":"CallableType","arg_kinds":[0,5,5,5,5],"arg_names":["file","fix_imports","encoding","errors","buffers"],"arg_types":["pickle._ReadableFileobj","builtins.bool","builtins.str","builtins.str",{".class":"UnionType","items":[{".class":"Instance","args":[{".class":"AnyType","missing_import_name":null,"source_any":null,"type_of_any":2}],"type_ref":"typing.Iterable"},{".class":"NoneType"}]}],"bound_args":[],"def_extras":{"first_arg":null},"fallback":"builtins.function","from_concatenate":false,"implicit":false,"is_ellipsis_args":false,"name":"load","ret_type":{".class":"AnyType","missing_import_name":null,"source_any":null,"type_of_any":2},"type_guard":null,"unpack_kwargs":false,"variables":[]}}},"loads":{".class":"SymbolTableNode","kind":"Gdef","node":{".class":"FuncDef","abstract_status":0,"arg_kinds":[0,5,5,5,5],"arg_names":[null,"fix_imports","encoding","errors","buffers"],"dataclass_transform_spec":null,"flags":[],"fullname":"pickle.loads","name":"loads","type":{".class":"CallableType","arg_kinds":[0,5,5,5,5],"arg_names":[null,"fix_imports","encoding","errors","buffers"],"arg_types":[{".class":"TypeAliasType","args":[],"type_ref":"_typeshed.ReadableBuffer"},"builtins.bool","builtins.str","builtins.str",{".class":"UnionType","items":[{".class":"Instance","args":[{".class":"AnyType","missing_import_name":null,"source_any":null,"type_of_any":2}],"type_ref":"typing.Iterable"},{".class":"NoneType"}]}],"bound_args":[],"def_extras":{"first_arg":null},"fallback":"builtins.function","from_concatenate":false,"implicit":false,"is_ellipsis_args":false,"name":"loads","ret_type":{".class":"AnyType","missing_import_name":null,"source_any":null,"type_of_any":2},"type_guard":null,"unpack_kwargs":false,"variables":[]}}},"sys":{".class":"SymbolTableNode","cross_ref":"sys","kind":"Gdef","module_hidden":true,"module_public":false}},"path":"C:\\Users\\Vasilis\\AppData\\Local\\Programs\\Python\\Python313\\Lib\\site-packages\\mypy\\typeshed\\stdlib\\pickle.pyi"}