{"data_mtime":1762095524,"dep_lines":[3,4,1,2,5,1,1,1],"dep_prios":[5,5,10,5,5,5,30,30],"dependencies":["collections.abc","importlib.abc","sys","_typeshed","typing","builtins","abc","importlib"],"hash":"0b9a9c7c1591a640a52cfa5dc0dacbfc2258c4bf4e78f43ff6013936a4d2b76c","id":"pkgutil","ignore_all":true,"interface_hash":"58c29d1fe802194ce48e8d2ee4090357db97e89e4650b66ff580095528114fb5","mtime":1762095443,"options":{"allow_redefinition":false,"allow_untyped_globals":false,"always_false":[],"always_true":[],"bazel":false,"check_untyped_defs":false,"disable_bytearray_promotion":false,"disable_error_code":[],"disable_memoryview_promotion":false,"disabled_error_codes":[],"disallow_any_decorated":false,"disallow_any_explicit":false,"disallow_any_expr":false,"disallow_any_generics":false,"disallow_any_unimported":false,"disallow_incomplete_defs":false,"disallow_subclassing_any":false,"disallow_untyped_calls":false,"disallow_untyped_decorators":false,"disallow_untyped_defs":false,"enable_error_code":[],"enabled_error_codes":[],"follow_imports":"silent","follow_imports_for_stubs":false,"ignore_errors":false,"ignore_missing_imports":true,"implicit_optional":true,"implicit_reexport":true,"local_partial_types":false,"mypyc":false,"platform":"win32","plugins":[],"strict_concatenate":false,"strict_equality":false,"strict_optional":true,"warn_no_return":true,"warn_return_any":false,"warn_unreachable":false,"warn_unused_ignores":false},"path":"C:\\Users\\Vasilis\\AppData\\Local\\Programs\\Python\\Python313\\Lib\\site-packages\\mypy\\typeshed\\stdlib\\pkgutil.pyi","plugin_data":null,"size":1613,"suppressed":[],"version_id":"1.3.0"}