{".class":"MypyFile","_fullname":"pkgutil","future_import_flags":[],"is_partial_stub_package":false,"is_stub":true,"names":{".class":"SymbolTable","Any":{".class":"SymbolTableNode","cross_ref":"typing.Any","kind":"Gdef","module_hidden":true,"module_public":false},"Callable":{".class":"SymbolTableNode","cross_ref":"typing.Callable","kind":"Gdef","module_hidden":true,"module_public":false},"IO":{".class":"SymbolTableNode","cross_ref":"typing.IO","kind":"Gdef","module_hidden":true,"module_public":false},"ImpImporter":{".class":"SymbolTableNode","kind":"Gdef","node":{".class":"TypeInfo","_promote":[],"abstract_attributes":[],"alt_promote":null,"bases":["builtins.object"],"dataclass_transform_spec":null,"declared_metaclass":null,"defn":{".class":"ClassDef","fullname":"pkgutil.ImpImporter","name":"ImpImporter","type_vars":[]},"deletable_attributes":[],"flags":[],"fullname":"pkgutil.ImpImporter","has_param_spec_type":false,"metaclass_type":null,"metadata":{},"module_name":"pkgutil","mro":["pkgutil.ImpImporter","builtins.object"],"names":{".class":"SymbolTable","__init__":{".class":"SymbolTableNode","kind":"Mdef","node":{".class":"FuncDef","abstract_status":0,"arg_kinds":[0,1],"arg_names":["self","path"],"dataclass_transform_spec":null,"flags":[],"fullname":"pkgutil.ImpImporter.__init__","name":"__init__","type":{".class":"CallableType","arg_kinds":[0,1],"arg_names":["self","path"],"arg_types":["pkgutil.ImpImporter",{".class":"UnionType","items":["builtins.str",{".class":"NoneType"}]}],"bound_args":[],"def_extras":{"first_arg":"self"},"fallback":"builtins.function","from_concatenate":false,"implicit":false,"is_ellipsis_args":false,"name":"__init__ of ImpImporter","ret_type":{".class":"NoneType"},"type_guard":null,"unpack_kwargs":false,"variables":[]}}}},"self_type":null,"slots":null,"tuple_type":null,"type_vars":[],"typeddict_type":null}},"ImpLoader":{".class":"SymbolTableNode","kind":"Gdef","node":{".class":"TypeInfo","_promote":[],"abstract_attributes":[],"alt_promote":null,"bases":["builtins.object"],"dataclass_transform_spec":null,"declared_metaclass":null,"defn":{".class":"ClassDef","fullname":"pkgutil.ImpLoader","name":"ImpLoader","type_vars":[]},"deletable_attributes":[],"flags":[],"fullname":"pkgutil.ImpLoader","has_param_spec_type":false,"metaclass_type":null,"metadata":{},"module_name":"pkgutil","mro":["pkgutil.ImpLoader","builtins.object"],"names":{".class":"SymbolTable","__init__":{".class":"SymbolTableNode","kind":"Mdef","node":{".class":"FuncDef","abstract_status":0,"arg_kinds":[0,0,0,0,0],"arg_names":["self","fullname","file","filename","etc"],"dataclass_transform_spec":null,"flags":[],"fullname":"pkgutil.ImpLoader.__init__","name":"__init__","type":{".class":"CallableType","arg_kinds":[0,0,0,0,0],"arg_names":["self","fullname","file","filename","etc"],"arg_types":["pkgutil.ImpLoader","builtins.str",{".class":"Instance","args":["builtins.str"],"type_ref":"typing.IO"},"builtins.str",{".class":"TupleType","implicit":false,"items":["builtins.str","builtins.str","builtins.int"],"partial_fallback":{".class":"Instance","args":[{".class":"AnyType","missing_import_name":null,"source_any":null,"type_of_any":6}],"type_ref":"builtins.tuple"}}],"bound_args":[],"def_extras":{"first_arg":"self"},"fallback":"builtins.function","from_concatenate":false,"implicit":false,"is_ellipsis_args":false,"name":"__init__ of ImpLoader","ret_type":{".class":"NoneType"},"type_guard":null,"unpack_kwargs":false,"variables":[]}}}},"self_type":null,"slots":null,"tuple_type":null,"type_vars":[],"typeddict_type":null}},"Iterable":{".class":"SymbolTableNode","cross_ref":"typing.Iterable","kind":"Gdef","module_hidden":true,"module_public":false},"Iterator":{".class":"SymbolTableNode","cross_ref":"typing.Iterator","kind":"Gdef","module_hidden":true,"module_public":false},"Loader":{".class":"SymbolTableNode","cross_ref":"importlib.abc.Loader","kind":"Gdef","module_hidden":true,"module_public":false},"MetaPathFinder":{".class":"SymbolTableNode","cross_ref":"importlib.abc.MetaPathFinder","kind":"Gdef","module_hidden":true,"module_public":false},"ModuleInfo":{".class":"SymbolTableNode","kind":"Gdef","node":{".class":"TypeInfo","_promote":[],"abstract_attributes":[],"alt_promote":null,"bases":[{".class":"Instance","args":[{".class":"UnionType","items":["builtins.bool","builtins.str","importlib.abc.MetaPathFinder","importlib.abc.PathEntryFinder"]}],"type_ref":"builtins.tuple"}],"dataclass_transform_spec":null,"declared_metaclass":null,"defn":{".class":"ClassDef","fullname":"pkgutil.ModuleInfo","name":"ModuleInfo","type_vars":[]},"deletable_attributes":[],"flags":["is_named_tuple"],"fullname":"pkgutil.ModuleInfo","has_param_spec_type":false,"metaclass_type":null,"metadata":{"namedtuple":{"fields":["module_finder","name","ispkg"]}},"module_name":"pkgutil","mro":["pkgutil.ModuleInfo","builtins.tuple","typing.Sequence","typing.Collection","typing.Reversible","typing.Iterable","typing.Container","builtins.object"],"names":{".class":"SymbolTable","_NT":{".class":"SymbolTableNode","kind":"Mdef","node":{".class":"TypeVarExpr","fullname":"pkgutil.ModuleInfo._NT","name":"_NT","upper_bound":{".class":"TupleType","implicit":false,"items":[{".class":"UnionType","items":["importlib.abc.MetaPathFinder","importlib.abc.PathEntryFinder"]},"builtins.str","builtins.bool"],"partial_fallback":{".class":"Instance","args":[{".class":"UnionType","items":["builtins.bool","builtins.str","importlib.abc.MetaPathFinder","importlib.abc.PathEntryFinder"]}],"type_ref":"builtins.tuple"}},"values":[],"variance":0}},"__annotations__":{".class":"SymbolTableNode","kind":"Mdef","node":{".class":"Var","flags":["is_initialized_in_class","is_ready"],"fullname":"pkgutil.ModuleInfo.__annotations__","name":"__annotations__","type":{".class":"Instance","args":["builtins.str",{".class":"AnyType","missing_import_name":null,"source_any":null,"type_of_any":6}],"type_ref":"builtins.dict"}}},"__doc__":{".class":"SymbolTableNode","kind":"Mdef","node":{".class":"Var","flags":["is_initialized_in_class","is_ready"],"fullname":"pkgutil.ModuleInfo.__doc__","name":"__doc__","type":"builtins.str"}},"__match_args__":{".class":"SymbolTableNode","kind":"Mdef","node":{".class":"Var","flags":["is_initialized_in_class","is_ready"],"fullname":"pkgutil.ModuleInfo.__match_args__","name":"__match_args__","type":{".class":"TupleType","implicit":false,"items":[{".class":"LiteralType","fallback":"builtins.str","value":"module_finder"},{".class":"LiteralType","fallback":"builtins.str","value":"name"},{".class":"LiteralType","fallback":"builtins.str","value":"ispkg"}],"partial_fallback":{".class":"Instance","args":[{".class":"AnyType","missing_import_name":null,"source_any":null,"type_of_any":6}],"type_ref":"builtins.tuple"}}}},"__new__":{".class":"SymbolTableNode","kind":"Mdef","node":{".class":"FuncDef","abstract_status":0,"arg_kinds":[0,0,0,0],"arg_names":["_cls","module_finder","name","ispkg"],"dataclass_transform_spec":null,"flags":[],"fullname":"pkgutil.ModuleInfo.__new__","name":"__new__","type":{".class":"CallableType","arg_kinds":[0,0,0,0],"arg_names":["_cls","module_finder","name","ispkg"],"arg_types":[{".class":"TypeType","item":{".class":"TypeVarType","fullname":"pkgutil.ModuleInfo._NT","id":-1,"name":"_NT","namespace":"","upper_bound":{".class":"TupleType","implicit":false,"items":[{".class":"UnionType","items":["importlib.abc.MetaPathFinder","importlib.abc.PathEntryFinder"]},"builtins.str","builtins.bool"],"partial_fallback":{".class":"Instance","args":[{".class":"UnionType","items":["builtins.bool","builtins.str","importlib.abc.MetaPathFinder","importlib.abc.PathEntryFinder"]}],"type_ref":"builtins.tuple"}},"values":[],"variance":0}},{".class":"UnionType","items":["importlib.abc.MetaPathFinder","importlib.abc.PathEntryFinder"]},"builtins.str","builtins.bool"],"bound_args":[],"def_extras":{},"fallback":"builtins.function","from_concatenate":false,"implicit":false,"is_ellipsis_args":false,"name":"__new__ of ModuleInfo","ret_type":{".class":"TypeVarType","fullname":"pkgutil.ModuleInfo._NT","id":-1,"name":"_NT","namespace":"","upper_bound":{".class":"TupleType","implicit":false,"items":[{".class":"UnionType","items":["importlib.abc.MetaPathFinder","importlib.abc.PathEntryFinder"]},"builtins.str","builtins.bool"],"partial_fallback":{".class":"Instance","args":[{".class":"UnionType","items":["builtins.bool","builtins.str","importlib.abc.MetaPathFinder","importlib.abc.PathEntryFinder"]}],"type_ref":"builtins.tuple"}},"values":[],"variance":0},"type_guard":null,"unpack_kwargs":false,"variables":[{".class":"TypeVarType","fullname":"pkgutil.ModuleInfo._NT","id":-1,"name":"_NT","namespace":"","upper_bound":{".class":"TupleType","implicit":false,"items":[{".class":"UnionType","items":["importlib.abc.MetaPathFinder","importlib.abc.PathEntryFinder"]},"builtins.str","builtins.bool"],"partial_fallback":{".class":"Instance","args":[{".class":"UnionType","items":["builtins.bool","builtins.str","importlib.abc.MetaPathFinder","importlib.abc.PathEntryFinder"]}],"type_ref":"builtins.tuple"}},"values":[],"variance":0}]}},"plugin_generated":true},"_asdict":{".class":"SymbolTableNode","kind":"Mdef","node":{".class":"FuncDef","abstract_status":0,"arg_kinds":[0],"arg_names":["_self"],"dataclass_transform_spec":null,"flags":[],"fullname":"pkgutil.ModuleInfo._asdict","name":"_asdict","type":{".class":"CallableType","arg_kinds":[0],"arg_names":["_self"],"arg_types":[{".class":"TypeVarType","fullname":"pkgutil.ModuleInfo._NT","id":-1,"name":"_NT","namespace":"","upper_bound":{".class":"TupleType","implicit":false,"items":[{".class":"UnionType","items":["importlib.abc.MetaPathFinder","importlib.abc.PathEntryFinder"]},"builtins.str","builtins.bool"],"partial_fallback":{".class":"Instance","args":[{".class":"UnionType","items":["builtins.bool","builtins.str","importlib.abc.MetaPathFinder","importlib.abc.PathEntryFinder"]}],"type_ref":"builtins.tuple"}},"values":[],"variance":0}],"bound_args":[],"def_extras":{},"fallback":"builtins.function","from_concatenate":false,"implicit":false,"is_ellipsis_args":false,"name":"_asdict of ModuleInfo","ret_type":{".class":"Instance","args":["builtins.str",{".class":"AnyType","missing_import_name":null,"source_any":null,"type_of_any":6}],"type_ref":"builtins.dict"},"type_guard":null,"unpack_kwargs":false,"variables":[{".class":"TypeVarType","fullname":"pkgutil.ModuleInfo._NT","id":-1,"name":"_NT","namespace":"","upper_bound":{".class":"TupleType","implicit":false,"items":[{".class":"UnionType","items":["importlib.abc.MetaPathFinder","importlib.abc.PathEntryFinder"]},"builtins.str","builtins.bool"],"partial_fallback":{".class":"Instance","args":[{".class":"UnionType","items":["builtins.bool","builtins.str","importlib.abc.MetaPathFinder","importlib.abc.PathEntryFinder"]}],"type_ref":"builtins.tuple"}},"values":[],"variance":0}]}},"plugin_generated":true},"_field_defaults":{".class":"SymbolTableNode","kind":"Mdef","node":{".class":"Var","flags":["is_initialized_in_class","is_ready"],"fullname":"pkgutil.ModuleInfo._field_defaults","name":"_field_defaults","type":{".class":"Instance","args":["builtins.str",{".class":"AnyType","missing_import_name":null,"source_any":null,"type_of_any":6}],"type_ref":"builtins.dict"}}},"_field_types":{".class":"SymbolTableNode","kind":"Mdef","node":{".class":"Var","flags":["is_initialized_in_class","is_ready"],"fullname":"pkgutil.ModuleInfo._field_types","name":"_field_types","type":{".class":"Instance","args":["builtins.str",{".class":"AnyType","missing_import_name":null,"source_any":null,"type_of_any":6}],"type_ref":"builtins.dict"}}},"_fields":{".class":"SymbolTableNode","kind":"Mdef","node":{".class":"Var","flags":["is_initialized_in_class","is_ready"],"fullname":"pkgutil.ModuleInfo._fields","name":"_fields","type":{".class":"TupleType","implicit":false,"items":["builtins.str","builtins.str","builtins.str"],"partial_fallback":{".class":"Instance","args":[{".class":"AnyType","missing_import_name":null,"source_any":null,"type_of_any":6}],"type_ref":"builtins.tuple"}}}},"_make":{".class":"SymbolTableNode","kind":"Mdef","node":{".class":"Decorator","func":{".class":"FuncDef","abstract_status":0,"arg_kinds":[0,0,5,5],"arg_names":["_cls","iterable","new","len"],"dataclass_transform_spec":null,"flags":["is_class","is_decorated"],"fullname":"pkgutil.ModuleInfo._make","name":"_make","type":{".class":"CallableType","arg_kinds":[0,0,5,5],"arg_names":["_cls","iterable","new","len"],"arg_types":[{".class":"TypeType","item":{".class":"TypeVarType","fullname":"pkgutil.ModuleInfo._NT","id":-1,"name":"_NT","namespace":"","upper_bound":{".class":"TupleType","implicit":false,"items":[{".class":"UnionType","items":["importlib.abc.MetaPathFinder","importlib.abc.PathEntryFinder"]},"builtins.str","builtins.bool"],"partial_fallback":{".class":"Instance","args":[{".class":"UnionType","items":["builtins.bool","builtins.str","importlib.abc.MetaPathFinder","importlib.abc.PathEntryFinder"]}],"type_ref":"builtins.tuple"}},"values":[],"variance":0}},{".class":"Instance","args":[{".class":"AnyType","missing_import_name":null,"source_any":null,"type_of_any":6}],"type_ref":"typing.Iterable"},{".class":"AnyType","missing_import_name":null,"source_any":null,"type_of_any":6},{".class":"AnyType","missing_import_name":null,"source_any":null,"type_of_any":6}],"bound_args":[],"def_extras":{},"fallback":"builtins.function","from_concatenate":false,"implicit":false,"is_ellipsis_args":false,"name":"_make of ModuleInfo","ret_type":{".class":"TypeVarType","fullname":"pkgutil.ModuleInfo._NT","id":-1,"name":"_NT","namespace":"","upper_bound":{".class":"TupleType","implicit":false,"items":[{".class":"UnionType","items":["importlib.abc.MetaPathFinder","importlib.abc.PathEntryFinder"]},"builtins.str","builtins.bool"],"partial_fallback":{".class":"Instance","args":[{".class":"UnionType","items":["builtins.bool","builtins.str","importlib.abc.MetaPathFinder","importlib.abc.PathEntryFinder"]}],"type_ref":"builtins.tuple"}},"values":[],"variance":0},"type_guard":null,"unpack_kwargs":false,"variables":[{".class":"TypeVarType","fullname":"pkgutil.ModuleInfo._NT","id":-1,"name":"_NT","namespace":"","upper_bound":{".class":"TupleType","implicit":false,"items":[{".class":"UnionType","items":["importlib.abc.MetaPathFinder","importlib.abc.PathEntryFinder"]},"builtins.str","builtins.bool"],"partial_fallback":{".class":"Instance","args":[{".class":"UnionType","items":["builtins.bool","builtins.str","importlib.abc.MetaPathFinder","importlib.abc.PathEntryFinder"]}],"type_ref":"builtins.tuple"}},"values":[],"variance":0}]}},"is_overload":false,"var":{".class":"Var","flags":["is_classmethod","is_ready"],"fullname":"pkgutil.ModuleInfo._make","name":"_make","type":{".class":"CallableType","arg_kinds":[0,0,5,5],"arg_names":["_cls","iterable","new","len"],"arg_types":[{".class":"TypeType","item":{".class":"TypeVarType","fullname":"pkgutil.ModuleInfo._NT","id":-1,"name":"_NT","namespace":"","upper_bound":{".class":"TupleType","implicit":false,"items":[{".class":"UnionType","items":["importlib.abc.MetaPathFinder","importlib.abc.PathEntryFinder"]},"builtins.str","builtins.bool"],"partial_fallback":{".class":"Instance","args":[{".class":"UnionType","items":["builtins.bool","builtins.str","importlib.abc.MetaPathFinder","importlib.abc.PathEntryFinder"]}],"type_ref":"builtins.tuple"}},"values":[],"variance":0}},{".class":"Instance","args":[{".class":"AnyType","missing_import_name":null,"source_any":null,"type_of_any":6}],"type_ref":"typing.Iterable"},{".class":"AnyType","missing_import_name":null,"source_any":null,"type_of_any":6},{".class":"AnyType","missing_import_name":null,"source_any":null,"type_of_any":6}],"bound_args":[],"def_extras":{},"fallback":"builtins.function","from_concatenate":false,"implicit":false,"is_ellipsis_args":false,"name":"_make of ModuleInfo","ret_type":{".class":"TypeVarType","fullname":"pkgutil.ModuleInfo._NT","id":-1,"name":"_NT","namespace":"","upper_bound":{".class":"TupleType","implicit":false,"items":[{".class":"UnionType","items":["importlib.abc.MetaPathFinder","importlib.abc.PathEntryFinder"]},"builtins.str","builtins.bool"],"partial_fallback":{".class":"Instance","args":[{".class":"UnionType","items":["builtins.bool","builtins.str","importlib.abc.MetaPathFinder","importlib.abc.PathEntryFinder"]}],"type_ref":"builtins.tuple"}},"values":[],"variance":0},"type_guard":null,"unpack_kwargs":false,"variables":[{".class":"TypeVarType","fullname":"pkgutil.ModuleInfo._NT","id":-1,"name":"_NT","namespace":"","upper_bound":{".class":"TupleType","implicit":false,"items":[{".class":"UnionType","items":["importlib.abc.MetaPathFinder","importlib.abc.PathEntryFinder"]},"builtins.str","builtins.bool"],"partial_fallback":{".class":"Instance","args":[{".class":"UnionType","items":["builtins.bool","builtins.str","importlib.abc.MetaPathFinder","importlib.abc.PathEntryFinder"]}],"type_ref":"builtins.tuple"}},"values":[],"variance":0}]}}},"plugin_generated":true},"_replace":{".class":"SymbolTableNode","kind":"Mdef","node":{".class":"FuncDef","abstract_status":0,"arg_kinds":[0,5,5,5],"arg_names":["_self","module_finder","name","ispkg"],"dataclass_transform_spec":null,"flags":[],"fullname":"pkgutil.ModuleInfo._replace","name":"_replace","type":{".class":"CallableType","arg_kinds":[0,5,5,5],"arg_names":["_self","module_finder","name","ispkg"],"arg_types":[{".class":"TypeVarType","fullname":"pkgutil.ModuleInfo._NT","id":-1,"name":"_NT","namespace":"","upper_bound":{".class":"TupleType","implicit":false,"items":[{".class":"UnionType","items":["importlib.abc.MetaPathFinder","importlib.abc.PathEntryFinder"]},"builtins.str","builtins.bool"],"partial_fallback":{".class":"Instance","args":[{".class":"UnionType","items":["builtins.bool","builtins.str","importlib.abc.MetaPathFinder","importlib.abc.PathEntryFinder"]}],"type_ref":"builtins.tuple"}},"values":[],"variance":0},{".class":"UnionType","items":["importlib.abc.MetaPathFinder","importlib.abc.PathEntryFinder"]},"builtins.str","builtins.bool"],"bound_args":[],"def_extras":{},"fallback":"builtins.function","from_concatenate":false,"implicit":false,"is_ellipsis_args":false,"name":"_replace of ModuleInfo","ret_type":{".class":"TypeVarType","fullname":"pkgutil.ModuleInfo._NT","id":-1,"name":"_NT","namespace":"","upper_bound":{".class":"TupleType","implicit":false,"items":[{".class":"UnionType","items":["importlib.abc.MetaPathFinder","importlib.abc.PathEntryFinder"]},"builtins.str","builtins.bool"],"partial_fallback":{".class":"Instance","args":[{".class":"UnionType","items":["builtins.bool","builtins.str","importlib.abc.MetaPathFinder","importlib.abc.PathEntryFinder"]}],"type_ref":"builtins.tuple"}},"values":[],"variance":0},"type_guard":null,"unpack_kwargs":false,"variables":[{".class":"TypeVarType","fullname":"pkgutil.ModuleInfo._NT","id":-1,"name":"_NT","namespace":"","upper_bound":{".class":"TupleType","implicit":false,"items":[{".class":"UnionType","items":["importlib.abc.MetaPathFinder","importlib.abc.PathEntryFinder"]},"builtins.str","builtins.bool"],"partial_fallback":{".class":"Instance","args":[{".class":"UnionType","items":["builtins.bool","builtins.str","importlib.abc.MetaPathFinder","importlib.abc.PathEntryFinder"]}],"type_ref":"builtins.tuple"}},"values":[],"variance":0}]}},"plugin_generated":true},"_source":{".class":"SymbolTableNode","kind":"Mdef","node":{".class":"Var","flags":["is_initialized_in_class","is_ready"],"fullname":"pkgutil.ModuleInfo._source","name":"_source","type":"builtins.str"}},"ispkg":{".class":"SymbolTableNode","kind":"Mdef","node":{".class":"Var","flags":["is_property","is_ready"],"fullname":"pkgutil.ModuleInfo.ispkg","name":"ispkg","type":"builtins.bool"}},"ispkg-redefinition":{".class":"SymbolTableNode","cross_ref":"pkgutil.ModuleInfo.ispkg","kind":"Mdef"},"module_finder":{".class":"SymbolTableNode","kind":"Mdef","node":{".class":"Var","flags":["is_property","is_ready"],"fullname":"pkgutil.ModuleInfo.module_finder","name":"module_finder","type":{".class":"UnionType","items":["importlib.abc.MetaPathFinder","importlib.abc.PathEntryFinder"]}}},"module_finder-redefinition":{".class":"SymbolTableNode","cross_ref":"pkgutil.ModuleInfo.module_finder","kind":"Mdef"},"name":{".class":"SymbolTableNode","kind":"Mdef","node":{".class":"Var","flags":["is_property","is_ready"],"fullname":"pkgutil.ModuleInfo.name","name":"name","type":"builtins.str"}},"name-redefinition":{".class":"SymbolTableNode","cross_ref":"pkgutil.ModuleInfo.name","kind":"Mdef"}},"self_type":null,"slots":null,"tuple_type":{".class":"TupleType","implicit":false,"items":[{".class":"UnionType","items":["importlib.abc.MetaPathFinder","importlib.abc.PathEntryFinder"]},"builtins.str","builtins.bool"],"partial_fallback":{".class":"Instance","args":[{".class":"UnionType","items":["builtins.bool","builtins.str","importlib.abc.MetaPathFinder","importlib.abc.PathEntryFinder"]}],"type_ref":"builtins.tuple"}},"type_vars":[],"typeddict_type":null}},"NamedTuple":{".class":"SymbolTableNode","cross_ref":"typing.NamedTuple","kind":"Gdef","module_hidden":true,"module_public":false},"PathEntryFinder":{".class":"SymbolTableNode","cross_ref":"importlib.abc.PathEntryFinder","kind":"Gdef","module_hidden":true,"module_public":false},"SupportsRead":{".class":"SymbolTableNode","cross_ref":"_typeshed.SupportsRead","kind":"Gdef","module_hidden":true,"module_public":false},"TypeVar":{".class":"SymbolTableNode","cross_ref":"typing.TypeVar","kind":"Gdef","module_hidden":true,"module_public":false},"_PathT":{".class":"SymbolTableNode","kind":"Gdef","module_public":false,"node":{".class":"TypeVarExpr","fullname":"pkgutil._PathT","name":"_PathT","upper_bound":{".class":"Instance","args":["builtins.str"],"type_ref":"typing.Iterable"},"values":[],"variance":0}},"__all__":{".class":"SymbolTableNode","kind":"Gdef","module_public":false,"node":{".class":"Var","flags":["is_inferred","has_explicit_value"],"fullname":"pkgutil.__all__","name":"__all__","type":{".class":"Instance","args":["builtins.str"],"type_ref":"builtins.list"}}},"__annotations__":{".class":"SymbolTableNode","kind":"Gdef","module_public":false,"node":{".class":"Var","flags":["is_ready"],"fullname":"pkgutil.__annotations__","name":"__annotations__","type":{".class":"Instance","args":["builtins.str",{".class":"AnyType","missing_import_name":null,"source_any":null,"type_of_any":6}],"type_ref":"builtins.dict"}}},"__doc__":{".class":"SymbolTableNode","kind":"Gdef","module_public":false,"node":{".class":"Var","flags":["is_ready"],"fullname":"pkgutil.__doc__","name":"__doc__","type":"builtins.str"}},"__file__":{".class":"SymbolTableNode","kind":"Gdef","module_public":false,"node":{".class":"Var","flags":["is_ready"],"fullname":"pkgutil.__file__","name":"__file__","type":"builtins.str"}},"__name__":{".class":"SymbolTableNode","kind":"Gdef","module_public":false,"node":{".class":"Var","flags":["is_ready"],"fullname":"pkgutil.__name__","name":"__name__","type":"builtins.str"}},"__package__":{".class":"SymbolTableNode","kind":"Gdef","module_public":false,"node":{".class":"Var","flags":["is_ready"],"fullname":"pkgutil.__package__","name":"__package__","type":"builtins.str"}},"extend_path":{".class":"SymbolTableNode","kind":"Gdef","node":{".class":"FuncDef","abstract_status":0,"arg_kinds":[0,0],"arg_names":["path","name"],"dataclass_transform_spec":null,"flags":[],"fullname":"pkgutil.extend_path","name":"extend_path","type":{".class":"CallableType","arg_kinds":[0,0],"arg_names":["path","name"],"arg_types":[{".class":"TypeVarType","fullname":"pkgutil._PathT","id":-1,"name":"_PathT","namespace":"","upper_bound":{".class":"Instance","args":["builtins.str"],"type_ref":"typing.Iterable"},"values":[],"variance":0},"builtins.str"],"bound_args":[],"def_extras":{"first_arg":null},"fallback":"builtins.function","from_concatenate":false,"implicit":false,"is_ellipsis_args":false,"name":"extend_path","ret_type":{".class":"TypeVarType","fullname":"pkgutil._PathT","id":-1,"name":"_PathT","namespace":"","upper_bound":{".class":"Instance","args":["builtins.str"],"type_ref":"typing.Iterable"},"values":[],"variance":0},"type_guard":null,"unpack_kwargs":false,"variables":[{".class":"TypeVarType","fullname":"pkgutil._PathT","id":-1,"name":"_PathT","namespace":"","upper_bound":{".class":"Instance","args":["builtins.str"],"type_ref":"typing.Iterable"},"values":[],"variance":0}]}}},"find_loader":{".class":"SymbolTableNode","kind":"Gdef","node":{".class":"FuncDef","abstract_status":0,"arg_kinds":[0],"arg_names":["fullname"],"dataclass_transform_spec":null,"flags":[],"fullname":"pkgutil.find_loader","name":"find_loader","type":{".class":"CallableType","arg_kinds":[0],"arg_names":["fullname"],"arg_types":["builtins.str"],"bound_args":[],"def_extras":{"first_arg":null},"fallback":"builtins.function","from_concatenate":false,"implicit":false,"is_ellipsis_args":false,"name":"find_loader","ret_type":{".class":"UnionType","items":["importlib.abc.Loader",{".class":"NoneType"}]},"type_guard":null,"unpack_kwargs":false,"variables":[]}}},"get_data":{".class":"SymbolTableNode","kind":"Gdef","node":{".class":"FuncDef","abstract_status":0,"arg_kinds":[0,0],"arg_names":["package","resource"],"dataclass_transform_spec":null,"flags":[],"fullname":"pkgutil.get_data","name":"get_data","type":{".class":"CallableType","arg_kinds":[0,0],"arg_names":["package","resource"],"arg_types":["builtins.str","builtins.str"],"bound_args":[],"def_extras":{"first_arg":null},"fallback":"builtins.function","from_concatenate":false,"implicit":false,"is_ellipsis_args":false,"name":"get_data","ret_type":{".class":"UnionType","items":["builtins.bytes",{".class":"NoneType"}]},"type_guard":null,"unpack_kwargs":false,"variables":[]}}},"get_importer":{".class":"SymbolTableNode","kind":"Gdef","node":{".class":"FuncDef","abstract_status":0,"arg_kinds":[0],"arg_names":["path_item"],"dataclass_transform_spec":null,"flags":[],"fullname":"pkgutil.get_importer","name":"get_importer","type":{".class":"CallableType","arg_kinds":[0],"arg_names":["path_item"],"arg_types":["builtins.str"],"bound_args":[],"def_extras":{"first_arg":null},"fallback":"builtins.function","from_concatenate":false,"implicit":false,"is_ellipsis_args":false,"name":"get_importer","ret_type":{".class":"UnionType","items":["importlib.abc.PathEntryFinder",{".class":"NoneType"}]},"type_guard":null,"unpack_kwargs":false,"variables":[]}}},"get_loader":{".class":"SymbolTableNode","kind":"Gdef","node":{".class":"FuncDef","abstract_status":0,"arg_kinds":[0],"arg_names":["module_or_name"],"dataclass_transform_spec":null,"flags":[],"fullname":"pkgutil.get_loader","name":"get_loader","type":{".class":"CallableType","arg_kinds":[0],"arg_names":["module_or_name"],"arg_types":["builtins.str"],"bound_args":[],"def_extras":{"first_arg":null},"fallback":"builtins.function","from_concatenate":false,"implicit":false,"is_ellipsis_args":false,"name":"get_loader","ret_type":{".class":"UnionType","items":["importlib.abc.Loader",{".class":"NoneType"}]},"type_guard":null,"unpack_kwargs":false,"variables":[]}}},"iter_importers":{".class":"SymbolTableNode","kind":"Gdef","node":{".class":"FuncDef","abstract_status":0,"arg_kinds":[1],"arg_names":["fullname"],"dataclass_transform_spec":null,"flags":[],"fullname":"pkgutil.iter_importers","name":"iter_importers","type":{".class":"CallableType","arg_kinds":[1],"arg_names":["fullname"],"arg_types":["builtins.str"],"bound_args":[],"def_extras":{"first_arg":null},"fallback":"builtins.function","from_concatenate":false,"implicit":false,"is_ellipsis_args":false,"name":"iter_importers","ret_type":{".class":"Instance","args":[{".class":"UnionType","items":["importlib.abc.MetaPathFinder","importlib.abc.PathEntryFinder"]}],"type_ref":"typing.Iterator"},"type_guard":null,"unpack_kwargs":false,"variables":[]}}},"iter_modules":{".class":"SymbolTableNode","kind":"Gdef","node":{".class":"FuncDef","abstract_status":0,"arg_kinds":[1,1],"arg_names":["path","prefix"],"dataclass_transform_spec":null,"flags":[],"fullname":"pkgutil.iter_modules","name":"iter_modules","type":{".class":"CallableType","arg_kinds":[1,1],"arg_names":["path","prefix"],"arg_types":[{".class":"UnionType","items":[{".class":"Instance","args":["builtins.str"],"type_ref":"typing.Iterable"},{".class":"NoneType"}]},"builtins.str"],"bound_args":[],"def_extras":{"first_arg":null},"fallback":"builtins.function","from_concatenate":false,"implicit":false,"is_ellipsis_args":false,"name":"iter_modules","ret_type":{".class":"Instance","args":[{".class":"TypeAliasType","args":[],"type_ref":"pkgutil.ModuleInfo"}],"type_ref":"typing.Iterator"},"type_guard":null,"unpack_kwargs":false,"variables":[]}}},"read_code":{".class":"SymbolTableNode","kind":"Gdef","node":{".class":"FuncDef","abstract_status":0,"arg_kinds":[0],"arg_names":["stream"],"dataclass_transform_spec":null,"flags":[],"fullname":"pkgutil.read_code","name":"read_code","type":{".class":"CallableType","arg_kinds":[0],"arg_names":["stream"],"arg_types":[{".class":"Instance","args":["builtins.bytes"],"type_ref":"_typeshed.SupportsRead"}],"bound_args":[],"def_extras":{"first_arg":null},"fallback":"builtins.function","from_concatenate":false,"implicit":false,"is_ellipsis_args":false,"name":"read_code","ret_type":{".class":"AnyType","missing_import_name":null,"source_any":null,"type_of_any":2},"type_guard":null,"unpack_kwargs":false,"variables":[]}}},"resolve_name":{".class":"SymbolTableNode","kind":"Gdef","module_public":false,"node":{".class":"FuncDef","abstract_status":0,"arg_kinds":[0],"arg_names":["name"],"dataclass_transform_spec":null,"flags":[],"fullname":"pkgutil.resolve_name","name":"resolve_name","type":{".class":"CallableType","arg_kinds":[0],"arg_names":["name"],"arg_types":["builtins.str"],"bound_args":[],"def_extras":{"first_arg":null},"fallback":"builtins.function","from_concatenate":false,"implicit":false,"is_ellipsis_args":false,"name":"resolve_name","ret_type":{".class":"AnyType","missing_import_name":null,"source_any":null,"type_of_any":2},"type_guard":null,"unpack_kwargs":false,"variables":[]}}},"sys":{".class":"SymbolTableNode","cross_ref":"sys","kind":"Gdef","module_hidden":true,"module_public":false},"walk_packages":{".class":"SymbolTableNode","kind":"Gdef","node":{".class":"FuncDef","abstract_status":0,"arg_kinds":[1,1,1],"arg_names":["path","prefix","onerror"],"dataclass_transform_spec":null,"flags":[],"fullname":"pkgutil.walk_packages","name":"walk_packages","type":{".class":"CallableType","arg_kinds":[1,1,1],"arg_names":["path","prefix","onerror"],"arg_types":[{".class":"UnionType","items":[{".class":"Instance","args":["builtins.str"],"type_ref":"typing.Iterable"},{".class":"NoneType"}]},"builtins.str",{".class":"UnionType","items":[{".class":"CallableType","arg_kinds":[0],"arg_names":[null],"arg_types":["builtins.str"],"bound_args":[],"def_extras":{},"fallback":"builtins.function","from_concatenate":false,"implicit":false,"is_ellipsis_args":false,"name":null,"ret_type":"builtins.object","type_guard":null,"unpack_kwargs":false,"variables":[]},{".class":"NoneType"}]}],"bound_args":[],"def_extras":{"first_arg":null},"fallback":"builtins.function","from_concatenate":false,"implicit":false,"is_ellipsis_args":false,"name":"walk_packages","ret_type":{".class":"Instance","args":[{".class":"TypeAliasType","args":[],"type_ref":"pkgutil.ModuleInfo"}],"type_ref":"typing.Iterator"},"type_guard":null,"unpack_kwargs":false,"variables":[]}}}},"path":"C:\\Users\\Vasilis\\AppData\\Local\\Programs\\Python\\Python313\\Lib\\site-packages\\mypy\\typeshed\\stdlib\\pkgutil.pyi"}