{"data_mtime":1762095528,"dep_lines":[3,1,2,4,5,6,7,1,1,1,1,1,1],"dep_prios":[5,10,5,5,5,5,5,5,30,30,30,30,30],"dependencies":["collections.abc","sys","_typeshed","datetime","enum","typing","typing_extensions","builtins","abc","array","ctypes","mmap","pickle"],"hash":"3cdb28eac157df2205b1b494650150e7579f778ebb1973b5105693586297a0fd","id":"plistlib","ignore_all":true,"interface_hash":"27fe59b78ac478be3c7b2926ece8f13cda3751c5b4d57bb8b797bfb5d793b926","mtime":1762095443,"options":{"allow_redefinition":false,"allow_untyped_globals":false,"always_false":[],"always_true":[],"bazel":false,"check_untyped_defs":false,"disable_bytearray_promotion":false,"disable_error_code":[],"disable_memoryview_promotion":false,"disabled_error_codes":[],"disallow_any_decorated":false,"disallow_any_explicit":false,"disallow_any_expr":false,"disallow_any_generics":false,"disallow_any_unimported":false,"disallow_incomplete_defs":false,"disallow_subclassing_any":false,"disallow_untyped_calls":false,"disallow_untyped_decorators":false,"disallow_untyped_defs":false,"enable_error_code":[],"enabled_error_codes":[],"follow_imports":"silent","follow_imports_for_stubs":false,"ignore_errors":false,"ignore_missing_imports":true,"implicit_optional":true,"implicit_reexport":true,"local_partial_types":false,"mypyc":false,"platform":"win32","plugins":[],"strict_concatenate":false,"strict_equality":false,"strict_optional":true,"warn_no_return":true,"warn_return_any":false,"warn_unreachable":false,"warn_unused_ignores":false},"path":"C:\\Users\\Vasilis\\AppData\\Local\\Programs\\Python\\Python313\\Lib\\site-packages\\mypy\\typeshed\\stdlib\\plistlib.pyi","plugin_data":null,"size":3104,"suppressed":[],"version_id":"1.3.0"}