{"data_mtime":1762095563,"dep_lines":[61,62,63,64,26,30,32,35,44,47,48,49,50,52,69,71,74,76,25,29,46,47,48,4,6,7,8,18,46,1,1,1,1,1,1,1,1,1,1,1,1,1,1,1,1,1,1,1,1,1,1,1,1,1,1,1,1,1,1,1,1,1],"dep_prios":[25,25,25,25,5,5,5,5,5,10,10,10,5,5,25,25,25,25,5,5,10,20,20,5,10,10,5,5,20,5,30,30,30,30,30,30,30,30,30,30,30,30,30,30,30,30,30,30,30,30,30,30,30,30,30,30,30,30,30,30,30,30],"dependencies":["sqlalchemy.dialects.postgresql.array","sqlalchemy.dialects.postgresql.base","sqlalchemy.dialects.postgresql.hstore","sqlalchemy.dialects.postgresql.json","sqlalchemy.dialects.postgresql","sqlalchemy.sql.elements","sqlalchemy.sql.functions","alembic.ddl.base","alembic.ddl.impl","alembic.autogenerate.render","alembic.operations.ops","alembic.operations.schemaobj","alembic.operations.base","alembic.util.sqla_compat","sqlalchemy.sql.schema","sqlalchemy.sql.type_api","alembic.autogenerate.api","alembic.runtime.migration","sqlalchemy.types","sqlalchemy.schema","alembic.util","alembic.autogenerate","alembic.operations","__future__","logging","re","typing","sqlalchemy","alembic","builtins","_typeshed","abc","alembic.ddl._autogen","alembic.operations.batch","alembic.runtime","alembic.util.exc","alembic.util.langhelpers","alembic.util.messaging","sqlalchemy.dialects","sqlalchemy.dialects.postgresql.ext","sqlalchemy.engine","sqlalchemy.engine.base","sqlalchemy.engine.cursor","sqlalchemy.engine.interfaces","sqlalchemy.engine.result","sqlalchemy.log","sqlalchemy.sql","sqlalchemy.sql.annotation","sqlalchemy.sql.base","sqlalchemy.sql.compiler","sqlalchemy.sql.ddl","sqlalchemy.sql.expression","sqlalchemy.sql.operators","sqlalchemy.sql.roles","sqlalchemy.sql.selectable","sqlalchemy.sql.sqltypes","sqlalchemy.sql.traversals","sqlalchemy.sql.visitors","sqlalchemy.util","sqlalchemy.util._collections","sqlalchemy.util.langhelpers","typing_extensions"],"hash":"4bbbb27b63434872f0577c3c489d90f432db72f408c507c9dc410ae89ab235a8","id":"alembic.ddl.postgresql","ignore_all":true,"interface_hash":"0a16a97449acdcb36dfe4cb124205f0e76e834206d437e65ef43ab33919e3ee4","mtime":1761854780,"options":{"allow_redefinition":false,"allow_untyped_globals":false,"always_false":[],"always_true":[],"bazel":false,"check_untyped_defs":false,"disable_bytearray_promotion":false,"disable_error_code":[],"disable_memoryview_promotion":false,"disabled_error_codes":[],"disallow_any_decorated":false,"disallow_any_explicit":false,"disallow_any_expr":false,"disallow_any_generics":false,"disallow_any_unimported":false,"disallow_incomplete_defs":false,"disallow_subclassing_any":false,"disallow_untyped_calls":false,"disallow_untyped_decorators":false,"disallow_untyped_defs":false,"enable_error_code":[],"enabled_error_codes":[],"follow_imports":"silent","follow_imports_for_stubs":false,"ignore_errors":false,"ignore_missing_imports":true,"implicit_optional":true,"implicit_reexport":true,"local_partial_types":false,"mypyc":false,"platform":"win32","plugins":[],"strict_concatenate":false,"strict_equality":false,"strict_optional":true,"warn_no_return":true,"warn_return_any":false,"warn_unreachable":false,"warn_unused_ignores":false},"path":"C:\\Users\\Vasilis\\AppData\\Local\\Programs\\Python\\Python313\\Lib\\site-packages\\alembic\\ddl\\postgresql.py","plugin_data":null,"size":29950,"suppressed":[],"version_id":"1.3.0"}