{"data_mtime":1762095525,"dep_lines":[5,1,2,3,4,6,7,8,9],"dep_prios":[5,10,5,5,5,5,5,5,5],"dependencies":["collections.abc","sys","_typeshed","abc","builtins","reprlib","types","typing","typing_extensions"],"hash":"a5b9fc8f7d48fde0a812a953344848dea1b6208d66a6982cd1bd378be309e395","id":"pydoc","ignore_all":true,"interface_hash":"fcf6fc33cfe77819a25e82e7116cab35fe0f030ba9f37b840ec5c94cd039948d","mtime":1762095443,"options":{"allow_redefinition":false,"allow_untyped_globals":false,"always_false":[],"always_true":[],"bazel":false,"check_untyped_defs":false,"disable_bytearray_promotion":false,"disable_error_code":[],"disable_memoryview_promotion":false,"disabled_error_codes":[],"disallow_any_decorated":false,"disallow_any_explicit":false,"disallow_any_expr":false,"disallow_any_generics":false,"disallow_any_unimported":false,"disallow_incomplete_defs":false,"disallow_subclassing_any":false,"disallow_untyped_calls":false,"disallow_untyped_decorators":false,"disallow_untyped_defs":false,"enable_error_code":[],"enabled_error_codes":[],"follow_imports":"silent","follow_imports_for_stubs":false,"ignore_errors":false,"ignore_missing_imports":true,"implicit_optional":true,"implicit_reexport":true,"local_partial_types":false,"mypyc":false,"platform":"win32","plugins":[],"strict_concatenate":false,"strict_equality":false,"strict_optional":true,"warn_no_return":true,"warn_return_any":false,"warn_unreachable":false,"warn_unused_ignores":false},"path":"C:\\Users\\Vasilis\\AppData\\Local\\Programs\\Python\\Python313\\Lib\\site-packages\\mypy\\typeshed\\stdlib\\pydoc.pyi","plugin_data":null,"size":10392,"suppressed":[],"version_id":"1.3.0"}