{".class":"MypyFile","_fullname":"alembic.util.pyfiles","future_import_flags":["annotations"],"is_partial_stub_package":false,"is_stub":false,"names":{".class":"SymbolTable","Any":{".class":"SymbolTableNode","cross_ref":"typing.Any","kind":"Gdef"},"CommandError":{".class":"SymbolTableNode","cross_ref":"alembic.util.exc.CommandError","kind":"Gdef"},"ExitStack":{".class":"SymbolTableNode","cross_ref":"contextlib.ExitStack","kind":"Gdef"},"ModuleType":{".class":"SymbolTableNode","cross_ref":"types.ModuleType","kind":"Gdef"},"Optional":{".class":"SymbolTableNode","cross_ref":"typing.Optional","kind":"Gdef"},"Template":{".class":"SymbolTableNode","kind":"Gdef","node":{".class":"Var","flags":["is_suppressed_import","is_ready","is_inferred"],"fullname":"alembic.util.pyfiles.Template","name":"Template","type":{".class":"AnyType","missing_import_name":"alembic.util.pyfiles.Template","source_any":null,"type_of_any":3}}},"Union":{".class":"SymbolTableNode","cross_ref":"typing.Union","kind":"Gdef"},"__annotations__":{".class":"SymbolTableNode","kind":"Gdef","node":{".class":"Var","flags":["is_ready"],"fullname":"alembic.util.pyfiles.__annotations__","name":"__annotations__","type":{".class":"Instance","args":["builtins.str",{".class":"AnyType","missing_import_name":null,"source_any":null,"type_of_any":6}],"type_ref":"builtins.dict"}}},"__doc__":{".class":"SymbolTableNode","kind":"Gdef","node":{".class":"Var","flags":["is_ready"],"fullname":"alembic.util.pyfiles.__doc__","name":"__doc__","type":"builtins.str"}},"__file__":{".class":"SymbolTableNode","kind":"Gdef","node":{".class":"Var","flags":["is_ready"],"fullname":"alembic.util.pyfiles.__file__","name":"__file__","type":"builtins.str"}},"__name__":{".class":"SymbolTableNode","kind":"Gdef","node":{".class":"Var","flags":["is_ready"],"fullname":"alembic.util.pyfiles.__name__","name":"__name__","type":"builtins.str"}},"__package__":{".class":"SymbolTableNode","kind":"Gdef","node":{".class":"Var","flags":["is_ready"],"fullname":"alembic.util.pyfiles.__package__","name":"__package__","type":"builtins.str"}},"_preserving_path_as_str":{".class":"SymbolTableNode","kind":"Gdef","node":{".class":"FuncDef","abstract_status":0,"arg_kinds":[0],"arg_names":["path"],"dataclass_transform_spec":null,"flags":[],"fullname":"alembic.util.pyfiles._preserving_path_as_str","name":"_preserving_path_as_str","type":{".class":"CallableType","arg_kinds":[0],"arg_names":["path"],"arg_types":[{".class":"UnionType","items":["builtins.str",{".class":"Instance","args":["builtins.str"],"type_ref":"os.PathLike"}]}],"bound_args":[],"def_extras":{"first_arg":null},"fallback":"builtins.function","from_concatenate":false,"implicit":false,"is_ellipsis_args":false,"name":"_preserving_path_as_str","ret_type":"builtins.str","type_guard":null,"unpack_kwargs":false,"variables":[]}}},"annotations":{".class":"SymbolTableNode","cross_ref":"__future__.annotations","kind":"Gdef"},"atexit":{".class":"SymbolTableNode","cross_ref":"atexit","kind":"Gdef"},"coerce_resource_to_filename":{".class":"SymbolTableNode","kind":"Gdef","node":{".class":"FuncDef","abstract_status":0,"arg_kinds":[0],"arg_names":["fname_or_resource"],"dataclass_transform_spec":null,"flags":[],"fullname":"alembic.util.pyfiles.coerce_resource_to_filename","name":"coerce_resource_to_filename","type":{".class":"CallableType","arg_kinds":[0],"arg_names":["fname_or_resource"],"arg_types":["builtins.str"],"bound_args":[],"def_extras":{"first_arg":null},"fallback":"builtins.function","from_concatenate":false,"implicit":false,"is_ellipsis_args":false,"name":"coerce_resource_to_filename","ret_type":"pathlib.Path","type_guard":null,"unpack_kwargs":false,"variables":[]}}},"exceptions":{".class":"SymbolTableNode","kind":"Gdef","node":{".class":"Var","flags":["is_suppressed_import","is_ready","is_inferred"],"fullname":"alembic.util.pyfiles.exceptions","name":"exceptions","type":{".class":"AnyType","missing_import_name":"alembic.util.pyfiles.exceptions","source_any":null,"type_of_any":3}}},"importlib":{".class":"SymbolTableNode","cross_ref":"importlib","kind":"Gdef"},"load_module_py":{".class":"SymbolTableNode","kind":"Gdef","node":{".class":"FuncDef","abstract_status":0,"arg_kinds":[0,0],"arg_names":["module_id","path"],"dataclass_transform_spec":null,"flags":[],"fullname":"alembic.util.pyfiles.load_module_py","name":"load_module_py","type":{".class":"CallableType","arg_kinds":[0,0],"arg_names":["module_id","path"],"arg_types":["builtins.str",{".class":"UnionType","items":["builtins.str",{".class":"Instance","args":["builtins.str"],"type_ref":"os.PathLike"}]}],"bound_args":[],"def_extras":{"first_arg":null},"fallback":"builtins.function","from_concatenate":false,"implicit":false,"is_ellipsis_args":false,"name":"load_module_py","ret_type":"types.ModuleType","type_guard":null,"unpack_kwargs":false,"variables":[]}}},"load_python_file":{".class":"SymbolTableNode","kind":"Gdef","node":{".class":"FuncDef","abstract_status":0,"arg_kinds":[0,0],"arg_names":["dir_","filename"],"dataclass_transform_spec":null,"flags":[],"fullname":"alembic.util.pyfiles.load_python_file","name":"load_python_file","type":{".class":"CallableType","arg_kinds":[0,0],"arg_names":["dir_","filename"],"arg_types":[{".class":"UnionType","items":["builtins.str",{".class":"Instance","args":["builtins.str"],"type_ref":"os.PathLike"}]},{".class":"UnionType","items":["builtins.str",{".class":"Instance","args":["builtins.str"],"type_ref":"os.PathLike"}]}],"bound_args":[],"def_extras":{"first_arg":null},"fallback":"builtins.function","from_concatenate":false,"implicit":false,"is_ellipsis_args":false,"name":"load_python_file","ret_type":"types.ModuleType","type_guard":null,"unpack_kwargs":false,"variables":[]}}},"os":{".class":"SymbolTableNode","cross_ref":"os","kind":"Gdef"},"pathlib":{".class":"SymbolTableNode","cross_ref":"pathlib","kind":"Gdef"},"pyc_file_from_path":{".class":"SymbolTableNode","kind":"Gdef","node":{".class":"FuncDef","abstract_status":0,"arg_kinds":[0],"arg_names":["path"],"dataclass_transform_spec":null,"flags":[],"fullname":"alembic.util.pyfiles.pyc_file_from_path","name":"pyc_file_from_path","type":{".class":"CallableType","arg_kinds":[0],"arg_names":["path"],"arg_types":[{".class":"UnionType","items":["builtins.str",{".class":"Instance","args":["builtins.str"],"type_ref":"os.PathLike"}]}],"bound_args":[],"def_extras":{"first_arg":null},"fallback":"builtins.function","from_concatenate":false,"implicit":false,"is_ellipsis_args":false,"name":"pyc_file_from_path","ret_type":{".class":"UnionType","items":["pathlib.Path",{".class":"NoneType"}]},"type_guard":null,"unpack_kwargs":false,"variables":[]}}},"re":{".class":"SymbolTableNode","cross_ref":"re","kind":"Gdef"},"resources":{".class":"SymbolTableNode","cross_ref":"importlib.resources","kind":"Gdef"},"tempfile":{".class":"SymbolTableNode","cross_ref":"tempfile","kind":"Gdef"},"template_to_file":{".class":"SymbolTableNode","kind":"Gdef","node":{".class":"FuncDef","abstract_status":0,"arg_kinds":[0,0,0,5,4],"arg_names":["template_file","dest","output_encoding","append_with_newlines","kw"],"dataclass_transform_spec":null,"flags":[],"fullname":"alembic.util.pyfiles.template_to_file","name":"template_to_file","type":{".class":"CallableType","arg_kinds":[0,0,0,5,4],"arg_names":["template_file","dest","output_encoding","append_with_newlines","kw"],"arg_types":[{".class":"UnionType","items":["builtins.str",{".class":"Instance","args":["builtins.str"],"type_ref":"os.PathLike"}]},{".class":"UnionType","items":["builtins.str",{".class":"Instance","args":["builtins.str"],"type_ref":"os.PathLike"}]},"builtins.str","builtins.bool",{".class":"AnyType","missing_import_name":null,"source_any":null,"type_of_any":2}],"bound_args":[],"def_extras":{"first_arg":null},"fallback":"builtins.function","from_concatenate":false,"implicit":false,"is_ellipsis_args":false,"name":"template_to_file","ret_type":{".class":"NoneType"},"type_guard":null,"unpack_kwargs":false,"variables":[]}}}},"path":"C:\\Users\\Vasilis\\AppData\\Local\\Programs\\Python\\Python313\\Lib\\site-packages\\alembic\\util\\pyfiles.py"}