{"data_mtime":1762095563,"dep_lines":[21,6,7,8,1,3,4,5,9,10,11,12,13,14,1,1,1,1,1,1,1,1,1,1,19,18],"dep_prios":[5,10,10,10,5,10,5,10,10,10,10,10,5,5,5,30,30,30,30,30,30,30,30,30,5,5],"dependencies":["alembic.util.exc","importlib.resources","importlib.machinery","importlib.util","__future__","atexit","contextlib","importlib","os","pathlib","re","tempfile","types","typing","builtins","abc","array","ctypes","importlib.abc","io","mmap","pickle","posixpath","typing_extensions"],"hash":"414658739904dd9ee757ae0f6e57117dfcc0ed57d56a2141db1defb5c1b4fc01","id":"alembic.util.pyfiles","ignore_all":true,"interface_hash":"90807473f0be829ce1ef72b277aa4863aadd441be4fed20d89267f112a90040e","mtime":1761854780,"options":{"allow_redefinition":false,"allow_untyped_globals":false,"always_false":[],"always_true":[],"bazel":false,"check_untyped_defs":false,"disable_bytearray_promotion":false,"disable_error_code":[],"disable_memoryview_promotion":false,"disabled_error_codes":[],"disallow_any_decorated":false,"disallow_any_explicit":false,"disallow_any_expr":false,"disallow_any_generics":false,"disallow_any_unimported":false,"disallow_incomplete_defs":false,"disallow_subclassing_any":false,"disallow_untyped_calls":false,"disallow_untyped_decorators":false,"disallow_untyped_defs":false,"enable_error_code":[],"enabled_error_codes":[],"follow_imports":"silent","follow_imports_for_stubs":false,"ignore_errors":false,"ignore_missing_imports":true,"implicit_optional":true,"implicit_reexport":true,"local_partial_types":false,"mypyc":false,"platform":"win32","plugins":[],"strict_concatenate":false,"strict_equality":false,"strict_optional":true,"warn_no_return":true,"warn_return_any":false,"warn_unreachable":false,"warn_unused_ignores":false},"path":"C:\\Users\\Vasilis\\AppData\\Local\\Programs\\Python\\Python313\\Lib\\site-packages\\alembic\\util\\pyfiles.py","plugin_data":null,"size":4707,"suppressed":["mako.template","mako"],"version_id":"1.3.0"}