{".class":"MypyFile","_fullname":"random","future_import_flags":[],"is_partial_stub_package":false,"is_stub":true,"names":{".class":"SymbolTable","AbstractSet":{".class":"SymbolTableNode","cross_ref":"typing.AbstractSet","kind":"Gdef","module_hidden":true,"module_public":false},"Any":{".class":"SymbolTableNode","cross_ref":"typing.Any","kind":"Gdef","module_hidden":true,"module_public":false},"Callable":{".class":"SymbolTableNode","cross_ref":"typing.Callable","kind":"Gdef","module_hidden":true,"module_public":false},"ClassVar":{".class":"SymbolTableNode","cross_ref":"typing.ClassVar","kind":"Gdef","module_hidden":true,"module_public":false},"Fraction":{".class":"SymbolTableNode","cross_ref":"fractions.Fraction","kind":"Gdef","module_hidden":true,"module_public":false},"Iterable":{".class":"SymbolTableNode","cross_ref":"typing.Iterable","kind":"Gdef","module_hidden":true,"module_public":false},"MutableSequence":{".class":"SymbolTableNode","cross_ref":"typing.MutableSequence","kind":"Gdef","module_hidden":true,"module_public":false},"NoReturn":{".class":"SymbolTableNode","cross_ref":"typing.NoReturn","kind":"Gdef","module_hidden":true,"module_public":false},"Random":{".class":"SymbolTableNode","kind":"Gdef","node":{".class":"TypeInfo","_promote":[],"abstract_attributes":[],"alt_promote":null,"bases":["_random.Random"],"dataclass_transform_spec":null,"declared_metaclass":null,"defn":{".class":"ClassDef","fullname":"random.Random","name":"Random","type_vars":[]},"deletable_attributes":[],"flags":[],"fullname":"random.Random","has_param_spec_type":false,"metaclass_type":null,"metadata":{},"module_name":"random","mro":["random.Random","_random.Random","builtins.object"],"names":{".class":"SymbolTable","VERSION":{".class":"SymbolTableNode","kind":"Mdef","node":{".class":"Var","flags":["is_initialized_in_class","is_classvar","is_ready"],"fullname":"random.Random.VERSION","name":"VERSION","type":"builtins.int"}},"__init__":{".class":"SymbolTableNode","kind":"Mdef","node":{".class":"FuncDef","abstract_status":0,"arg_kinds":[0,1],"arg_names":["self","x"],"dataclass_transform_spec":null,"flags":[],"fullname":"random.Random.__init__","name":"__init__","type":{".class":"CallableType","arg_kinds":[0,1],"arg_names":["self","x"],"arg_types":["random.Random",{".class":"UnionType","items":[{".class":"AnyType","missing_import_name":null,"source_any":null,"type_of_any":2},{".class":"NoneType"}]}],"bound_args":[],"def_extras":{"first_arg":"self"},"fallback":"builtins.function","from_concatenate":false,"implicit":false,"is_ellipsis_args":false,"name":"__init__ of Random","ret_type":{".class":"NoneType"},"type_guard":null,"unpack_kwargs":false,"variables":[]}}},"betavariate":{".class":"SymbolTableNode","kind":"Mdef","node":{".class":"FuncDef","abstract_status":0,"arg_kinds":[0,0,0],"arg_names":["self","alpha","beta"],"dataclass_transform_spec":null,"flags":[],"fullname":"random.Random.betavariate","name":"betavariate","type":{".class":"CallableType","arg_kinds":[0,0,0],"arg_names":["self","alpha","beta"],"arg_types":["random.Random","builtins.float","builtins.float"],"bound_args":[],"def_extras":{"first_arg":"self"},"fallback":"builtins.function","from_concatenate":false,"implicit":false,"is_ellipsis_args":false,"name":"betavariate of Random","ret_type":"builtins.float","type_guard":null,"unpack_kwargs":false,"variables":[]}}},"choice":{".class":"SymbolTableNode","kind":"Mdef","node":{".class":"FuncDef","abstract_status":0,"arg_kinds":[0,0],"arg_names":["self","seq"],"dataclass_transform_spec":null,"flags":[],"fullname":"random.Random.choice","name":"choice","type":{".class":"CallableType","arg_kinds":[0,0],"arg_names":["self","seq"],"arg_types":["random.Random",{".class":"Instance","args":[{".class":"TypeVarType","fullname":"random._T","id":-1,"name":"_T","namespace":"","upper_bound":"builtins.object","values":[],"variance":0}],"type_ref":"_typeshed.SupportsLenAndGetItem"}],"bound_args":[],"def_extras":{"first_arg":"self"},"fallback":"builtins.function","from_concatenate":false,"implicit":false,"is_ellipsis_args":false,"name":"choice of Random","ret_type":{".class":"TypeVarType","fullname":"random._T","id":-1,"name":"_T","namespace":"","upper_bound":"builtins.object","values":[],"variance":0},"type_guard":null,"unpack_kwargs":false,"variables":[{".class":"TypeVarType","fullname":"random._T","id":-1,"name":"_T","namespace":"","upper_bound":"builtins.object","values":[],"variance":0}]}}},"choices":{".class":"SymbolTableNode","kind":"Mdef","node":{".class":"FuncDef","abstract_status":0,"arg_kinds":[0,0,1,5,5],"arg_names":["self","population","weights","cum_weights","k"],"dataclass_transform_spec":null,"flags":[],"fullname":"random.Random.choices","name":"choices","type":{".class":"CallableType","arg_kinds":[0,0,1,5,5],"arg_names":["self","population","weights","cum_weights","k"],"arg_types":["random.Random",{".class":"Instance","args":[{".class":"TypeVarType","fullname":"random._T","id":-1,"name":"_T","namespace":"","upper_bound":"builtins.object","values":[],"variance":0}],"type_ref":"_typeshed.SupportsLenAndGetItem"},{".class":"UnionType","items":[{".class":"Instance","args":[{".class":"UnionType","items":["builtins.float","fractions.Fraction"]}],"type_ref":"typing.Sequence"},{".class":"NoneType"}]},{".class":"UnionType","items":[{".class":"Instance","args":[{".class":"UnionType","items":["builtins.float","fractions.Fraction"]}],"type_ref":"typing.Sequence"},{".class":"NoneType"}]},"builtins.int"],"bound_args":[],"def_extras":{"first_arg":"self"},"fallback":"builtins.function","from_concatenate":false,"implicit":false,"is_ellipsis_args":false,"name":"choices of Random","ret_type":{".class":"Instance","args":[{".class":"TypeVarType","fullname":"random._T","id":-1,"name":"_T","namespace":"","upper_bound":"builtins.object","values":[],"variance":0}],"type_ref":"builtins.list"},"type_guard":null,"unpack_kwargs":false,"variables":[{".class":"TypeVarType","fullname":"random._T","id":-1,"name":"_T","namespace":"","upper_bound":"builtins.object","values":[],"variance":0}]}}},"expovariate":{".class":"SymbolTableNode","kind":"Mdef","node":{".class":"FuncDef","abstract_status":0,"arg_kinds":[0,0],"arg_names":["self","lambd"],"dataclass_transform_spec":null,"flags":[],"fullname":"random.Random.expovariate","name":"expovariate","type":{".class":"CallableType","arg_kinds":[0,0],"arg_names":["self","lambd"],"arg_types":["random.Random","builtins.float"],"bound_args":[],"def_extras":{"first_arg":"self"},"fallback":"builtins.function","from_concatenate":false,"implicit":false,"is_ellipsis_args":false,"name":"expovariate of Random","ret_type":"builtins.float","type_guard":null,"unpack_kwargs":false,"variables":[]}}},"gammavariate":{".class":"SymbolTableNode","kind":"Mdef","node":{".class":"FuncDef","abstract_status":0,"arg_kinds":[0,0,0],"arg_names":["self","alpha","beta"],"dataclass_transform_spec":null,"flags":[],"fullname":"random.Random.gammavariate","name":"gammavariate","type":{".class":"CallableType","arg_kinds":[0,0,0],"arg_names":["self","alpha","beta"],"arg_types":["random.Random","builtins.float","builtins.float"],"bound_args":[],"def_extras":{"first_arg":"self"},"fallback":"builtins.function","from_concatenate":false,"implicit":false,"is_ellipsis_args":false,"name":"gammavariate of Random","ret_type":"builtins.float","type_guard":null,"unpack_kwargs":false,"variables":[]}}},"gauss":{".class":"SymbolTableNode","kind":"Mdef","node":{".class":"FuncDef","abstract_status":0,"arg_kinds":[0,1,1],"arg_names":["self","mu","sigma"],"dataclass_transform_spec":null,"flags":[],"fullname":"random.Random.gauss","name":"gauss","type":{".class":"CallableType","arg_kinds":[0,1,1],"arg_names":["self","mu","sigma"],"arg_types":["random.Random","builtins.float","builtins.float"],"bound_args":[],"def_extras":{"first_arg":"self"},"fallback":"builtins.function","from_concatenate":false,"implicit":false,"is_ellipsis_args":false,"name":"gauss of Random","ret_type":"builtins.float","type_guard":null,"unpack_kwargs":false,"variables":[]}}},"getstate":{".class":"SymbolTableNode","kind":"Mdef","node":{".class":"FuncDef","abstract_status":0,"arg_kinds":[0],"arg_names":["self"],"dataclass_transform_spec":null,"flags":[],"fullname":"random.Random.getstate","name":"getstate","type":{".class":"CallableType","arg_kinds":[0],"arg_names":["self"],"arg_types":["random.Random"],"bound_args":[],"def_extras":{"first_arg":"self"},"fallback":"builtins.function","from_concatenate":false,"implicit":false,"is_ellipsis_args":false,"name":"getstate of Random","ret_type":{".class":"Instance","args":[{".class":"AnyType","missing_import_name":null,"source_any":null,"type_of_any":2}],"type_ref":"builtins.tuple"},"type_guard":null,"unpack_kwargs":false,"variables":[]}}},"lognormvariate":{".class":"SymbolTableNode","kind":"Mdef","node":{".class":"FuncDef","abstract_status":0,"arg_kinds":[0,0,0],"arg_names":["self","mu","sigma"],"dataclass_transform_spec":null,"flags":[],"fullname":"random.Random.lognormvariate","name":"lognormvariate","type":{".class":"CallableType","arg_kinds":[0,0,0],"arg_names":["self","mu","sigma"],"arg_types":["random.Random","builtins.float","builtins.float"],"bound_args":[],"def_extras":{"first_arg":"self"},"fallback":"builtins.function","from_concatenate":false,"implicit":false,"is_ellipsis_args":false,"name":"lognormvariate of Random","ret_type":"builtins.float","type_guard":null,"unpack_kwargs":false,"variables":[]}}},"normalvariate":{".class":"SymbolTableNode","kind":"Mdef","node":{".class":"FuncDef","abstract_status":0,"arg_kinds":[0,1,1],"arg_names":["self","mu","sigma"],"dataclass_transform_spec":null,"flags":[],"fullname":"random.Random.normalvariate","name":"normalvariate","type":{".class":"CallableType","arg_kinds":[0,1,1],"arg_names":["self","mu","sigma"],"arg_types":["random.Random","builtins.float","builtins.float"],"bound_args":[],"def_extras":{"first_arg":"self"},"fallback":"builtins.function","from_concatenate":false,"implicit":false,"is_ellipsis_args":false,"name":"normalvariate of Random","ret_type":"builtins.float","type_guard":null,"unpack_kwargs":false,"variables":[]}}},"paretovariate":{".class":"SymbolTableNode","kind":"Mdef","node":{".class":"FuncDef","abstract_status":0,"arg_kinds":[0,0],"arg_names":["self","alpha"],"dataclass_transform_spec":null,"flags":[],"fullname":"random.Random.paretovariate","name":"paretovariate","type":{".class":"CallableType","arg_kinds":[0,0],"arg_names":["self","alpha"],"arg_types":["random.Random","builtins.float"],"bound_args":[],"def_extras":{"first_arg":"self"},"fallback":"builtins.function","from_concatenate":false,"implicit":false,"is_ellipsis_args":false,"name":"paretovariate of Random","ret_type":"builtins.float","type_guard":null,"unpack_kwargs":false,"variables":[]}}},"randbytes":{".class":"SymbolTableNode","kind":"Mdef","node":{".class":"FuncDef","abstract_status":0,"arg_kinds":[0,0],"arg_names":["self","n"],"dataclass_transform_spec":null,"flags":[],"fullname":"random.Random.randbytes","name":"randbytes","type":{".class":"CallableType","arg_kinds":[0,0],"arg_names":["self","n"],"arg_types":["random.Random","builtins.int"],"bound_args":[],"def_extras":{"first_arg":"self"},"fallback":"builtins.function","from_concatenate":false,"implicit":false,"is_ellipsis_args":false,"name":"randbytes of Random","ret_type":"builtins.bytes","type_guard":null,"unpack_kwargs":false,"variables":[]}}},"randint":{".class":"SymbolTableNode","kind":"Mdef","node":{".class":"FuncDef","abstract_status":0,"arg_kinds":[0,0,0],"arg_names":["self","a","b"],"dataclass_transform_spec":null,"flags":[],"fullname":"random.Random.randint","name":"randint","type":{".class":"CallableType","arg_kinds":[0,0,0],"arg_names":["self","a","b"],"arg_types":["random.Random","builtins.int","builtins.int"],"bound_args":[],"def_extras":{"first_arg":"self"},"fallback":"builtins.function","from_concatenate":false,"implicit":false,"is_ellipsis_args":false,"name":"randint of Random","ret_type":"builtins.int","type_guard":null,"unpack_kwargs":false,"variables":[]}}},"randrange":{".class":"SymbolTableNode","kind":"Mdef","node":{".class":"FuncDef","abstract_status":0,"arg_kinds":[0,0,1,1],"arg_names":["self","start","stop","step"],"dataclass_transform_spec":null,"flags":[],"fullname":"random.Random.randrange","name":"randrange","type":{".class":"CallableType","arg_kinds":[0,0,1,1],"arg_names":["self","start","stop","step"],"arg_types":["random.Random","builtins.int",{".class":"UnionType","items":["builtins.int",{".class":"NoneType"}]},"builtins.int"],"bound_args":[],"def_extras":{"first_arg":"self"},"fallback":"builtins.function","from_concatenate":false,"implicit":false,"is_ellipsis_args":false,"name":"randrange of Random","ret_type":"builtins.int","type_guard":null,"unpack_kwargs":false,"variables":[]}}},"sample":{".class":"SymbolTableNode","kind":"Mdef","node":{".class":"FuncDef","abstract_status":0,"arg_kinds":[0,0,0,5],"arg_names":["self","population","k","counts"],"dataclass_transform_spec":null,"flags":[],"fullname":"random.Random.sample","name":"sample","type":{".class":"CallableType","arg_kinds":[0,0,0,5],"arg_names":["self","population","k","counts"],"arg_types":["random.Random",{".class":"Instance","args":[{".class":"TypeVarType","fullname":"random._T","id":-1,"name":"_T","namespace":"","upper_bound":"builtins.object","values":[],"variance":0}],"type_ref":"typing.Sequence"},"builtins.int",{".class":"UnionType","items":[{".class":"Instance","args":["builtins.int"],"type_ref":"typing.Iterable"},{".class":"NoneType"}]}],"bound_args":[],"def_extras":{"first_arg":"self"},"fallback":"builtins.function","from_concatenate":false,"implicit":false,"is_ellipsis_args":false,"name":"sample of Random","ret_type":{".class":"Instance","args":[{".class":"TypeVarType","fullname":"random._T","id":-1,"name":"_T","namespace":"","upper_bound":"builtins.object","values":[],"variance":0}],"type_ref":"builtins.list"},"type_guard":null,"unpack_kwargs":false,"variables":[{".class":"TypeVarType","fullname":"random._T","id":-1,"name":"_T","namespace":"","upper_bound":"builtins.object","values":[],"variance":0}]}}},"seed":{".class":"SymbolTableNode","kind":"Mdef","node":{".class":"FuncDef","abstract_status":0,"arg_kinds":[0,1,1],"arg_names":["self","a","version"],"dataclass_transform_spec":null,"flags":[],"fullname":"random.Random.seed","name":"seed","type":{".class":"CallableType","arg_kinds":[0,1,1],"arg_names":["self","a","version"],"arg_types":["random.Random",{".class":"UnionType","items":["builtins.int","builtins.float","builtins.str","builtins.bytes","builtins.bytearray",{".class":"NoneType"}]},"builtins.int"],"bound_args":[],"def_extras":{"first_arg":"self"},"fallback":"builtins.function","from_concatenate":false,"implicit":false,"is_ellipsis_args":false,"name":"seed of Random","ret_type":{".class":"NoneType"},"type_guard":null,"unpack_kwargs":false,"variables":[]}}},"setstate":{".class":"SymbolTableNode","kind":"Mdef","node":{".class":"FuncDef","abstract_status":0,"arg_kinds":[0,0],"arg_names":["self","state"],"dataclass_transform_spec":null,"flags":[],"fullname":"random.Random.setstate","name":"setstate","type":{".class":"CallableType","arg_kinds":[0,0],"arg_names":["self","state"],"arg_types":["random.Random",{".class":"Instance","args":[{".class":"AnyType","missing_import_name":null,"source_any":null,"type_of_any":2}],"type_ref":"builtins.tuple"}],"bound_args":[],"def_extras":{"first_arg":"self"},"fallback":"builtins.function","from_concatenate":false,"implicit":false,"is_ellipsis_args":false,"name":"setstate of Random","ret_type":{".class":"NoneType"},"type_guard":null,"unpack_kwargs":false,"variables":[]}}},"shuffle":{".class":"SymbolTableNode","kind":"Mdef","node":{".class":"FuncDef","abstract_status":0,"arg_kinds":[0,0],"arg_names":["self","x"],"dataclass_transform_spec":null,"flags":[],"fullname":"random.Random.shuffle","name":"shuffle","type":{".class":"CallableType","arg_kinds":[0,0],"arg_names":["self","x"],"arg_types":["random.Random",{".class":"Instance","args":[{".class":"AnyType","missing_import_name":null,"source_any":null,"type_of_any":2}],"type_ref":"typing.MutableSequence"}],"bound_args":[],"def_extras":{"first_arg":"self"},"fallback":"builtins.function","from_concatenate":false,"implicit":false,"is_ellipsis_args":false,"name":"shuffle of Random","ret_type":{".class":"NoneType"},"type_guard":null,"unpack_kwargs":false,"variables":[]}}},"triangular":{".class":"SymbolTableNode","kind":"Mdef","node":{".class":"FuncDef","abstract_status":0,"arg_kinds":[0,1,1,1],"arg_names":["self","low","high","mode"],"dataclass_transform_spec":null,"flags":[],"fullname":"random.Random.triangular","name":"triangular","type":{".class":"CallableType","arg_kinds":[0,1,1,1],"arg_names":["self","low","high","mode"],"arg_types":["random.Random","builtins.float","builtins.float",{".class":"UnionType","items":["builtins.float",{".class":"NoneType"}]}],"bound_args":[],"def_extras":{"first_arg":"self"},"fallback":"builtins.function","from_concatenate":false,"implicit":false,"is_ellipsis_args":false,"name":"triangular of Random","ret_type":"builtins.float","type_guard":null,"unpack_kwargs":false,"variables":[]}}},"uniform":{".class":"SymbolTableNode","kind":"Mdef","node":{".class":"FuncDef","abstract_status":0,"arg_kinds":[0,0,0],"arg_names":["self","a","b"],"dataclass_transform_spec":null,"flags":[],"fullname":"random.Random.uniform","name":"uniform","type":{".class":"CallableType","arg_kinds":[0,0,0],"arg_names":["self","a","b"],"arg_types":["random.Random","builtins.float","builtins.float"],"bound_args":[],"def_extras":{"first_arg":"self"},"fallback":"builtins.function","from_concatenate":false,"implicit":false,"is_ellipsis_args":false,"name":"uniform of Random","ret_type":"builtins.float","type_guard":null,"unpack_kwargs":false,"variables":[]}}},"vonmisesvariate":{".class":"SymbolTableNode","kind":"Mdef","node":{".class":"FuncDef","abstract_status":0,"arg_kinds":[0,0,0],"arg_names":["self","mu","kappa"],"dataclass_transform_spec":null,"flags":[],"fullname":"random.Random.vonmisesvariate","name":"vonmisesvariate","type":{".class":"CallableType","arg_kinds":[0,0,0],"arg_names":["self","mu","kappa"],"arg_types":["random.Random","builtins.float","builtins.float"],"bound_args":[],"def_extras":{"first_arg":"self"},"fallback":"builtins.function","from_concatenate":false,"implicit":false,"is_ellipsis_args":false,"name":"vonmisesvariate of Random","ret_type":"builtins.float","type_guard":null,"unpack_kwargs":false,"variables":[]}}},"weibullvariate":{".class":"SymbolTableNode","kind":"Mdef","node":{".class":"FuncDef","abstract_status":0,"arg_kinds":[0,0,0],"arg_names":["self","alpha","beta"],"dataclass_transform_spec":null,"flags":[],"fullname":"random.Random.weibullvariate","name":"weibullvariate","type":{".class":"CallableType","arg_kinds":[0,0,0],"arg_names":["self","alpha","beta"],"arg_types":["random.Random","builtins.float","builtins.float"],"bound_args":[],"def_extras":{"first_arg":"self"},"fallback":"builtins.function","from_concatenate":false,"implicit":false,"is_ellipsis_args":false,"name":"weibullvariate of Random","ret_type":"builtins.float","type_guard":null,"unpack_kwargs":false,"variables":[]}}}},"self_type":null,"slots":null,"tuple_type":null,"type_vars":[],"typeddict_type":null}},"Sequence":{".class":"SymbolTableNode","cross_ref":"typing.Sequence","kind":"Gdef","module_hidden":true,"module_public":false},"SupportsLenAndGetItem":{".class":"SymbolTableNode","cross_ref":"_typeshed.SupportsLenAndGetItem","kind":"Gdef","module_hidden":true,"module_public":false},"SystemRandom":{".class":"SymbolTableNode","kind":"Gdef","node":{".class":"TypeInfo","_promote":[],"abstract_attributes":[],"alt_promote":null,"bases":["random.Random"],"dataclass_transform_spec":null,"declared_metaclass":null,"defn":{".class":"ClassDef","fullname":"random.SystemRandom","name":"SystemRandom","type_vars":[]},"deletable_attributes":[],"flags":[],"fullname":"random.SystemRandom","has_param_spec_type":false,"metaclass_type":null,"metadata":{},"module_name":"random","mro":["random.SystemRandom","random.Random","_random.Random","builtins.object"],"names":{".class":"SymbolTable","getrandbits":{".class":"SymbolTableNode","kind":"Mdef","node":{".class":"FuncDef","abstract_status":0,"arg_kinds":[0,0],"arg_names":["self","k"],"dataclass_transform_spec":null,"flags":[],"fullname":"random.SystemRandom.getrandbits","name":"getrandbits","type":{".class":"CallableType","arg_kinds":[0,0],"arg_names":["self","k"],"arg_types":["random.SystemRandom","builtins.int"],"bound_args":[],"def_extras":{"first_arg":"self"},"fallback":"builtins.function","from_concatenate":false,"implicit":false,"is_ellipsis_args":false,"name":"getrandbits of SystemRandom","ret_type":"builtins.int","type_guard":null,"unpack_kwargs":false,"variables":[]}}},"getstate":{".class":"SymbolTableNode","kind":"Mdef","node":{".class":"FuncDef","abstract_status":0,"arg_kinds":[0,2,4],"arg_names":["self","args","kwds"],"dataclass_transform_spec":null,"flags":[],"fullname":"random.SystemRandom.getstate","name":"getstate","type":{".class":"CallableType","arg_kinds":[0,2,4],"arg_names":["self","args","kwds"],"arg_types":["random.SystemRandom",{".class":"AnyType","missing_import_name":null,"source_any":null,"type_of_any":2},{".class":"AnyType","missing_import_name":null,"source_any":null,"type_of_any":2}],"bound_args":[],"def_extras":{"first_arg":"self"},"fallback":"builtins.function","from_concatenate":false,"implicit":false,"is_ellipsis_args":false,"name":"getstate of SystemRandom","ret_type":{".class":"UninhabitedType","is_noreturn":true},"type_guard":null,"unpack_kwargs":false,"variables":[]}}},"setstate":{".class":"SymbolTableNode","kind":"Mdef","node":{".class":"FuncDef","abstract_status":0,"arg_kinds":[0,2,4],"arg_names":["self","args","kwds"],"dataclass_transform_spec":null,"flags":[],"fullname":"random.SystemRandom.setstate","name":"setstate","type":{".class":"CallableType","arg_kinds":[0,2,4],"arg_names":["self","args","kwds"],"arg_types":["random.SystemRandom",{".class":"AnyType","missing_import_name":null,"source_any":null,"type_of_any":2},{".class":"AnyType","missing_import_name":null,"source_any":null,"type_of_any":2}],"bound_args":[],"def_extras":{"first_arg":"self"},"fallback":"builtins.function","from_concatenate":false,"implicit":false,"is_ellipsis_args":false,"name":"setstate of SystemRandom","ret_type":{".class":"UninhabitedType","is_noreturn":true},"type_guard":null,"unpack_kwargs":false,"variables":[]}}}},"self_type":null,"slots":null,"tuple_type":null,"type_vars":[],"typeddict_type":null}},"TypeVar":{".class":"SymbolTableNode","cross_ref":"typing.TypeVar","kind":"Gdef","module_hidden":true,"module_public":false},"_T":{".class":"SymbolTableNode","kind":"Gdef","module_public":false,"node":{".class":"TypeVarExpr","fullname":"random._T","name":"_T","upper_bound":"builtins.object","values":[],"variance":0}},"__all__":{".class":"SymbolTableNode","kind":"Gdef","module_public":false,"node":{".class":"Var","flags":["is_inferred","has_explicit_value"],"fullname":"random.__all__","name":"__all__","type":{".class":"Instance","args":["builtins.str"],"type_ref":"builtins.list"}}},"__annotations__":{".class":"SymbolTableNode","kind":"Gdef","module_public":false,"node":{".class":"Var","flags":["is_ready"],"fullname":"random.__annotations__","name":"__annotations__","type":{".class":"Instance","args":["builtins.str",{".class":"AnyType","missing_import_name":null,"source_any":null,"type_of_any":6}],"type_ref":"builtins.dict"}}},"__doc__":{".class":"SymbolTableNode","kind":"Gdef","module_public":false,"node":{".class":"Var","flags":["is_ready"],"fullname":"random.__doc__","name":"__doc__","type":"builtins.str"}},"__file__":{".class":"SymbolTableNode","kind":"Gdef","module_public":false,"node":{".class":"Var","flags":["is_ready"],"fullname":"random.__file__","name":"__file__","type":"builtins.str"}},"__name__":{".class":"SymbolTableNode","kind":"Gdef","module_public":false,"node":{".class":"Var","flags":["is_ready"],"fullname":"random.__name__","name":"__name__","type":"builtins.str"}},"__package__":{".class":"SymbolTableNode","kind":"Gdef","module_public":false,"node":{".class":"Var","flags":["is_ready"],"fullname":"random.__package__","name":"__package__","type":"builtins.str"}},"_inst":{".class":"SymbolTableNode","kind":"Gdef","module_public":false,"node":{".class":"Var","flags":["is_ready"],"fullname":"random._inst","name":"_inst","type":"random.Random"}},"_random":{".class":"SymbolTableNode","cross_ref":"_random","kind":"Gdef","module_hidden":true,"module_public":false},"betavariate":{".class":"SymbolTableNode","kind":"Gdef","node":{".class":"Var","flags":["is_inferred","has_explicit_value"],"fullname":"random.betavariate","name":"betavariate","type":{".class":"CallableType","arg_kinds":[0,0],"arg_names":["alpha","beta"],"arg_types":["builtins.float","builtins.float"],"bound_args":["random.Random"],"def_extras":{"first_arg":"self"},"fallback":"builtins.function","from_concatenate":false,"implicit":false,"is_ellipsis_args":false,"name":null,"ret_type":"builtins.float","type_guard":null,"unpack_kwargs":false,"variables":[]}}},"choice":{".class":"SymbolTableNode","kind":"Gdef","node":{".class":"Var","flags":["is_inferred","has_explicit_value"],"fullname":"random.choice","name":"choice","type":{".class":"CallableType","arg_kinds":[0],"arg_names":["seq"],"arg_types":[{".class":"Instance","args":[{".class":"TypeVarType","fullname":"random._T","id":4216,"name":"_T","namespace":"","upper_bound":"builtins.object","values":[],"variance":0}],"type_ref":"_typeshed.SupportsLenAndGetItem"}],"bound_args":["random.Random"],"def_extras":{"first_arg":"self"},"fallback":"builtins.function","from_concatenate":false,"implicit":false,"is_ellipsis_args":false,"name":null,"ret_type":{".class":"TypeVarType","fullname":"random._T","id":4216,"name":"_T","namespace":"","upper_bound":"builtins.object","values":[],"variance":0},"type_guard":null,"unpack_kwargs":false,"variables":[{".class":"TypeVarType","fullname":"random._T","id":4216,"name":"_T","namespace":"","upper_bound":"builtins.object","values":[],"variance":0}]}}},"choices":{".class":"SymbolTableNode","kind":"Gdef","node":{".class":"Var","flags":["is_inferred","has_explicit_value"],"fullname":"random.choices","name":"choices","type":{".class":"CallableType","arg_kinds":[0,1,5,5],"arg_names":["population","weights","cum_weights","k"],"arg_types":[{".class":"Instance","args":[{".class":"TypeVarType","fullname":"random._T","id":4218,"name":"_T","namespace":"","upper_bound":"builtins.object","values":[],"variance":0}],"type_ref":"_typeshed.SupportsLenAndGetItem"},{".class":"UnionType","items":[{".class":"Instance","args":[{".class":"UnionType","items":["builtins.float","fractions.Fraction"]}],"type_ref":"typing.Sequence"},{".class":"NoneType"}]},{".class":"UnionType","items":[{".class":"Instance","args":[{".class":"UnionType","items":["builtins.float","fractions.Fraction"]}],"type_ref":"typing.Sequence"},{".class":"NoneType"}]},"builtins.int"],"bound_args":["random.Random"],"def_extras":{"first_arg":"self"},"fallback":"builtins.function","from_concatenate":false,"implicit":false,"is_ellipsis_args":false,"name":null,"ret_type":{".class":"Instance","args":[{".class":"TypeVarType","fullname":"random._T","id":4218,"name":"_T","namespace":"","upper_bound":"builtins.object","values":[],"variance":0}],"type_ref":"builtins.list"},"type_guard":null,"unpack_kwargs":false,"variables":[{".class":"TypeVarType","fullname":"random._T","id":4218,"name":"_T","namespace":"","upper_bound":"builtins.object","values":[],"variance":0}]}}},"expovariate":{".class":"SymbolTableNode","kind":"Gdef","node":{".class":"Var","flags":["is_inferred","has_explicit_value"],"fullname":"random.expovariate","name":"expovariate","type":{".class":"CallableType","arg_kinds":[0],"arg_names":["lambd"],"arg_types":["builtins.float"],"bound_args":["random.Random"],"def_extras":{"first_arg":"self"},"fallback":"builtins.function","from_concatenate":false,"implicit":false,"is_ellipsis_args":false,"name":null,"ret_type":"builtins.float","type_guard":null,"unpack_kwargs":false,"variables":[]}}},"gammavariate":{".class":"SymbolTableNode","kind":"Gdef","node":{".class":"Var","flags":["is_inferred","has_explicit_value"],"fullname":"random.gammavariate","name":"gammavariate","type":{".class":"CallableType","arg_kinds":[0,0],"arg_names":["alpha","beta"],"arg_types":["builtins.float","builtins.float"],"bound_args":["random.Random"],"def_extras":{"first_arg":"self"},"fallback":"builtins.function","from_concatenate":false,"implicit":false,"is_ellipsis_args":false,"name":null,"ret_type":"builtins.float","type_guard":null,"unpack_kwargs":false,"variables":[]}}},"gauss":{".class":"SymbolTableNode","kind":"Gdef","node":{".class":"Var","flags":["is_inferred","has_explicit_value"],"fullname":"random.gauss","name":"gauss","type":{".class":"CallableType","arg_kinds":[1,1],"arg_names":["mu","sigma"],"arg_types":["builtins.float","builtins.float"],"bound_args":["random.Random"],"def_extras":{"first_arg":"self"},"fallback":"builtins.function","from_concatenate":false,"implicit":false,"is_ellipsis_args":false,"name":null,"ret_type":"builtins.float","type_guard":null,"unpack_kwargs":false,"variables":[]}}},"getrandbits":{".class":"SymbolTableNode","kind":"Gdef","node":{".class":"Var","flags":["is_inferred","has_explicit_value"],"fullname":"random.getrandbits","name":"getrandbits","type":{".class":"CallableType","arg_kinds":[0],"arg_names":[null],"arg_types":["builtins.int"],"bound_args":["random.Random"],"def_extras":{"first_arg":"self"},"fallback":"builtins.function","from_concatenate":false,"implicit":false,"is_ellipsis_args":false,"name":null,"ret_type":"builtins.int","type_guard":null,"unpack_kwargs":false,"variables":[]}}},"getstate":{".class":"SymbolTableNode","kind":"Gdef","node":{".class":"Var","flags":["is_inferred","has_explicit_value"],"fullname":"random.getstate","name":"getstate","type":{".class":"CallableType","arg_kinds":[],"arg_names":[],"arg_types":[],"bound_args":["random.Random"],"def_extras":{"first_arg":"self"},"fallback":"builtins.function","from_concatenate":false,"implicit":false,"is_ellipsis_args":false,"name":null,"ret_type":{".class":"Instance","args":[{".class":"AnyType","missing_import_name":null,"source_any":null,"type_of_any":2}],"type_ref":"builtins.tuple"},"type_guard":null,"unpack_kwargs":false,"variables":[]}}},"lognormvariate":{".class":"SymbolTableNode","kind":"Gdef","node":{".class":"Var","flags":["is_inferred","has_explicit_value"],"fullname":"random.lognormvariate","name":"lognormvariate","type":{".class":"CallableType","arg_kinds":[0,0],"arg_names":["mu","sigma"],"arg_types":["builtins.float","builtins.float"],"bound_args":["random.Random"],"def_extras":{"first_arg":"self"},"fallback":"builtins.function","from_concatenate":false,"implicit":false,"is_ellipsis_args":false,"name":null,"ret_type":"builtins.float","type_guard":null,"unpack_kwargs":false,"variables":[]}}},"normalvariate":{".class":"SymbolTableNode","kind":"Gdef","node":{".class":"Var","flags":["is_inferred","has_explicit_value"],"fullname":"random.normalvariate","name":"normalvariate","type":{".class":"CallableType","arg_kinds":[1,1],"arg_names":["mu","sigma"],"arg_types":["builtins.float","builtins.float"],"bound_args":["random.Random"],"def_extras":{"first_arg":"self"},"fallback":"builtins.function","from_concatenate":false,"implicit":false,"is_ellipsis_args":false,"name":null,"ret_type":"builtins.float","type_guard":null,"unpack_kwargs":false,"variables":[]}}},"paretovariate":{".class":"SymbolTableNode","kind":"Gdef","node":{".class":"Var","flags":["is_inferred","has_explicit_value"],"fullname":"random.paretovariate","name":"paretovariate","type":{".class":"CallableType","arg_kinds":[0],"arg_names":["alpha"],"arg_types":["builtins.float"],"bound_args":["random.Random"],"def_extras":{"first_arg":"self"},"fallback":"builtins.function","from_concatenate":false,"implicit":false,"is_ellipsis_args":false,"name":null,"ret_type":"builtins.float","type_guard":null,"unpack_kwargs":false,"variables":[]}}},"randbytes":{".class":"SymbolTableNode","kind":"Gdef","node":{".class":"Var","flags":["is_inferred","has_explicit_value"],"fullname":"random.randbytes","name":"randbytes","type":{".class":"CallableType","arg_kinds":[0],"arg_names":["n"],"arg_types":["builtins.int"],"bound_args":["random.Random"],"def_extras":{"first_arg":"self"},"fallback":"builtins.function","from_concatenate":false,"implicit":false,"is_ellipsis_args":false,"name":null,"ret_type":"builtins.bytes","type_guard":null,"unpack_kwargs":false,"variables":[]}}},"randint":{".class":"SymbolTableNode","kind":"Gdef","node":{".class":"Var","flags":["is_inferred","has_explicit_value"],"fullname":"random.randint","name":"randint","type":{".class":"CallableType","arg_kinds":[0,0],"arg_names":["a","b"],"arg_types":["builtins.int","builtins.int"],"bound_args":["random.Random"],"def_extras":{"first_arg":"self"},"fallback":"builtins.function","from_concatenate":false,"implicit":false,"is_ellipsis_args":false,"name":null,"ret_type":"builtins.int","type_guard":null,"unpack_kwargs":false,"variables":[]}}},"random":{".class":"SymbolTableNode","kind":"Gdef","node":{".class":"Var","flags":["is_inferred","has_explicit_value"],"fullname":"random.random","name":"random","type":{".class":"CallableType","arg_kinds":[],"arg_names":[],"arg_types":[],"bound_args":["random.Random"],"def_extras":{"first_arg":"self"},"fallback":"builtins.function","from_concatenate":false,"implicit":false,"is_ellipsis_args":false,"name":null,"ret_type":"builtins.float","type_guard":null,"unpack_kwargs":false,"variables":[]}}},"randrange":{".class":"SymbolTableNode","kind":"Gdef","node":{".class":"Var","flags":["is_inferred","has_explicit_value"],"fullname":"random.randrange","name":"randrange","type":{".class":"CallableType","arg_kinds":[0,1,1],"arg_names":["start","stop","step"],"arg_types":["builtins.int",{".class":"UnionType","items":["builtins.int",{".class":"NoneType"}]},"builtins.int"],"bound_args":["random.Random"],"def_extras":{"first_arg":"self"},"fallback":"builtins.function","from_concatenate":false,"implicit":false,"is_ellipsis_args":false,"name":null,"ret_type":"builtins.int","type_guard":null,"unpack_kwargs":false,"variables":[]}}},"sample":{".class":"SymbolTableNode","kind":"Gdef","node":{".class":"Var","flags":["is_inferred","has_explicit_value"],"fullname":"random.sample","name":"sample","type":{".class":"CallableType","arg_kinds":[0,0,5],"arg_names":["population","k","counts"],"arg_types":[{".class":"Instance","args":[{".class":"TypeVarType","fullname":"random._T","id":4217,"name":"_T","namespace":"","upper_bound":"builtins.object","values":[],"variance":0}],"type_ref":"typing.Sequence"},"builtins.int",{".class":"UnionType","items":[{".class":"Instance","args":["builtins.int"],"type_ref":"typing.Iterable"},{".class":"NoneType"}]}],"bound_args":["random.Random"],"def_extras":{"first_arg":"self"},"fallback":"builtins.function","from_concatenate":false,"implicit":false,"is_ellipsis_args":false,"name":null,"ret_type":{".class":"Instance","args":[{".class":"TypeVarType","fullname":"random._T","id":4217,"name":"_T","namespace":"","upper_bound":"builtins.object","values":[],"variance":0}],"type_ref":"builtins.list"},"type_guard":null,"unpack_kwargs":false,"variables":[{".class":"TypeVarType","fullname":"random._T","id":4217,"name":"_T","namespace":"","upper_bound":"builtins.object","values":[],"variance":0}]}}},"seed":{".class":"SymbolTableNode","kind":"Gdef","node":{".class":"Var","flags":["is_inferred","has_explicit_value"],"fullname":"random.seed","name":"seed","type":{".class":"CallableType","arg_kinds":[1,1],"arg_names":["a","version"],"arg_types":[{".class":"UnionType","items":["builtins.int","builtins.float","builtins.str","builtins.bytes","builtins.bytearray",{".class":"NoneType"}]},"builtins.int"],"bound_args":["random.Random"],"def_extras":{"first_arg":"self"},"fallback":"builtins.function","from_concatenate":false,"implicit":false,"is_ellipsis_args":false,"name":null,"ret_type":{".class":"NoneType"},"type_guard":null,"unpack_kwargs":false,"variables":[]}}},"setstate":{".class":"SymbolTableNode","kind":"Gdef","node":{".class":"Var","flags":["is_inferred","has_explicit_value"],"fullname":"random.setstate","name":"setstate","type":{".class":"CallableType","arg_kinds":[0],"arg_names":["state"],"arg_types":[{".class":"Instance","args":[{".class":"AnyType","missing_import_name":null,"source_any":null,"type_of_any":2}],"type_ref":"builtins.tuple"}],"bound_args":["random.Random"],"def_extras":{"first_arg":"self"},"fallback":"builtins.function","from_concatenate":false,"implicit":false,"is_ellipsis_args":false,"name":null,"ret_type":{".class":"NoneType"},"type_guard":null,"unpack_kwargs":false,"variables":[]}}},"shuffle":{".class":"SymbolTableNode","kind":"Gdef","node":{".class":"Var","flags":["is_inferred","has_explicit_value"],"fullname":"random.shuffle","name":"shuffle","type":{".class":"CallableType","arg_kinds":[0],"arg_names":["x"],"arg_types":[{".class":"Instance","args":[{".class":"AnyType","missing_import_name":null,"source_any":null,"type_of_any":2}],"type_ref":"typing.MutableSequence"}],"bound_args":["random.Random"],"def_extras":{"first_arg":"self"},"fallback":"builtins.function","from_concatenate":false,"implicit":false,"is_ellipsis_args":false,"name":null,"ret_type":{".class":"NoneType"},"type_guard":null,"unpack_kwargs":false,"variables":[]}}},"sys":{".class":"SymbolTableNode","cross_ref":"sys","kind":"Gdef","module_hidden":true,"module_public":false},"triangular":{".class":"SymbolTableNode","kind":"Gdef","node":{".class":"Var","flags":["is_inferred","has_explicit_value"],"fullname":"random.triangular","name":"triangular","type":{".class":"CallableType","arg_kinds":[1,1,1],"arg_names":["low","high","mode"],"arg_types":["builtins.float","builtins.float",{".class":"UnionType","items":["builtins.float",{".class":"NoneType"}]}],"bound_args":["random.Random"],"def_extras":{"first_arg":"self"},"fallback":"builtins.function","from_concatenate":false,"implicit":false,"is_ellipsis_args":false,"name":null,"ret_type":"builtins.float","type_guard":null,"unpack_kwargs":false,"variables":[]}}},"uniform":{".class":"SymbolTableNode","kind":"Gdef","node":{".class":"Var","flags":["is_inferred","has_explicit_value"],"fullname":"random.uniform","name":"uniform","type":{".class":"CallableType","arg_kinds":[0,0],"arg_names":["a","b"],"arg_types":["builtins.float","builtins.float"],"bound_args":["random.Random"],"def_extras":{"first_arg":"self"},"fallback":"builtins.function","from_concatenate":false,"implicit":false,"is_ellipsis_args":false,"name":null,"ret_type":"builtins.float","type_guard":null,"unpack_kwargs":false,"variables":[]}}},"vonmisesvariate":{".class":"SymbolTableNode","kind":"Gdef","node":{".class":"Var","flags":["is_inferred","has_explicit_value"],"fullname":"random.vonmisesvariate","name":"vonmisesvariate","type":{".class":"CallableType","arg_kinds":[0,0],"arg_names":["mu","kappa"],"arg_types":["builtins.float","builtins.float"],"bound_args":["random.Random"],"def_extras":{"first_arg":"self"},"fallback":"builtins.function","from_concatenate":false,"implicit":false,"is_ellipsis_args":false,"name":null,"ret_type":"builtins.float","type_guard":null,"unpack_kwargs":false,"variables":[]}}},"weibullvariate":{".class":"SymbolTableNode","kind":"Gdef","node":{".class":"Var","flags":["is_inferred","has_explicit_value"],"fullname":"random.weibullvariate","name":"weibullvariate","type":{".class":"CallableType","arg_kinds":[0,0],"arg_names":["alpha","beta"],"arg_types":["builtins.float","builtins.float"],"bound_args":["random.Random"],"def_extras":{"first_arg":"self"},"fallback":"builtins.function","from_concatenate":false,"implicit":false,"is_ellipsis_args":false,"name":null,"ret_type":"builtins.float","type_guard":null,"unpack_kwargs":false,"variables":[]}}}},"path":"C:\\Users\\Vasilis\\AppData\\Local\\Programs\\Python\\Python313\\Lib\\site-packages\\mypy\\typeshed\\stdlib\\random.pyi"}