{"data_mtime":1762095533,"dep_lines":[4,1,2,3,5,6,1,1,1],"dep_prios":[5,10,10,5,5,5,5,30,30],"dependencies":["collections.abc","_random","sys","_typeshed","fractions","typing","builtins","abc","numbers"],"hash":"cd0376273b30c0297134c77768237d572ecd19d309a415d628265d2a817b39e8","id":"random","ignore_all":true,"interface_hash":"ac7cd497a847f58c58e4561f3252dbe6d1617296aeb7a5a1e647886f6dd68d04","mtime":1762095443,"options":{"allow_redefinition":false,"allow_untyped_globals":false,"always_false":[],"always_true":[],"bazel":false,"check_untyped_defs":false,"disable_bytearray_promotion":false,"disable_error_code":[],"disable_memoryview_promotion":false,"disabled_error_codes":[],"disallow_any_decorated":false,"disallow_any_explicit":false,"disallow_any_expr":false,"disallow_any_generics":false,"disallow_any_unimported":false,"disallow_incomplete_defs":false,"disallow_subclassing_any":false,"disallow_untyped_calls":false,"disallow_untyped_decorators":false,"disallow_untyped_defs":false,"enable_error_code":[],"enabled_error_codes":[],"follow_imports":"silent","follow_imports_for_stubs":false,"ignore_errors":false,"ignore_missing_imports":true,"implicit_optional":true,"implicit_reexport":true,"local_partial_types":false,"mypyc":false,"platform":"win32","plugins":[],"strict_concatenate":false,"strict_equality":false,"strict_optional":true,"warn_no_return":true,"warn_return_any":false,"warn_unreachable":false,"warn_unused_ignores":false},"path":"C:\\Users\\Vasilis\\AppData\\Local\\Programs\\Python\\Python313\\Lib\\site-packages\\mypy\\typeshed\\stdlib\\random.pyi","plugin_data":null,"size":4643,"suppressed":[],"version_id":"1.3.0"}