{"data_mtime":1762095518,"dep_lines":[5,1,2,3,4,6,7,8,11,1,1,1,1,1,1],"dep_prios":[5,10,10,10,5,5,5,5,5,5,30,30,30,30,30],"dependencies":["collections.abc","enum","sre_compile","sys","_typeshed","sre_constants","typing","typing_extensions","types","builtins","abc","array","ctypes","mmap","pickle"],"hash":"6628a0287263a0a91b274aea7dce328361b557f6249454c8f92f79af56500fbe","id":"re","ignore_all":true,"interface_hash":"9ff1a231ba9b70f2888686acf2559140b2a080a51f7354a318fc7c843bf45639","mtime":1762095443,"options":{"allow_redefinition":false,"allow_untyped_globals":false,"always_false":[],"always_true":[],"bazel":false,"check_untyped_defs":false,"disable_bytearray_promotion":false,"disable_error_code":[],"disable_memoryview_promotion":false,"disabled_error_codes":[],"disallow_any_decorated":false,"disallow_any_explicit":false,"disallow_any_expr":false,"disallow_any_generics":false,"disallow_any_unimported":false,"disallow_incomplete_defs":false,"disallow_subclassing_any":false,"disallow_untyped_calls":false,"disallow_untyped_decorators":false,"disallow_untyped_defs":false,"enable_error_code":[],"enabled_error_codes":[],"follow_imports":"silent","follow_imports_for_stubs":false,"ignore_errors":false,"ignore_missing_imports":true,"implicit_optional":true,"implicit_reexport":true,"local_partial_types":false,"mypyc":false,"platform":"win32","plugins":[],"strict_concatenate":false,"strict_equality":false,"strict_optional":true,"warn_no_return":true,"warn_return_any":false,"warn_unreachable":false,"warn_unused_ignores":false},"path":"C:\\Users\\Vasilis\\AppData\\Local\\Programs\\Python\\Python313\\Lib\\site-packages\\mypy\\typeshed\\stdlib\\re.pyi","plugin_data":null,"size":11135,"suppressed":[],"version_id":"1.3.0"}