{".class":"MypyFile","_fullname":"release","future_import_flags":["annotations"],"is_partial_stub_package":false,"is_stub":false,"names":{".class":"SymbolTable","BACKEND_CONFIG":{".class":"SymbolTableNode","kind":"Gdef","node":{".class":"Var","flags":["is_ready","is_inferred","has_explicit_value"],"fullname":"release.BACKEND_CONFIG","name":"BACKEND_CONFIG","setter_type":null,"type":"pathlib.Path"}},"BACKEND_MAIN":{".class":"SymbolTableNode","kind":"Gdef","node":{".class":"Var","flags":["is_ready","is_inferred","has_explicit_value"],"fullname":"release.BACKEND_MAIN","name":"BACKEND_MAIN","setter_type":null,"type":"pathlib.Path"}},"PROJECT_ROOT":{".class":"SymbolTableNode","kind":"Gdef","node":{".class":"Var","flags":["is_ready","is_inferred","has_explicit_value"],"fullname":"release.PROJECT_ROOT","name":"PROJECT_ROOT","setter_type":null,"type":"pathlib.Path"}},"Path":{".class":"SymbolTableNode","cross_ref":"pathlib.Path","kind":"Gdef"},"Tuple":{".class":"SymbolTableNode","cross_ref":"typing.Tuple","kind":"Gdef"},"VERSION_REGEXES":{".class":"SymbolTableNode","kind":"Gdef","node":{".class":"Var","flags":["is_ready","is_inferred","has_explicit_value"],"fullname":"release.VERSION_REGEXES","name":"VERSION_REGEXES","setter_type":null,"type":{".class":"Instance","args":[{".class":"TupleType","implicit":false,"items":["pathlib.Path",{".class":"Instance","args":["builtins.str"],"extra_attrs":null,"type_ref":"re.Pattern"}],"partial_fallback":{".class":"Instance","args":[{".class":"AnyType","missing_import_name":null,"source_any":null,"type_of_any":6}],"extra_attrs":null,"type_ref":"builtins.tuple"}}],"extra_attrs":null,"type_ref":"builtins.list"}}},"__annotations__":{".class":"SymbolTableNode","kind":"Gdef","node":{".class":"Var","flags":["is_ready"],"fullname":"release.__annotations__","name":"__annotations__","setter_type":null,"type":{".class":"Instance","args":["builtins.str",{".class":"AnyType","missing_import_name":null,"source_any":null,"type_of_any":6}],"extra_attrs":null,"type_ref":"builtins.dict"}}},"__doc__":{".class":"SymbolTableNode","kind":"Gdef","node":{".class":"Var","flags":["is_ready"],"fullname":"release.__doc__","name":"__doc__","setter_type":null,"type":"builtins.str"}},"__file__":{".class":"SymbolTableNode","kind":"Gdef","node":{".class":"Var","flags":["is_ready"],"fullname":"release.__file__","name":"__file__","setter_type":null,"type":"builtins.str"}},"__name__":{".class":"SymbolTableNode","kind":"Gdef","node":{".class":"Var","flags":["is_ready"],"fullname":"release.__name__","name":"__name__","setter_type":null,"type":"builtins.str"}},"__package__":{".class":"SymbolTableNode","kind":"Gdef","node":{".class":"Var","flags":["is_ready"],"fullname":"release.__package__","name":"__package__","setter_type":null,"type":"builtins.str"}},"__spec__":{".class":"SymbolTableNode","kind":"Gdef","node":{".class":"Var","flags":["is_ready"],"fullname":"release.__spec__","name":"__spec__","setter_type":null,"type":"_frozen_importlib.ModuleSpec"}},"annotations":{".class":"SymbolTableNode","cross_ref":"__future__.annotations","kind":"Gdef"},"argparse":{".class":"SymbolTableNode","cross_ref":"argparse","kind":"Gdef"},"bump_version":{".class":"SymbolTableNode","kind":"Gdef","node":{".class":"FuncDef","abstract_status":0,"arg_kinds":[0,0],"arg_names":["ver","level"],"dataclass_transform_spec":null,"deprecated":null,"flags":[],"fullname":"release.bump_version","name":"bump_version","original_first_arg":"ver","type":{".class":"CallableType","arg_kinds":[0,0],"arg_names":["ver","level"],"arg_types":["builtins.str","builtins.str"],"fallback":"builtins.function","from_concatenate":false,"implicit":false,"imprecise_arg_kinds":false,"is_bound":false,"is_ellipsis_args":false,"name":"bump_version","ret_type":"builtins.str","type_guard":null,"type_is":null,"unpack_kwargs":false,"variables":[]}}},"find_versions":{".class":"SymbolTableNode","kind":"Gdef","node":{".class":"FuncDef","abstract_status":0,"arg_kinds":[],"arg_names":[],"dataclass_transform_spec":null,"deprecated":null,"flags":[],"fullname":"release.find_versions","name":"find_versions","original_first_arg":null,"type":{".class":"CallableType","arg_kinds":[],"arg_names":[],"arg_types":[],"fallback":"builtins.function","from_concatenate":false,"implicit":false,"imprecise_arg_kinds":false,"is_bound":false,"is_ellipsis_args":false,"name":"find_versions","ret_type":{".class":"TupleType","implicit":false,"items":[{".class":"UnionType","items":["builtins.str",{".class":"NoneType"}],"uses_pep604_syntax":true},{".class":"Instance","args":["pathlib.Path","builtins.str"],"extra_attrs":null,"type_ref":"builtins.dict"}],"partial_fallback":{".class":"Instance","args":[{".class":"AnyType","missing_import_name":null,"source_any":null,"type_of_any":6}],"extra_attrs":null,"type_ref":"builtins.tuple"}},"type_guard":null,"type_is":null,"unpack_kwargs":false,"variables":[]}}},"git_available":{".class":"SymbolTableNode","kind":"Gdef","node":{".class":"FuncDef","abstract_status":0,"arg_kinds":[],"arg_names":[],"dataclass_transform_spec":null,"deprecated":null,"flags":[],"fullname":"release.git_available","name":"git_available","original_first_arg":null,"type":{".class":"CallableType","arg_kinds":[],"arg_names":[],"arg_types":[],"fallback":"builtins.function","from_concatenate":false,"implicit":false,"imprecise_arg_kinds":false,"is_bound":false,"is_ellipsis_args":false,"name":"git_available","ret_type":"builtins.bool","type_guard":null,"type_is":null,"unpack_kwargs":false,"variables":[]}}},"git_commit_and_tag":{".class":"SymbolTableNode","kind":"Gdef","node":{".class":"FuncDef","abstract_status":0,"arg_kinds":[0,0,0],"arg_names":["version","do_tag","push"],"dataclass_transform_spec":null,"deprecated":null,"flags":[],"fullname":"release.git_commit_and_tag","name":"git_commit_and_tag","original_first_arg":"version","type":{".class":"CallableType","arg_kinds":[0,0,0],"arg_names":["version","do_tag","push"],"arg_types":["builtins.str","builtins.bool","builtins.bool"],"fallback":"builtins.function","from_concatenate":false,"implicit":false,"imprecise_arg_kinds":false,"is_bound":false,"is_ellipsis_args":false,"name":"git_commit_and_tag","ret_type":{".class":"NoneType"},"type_guard":null,"type_is":null,"unpack_kwargs":false,"variables":[]}}},"in_git_repo":{".class":"SymbolTableNode","kind":"Gdef","node":{".class":"FuncDef","abstract_status":0,"arg_kinds":[],"arg_names":[],"dataclass_transform_spec":null,"deprecated":null,"flags":[],"fullname":"release.in_git_repo","name":"in_git_repo","original_first_arg":null,"type":{".class":"CallableType","arg_kinds":[],"arg_names":[],"arg_types":[],"fallback":"builtins.function","from_concatenate":false,"implicit":false,"imprecise_arg_kinds":false,"is_bound":false,"is_ellipsis_args":false,"name":"in_git_repo","ret_type":"builtins.bool","type_guard":null,"type_is":null,"unpack_kwargs":false,"variables":[]}}},"main":{".class":"SymbolTableNode","kind":"Gdef","node":{".class":"FuncDef","abstract_status":0,"arg_kinds":[],"arg_names":[],"dataclass_transform_spec":null,"deprecated":null,"flags":[],"fullname":"release.main","name":"main","original_first_arg":null,"type":{".class":"CallableType","arg_kinds":[],"arg_names":[],"arg_types":[],"fallback":"builtins.function","from_concatenate":false,"implicit":false,"imprecise_arg_kinds":false,"is_bound":false,"is_ellipsis_args":false,"name":"main","ret_type":"builtins.int","type_guard":null,"type_is":null,"unpack_kwargs":false,"variables":[]}}},"re":{".class":"SymbolTableNode","cross_ref":"re","kind":"Gdef"},"read_file_text":{".class":"SymbolTableNode","kind":"Gdef","node":{".class":"FuncDef","abstract_status":0,"arg_kinds":[0],"arg_names":["path"],"dataclass_transform_spec":null,"deprecated":null,"flags":[],"fullname":"release.read_file_text","name":"read_file_text","original_first_arg":"path","type":{".class":"CallableType","arg_kinds":[0],"arg_names":["path"],"arg_types":["pathlib.Path"],"fallback":"builtins.function","from_concatenate":false,"implicit":false,"imprecise_arg_kinds":false,"is_bound":false,"is_ellipsis_args":false,"name":"read_file_text","ret_type":"builtins.str","type_guard":null,"type_is":null,"unpack_kwargs":false,"variables":[]}}},"run":{".class":"SymbolTableNode","kind":"Gdef","node":{".class":"FuncDef","abstract_status":0,"arg_kinds":[0,1,1],"arg_names":["cmd","cwd","check"],"dataclass_transform_spec":null,"deprecated":null,"flags":[],"fullname":"release.run","name":"run","original_first_arg":"cmd","type":{".class":"CallableType","arg_kinds":[0,1,1],"arg_names":["cmd","cwd","check"],"arg_types":[{".class":"Instance","args":["builtins.str"],"extra_attrs":null,"type_ref":"builtins.list"},{".class":"UnionType","items":["pathlib.Path",{".class":"NoneType"}],"uses_pep604_syntax":true},"builtins.bool"],"fallback":"builtins.function","from_concatenate":false,"implicit":false,"imprecise_arg_kinds":false,"is_bound":false,"is_ellipsis_args":false,"name":"run","ret_type":{".class":"Instance","args":[{".class":"AnyType","missing_import_name":null,"source_any":null,"type_of_any":4}],"extra_attrs":null,"type_ref":"subprocess.CompletedProcess"},"type_guard":null,"type_is":null,"unpack_kwargs":false,"variables":[]}}},"subprocess":{".class":"SymbolTableNode","cross_ref":"subprocess","kind":"Gdef"},"sys":{".class":"SymbolTableNode","cross_ref":"sys","kind":"Gdef"},"update_versions":{".class":"SymbolTableNode","kind":"Gdef","node":{".class":"FuncDef","abstract_status":0,"arg_kinds":[0],"arg_names":["new_version"],"dataclass_transform_spec":null,"deprecated":null,"flags":[],"fullname":"release.update_versions","name":"update_versions","original_first_arg":"new_version","type":{".class":"CallableType","arg_kinds":[0],"arg_names":["new_version"],"arg_types":["builtins.str"],"fallback":"builtins.function","from_concatenate":false,"implicit":false,"imprecise_arg_kinds":false,"is_bound":false,"is_ellipsis_args":false,"name":"update_versions","ret_type":{".class":"Instance","args":["pathlib.Path"],"extra_attrs":null,"type_ref":"builtins.list"},"type_guard":null,"type_is":null,"unpack_kwargs":false,"variables":[]}}},"write_file_text":{".class":"SymbolTableNode","kind":"Gdef","node":{".class":"FuncDef","abstract_status":0,"arg_kinds":[0,0],"arg_names":["path","content"],"dataclass_transform_spec":null,"deprecated":null,"flags":[],"fullname":"release.write_file_text","name":"write_file_text","original_first_arg":"path","type":{".class":"CallableType","arg_kinds":[0,0],"arg_names":["path","content"],"arg_types":["pathlib.Path","builtins.str"],"fallback":"builtins.function","from_concatenate":false,"implicit":false,"imprecise_arg_kinds":false,"is_bound":false,"is_ellipsis_args":false,"name":"write_file_text","ret_type":{".class":"NoneType"},"type_guard":null,"type_is":null,"unpack_kwargs":false,"variables":[]}}}},"path":".\\tools\\release.py"}