{"data_mtime":1762036316,"dep_lines":[19,21,22,23,24,25,26,1,1,1,1,1,1,1],"dep_prios":[5,10,10,10,10,5,5,5,30,30,30,30,30,30],"dependencies":["__future__","argparse","re","subprocess","sys","pathlib","typing","builtins","_frozen_importlib","_typeshed","abc","enum","os","typing_extensions"],"hash":"589f7f1929deb4e9f719747d8ffab55108020b15","id":"release","ignore_all":false,"interface_hash":"8b21fe63b4e4e8591cb45cd00d7600188ec75bd8","mtime":1761859404,"options":{"allow_redefinition":false,"allow_redefinition_new":false,"allow_untyped_globals":false,"always_false":[],"always_true":[],"bazel":false,"check_untyped_defs":false,"disable_bytearray_promotion":false,"disable_error_code":[],"disable_memoryview_promotion":false,"disabled_error_codes":[],"disallow_any_decorated":false,"disallow_any_explicit":false,"disallow_any_expr":false,"disallow_any_generics":false,"disallow_any_unimported":false,"disallow_incomplete_defs":false,"disallow_subclassing_any":false,"disallow_untyped_calls":false,"disallow_untyped_decorators":false,"disallow_untyped_defs":false,"enable_error_code":[],"enabled_error_codes":[],"extra_checks":false,"fixed_format_cache":false,"follow_imports":"silent","follow_imports_for_stubs":false,"follow_untyped_imports":false,"ignore_errors":false,"ignore_missing_imports":true,"implicit_optional":true,"implicit_reexport":true,"local_partial_types":false,"mypyc":false,"old_type_inference":false,"platform":"win32","plugins":[],"strict_bytes":false,"strict_concatenate":false,"strict_equality":false,"strict_equality_for_none":false,"strict_optional":true,"warn_no_return":true,"warn_return_any":false,"warn_unreachable":false,"warn_unused_ignores":false},"path":".\\tools\\release.py","plugin_data":null,"size":5708,"suppressed":[],"version_id":"1.18.2"}