{".class":"MypyFile","_fullname":"remove_windows_reserved","future_import_flags":[],"is_partial_stub_package":false,"is_stub":false,"names":{".class":"SymbolTable","Path":{".class":"SymbolTableNode","cross_ref":"pathlib.Path","kind":"Gdef"},"__annotations__":{".class":"SymbolTableNode","kind":"Gdef","node":{".class":"Var","flags":["is_ready"],"fullname":"remove_windows_reserved.__annotations__","name":"__annotations__","setter_type":null,"type":{".class":"Instance","args":["builtins.str",{".class":"AnyType","missing_import_name":null,"source_any":null,"type_of_any":6}],"extra_attrs":null,"type_ref":"builtins.dict"}}},"__doc__":{".class":"SymbolTableNode","kind":"Gdef","node":{".class":"Var","flags":["is_ready"],"fullname":"remove_windows_reserved.__doc__","name":"__doc__","setter_type":null,"type":"builtins.str"}},"__file__":{".class":"SymbolTableNode","kind":"Gdef","node":{".class":"Var","flags":["is_ready"],"fullname":"remove_windows_reserved.__file__","name":"__file__","setter_type":null,"type":"builtins.str"}},"__name__":{".class":"SymbolTableNode","kind":"Gdef","node":{".class":"Var","flags":["is_ready"],"fullname":"remove_windows_reserved.__name__","name":"__name__","setter_type":null,"type":"builtins.str"}},"__package__":{".class":"SymbolTableNode","kind":"Gdef","node":{".class":"Var","flags":["is_ready"],"fullname":"remove_windows_reserved.__package__","name":"__package__","setter_type":null,"type":"builtins.str"}},"__spec__":{".class":"SymbolTableNode","kind":"Gdef","node":{".class":"Var","flags":["is_ready"],"fullname":"remove_windows_reserved.__spec__","name":"__spec__","setter_type":null,"type":"_frozen_importlib.ModuleSpec"}},"e":{".class":"SymbolTableNode","kind":"Gdef","node":{".class":"Var","flags":["is_ready","is_inferred"],"fullname":"remove_windows_reserved.e","name":"e","setter_type":null,"type":{".class":"DeletedType","source":"e"}}},"e2":{".class":"SymbolTableNode","kind":"Gdef","node":{".class":"Var","flags":["is_ready","is_inferred"],"fullname":"remove_windows_reserved.e2","name":"e2","setter_type":null,"type":{".class":"DeletedType","source":"e2"}}},"newname":{".class":"SymbolTableNode","kind":"Gdef","node":{".class":"Var","flags":["is_ready","is_inferred","has_explicit_value"],"fullname":"remove_windows_reserved.newname","name":"newname","setter_type":null,"type":"pathlib.Path"}},"os":{".class":"SymbolTableNode","cross_ref":"os","kind":"Gdef"},"p":{".class":"SymbolTableNode","kind":"Gdef","node":{".class":"Var","flags":["is_ready","is_inferred","has_explicit_value"],"fullname":"remove_windows_reserved.p","name":"p","setter_type":null,"type":"builtins.str"}},"repo_root":{".class":"SymbolTableNode","kind":"Gdef","node":{".class":"Var","flags":["is_ready","is_inferred","has_explicit_value"],"fullname":"remove_windows_reserved.repo_root","name":"repo_root","setter_type":null,"type":"pathlib.Path"}},"reserved":{".class":"SymbolTableNode","kind":"Gdef","node":{".class":"Var","flags":["is_ready","is_inferred","has_explicit_value"],"fullname":"remove_windows_reserved.reserved","name":"reserved","setter_type":null,"type":"pathlib.Path"}}},"path":".\\tools\\remove_windows_reserved.py"}