{"data_mtime":1762095563,"dep_lines":[21,22,27,28,37,47,48,50,18,19,20,26,27,51,4,6,7,8,18,26,1,1,1,1,1,1,1,1,1,1,1,1,1,1,1,1,1,1,1,1,1,1,17],"dep_prios":[5,5,10,10,25,25,25,25,10,10,10,10,20,25,5,5,10,5,20,20,5,30,30,30,30,30,30,30,30,30,30,30,30,30,30,30,30,30,30,30,30,30,5],"dependencies":["sqlalchemy.sql.base","sqlalchemy.sql.elements","alembic.operations.ops","alembic.util.sqla_compat","sqlalchemy.sql.schema","sqlalchemy.sql.sqltypes","sqlalchemy.sql.type_api","alembic.autogenerate.api","sqlalchemy.schema","sqlalchemy.sql","sqlalchemy.types","alembic.util","alembic.operations","alembic.config","__future__","io","re","typing","sqlalchemy","alembic","builtins","_collections_abc","_typeshed","abc","alembic.ddl","alembic.ddl.impl","alembic.runtime","alembic.runtime.migration","alembic.util.langhelpers","alembic.util.messaging","contextlib","enum","sqlalchemy.sql.annotation","sqlalchemy.sql.operators","sqlalchemy.sql.roles","sqlalchemy.sql.selectable","sqlalchemy.sql.traversals","sqlalchemy.sql.visitors","sqlalchemy.util","sqlalchemy.util._collections","sqlalchemy.util.langhelpers","typing_extensions"],"hash":"71e40bf2793c9b6901b50ab982dc6d0cb47d891d12724f311bfeb539ecfe4aab","id":"alembic.autogenerate.render","ignore_all":true,"interface_hash":"06c802a96f2690e070f1381dbffee6bc042847c5f004ebc1a572b85743685fde","mtime":1761854780,"options":{"allow_redefinition":false,"allow_untyped_globals":false,"always_false":[],"always_true":[],"bazel":false,"check_untyped_defs":false,"disable_bytearray_promotion":false,"disable_error_code":[],"disable_memoryview_promotion":false,"disabled_error_codes":[],"disallow_any_decorated":false,"disallow_any_explicit":false,"disallow_any_expr":false,"disallow_any_generics":false,"disallow_any_unimported":false,"disallow_incomplete_defs":false,"disallow_subclassing_any":false,"disallow_untyped_calls":false,"disallow_untyped_decorators":false,"disallow_untyped_defs":false,"enable_error_code":[],"enabled_error_codes":[],"follow_imports":"silent","follow_imports_for_stubs":false,"ignore_errors":false,"ignore_missing_imports":true,"implicit_optional":true,"implicit_reexport":true,"local_partial_types":false,"mypyc":false,"platform":"win32","plugins":[],"strict_concatenate":false,"strict_equality":false,"strict_optional":true,"warn_no_return":true,"warn_return_any":false,"warn_unreachable":false,"warn_unused_ignores":false},"path":"C:\\Users\\Vasilis\\AppData\\Local\\Programs\\Python\\Python313\\Lib\\site-packages\\alembic\\autogenerate\\render.py","plugin_data":null,"size":37270,"suppressed":["mako.pygen"],"version_id":"1.3.0"}