{".class":"MypyFile","_fullname":"reorganize_scripts","future_import_flags":[],"is_partial_stub_package":false,"is_stub":false,"names":{".class":"SymbolTable","Path":{".class":"SymbolTableNode","cross_ref":"pathlib.Path","kind":"Gdef"},"RESTRUCTURE_PLAN":{".class":"SymbolTableNode","kind":"Gdef","node":{".class":"Var","flags":["is_ready","is_inferred","has_explicit_value"],"fullname":"reorganize_scripts.RESTRUCTURE_PLAN","name":"RESTRUCTURE_PLAN","setter_type":null,"type":{".class":"Instance","args":["builtins.str",{".class":"Instance","args":["builtins.str","pathlib.Path"],"extra_attrs":null,"type_ref":"builtins.dict"}],"extra_attrs":null,"type_ref":"builtins.dict"}}},"ROOT":{".class":"SymbolTableNode","kind":"Gdef","node":{".class":"Var","flags":["is_ready","is_inferred","has_explicit_value"],"fullname":"reorganize_scripts.ROOT","name":"ROOT","setter_type":null,"type":"pathlib.Path"}},"SCRIPTS_DIR":{".class":"SymbolTableNode","kind":"Gdef","node":{".class":"Var","flags":["is_ready","is_inferred","has_explicit_value"],"fullname":"reorganize_scripts.SCRIPTS_DIR","name":"SCRIPTS_DIR","setter_type":null,"type":"pathlib.Path"}},"__annotations__":{".class":"SymbolTableNode","kind":"Gdef","node":{".class":"Var","flags":["is_ready"],"fullname":"reorganize_scripts.__annotations__","name":"__annotations__","setter_type":null,"type":{".class":"Instance","args":["builtins.str",{".class":"AnyType","missing_import_name":null,"source_any":null,"type_of_any":6}],"extra_attrs":null,"type_ref":"builtins.dict"}}},"__doc__":{".class":"SymbolTableNode","kind":"Gdef","node":{".class":"Var","flags":["is_ready"],"fullname":"reorganize_scripts.__doc__","name":"__doc__","setter_type":null,"type":"builtins.str"}},"__file__":{".class":"SymbolTableNode","kind":"Gdef","node":{".class":"Var","flags":["is_ready"],"fullname":"reorganize_scripts.__file__","name":"__file__","setter_type":null,"type":"builtins.str"}},"__name__":{".class":"SymbolTableNode","kind":"Gdef","node":{".class":"Var","flags":["is_ready"],"fullname":"reorganize_scripts.__name__","name":"__name__","setter_type":null,"type":"builtins.str"}},"__package__":{".class":"SymbolTableNode","kind":"Gdef","node":{".class":"Var","flags":["is_ready"],"fullname":"reorganize_scripts.__package__","name":"__package__","setter_type":null,"type":"builtins.str"}},"__spec__":{".class":"SymbolTableNode","kind":"Gdef","node":{".class":"Var","flags":["is_ready"],"fullname":"reorganize_scripts.__spec__","name":"__spec__","setter_type":null,"type":"_frozen_importlib.ModuleSpec"}},"create_readme_files":{".class":"SymbolTableNode","kind":"Gdef","node":{".class":"FuncDef","abstract_status":0,"arg_kinds":[],"arg_names":[],"dataclass_transform_spec":null,"deprecated":null,"flags":[],"fullname":"reorganize_scripts.create_readme_files","name":"create_readme_files","original_first_arg":null,"type":null}},"ensure_directories":{".class":"SymbolTableNode","kind":"Gdef","node":{".class":"FuncDef","abstract_status":0,"arg_kinds":[],"arg_names":[],"dataclass_transform_spec":null,"deprecated":null,"flags":[],"fullname":"reorganize_scripts.ensure_directories","name":"ensure_directories","original_first_arg":null,"type":null}},"existing":{".class":"SymbolTableNode","kind":"Gdef","node":{".class":"Var","flags":["is_ready","is_inferred","has_explicit_value"],"fullname":"reorganize_scripts.existing","name":"existing","setter_type":null,"type":{".class":"AnyType","missing_import_name":null,"source_any":{".class":"AnyType","missing_import_name":null,"source_any":null,"type_of_any":1},"type_of_any":7}}},"move_file":{".class":"SymbolTableNode","kind":"Gdef","node":{".class":"FuncDef","abstract_status":0,"arg_kinds":[0,0,0],"arg_names":["source","dest_relative","category"],"dataclass_transform_spec":null,"deprecated":null,"flags":[],"fullname":"reorganize_scripts.move_file","name":"move_file","original_first_arg":"source","type":{".class":"CallableType","arg_kinds":[0,0,0],"arg_names":["source","dest_relative","category"],"arg_types":["pathlib.Path","builtins.str","builtins.str"],"fallback":"builtins.function","from_concatenate":false,"implicit":false,"imprecise_arg_kinds":false,"is_bound":false,"is_ellipsis_args":false,"name":"move_file","ret_type":{".class":"AnyType","missing_import_name":null,"source_any":null,"type_of_any":1},"type_guard":null,"type_is":null,"unpack_kwargs":false,"variables":[]}}},"moved_deploy":{".class":"SymbolTableNode","kind":"Gdef","node":{".class":"Var","flags":["is_ready","is_inferred","has_explicit_value"],"fullname":"reorganize_scripts.moved_deploy","name":"moved_deploy","setter_type":null,"type":{".class":"AnyType","missing_import_name":null,"source_any":{".class":"AnyType","missing_import_name":null,"source_any":null,"type_of_any":1},"type_of_any":7}}},"moved_dev":{".class":"SymbolTableNode","kind":"Gdef","node":{".class":"Var","flags":["is_ready","is_inferred","has_explicit_value"],"fullname":"reorganize_scripts.moved_dev","name":"moved_dev","setter_type":null,"type":{".class":"AnyType","missing_import_name":null,"source_any":{".class":"AnyType","missing_import_name":null,"source_any":null,"type_of_any":1},"type_of_any":7}}},"reorganize":{".class":"SymbolTableNode","kind":"Gdef","node":{".class":"FuncDef","abstract_status":0,"arg_kinds":[],"arg_names":[],"dataclass_transform_spec":null,"deprecated":null,"flags":[],"fullname":"reorganize_scripts.reorganize","name":"reorganize","original_first_arg":null,"type":null}},"shutil":{".class":"SymbolTableNode","cross_ref":"shutil","kind":"Gdef"}},"path":".\\scripts\\reorganize_scripts.py"}