{".class":"MypyFile","_fullname":"reprlib","future_import_flags":[],"is_partial_stub_package":false,"is_stub":true,"names":{".class":"SymbolTable","Any":{".class":"SymbolTableNode","cross_ref":"typing.Any","kind":"Gdef","module_hidden":true,"module_public":false},"Callable":{".class":"SymbolTableNode","cross_ref":"typing.Callable","kind":"Gdef","module_hidden":true,"module_public":false},"Repr":{".class":"SymbolTableNode","kind":"Gdef","node":{".class":"TypeInfo","_promote":[],"abstract_attributes":[],"alt_promote":null,"bases":["builtins.object"],"dataclass_transform_spec":null,"declared_metaclass":null,"defn":{".class":"ClassDef","fullname":"reprlib.Repr","name":"Repr","type_vars":[]},"deletable_attributes":[],"flags":[],"fullname":"reprlib.Repr","has_param_spec_type":false,"metaclass_type":null,"metadata":{},"module_name":"reprlib","mro":["reprlib.Repr","builtins.object"],"names":{".class":"SymbolTable","fillvalue":{".class":"SymbolTableNode","kind":"Mdef","node":{".class":"Var","flags":["is_initialized_in_class","is_ready"],"fullname":"reprlib.Repr.fillvalue","name":"fillvalue","type":"builtins.str"}},"maxarray":{".class":"SymbolTableNode","kind":"Mdef","node":{".class":"Var","flags":["is_initialized_in_class","is_ready"],"fullname":"reprlib.Repr.maxarray","name":"maxarray","type":"builtins.int"}},"maxdeque":{".class":"SymbolTableNode","kind":"Mdef","node":{".class":"Var","flags":["is_initialized_in_class","is_ready"],"fullname":"reprlib.Repr.maxdeque","name":"maxdeque","type":"builtins.int"}},"maxdict":{".class":"SymbolTableNode","kind":"Mdef","node":{".class":"Var","flags":["is_initialized_in_class","is_ready"],"fullname":"reprlib.Repr.maxdict","name":"maxdict","type":"builtins.int"}},"maxfrozenset":{".class":"SymbolTableNode","kind":"Mdef","node":{".class":"Var","flags":["is_initialized_in_class","is_ready"],"fullname":"reprlib.Repr.maxfrozenset","name":"maxfrozenset","type":"builtins.int"}},"maxlevel":{".class":"SymbolTableNode","kind":"Mdef","node":{".class":"Var","flags":["is_initialized_in_class","is_ready"],"fullname":"reprlib.Repr.maxlevel","name":"maxlevel","type":"builtins.int"}},"maxlist":{".class":"SymbolTableNode","kind":"Mdef","node":{".class":"Var","flags":["is_initialized_in_class","is_ready"],"fullname":"reprlib.Repr.maxlist","name":"maxlist","type":"builtins.int"}},"maxlong":{".class":"SymbolTableNode","kind":"Mdef","node":{".class":"Var","flags":["is_initialized_in_class","is_ready"],"fullname":"reprlib.Repr.maxlong","name":"maxlong","type":"builtins.int"}},"maxother":{".class":"SymbolTableNode","kind":"Mdef","node":{".class":"Var","flags":["is_initialized_in_class","is_ready"],"fullname":"reprlib.Repr.maxother","name":"maxother","type":"builtins.int"}},"maxset":{".class":"SymbolTableNode","kind":"Mdef","node":{".class":"Var","flags":["is_initialized_in_class","is_ready"],"fullname":"reprlib.Repr.maxset","name":"maxset","type":"builtins.int"}},"maxstring":{".class":"SymbolTableNode","kind":"Mdef","node":{".class":"Var","flags":["is_initialized_in_class","is_ready"],"fullname":"reprlib.Repr.maxstring","name":"maxstring","type":"builtins.int"}},"maxtuple":{".class":"SymbolTableNode","kind":"Mdef","node":{".class":"Var","flags":["is_initialized_in_class","is_ready"],"fullname":"reprlib.Repr.maxtuple","name":"maxtuple","type":"builtins.int"}},"repr":{".class":"SymbolTableNode","kind":"Mdef","node":{".class":"FuncDef","abstract_status":0,"arg_kinds":[0,0],"arg_names":["self","x"],"dataclass_transform_spec":null,"flags":[],"fullname":"reprlib.Repr.repr","name":"repr","type":{".class":"CallableType","arg_kinds":[0,0],"arg_names":["self","x"],"arg_types":["reprlib.Repr",{".class":"AnyType","missing_import_name":null,"source_any":null,"type_of_any":2}],"bound_args":[],"def_extras":{"first_arg":"self"},"fallback":"builtins.function","from_concatenate":false,"implicit":false,"is_ellipsis_args":false,"name":"repr of Repr","ret_type":"builtins.str","type_guard":null,"unpack_kwargs":false,"variables":[]}}},"repr1":{".class":"SymbolTableNode","kind":"Mdef","node":{".class":"FuncDef","abstract_status":0,"arg_kinds":[0,0,0],"arg_names":["self","x","level"],"dataclass_transform_spec":null,"flags":[],"fullname":"reprlib.Repr.repr1","name":"repr1","type":{".class":"CallableType","arg_kinds":[0,0,0],"arg_names":["self","x","level"],"arg_types":["reprlib.Repr",{".class":"AnyType","missing_import_name":null,"source_any":null,"type_of_any":2},"builtins.int"],"bound_args":[],"def_extras":{"first_arg":"self"},"fallback":"builtins.function","from_concatenate":false,"implicit":false,"is_ellipsis_args":false,"name":"repr1 of Repr","ret_type":"builtins.str","type_guard":null,"unpack_kwargs":false,"variables":[]}}},"repr_array":{".class":"SymbolTableNode","kind":"Mdef","node":{".class":"FuncDef","abstract_status":0,"arg_kinds":[0,0,0],"arg_names":["self","x","level"],"dataclass_transform_spec":null,"flags":[],"fullname":"reprlib.Repr.repr_array","name":"repr_array","type":{".class":"CallableType","arg_kinds":[0,0,0],"arg_names":["self","x","level"],"arg_types":["reprlib.Repr",{".class":"Instance","args":[{".class":"AnyType","missing_import_name":null,"source_any":null,"type_of_any":2}],"type_ref":"array.array"},"builtins.int"],"bound_args":[],"def_extras":{"first_arg":"self"},"fallback":"builtins.function","from_concatenate":false,"implicit":false,"is_ellipsis_args":false,"name":"repr_array of Repr","ret_type":"builtins.str","type_guard":null,"unpack_kwargs":false,"variables":[]}}},"repr_deque":{".class":"SymbolTableNode","kind":"Mdef","node":{".class":"FuncDef","abstract_status":0,"arg_kinds":[0,0,0],"arg_names":["self","x","level"],"dataclass_transform_spec":null,"flags":[],"fullname":"reprlib.Repr.repr_deque","name":"repr_deque","type":{".class":"CallableType","arg_kinds":[0,0,0],"arg_names":["self","x","level"],"arg_types":["reprlib.Repr",{".class":"Instance","args":[{".class":"AnyType","missing_import_name":null,"source_any":null,"type_of_any":2}],"type_ref":"collections.deque"},"builtins.int"],"bound_args":[],"def_extras":{"first_arg":"self"},"fallback":"builtins.function","from_concatenate":false,"implicit":false,"is_ellipsis_args":false,"name":"repr_deque of Repr","ret_type":"builtins.str","type_guard":null,"unpack_kwargs":false,"variables":[]}}},"repr_dict":{".class":"SymbolTableNode","kind":"Mdef","node":{".class":"FuncDef","abstract_status":0,"arg_kinds":[0,0,0],"arg_names":["self","x","level"],"dataclass_transform_spec":null,"flags":[],"fullname":"reprlib.Repr.repr_dict","name":"repr_dict","type":{".class":"CallableType","arg_kinds":[0,0,0],"arg_names":["self","x","level"],"arg_types":["reprlib.Repr",{".class":"Instance","args":[{".class":"AnyType","missing_import_name":null,"source_any":null,"type_of_any":2},{".class":"AnyType","missing_import_name":null,"source_any":null,"type_of_any":2}],"type_ref":"builtins.dict"},"builtins.int"],"bound_args":[],"def_extras":{"first_arg":"self"},"fallback":"builtins.function","from_concatenate":false,"implicit":false,"is_ellipsis_args":false,"name":"repr_dict of Repr","ret_type":"builtins.str","type_guard":null,"unpack_kwargs":false,"variables":[]}}},"repr_frozenset":{".class":"SymbolTableNode","kind":"Mdef","node":{".class":"FuncDef","abstract_status":0,"arg_kinds":[0,0,0],"arg_names":["self","x","level"],"dataclass_transform_spec":null,"flags":[],"fullname":"reprlib.Repr.repr_frozenset","name":"repr_frozenset","type":{".class":"CallableType","arg_kinds":[0,0,0],"arg_names":["self","x","level"],"arg_types":["reprlib.Repr",{".class":"Instance","args":[{".class":"AnyType","missing_import_name":null,"source_any":null,"type_of_any":2}],"type_ref":"builtins.frozenset"},"builtins.int"],"bound_args":[],"def_extras":{"first_arg":"self"},"fallback":"builtins.function","from_concatenate":false,"implicit":false,"is_ellipsis_args":false,"name":"repr_frozenset of Repr","ret_type":"builtins.str","type_guard":null,"unpack_kwargs":false,"variables":[]}}},"repr_instance":{".class":"SymbolTableNode","kind":"Mdef","node":{".class":"FuncDef","abstract_status":0,"arg_kinds":[0,0,0],"arg_names":["self","x","level"],"dataclass_transform_spec":null,"flags":[],"fullname":"reprlib.Repr.repr_instance","name":"repr_instance","type":{".class":"CallableType","arg_kinds":[0,0,0],"arg_names":["self","x","level"],"arg_types":["reprlib.Repr",{".class":"AnyType","missing_import_name":null,"source_any":null,"type_of_any":2},"builtins.int"],"bound_args":[],"def_extras":{"first_arg":"self"},"fallback":"builtins.function","from_concatenate":false,"implicit":false,"is_ellipsis_args":false,"name":"repr_instance of Repr","ret_type":"builtins.str","type_guard":null,"unpack_kwargs":false,"variables":[]}}},"repr_int":{".class":"SymbolTableNode","kind":"Mdef","node":{".class":"FuncDef","abstract_status":0,"arg_kinds":[0,0,0],"arg_names":["self","x","level"],"dataclass_transform_spec":null,"flags":[],"fullname":"reprlib.Repr.repr_int","name":"repr_int","type":{".class":"CallableType","arg_kinds":[0,0,0],"arg_names":["self","x","level"],"arg_types":["reprlib.Repr","builtins.int","builtins.int"],"bound_args":[],"def_extras":{"first_arg":"self"},"fallback":"builtins.function","from_concatenate":false,"implicit":false,"is_ellipsis_args":false,"name":"repr_int of Repr","ret_type":"builtins.str","type_guard":null,"unpack_kwargs":false,"variables":[]}}},"repr_list":{".class":"SymbolTableNode","kind":"Mdef","node":{".class":"FuncDef","abstract_status":0,"arg_kinds":[0,0,0],"arg_names":["self","x","level"],"dataclass_transform_spec":null,"flags":[],"fullname":"reprlib.Repr.repr_list","name":"repr_list","type":{".class":"CallableType","arg_kinds":[0,0,0],"arg_names":["self","x","level"],"arg_types":["reprlib.Repr",{".class":"Instance","args":[{".class":"AnyType","missing_import_name":null,"source_any":null,"type_of_any":2}],"type_ref":"builtins.list"},"builtins.int"],"bound_args":[],"def_extras":{"first_arg":"self"},"fallback":"builtins.function","from_concatenate":false,"implicit":false,"is_ellipsis_args":false,"name":"repr_list of Repr","ret_type":"builtins.str","type_guard":null,"unpack_kwargs":false,"variables":[]}}},"repr_set":{".class":"SymbolTableNode","kind":"Mdef","node":{".class":"FuncDef","abstract_status":0,"arg_kinds":[0,0,0],"arg_names":["self","x","level"],"dataclass_transform_spec":null,"flags":[],"fullname":"reprlib.Repr.repr_set","name":"repr_set","type":{".class":"CallableType","arg_kinds":[0,0,0],"arg_names":["self","x","level"],"arg_types":["reprlib.Repr",{".class":"Instance","args":[{".class":"AnyType","missing_import_name":null,"source_any":null,"type_of_any":2}],"type_ref":"builtins.set"},"builtins.int"],"bound_args":[],"def_extras":{"first_arg":"self"},"fallback":"builtins.function","from_concatenate":false,"implicit":false,"is_ellipsis_args":false,"name":"repr_set of Repr","ret_type":"builtins.str","type_guard":null,"unpack_kwargs":false,"variables":[]}}},"repr_str":{".class":"SymbolTableNode","kind":"Mdef","node":{".class":"FuncDef","abstract_status":0,"arg_kinds":[0,0,0],"arg_names":["self","x","level"],"dataclass_transform_spec":null,"flags":[],"fullname":"reprlib.Repr.repr_str","name":"repr_str","type":{".class":"CallableType","arg_kinds":[0,0,0],"arg_names":["self","x","level"],"arg_types":["reprlib.Repr","builtins.str","builtins.int"],"bound_args":[],"def_extras":{"first_arg":"self"},"fallback":"builtins.function","from_concatenate":false,"implicit":false,"is_ellipsis_args":false,"name":"repr_str of Repr","ret_type":"builtins.str","type_guard":null,"unpack_kwargs":false,"variables":[]}}},"repr_tuple":{".class":"SymbolTableNode","kind":"Mdef","node":{".class":"FuncDef","abstract_status":0,"arg_kinds":[0,0,0],"arg_names":["self","x","level"],"dataclass_transform_spec":null,"flags":[],"fullname":"reprlib.Repr.repr_tuple","name":"repr_tuple","type":{".class":"CallableType","arg_kinds":[0,0,0],"arg_names":["self","x","level"],"arg_types":["reprlib.Repr",{".class":"Instance","args":[{".class":"AnyType","missing_import_name":null,"source_any":null,"type_of_any":2}],"type_ref":"builtins.tuple"},"builtins.int"],"bound_args":[],"def_extras":{"first_arg":"self"},"fallback":"builtins.function","from_concatenate":false,"implicit":false,"is_ellipsis_args":false,"name":"repr_tuple of Repr","ret_type":"builtins.str","type_guard":null,"unpack_kwargs":false,"variables":[]}}}},"self_type":null,"slots":null,"tuple_type":null,"type_vars":[],"typeddict_type":null}},"TypeAlias":{".class":"SymbolTableNode","cross_ref":"typing.TypeAlias","kind":"Gdef","module_hidden":true,"module_public":false},"_ReprFunc":{".class":"SymbolTableNode","kind":"Gdef","module_public":false,"node":{".class":"TypeAlias","alias_tvars":[],"column":0,"fullname":"reprlib._ReprFunc","line":10,"no_args":false,"normalized":false,"target":{".class":"CallableType","arg_kinds":[0],"arg_names":[null],"arg_types":[{".class":"AnyType","missing_import_name":null,"source_any":null,"type_of_any":6}],"bound_args":[],"def_extras":{},"fallback":"builtins.function","from_concatenate":false,"implicit":false,"is_ellipsis_args":false,"name":null,"ret_type":"builtins.str","type_guard":null,"unpack_kwargs":false,"variables":[]}}},"__all__":{".class":"SymbolTableNode","kind":"Gdef","module_public":false,"node":{".class":"Var","flags":["is_inferred","has_explicit_value"],"fullname":"reprlib.__all__","name":"__all__","type":{".class":"Instance","args":["builtins.str"],"type_ref":"builtins.list"}}},"__annotations__":{".class":"SymbolTableNode","kind":"Gdef","module_public":false,"node":{".class":"Var","flags":["is_ready"],"fullname":"reprlib.__annotations__","name":"__annotations__","type":{".class":"Instance","args":["builtins.str",{".class":"AnyType","missing_import_name":null,"source_any":null,"type_of_any":6}],"type_ref":"builtins.dict"}}},"__doc__":{".class":"SymbolTableNode","kind":"Gdef","module_public":false,"node":{".class":"Var","flags":["is_ready"],"fullname":"reprlib.__doc__","name":"__doc__","type":"builtins.str"}},"__file__":{".class":"SymbolTableNode","kind":"Gdef","module_public":false,"node":{".class":"Var","flags":["is_ready"],"fullname":"reprlib.__file__","name":"__file__","type":"builtins.str"}},"__name__":{".class":"SymbolTableNode","kind":"Gdef","module_public":false,"node":{".class":"Var","flags":["is_ready"],"fullname":"reprlib.__name__","name":"__name__","type":"builtins.str"}},"__package__":{".class":"SymbolTableNode","kind":"Gdef","module_public":false,"node":{".class":"Var","flags":["is_ready"],"fullname":"reprlib.__package__","name":"__package__","type":"builtins.str"}},"aRepr":{".class":"SymbolTableNode","kind":"Gdef","module_public":false,"node":{".class":"Var","flags":["is_ready"],"fullname":"reprlib.aRepr","name":"aRepr","type":"reprlib.Repr"}},"array":{".class":"SymbolTableNode","cross_ref":"array.array","kind":"Gdef","module_hidden":true,"module_public":false},"deque":{".class":"SymbolTableNode","cross_ref":"collections.deque","kind":"Gdef","module_hidden":true,"module_public":false},"recursive_repr":{".class":"SymbolTableNode","kind":"Gdef","node":{".class":"FuncDef","abstract_status":0,"arg_kinds":[1],"arg_names":["fillvalue"],"dataclass_transform_spec":null,"flags":[],"fullname":"reprlib.recursive_repr","name":"recursive_repr","type":{".class":"CallableType","arg_kinds":[1],"arg_names":["fillvalue"],"arg_types":["builtins.str"],"bound_args":[],"def_extras":{"first_arg":null},"fallback":"builtins.function","from_concatenate":false,"implicit":false,"is_ellipsis_args":false,"name":"recursive_repr","ret_type":{".class":"CallableType","arg_kinds":[0],"arg_names":[null],"arg_types":[{".class":"TypeAliasType","args":[],"type_ref":"reprlib._ReprFunc"}],"bound_args":[],"def_extras":{},"fallback":"builtins.function","from_concatenate":false,"implicit":false,"is_ellipsis_args":false,"name":null,"ret_type":{".class":"TypeAliasType","args":[],"type_ref":"reprlib._ReprFunc"},"type_guard":null,"unpack_kwargs":false,"variables":[]},"type_guard":null,"unpack_kwargs":false,"variables":[]}}},"repr":{".class":"SymbolTableNode","kind":"Gdef","node":{".class":"FuncDef","abstract_status":0,"arg_kinds":[0],"arg_names":["x"],"dataclass_transform_spec":null,"flags":[],"fullname":"reprlib.repr","name":"repr","type":{".class":"CallableType","arg_kinds":[0],"arg_names":["x"],"arg_types":["builtins.object"],"bound_args":[],"def_extras":{"first_arg":null},"fallback":"builtins.function","from_concatenate":false,"implicit":false,"is_ellipsis_args":false,"name":"repr","ret_type":"builtins.str","type_guard":null,"unpack_kwargs":false,"variables":[]}}},"sys":{".class":"SymbolTableNode","cross_ref":"sys","kind":"Gdef","module_hidden":true,"module_public":false}},"path":"C:\\Users\\Vasilis\\AppData\\Local\\Programs\\Python\\Python313\\Lib\\site-packages\\mypy\\typeshed\\stdlib\\reprlib.pyi"}