{"data_mtime":1762095563,"dep_lines":[25,27,1,3,4,5,25,27,1,1,1,1,1,1,1,1,1,1,1,1,1],"dep_prios":[10,5,5,10,10,5,20,20,5,30,30,30,30,30,30,30,30,30,30,30,30],"dependencies":["sqlalchemy.util","alembic.util","__future__","collections","re","typing","sqlalchemy","alembic","builtins","_collections_abc","_typeshed","abc","alembic.util.langhelpers","alembic.util.messaging","array","ctypes","mmap","pickle","sqlalchemy.util._collections","sqlalchemy.util.langhelpers","typing_extensions"],"hash":"050709a0c0885ed48944b0af75ab202ceb42c7d3bb03cc2c4b29b516ca8b5b8b","id":"alembic.script.revision","ignore_all":true,"interface_hash":"b526a4bf5c6a809622aa265d10fa3c232d48ea9026454cd2c34646a087ed36a9","mtime":1761854780,"options":{"allow_redefinition":false,"allow_untyped_globals":false,"always_false":[],"always_true":[],"bazel":false,"check_untyped_defs":false,"disable_bytearray_promotion":false,"disable_error_code":[],"disable_memoryview_promotion":false,"disabled_error_codes":[],"disallow_any_decorated":false,"disallow_any_explicit":false,"disallow_any_expr":false,"disallow_any_generics":false,"disallow_any_unimported":false,"disallow_incomplete_defs":false,"disallow_subclassing_any":false,"disallow_untyped_calls":false,"disallow_untyped_decorators":false,"disallow_untyped_defs":false,"enable_error_code":[],"enabled_error_codes":[],"follow_imports":"silent","follow_imports_for_stubs":false,"ignore_errors":false,"ignore_missing_imports":true,"implicit_optional":true,"implicit_reexport":true,"local_partial_types":false,"mypyc":false,"platform":"win32","plugins":[],"strict_concatenate":false,"strict_equality":false,"strict_optional":true,"warn_no_return":true,"warn_return_any":false,"warn_unreachable":false,"warn_unused_ignores":false},"path":"C:\\Users\\Vasilis\\AppData\\Local\\Programs\\Python\\Python313\\Lib\\site-packages\\alembic\\script\\revision.py","plugin_data":null,"size":62307,"suppressed":[],"version_id":"1.3.0"}