{"data_mtime":1762095563,"dep_lines":[13,25,26,12,13,1,3,12,1,1,1,1,1,1,1,1,1],"dep_prios":[10,25,25,10,20,5,5,20,5,30,30,30,30,30,30,30,30],"dependencies":["alembic.operations.ops","alembic.runtime.migration","alembic.script.revision","alembic.util","alembic.operations","__future__","typing","alembic","builtins","_typeshed","abc","alembic.runtime","alembic.util.langhelpers","os","sqlalchemy","sqlalchemy.util","sqlalchemy.util._collections"],"hash":"348012492f8a68d28f99b9b5938a44e3969ac308d287501c7fa799acec275063","id":"alembic.autogenerate.rewriter","ignore_all":true,"interface_hash":"337f49983bc1b904d5e5b5ef878967ca959572b4a8c7325ccdc81580f6241a50","mtime":1761854780,"options":{"allow_redefinition":false,"allow_untyped_globals":false,"always_false":[],"always_true":[],"bazel":false,"check_untyped_defs":false,"disable_bytearray_promotion":false,"disable_error_code":[],"disable_memoryview_promotion":false,"disabled_error_codes":[],"disallow_any_decorated":false,"disallow_any_explicit":false,"disallow_any_expr":false,"disallow_any_generics":false,"disallow_any_unimported":false,"disallow_incomplete_defs":false,"disallow_subclassing_any":false,"disallow_untyped_calls":false,"disallow_untyped_decorators":false,"disallow_untyped_defs":false,"enable_error_code":[],"enabled_error_codes":[],"follow_imports":"silent","follow_imports_for_stubs":false,"ignore_errors":false,"ignore_missing_imports":true,"implicit_optional":true,"implicit_reexport":true,"local_partial_types":false,"mypyc":false,"platform":"win32","plugins":[],"strict_concatenate":false,"strict_equality":false,"strict_optional":true,"warn_no_return":true,"warn_return_any":false,"warn_unreachable":false,"warn_unused_ignores":false},"path":"C:\\Users\\Vasilis\\AppData\\Local\\Programs\\Python\\Python313\\Lib\\site-packages\\alembic\\autogenerate\\rewriter.py","plugin_data":null,"size":7814,"suppressed":[],"version_id":"1.3.0"}