{"data_mtime":1762095563,"dep_lines":[16,23,26,35,37,15,19,22,4,6,15,22,1,1,1,1,1,1,1,1,1,1,1,1,1,1,1,1,1,1,1,1,1],"dep_prios":[5,10,25,25,25,10,5,10,5,5,20,20,5,30,30,30,30,30,30,30,30,30,30,30,30,30,30,30,30,30,30,30,30],"dependencies":["sqlalchemy.sql.schema","alembic.util.sqla_compat","sqlalchemy.sql.elements","sqlalchemy.sql.type_api","alembic.runtime.migration","sqlalchemy.schema","sqlalchemy.types","alembic.util","__future__","typing","sqlalchemy","alembic","builtins","_typeshed","abc","alembic.runtime","sqlalchemy.engine","sqlalchemy.engine.base","sqlalchemy.engine.interfaces","sqlalchemy.log","sqlalchemy.sql","sqlalchemy.sql.annotation","sqlalchemy.sql.base","sqlalchemy.sql.operators","sqlalchemy.sql.roles","sqlalchemy.sql.selectable","sqlalchemy.sql.sqltypes","sqlalchemy.sql.traversals","sqlalchemy.sql.visitors","sqlalchemy.util","sqlalchemy.util._collections","sqlalchemy.util.langhelpers","typing_extensions"],"hash":"5a9f9b05ee1af255cf4ef20726db416347a3b69551e49bed6f6908f94d8fced4","id":"alembic.operations.schemaobj","ignore_all":true,"interface_hash":"b26edf323828be95c88672ae4a0e994e2f897310a0c47e3a42908eaac226d96a","mtime":1761854780,"options":{"allow_redefinition":false,"allow_untyped_globals":false,"always_false":[],"always_true":[],"bazel":false,"check_untyped_defs":false,"disable_bytearray_promotion":false,"disable_error_code":[],"disable_memoryview_promotion":false,"disabled_error_codes":[],"disallow_any_decorated":false,"disallow_any_explicit":false,"disallow_any_expr":false,"disallow_any_generics":false,"disallow_any_unimported":false,"disallow_incomplete_defs":false,"disallow_subclassing_any":false,"disallow_untyped_calls":false,"disallow_untyped_decorators":false,"disallow_untyped_defs":false,"enable_error_code":[],"enabled_error_codes":[],"follow_imports":"silent","follow_imports_for_stubs":false,"ignore_errors":false,"ignore_missing_imports":true,"implicit_optional":true,"implicit_reexport":true,"local_partial_types":false,"mypyc":false,"platform":"win32","plugins":[],"strict_concatenate":false,"strict_equality":false,"strict_optional":true,"warn_no_return":true,"warn_return_any":false,"warn_unreachable":false,"warn_unused_ignores":false},"path":"C:\\Users\\Vasilis\\AppData\\Local\\Programs\\Python\\Python313\\Lib\\site-packages\\alembic\\operations\\schemaobj.py","plugin_data":null,"size":9468,"suppressed":[],"version_id":"1.3.0"}