{".class":"MypyFile","_fullname":"alembic.operations.schemaobj","future_import_flags":["annotations"],"is_partial_stub_package":false,"is_stub":false,"names":{".class":"SymbolTable","Any":{".class":"SymbolTableNode","cross_ref":"typing.Any","kind":"Gdef"},"CheckConstraint":{".class":"SymbolTableNode","cross_ref":"sqlalchemy.sql.schema.CheckConstraint","kind":"Gdef"},"Column":{".class":"SymbolTableNode","cross_ref":"sqlalchemy.sql.schema.Column","kind":"Gdef"},"ColumnElement":{".class":"SymbolTableNode","cross_ref":"sqlalchemy.sql.elements.ColumnElement","kind":"Gdef"},"Constraint":{".class":"SymbolTableNode","cross_ref":"sqlalchemy.sql.schema.Constraint","kind":"Gdef"},"Dict":{".class":"SymbolTableNode","cross_ref":"typing.Dict","kind":"Gdef"},"ForeignKey":{".class":"SymbolTableNode","cross_ref":"sqlalchemy.sql.schema.ForeignKey","kind":"Gdef"},"ForeignKeyConstraint":{".class":"SymbolTableNode","cross_ref":"sqlalchemy.sql.schema.ForeignKeyConstraint","kind":"Gdef"},"Index":{".class":"SymbolTableNode","cross_ref":"sqlalchemy.sql.schema.Index","kind":"Gdef"},"Integer":{".class":"SymbolTableNode","cross_ref":"sqlalchemy.sql.sqltypes.Integer","kind":"Gdef"},"List":{".class":"SymbolTableNode","cross_ref":"typing.List","kind":"Gdef"},"MetaData":{".class":"SymbolTableNode","cross_ref":"sqlalchemy.sql.schema.MetaData","kind":"Gdef"},"MigrationContext":{".class":"SymbolTableNode","cross_ref":"alembic.runtime.migration.MigrationContext","kind":"Gdef"},"NULLTYPE":{".class":"SymbolTableNode","cross_ref":"sqlalchemy.sql.sqltypes.NULLTYPE","kind":"Gdef"},"Optional":{".class":"SymbolTableNode","cross_ref":"typing.Optional","kind":"Gdef"},"PrimaryKeyConstraint":{".class":"SymbolTableNode","cross_ref":"sqlalchemy.sql.schema.PrimaryKeyConstraint","kind":"Gdef"},"SchemaObjects":{".class":"SymbolTableNode","kind":"Gdef","node":{".class":"TypeInfo","_promote":[],"abstract_attributes":[],"alt_promote":null,"bases":["builtins.object"],"dataclass_transform_spec":null,"declared_metaclass":null,"defn":{".class":"ClassDef","fullname":"alembic.operations.schemaobj.SchemaObjects","name":"SchemaObjects","type_vars":[]},"deletable_attributes":[],"flags":[],"fullname":"alembic.operations.schemaobj.SchemaObjects","has_param_spec_type":false,"metaclass_type":null,"metadata":{},"module_name":"alembic.operations.schemaobj","mro":["alembic.operations.schemaobj.SchemaObjects","builtins.object"],"names":{".class":"SymbolTable","__init__":{".class":"SymbolTableNode","kind":"Mdef","node":{".class":"FuncDef","abstract_status":0,"arg_kinds":[0,1],"arg_names":["self","migration_context"],"dataclass_transform_spec":null,"flags":[],"fullname":"alembic.operations.schemaobj.SchemaObjects.__init__","name":"__init__","type":{".class":"CallableType","arg_kinds":[0,1],"arg_names":["self","migration_context"],"arg_types":["alembic.operations.schemaobj.SchemaObjects",{".class":"UnionType","items":["alembic.runtime.migration.MigrationContext",{".class":"NoneType"}]}],"bound_args":[],"def_extras":{"first_arg":"self"},"fallback":"builtins.function","from_concatenate":false,"implicit":false,"is_ellipsis_args":false,"name":"__init__ of SchemaObjects","ret_type":{".class":"NoneType"},"type_guard":null,"unpack_kwargs":false,"variables":[]}}},"_ensure_table_for_fk":{".class":"SymbolTableNode","kind":"Mdef","node":{".class":"FuncDef","abstract_status":0,"arg_kinds":[0,0,0],"arg_names":["self","metadata","fk"],"dataclass_transform_spec":null,"flags":[],"fullname":"alembic.operations.schemaobj.SchemaObjects._ensure_table_for_fk","name":"_ensure_table_for_fk","type":{".class":"CallableType","arg_kinds":[0,0,0],"arg_names":["self","metadata","fk"],"arg_types":["alembic.operations.schemaobj.SchemaObjects","sqlalchemy.sql.schema.MetaData","sqlalchemy.sql.schema.ForeignKey"],"bound_args":[],"def_extras":{"first_arg":"self"},"fallback":"builtins.function","from_concatenate":false,"implicit":false,"is_ellipsis_args":false,"name":"_ensure_table_for_fk of SchemaObjects","ret_type":{".class":"NoneType"},"type_guard":null,"unpack_kwargs":false,"variables":[]}}},"_parse_table_key":{".class":"SymbolTableNode","kind":"Mdef","node":{".class":"FuncDef","abstract_status":0,"arg_kinds":[0,0],"arg_names":["self","table_key"],"dataclass_transform_spec":null,"flags":[],"fullname":"alembic.operations.schemaobj.SchemaObjects._parse_table_key","name":"_parse_table_key","type":{".class":"CallableType","arg_kinds":[0,0],"arg_names":["self","table_key"],"arg_types":["alembic.operations.schemaobj.SchemaObjects","builtins.str"],"bound_args":[],"def_extras":{"first_arg":"self"},"fallback":"builtins.function","from_concatenate":false,"implicit":false,"is_ellipsis_args":false,"name":"_parse_table_key of SchemaObjects","ret_type":{".class":"TupleType","implicit":false,"items":[{".class":"UnionType","items":["builtins.str",{".class":"NoneType"}]},"builtins.str"],"partial_fallback":{".class":"Instance","args":[{".class":"AnyType","missing_import_name":null,"source_any":null,"type_of_any":6}],"type_ref":"builtins.tuple"}},"type_guard":null,"unpack_kwargs":false,"variables":[]}}},"check_constraint":{".class":"SymbolTableNode","kind":"Mdef","node":{".class":"FuncDef","abstract_status":0,"arg_kinds":[0,0,0,0,1,4],"arg_names":["self","name","source","condition","schema","kw"],"dataclass_transform_spec":null,"flags":[],"fullname":"alembic.operations.schemaobj.SchemaObjects.check_constraint","name":"check_constraint","type":{".class":"CallableType","arg_kinds":[0,0,0,0,1,4],"arg_names":["self","name","source","condition","schema","kw"],"arg_types":["alembic.operations.schemaobj.SchemaObjects",{".class":"UnionType","items":["builtins.str",{".class":"AnyType","missing_import_name":"alembic.util.sqla_compat._NoneName","source_any":null,"type_of_any":3},{".class":"NoneType"}]},"builtins.str",{".class":"UnionType","items":["builtins.str","sqlalchemy.sql.elements.TextClause",{".class":"Instance","args":[{".class":"AnyType","missing_import_name":null,"source_any":null,"type_of_any":2}],"type_ref":"sqlalchemy.sql.elements.ColumnElement"}]},{".class":"UnionType","items":["builtins.str",{".class":"NoneType"}]},{".class":"AnyType","missing_import_name":null,"source_any":null,"type_of_any":1}],"bound_args":[],"def_extras":{"first_arg":"self"},"fallback":"builtins.function","from_concatenate":false,"implicit":false,"is_ellipsis_args":false,"name":"check_constraint of SchemaObjects","ret_type":"sqlalchemy.sql.schema.CheckConstraint","type_guard":null,"unpack_kwargs":false,"variables":[]}}},"column":{".class":"SymbolTableNode","kind":"Mdef","node":{".class":"FuncDef","abstract_status":0,"arg_kinds":[0,0,0,4],"arg_names":["self","name","type_","kw"],"dataclass_transform_spec":null,"flags":[],"fullname":"alembic.operations.schemaobj.SchemaObjects.column","name":"column","type":{".class":"CallableType","arg_kinds":[0,0,0,4],"arg_names":["self","name","type_","kw"],"arg_types":["alembic.operations.schemaobj.SchemaObjects","builtins.str",{".class":"Instance","args":[{".class":"AnyType","missing_import_name":null,"source_any":null,"type_of_any":4}],"type_ref":"sqlalchemy.sql.type_api.TypeEngine"},{".class":"AnyType","missing_import_name":null,"source_any":null,"type_of_any":1}],"bound_args":[],"def_extras":{"first_arg":"self"},"fallback":"builtins.function","from_concatenate":false,"implicit":false,"is_ellipsis_args":false,"name":"column of SchemaObjects","ret_type":{".class":"Instance","args":[{".class":"AnyType","missing_import_name":null,"source_any":null,"type_of_any":4}],"type_ref":"sqlalchemy.sql.schema.Column"},"type_guard":null,"unpack_kwargs":false,"variables":[]}}},"foreign_key_constraint":{".class":"SymbolTableNode","kind":"Mdef","node":{".class":"FuncDef","abstract_status":0,"arg_kinds":[0,0,0,0,0,0,1,1,1,1,1,1,1,4],"arg_names":["self","name","source","referent","local_cols","remote_cols","onupdate","ondelete","deferrable","source_schema","referent_schema","initially","match","dialect_kw"],"dataclass_transform_spec":null,"flags":[],"fullname":"alembic.operations.schemaobj.SchemaObjects.foreign_key_constraint","name":"foreign_key_constraint","type":{".class":"CallableType","arg_kinds":[0,0,0,0,0,0,1,1,1,1,1,1,1,4],"arg_names":["self","name","source","referent","local_cols","remote_cols","onupdate","ondelete","deferrable","source_schema","referent_schema","initially","match","dialect_kw"],"arg_types":["alembic.operations.schemaobj.SchemaObjects",{".class":"UnionType","items":["builtins.str",{".class":"AnyType","missing_import_name":"alembic.util.sqla_compat._NoneName","source_any":null,"type_of_any":3},{".class":"NoneType"}]},"builtins.str","builtins.str",{".class":"Instance","args":["builtins.str"],"type_ref":"builtins.list"},{".class":"Instance","args":["builtins.str"],"type_ref":"builtins.list"},{".class":"UnionType","items":["builtins.str",{".class":"NoneType"}]},{".class":"UnionType","items":["builtins.str",{".class":"NoneType"}]},{".class":"UnionType","items":["builtins.bool",{".class":"NoneType"}]},{".class":"UnionType","items":["builtins.str",{".class":"NoneType"}]},{".class":"UnionType","items":["builtins.str",{".class":"NoneType"}]},{".class":"UnionType","items":["builtins.str",{".class":"NoneType"}]},{".class":"UnionType","items":["builtins.str",{".class":"NoneType"}]},{".class":"AnyType","missing_import_name":null,"source_any":null,"type_of_any":1}],"bound_args":[],"def_extras":{"first_arg":"self"},"fallback":"builtins.function","from_concatenate":false,"implicit":false,"is_ellipsis_args":false,"name":"foreign_key_constraint of SchemaObjects","ret_type":"sqlalchemy.sql.schema.ForeignKeyConstraint","type_guard":null,"unpack_kwargs":false,"variables":[]}}},"generic_constraint":{".class":"SymbolTableNode","kind":"Mdef","node":{".class":"FuncDef","abstract_status":0,"arg_kinds":[0,0,0,0,1,4],"arg_names":["self","name","table_name","type_","schema","kw"],"dataclass_transform_spec":null,"flags":[],"fullname":"alembic.operations.schemaobj.SchemaObjects.generic_constraint","name":"generic_constraint","type":{".class":"CallableType","arg_kinds":[0,0,0,0,1,4],"arg_names":["self","name","table_name","type_","schema","kw"],"arg_types":["alembic.operations.schemaobj.SchemaObjects",{".class":"UnionType","items":["builtins.str",{".class":"AnyType","missing_import_name":"alembic.util.sqla_compat._NoneName","source_any":null,"type_of_any":3},{".class":"NoneType"}]},"builtins.str",{".class":"UnionType","items":["builtins.str",{".class":"NoneType"}]},{".class":"UnionType","items":["builtins.str",{".class":"NoneType"}]},{".class":"AnyType","missing_import_name":null,"source_any":null,"type_of_any":1}],"bound_args":[],"def_extras":{"first_arg":"self"},"fallback":"builtins.function","from_concatenate":false,"implicit":false,"is_ellipsis_args":false,"name":"generic_constraint of SchemaObjects","ret_type":{".class":"AnyType","missing_import_name":null,"source_any":null,"type_of_any":2},"type_guard":null,"unpack_kwargs":false,"variables":[]}}},"index":{".class":"SymbolTableNode","kind":"Mdef","node":{".class":"FuncDef","abstract_status":0,"arg_kinds":[0,0,0,0,1,4],"arg_names":["self","name","tablename","columns","schema","kw"],"dataclass_transform_spec":null,"flags":[],"fullname":"alembic.operations.schemaobj.SchemaObjects.index","name":"index","type":{".class":"CallableType","arg_kinds":[0,0,0,0,1,4],"arg_names":["self","name","tablename","columns","schema","kw"],"arg_types":["alembic.operations.schemaobj.SchemaObjects",{".class":"UnionType","items":["builtins.str",{".class":"NoneType"}]},{".class":"UnionType","items":["builtins.str",{".class":"NoneType"}]},{".class":"Instance","args":[{".class":"UnionType","items":["builtins.str","sqlalchemy.sql.elements.TextClause",{".class":"Instance","args":[{".class":"AnyType","missing_import_name":null,"source_any":null,"type_of_any":2}],"type_ref":"sqlalchemy.sql.elements.ColumnElement"}]}],"type_ref":"typing.Sequence"},{".class":"UnionType","items":["builtins.str",{".class":"NoneType"}]},{".class":"AnyType","missing_import_name":null,"source_any":null,"type_of_any":1}],"bound_args":[],"def_extras":{"first_arg":"self"},"fallback":"builtins.function","from_concatenate":false,"implicit":false,"is_ellipsis_args":false,"name":"index of SchemaObjects","ret_type":"sqlalchemy.sql.schema.Index","type_guard":null,"unpack_kwargs":false,"variables":[]}}},"metadata":{".class":"SymbolTableNode","kind":"Mdef","node":{".class":"FuncDef","abstract_status":0,"arg_kinds":[0],"arg_names":["self"],"dataclass_transform_spec":null,"flags":[],"fullname":"alembic.operations.schemaobj.SchemaObjects.metadata","name":"metadata","type":{".class":"CallableType","arg_kinds":[0],"arg_names":["self"],"arg_types":["alembic.operations.schemaobj.SchemaObjects"],"bound_args":[],"def_extras":{"first_arg":"self"},"fallback":"builtins.function","from_concatenate":false,"implicit":false,"is_ellipsis_args":false,"name":"metadata of SchemaObjects","ret_type":"sqlalchemy.sql.schema.MetaData","type_guard":null,"unpack_kwargs":false,"variables":[]}}},"migration_context":{".class":"SymbolTableNode","implicit":true,"kind":"Mdef","node":{".class":"Var","flags":["is_inferred"],"fullname":"alembic.operations.schemaobj.SchemaObjects.migration_context","name":"migration_context","type":{".class":"UnionType","items":["alembic.runtime.migration.MigrationContext",{".class":"NoneType"}]}}},"primary_key_constraint":{".class":"SymbolTableNode","kind":"Mdef","node":{".class":"FuncDef","abstract_status":0,"arg_kinds":[0,0,0,0,1,4],"arg_names":["self","name","table_name","cols","schema","dialect_kw"],"dataclass_transform_spec":null,"flags":[],"fullname":"alembic.operations.schemaobj.SchemaObjects.primary_key_constraint","name":"primary_key_constraint","type":{".class":"CallableType","arg_kinds":[0,0,0,0,1,4],"arg_names":["self","name","table_name","cols","schema","dialect_kw"],"arg_types":["alembic.operations.schemaobj.SchemaObjects",{".class":"UnionType","items":["builtins.str",{".class":"AnyType","missing_import_name":"alembic.util.sqla_compat._NoneName","source_any":null,"type_of_any":3},{".class":"NoneType"}]},"builtins.str",{".class":"Instance","args":["builtins.str"],"type_ref":"typing.Sequence"},{".class":"UnionType","items":["builtins.str",{".class":"NoneType"}]},{".class":"AnyType","missing_import_name":null,"source_any":null,"type_of_any":1}],"bound_args":[],"def_extras":{"first_arg":"self"},"fallback":"builtins.function","from_concatenate":false,"implicit":false,"is_ellipsis_args":false,"name":"primary_key_constraint of SchemaObjects","ret_type":"sqlalchemy.sql.schema.PrimaryKeyConstraint","type_guard":null,"unpack_kwargs":false,"variables":[]}}},"table":{".class":"SymbolTableNode","kind":"Mdef","node":{".class":"FuncDef","abstract_status":0,"arg_kinds":[0,0,2,4],"arg_names":["self","name","columns","kw"],"dataclass_transform_spec":null,"flags":[],"fullname":"alembic.operations.schemaobj.SchemaObjects.table","name":"table","type":{".class":"CallableType","arg_kinds":[0,0,2,4],"arg_names":["self","name","columns","kw"],"arg_types":["alembic.operations.schemaobj.SchemaObjects","builtins.str",{".class":"AnyType","missing_import_name":null,"source_any":null,"type_of_any":1},{".class":"AnyType","missing_import_name":null,"source_any":null,"type_of_any":1}],"bound_args":[],"def_extras":{"first_arg":"self"},"fallback":"builtins.function","from_concatenate":false,"implicit":false,"is_ellipsis_args":false,"name":"table of SchemaObjects","ret_type":"sqlalchemy.sql.schema.Table","type_guard":null,"unpack_kwargs":false,"variables":[]}}},"unique_constraint":{".class":"SymbolTableNode","kind":"Mdef","node":{".class":"FuncDef","abstract_status":0,"arg_kinds":[0,0,0,0,1,4],"arg_names":["self","name","source","local_cols","schema","kw"],"dataclass_transform_spec":null,"flags":[],"fullname":"alembic.operations.schemaobj.SchemaObjects.unique_constraint","name":"unique_constraint","type":{".class":"CallableType","arg_kinds":[0,0,0,0,1,4],"arg_names":["self","name","source","local_cols","schema","kw"],"arg_types":["alembic.operations.schemaobj.SchemaObjects",{".class":"UnionType","items":["builtins.str",{".class":"AnyType","missing_import_name":"alembic.util.sqla_compat._NoneName","source_any":null,"type_of_any":3},{".class":"NoneType"}]},"builtins.str",{".class":"Instance","args":["builtins.str"],"type_ref":"typing.Sequence"},{".class":"UnionType","items":["builtins.str",{".class":"NoneType"}]},{".class":"AnyType","missing_import_name":null,"source_any":null,"type_of_any":1}],"bound_args":[],"def_extras":{"first_arg":"self"},"fallback":"builtins.function","from_concatenate":false,"implicit":false,"is_ellipsis_args":false,"name":"unique_constraint of SchemaObjects","ret_type":"sqlalchemy.sql.schema.UniqueConstraint","type_guard":null,"unpack_kwargs":false,"variables":[]}}}},"self_type":null,"slots":null,"tuple_type":null,"type_vars":[],"typeddict_type":null}},"Sequence":{".class":"SymbolTableNode","cross_ref":"typing.Sequence","kind":"Gdef"},"TYPE_CHECKING":{".class":"SymbolTableNode","cross_ref":"typing.TYPE_CHECKING","kind":"Gdef"},"Table":{".class":"SymbolTableNode","cross_ref":"sqlalchemy.sql.schema.Table","kind":"Gdef"},"TextClause":{".class":"SymbolTableNode","cross_ref":"sqlalchemy.sql.elements.TextClause","kind":"Gdef"},"Tuple":{".class":"SymbolTableNode","cross_ref":"typing.Tuple","kind":"Gdef"},"TypeEngine":{".class":"SymbolTableNode","cross_ref":"sqlalchemy.sql.type_api.TypeEngine","kind":"Gdef"},"Union":{".class":"SymbolTableNode","cross_ref":"typing.Union","kind":"Gdef"},"UniqueConstraint":{".class":"SymbolTableNode","cross_ref":"sqlalchemy.sql.schema.UniqueConstraint","kind":"Gdef"},"__annotations__":{".class":"SymbolTableNode","kind":"Gdef","node":{".class":"Var","flags":["is_ready"],"fullname":"alembic.operations.schemaobj.__annotations__","name":"__annotations__","type":{".class":"Instance","args":["builtins.str",{".class":"AnyType","missing_import_name":null,"source_any":null,"type_of_any":6}],"type_ref":"builtins.dict"}}},"__doc__":{".class":"SymbolTableNode","kind":"Gdef","node":{".class":"Var","flags":["is_ready"],"fullname":"alembic.operations.schemaobj.__doc__","name":"__doc__","type":"builtins.str"}},"__file__":{".class":"SymbolTableNode","kind":"Gdef","node":{".class":"Var","flags":["is_ready"],"fullname":"alembic.operations.schemaobj.__file__","name":"__file__","type":"builtins.str"}},"__name__":{".class":"SymbolTableNode","kind":"Gdef","node":{".class":"Var","flags":["is_ready"],"fullname":"alembic.operations.schemaobj.__name__","name":"__name__","type":"builtins.str"}},"__package__":{".class":"SymbolTableNode","kind":"Gdef","node":{".class":"Var","flags":["is_ready"],"fullname":"alembic.operations.schemaobj.__package__","name":"__package__","type":"builtins.str"}},"annotations":{".class":"SymbolTableNode","cross_ref":"__future__.annotations","kind":"Gdef"},"sa_schema":{".class":"SymbolTableNode","cross_ref":"sqlalchemy.schema","kind":"Gdef"},"sqla_compat":{".class":"SymbolTableNode","cross_ref":"alembic.util.sqla_compat","kind":"Gdef"},"util":{".class":"SymbolTableNode","cross_ref":"alembic.util","kind":"Gdef"}},"path":"C:\\Users\\Vasilis\\AppData\\Local\\Programs\\Python\\Python313\\Lib\\site-packages\\alembic\\operations\\schemaobj.py"}