{".class":"MypyFile","_fullname":"secrets","future_import_flags":[],"is_partial_stub_package":false,"is_stub":true,"names":{".class":"SymbolTable","SupportsLenAndGetItem":{".class":"SymbolTableNode","cross_ref":"_typeshed.SupportsLenAndGetItem","kind":"Gdef","module_hidden":true,"module_public":false},"SystemRandom":{".class":"SymbolTableNode","cross_ref":"random.SystemRandom","kind":"Gdef"},"TypeVar":{".class":"SymbolTableNode","cross_ref":"typing.TypeVar","kind":"Gdef","module_hidden":true,"module_public":false},"_T":{".class":"SymbolTableNode","kind":"Gdef","module_public":false,"node":{".class":"TypeVarExpr","fullname":"secrets._T","name":"_T","upper_bound":"builtins.object","values":[],"variance":0}},"__all__":{".class":"SymbolTableNode","kind":"Gdef","module_public":false,"node":{".class":"Var","flags":["is_inferred","has_explicit_value"],"fullname":"secrets.__all__","name":"__all__","type":{".class":"Instance","args":["builtins.str"],"type_ref":"builtins.list"}}},"__annotations__":{".class":"SymbolTableNode","kind":"Gdef","module_public":false,"node":{".class":"Var","flags":["is_ready"],"fullname":"secrets.__annotations__","name":"__annotations__","type":{".class":"Instance","args":["builtins.str",{".class":"AnyType","missing_import_name":null,"source_any":null,"type_of_any":6}],"type_ref":"builtins.dict"}}},"__doc__":{".class":"SymbolTableNode","kind":"Gdef","module_public":false,"node":{".class":"Var","flags":["is_ready"],"fullname":"secrets.__doc__","name":"__doc__","type":"builtins.str"}},"__file__":{".class":"SymbolTableNode","kind":"Gdef","module_public":false,"node":{".class":"Var","flags":["is_ready"],"fullname":"secrets.__file__","name":"__file__","type":"builtins.str"}},"__name__":{".class":"SymbolTableNode","kind":"Gdef","module_public":false,"node":{".class":"Var","flags":["is_ready"],"fullname":"secrets.__name__","name":"__name__","type":"builtins.str"}},"__package__":{".class":"SymbolTableNode","kind":"Gdef","module_public":false,"node":{".class":"Var","flags":["is_ready"],"fullname":"secrets.__package__","name":"__package__","type":"builtins.str"}},"choice":{".class":"SymbolTableNode","kind":"Gdef","node":{".class":"FuncDef","abstract_status":0,"arg_kinds":[0],"arg_names":["seq"],"dataclass_transform_spec":null,"flags":[],"fullname":"secrets.choice","name":"choice","type":{".class":"CallableType","arg_kinds":[0],"arg_names":["seq"],"arg_types":[{".class":"Instance","args":[{".class":"TypeVarType","fullname":"secrets._T","id":-1,"name":"_T","namespace":"","upper_bound":"builtins.object","values":[],"variance":0}],"type_ref":"_typeshed.SupportsLenAndGetItem"}],"bound_args":[],"def_extras":{"first_arg":null},"fallback":"builtins.function","from_concatenate":false,"implicit":false,"is_ellipsis_args":false,"name":"choice","ret_type":{".class":"TypeVarType","fullname":"secrets._T","id":-1,"name":"_T","namespace":"","upper_bound":"builtins.object","values":[],"variance":0},"type_guard":null,"unpack_kwargs":false,"variables":[{".class":"TypeVarType","fullname":"secrets._T","id":-1,"name":"_T","namespace":"","upper_bound":"builtins.object","values":[],"variance":0}]}}},"compare_digest":{".class":"SymbolTableNode","cross_ref":"hmac.compare_digest","kind":"Gdef"},"randbelow":{".class":"SymbolTableNode","kind":"Gdef","node":{".class":"FuncDef","abstract_status":0,"arg_kinds":[0],"arg_names":["exclusive_upper_bound"],"dataclass_transform_spec":null,"flags":[],"fullname":"secrets.randbelow","name":"randbelow","type":{".class":"CallableType","arg_kinds":[0],"arg_names":["exclusive_upper_bound"],"arg_types":["builtins.int"],"bound_args":[],"def_extras":{"first_arg":null},"fallback":"builtins.function","from_concatenate":false,"implicit":false,"is_ellipsis_args":false,"name":"randbelow","ret_type":"builtins.int","type_guard":null,"unpack_kwargs":false,"variables":[]}}},"randbits":{".class":"SymbolTableNode","kind":"Gdef","node":{".class":"FuncDef","abstract_status":0,"arg_kinds":[0],"arg_names":["k"],"dataclass_transform_spec":null,"flags":[],"fullname":"secrets.randbits","name":"randbits","type":{".class":"CallableType","arg_kinds":[0],"arg_names":["k"],"arg_types":["builtins.int"],"bound_args":[],"def_extras":{"first_arg":null},"fallback":"builtins.function","from_concatenate":false,"implicit":false,"is_ellipsis_args":false,"name":"randbits","ret_type":"builtins.int","type_guard":null,"unpack_kwargs":false,"variables":[]}}},"token_bytes":{".class":"SymbolTableNode","kind":"Gdef","node":{".class":"FuncDef","abstract_status":0,"arg_kinds":[1],"arg_names":["nbytes"],"dataclass_transform_spec":null,"flags":[],"fullname":"secrets.token_bytes","name":"token_bytes","type":{".class":"CallableType","arg_kinds":[1],"arg_names":["nbytes"],"arg_types":[{".class":"UnionType","items":["builtins.int",{".class":"NoneType"}]}],"bound_args":[],"def_extras":{"first_arg":null},"fallback":"builtins.function","from_concatenate":false,"implicit":false,"is_ellipsis_args":false,"name":"token_bytes","ret_type":"builtins.bytes","type_guard":null,"unpack_kwargs":false,"variables":[]}}},"token_hex":{".class":"SymbolTableNode","kind":"Gdef","node":{".class":"FuncDef","abstract_status":0,"arg_kinds":[1],"arg_names":["nbytes"],"dataclass_transform_spec":null,"flags":[],"fullname":"secrets.token_hex","name":"token_hex","type":{".class":"CallableType","arg_kinds":[1],"arg_names":["nbytes"],"arg_types":[{".class":"UnionType","items":["builtins.int",{".class":"NoneType"}]}],"bound_args":[],"def_extras":{"first_arg":null},"fallback":"builtins.function","from_concatenate":false,"implicit":false,"is_ellipsis_args":false,"name":"token_hex","ret_type":"builtins.str","type_guard":null,"unpack_kwargs":false,"variables":[]}}},"token_urlsafe":{".class":"SymbolTableNode","kind":"Gdef","node":{".class":"FuncDef","abstract_status":0,"arg_kinds":[1],"arg_names":["nbytes"],"dataclass_transform_spec":null,"flags":[],"fullname":"secrets.token_urlsafe","name":"token_urlsafe","type":{".class":"CallableType","arg_kinds":[1],"arg_names":["nbytes"],"arg_types":[{".class":"UnionType","items":["builtins.int",{".class":"NoneType"}]}],"bound_args":[],"def_extras":{"first_arg":null},"fallback":"builtins.function","from_concatenate":false,"implicit":false,"is_ellipsis_args":false,"name":"token_urlsafe","ret_type":"builtins.str","type_guard":null,"unpack_kwargs":false,"variables":[]}}}},"path":"C:\\Users\\Vasilis\\AppData\\Local\\Programs\\Python\\Python313\\Lib\\site-packages\\mypy\\typeshed\\stdlib\\secrets.pyi"}