{".class":"MypyFile","_fullname":"selectors","future_import_flags":[],"is_partial_stub_package":false,"is_stub":true,"names":{".class":"SymbolTable","ABCMeta":{".class":"SymbolTableNode","cross_ref":"abc.ABCMeta","kind":"Gdef","module_hidden":true,"module_public":false},"Any":{".class":"SymbolTableNode","cross_ref":"typing.Any","kind":"Gdef","module_hidden":true,"module_public":false},"BaseSelector":{".class":"SymbolTableNode","kind":"Gdef","node":{".class":"TypeInfo","_promote":[],"abstract_attributes":[["get_map",1],["register",1],["select",1],["unregister",1]],"alt_promote":null,"bases":["builtins.object"],"dataclass_transform_spec":null,"declared_metaclass":"abc.ABCMeta","defn":{".class":"ClassDef","fullname":"selectors.BaseSelector","name":"BaseSelector","type_vars":[]},"deletable_attributes":[],"flags":["is_abstract"],"fullname":"selectors.BaseSelector","has_param_spec_type":false,"metaclass_type":"abc.ABCMeta","metadata":{},"module_name":"selectors","mro":["selectors.BaseSelector","builtins.object"],"names":{".class":"SymbolTable","__enter__":{".class":"SymbolTableNode","kind":"Mdef","node":{".class":"FuncDef","abstract_status":0,"arg_kinds":[0],"arg_names":[null],"dataclass_transform_spec":null,"flags":[],"fullname":"selectors.BaseSelector.__enter__","name":"__enter__","type":{".class":"CallableType","arg_kinds":[0],"arg_names":[null],"arg_types":[{".class":"TypeVarType","fullname":"selectors.BaseSelector.Self","id":0,"name":"Self","namespace":"","upper_bound":"selectors.BaseSelector","values":[],"variance":0}],"bound_args":[],"def_extras":{"first_arg":"self"},"fallback":"builtins.function","from_concatenate":false,"implicit":false,"is_ellipsis_args":false,"name":"__enter__ of BaseSelector","ret_type":{".class":"TypeVarType","fullname":"selectors.BaseSelector.Self","id":0,"name":"Self","namespace":"","upper_bound":"selectors.BaseSelector","values":[],"variance":0},"type_guard":null,"unpack_kwargs":false,"variables":[{".class":"TypeVarType","fullname":"selectors.BaseSelector.Self","id":0,"name":"Self","namespace":"","upper_bound":"selectors.BaseSelector","values":[],"variance":0}]}}},"__exit__":{".class":"SymbolTableNode","kind":"Mdef","node":{".class":"FuncDef","abstract_status":0,"arg_kinds":[0,2],"arg_names":[null,null],"dataclass_transform_spec":null,"flags":[],"fullname":"selectors.BaseSelector.__exit__","name":"__exit__","type":{".class":"CallableType","arg_kinds":[0,2],"arg_names":[null,null],"arg_types":["selectors.BaseSelector","builtins.object"],"bound_args":[],"def_extras":{"first_arg":"self"},"fallback":"builtins.function","from_concatenate":false,"implicit":false,"is_ellipsis_args":false,"name":"__exit__ of BaseSelector","ret_type":{".class":"NoneType"},"type_guard":null,"unpack_kwargs":false,"variables":[]}}},"close":{".class":"SymbolTableNode","kind":"Mdef","node":{".class":"FuncDef","abstract_status":0,"arg_kinds":[0],"arg_names":["self"],"dataclass_transform_spec":null,"flags":[],"fullname":"selectors.BaseSelector.close","name":"close","type":{".class":"CallableType","arg_kinds":[0],"arg_names":["self"],"arg_types":["selectors.BaseSelector"],"bound_args":[],"def_extras":{"first_arg":"self"},"fallback":"builtins.function","from_concatenate":false,"implicit":false,"is_ellipsis_args":false,"name":"close of BaseSelector","ret_type":{".class":"NoneType"},"type_guard":null,"unpack_kwargs":false,"variables":[]}}},"get_key":{".class":"SymbolTableNode","kind":"Mdef","node":{".class":"FuncDef","abstract_status":0,"arg_kinds":[0,0],"arg_names":["self","fileobj"],"dataclass_transform_spec":null,"flags":[],"fullname":"selectors.BaseSelector.get_key","name":"get_key","type":{".class":"CallableType","arg_kinds":[0,0],"arg_names":["self","fileobj"],"arg_types":["selectors.BaseSelector",{".class":"TypeAliasType","args":[],"type_ref":"_typeshed.FileDescriptorLike"}],"bound_args":[],"def_extras":{"first_arg":"self"},"fallback":"builtins.function","from_concatenate":false,"implicit":false,"is_ellipsis_args":false,"name":"get_key of BaseSelector","ret_type":{".class":"TypeAliasType","args":[],"type_ref":"selectors.SelectorKey"},"type_guard":null,"unpack_kwargs":false,"variables":[]}}},"get_map":{".class":"SymbolTableNode","kind":"Mdef","node":{".class":"Decorator","func":{".class":"FuncDef","abstract_status":1,"arg_kinds":[0],"arg_names":["self"],"dataclass_transform_spec":null,"flags":["is_decorated"],"fullname":"selectors.BaseSelector.get_map","name":"get_map","type":{".class":"CallableType","arg_kinds":[0],"arg_names":["self"],"arg_types":["selectors.BaseSelector"],"bound_args":[],"def_extras":{"first_arg":"self"},"fallback":"builtins.function","from_concatenate":false,"implicit":false,"is_ellipsis_args":false,"name":"get_map of BaseSelector","ret_type":{".class":"Instance","args":[{".class":"TypeAliasType","args":[],"type_ref":"_typeshed.FileDescriptorLike"},{".class":"TypeAliasType","args":[],"type_ref":"selectors.SelectorKey"}],"type_ref":"typing.Mapping"},"type_guard":null,"unpack_kwargs":false,"variables":[]}},"is_overload":false,"var":{".class":"Var","flags":["is_initialized_in_class","is_ready","is_inferred"],"fullname":"selectors.BaseSelector.get_map","name":"get_map","type":{".class":"CallableType","arg_kinds":[0],"arg_names":["self"],"arg_types":["selectors.BaseSelector"],"bound_args":[],"def_extras":{"first_arg":"self"},"fallback":"builtins.function","from_concatenate":false,"implicit":false,"is_ellipsis_args":false,"name":"get_map of BaseSelector","ret_type":{".class":"Instance","args":[{".class":"TypeAliasType","args":[],"type_ref":"_typeshed.FileDescriptorLike"},{".class":"TypeAliasType","args":[],"type_ref":"selectors.SelectorKey"}],"type_ref":"typing.Mapping"},"type_guard":null,"unpack_kwargs":false,"variables":[]}}}},"modify":{".class":"SymbolTableNode","kind":"Mdef","node":{".class":"FuncDef","abstract_status":0,"arg_kinds":[0,0,0,1],"arg_names":["self","fileobj","events","data"],"dataclass_transform_spec":null,"flags":[],"fullname":"selectors.BaseSelector.modify","name":"modify","type":{".class":"CallableType","arg_kinds":[0,0,0,1],"arg_names":["self","fileobj","events","data"],"arg_types":["selectors.BaseSelector",{".class":"TypeAliasType","args":[],"type_ref":"_typeshed.FileDescriptorLike"},"builtins.int",{".class":"UnionType","items":[{".class":"AnyType","missing_import_name":null,"source_any":null,"type_of_any":2},{".class":"NoneType"}]}],"bound_args":[],"def_extras":{"first_arg":"self"},"fallback":"builtins.function","from_concatenate":false,"implicit":false,"is_ellipsis_args":false,"name":"modify of BaseSelector","ret_type":{".class":"TypeAliasType","args":[],"type_ref":"selectors.SelectorKey"},"type_guard":null,"unpack_kwargs":false,"variables":[]}}},"register":{".class":"SymbolTableNode","kind":"Mdef","node":{".class":"Decorator","func":{".class":"FuncDef","abstract_status":1,"arg_kinds":[0,0,0,1],"arg_names":["self","fileobj","events","data"],"dataclass_transform_spec":null,"flags":["is_decorated"],"fullname":"selectors.BaseSelector.register","name":"register","type":{".class":"CallableType","arg_kinds":[0,0,0,1],"arg_names":["self","fileobj","events","data"],"arg_types":["selectors.BaseSelector",{".class":"TypeAliasType","args":[],"type_ref":"_typeshed.FileDescriptorLike"},"builtins.int",{".class":"UnionType","items":[{".class":"AnyType","missing_import_name":null,"source_any":null,"type_of_any":2},{".class":"NoneType"}]}],"bound_args":[],"def_extras":{"first_arg":"self"},"fallback":"builtins.function","from_concatenate":false,"implicit":false,"is_ellipsis_args":false,"name":"register of BaseSelector","ret_type":{".class":"TypeAliasType","args":[],"type_ref":"selectors.SelectorKey"},"type_guard":null,"unpack_kwargs":false,"variables":[]}},"is_overload":false,"var":{".class":"Var","flags":["is_initialized_in_class","is_ready","is_inferred"],"fullname":"selectors.BaseSelector.register","name":"register","type":{".class":"CallableType","arg_kinds":[0,0,0,1],"arg_names":["self","fileobj","events","data"],"arg_types":["selectors.BaseSelector",{".class":"TypeAliasType","args":[],"type_ref":"_typeshed.FileDescriptorLike"},"builtins.int",{".class":"UnionType","items":[{".class":"AnyType","missing_import_name":null,"source_any":null,"type_of_any":2},{".class":"NoneType"}]}],"bound_args":[],"def_extras":{"first_arg":"self"},"fallback":"builtins.function","from_concatenate":false,"implicit":false,"is_ellipsis_args":false,"name":"register of BaseSelector","ret_type":{".class":"TypeAliasType","args":[],"type_ref":"selectors.SelectorKey"},"type_guard":null,"unpack_kwargs":false,"variables":[]}}}},"select":{".class":"SymbolTableNode","kind":"Mdef","node":{".class":"Decorator","func":{".class":"FuncDef","abstract_status":1,"arg_kinds":[0,1],"arg_names":["self","timeout"],"dataclass_transform_spec":null,"flags":["is_decorated"],"fullname":"selectors.BaseSelector.select","name":"select","type":{".class":"CallableType","arg_kinds":[0,1],"arg_names":["self","timeout"],"arg_types":["selectors.BaseSelector",{".class":"UnionType","items":["builtins.float",{".class":"NoneType"}]}],"bound_args":[],"def_extras":{"first_arg":"self"},"fallback":"builtins.function","from_concatenate":false,"implicit":false,"is_ellipsis_args":false,"name":"select of BaseSelector","ret_type":{".class":"Instance","args":[{".class":"TupleType","implicit":false,"items":[{".class":"TypeAliasType","args":[],"type_ref":"selectors.SelectorKey"},"builtins.int"],"partial_fallback":{".class":"Instance","args":[{".class":"AnyType","missing_import_name":null,"source_any":null,"type_of_any":6}],"type_ref":"builtins.tuple"}}],"type_ref":"builtins.list"},"type_guard":null,"unpack_kwargs":false,"variables":[]}},"is_overload":false,"var":{".class":"Var","flags":["is_initialized_in_class","is_ready","is_inferred"],"fullname":"selectors.BaseSelector.select","name":"select","type":{".class":"CallableType","arg_kinds":[0,1],"arg_names":["self","timeout"],"arg_types":["selectors.BaseSelector",{".class":"UnionType","items":["builtins.float",{".class":"NoneType"}]}],"bound_args":[],"def_extras":{"first_arg":"self"},"fallback":"builtins.function","from_concatenate":false,"implicit":false,"is_ellipsis_args":false,"name":"select of BaseSelector","ret_type":{".class":"Instance","args":[{".class":"TupleType","implicit":false,"items":[{".class":"TypeAliasType","args":[],"type_ref":"selectors.SelectorKey"},"builtins.int"],"partial_fallback":{".class":"Instance","args":[{".class":"AnyType","missing_import_name":null,"source_any":null,"type_of_any":6}],"type_ref":"builtins.tuple"}}],"type_ref":"builtins.list"},"type_guard":null,"unpack_kwargs":false,"variables":[]}}}},"unregister":{".class":"SymbolTableNode","kind":"Mdef","node":{".class":"Decorator","func":{".class":"FuncDef","abstract_status":1,"arg_kinds":[0,0],"arg_names":["self","fileobj"],"dataclass_transform_spec":null,"flags":["is_decorated"],"fullname":"selectors.BaseSelector.unregister","name":"unregister","type":{".class":"CallableType","arg_kinds":[0,0],"arg_names":["self","fileobj"],"arg_types":["selectors.BaseSelector",{".class":"TypeAliasType","args":[],"type_ref":"_typeshed.FileDescriptorLike"}],"bound_args":[],"def_extras":{"first_arg":"self"},"fallback":"builtins.function","from_concatenate":false,"implicit":false,"is_ellipsis_args":false,"name":"unregister of BaseSelector","ret_type":{".class":"TypeAliasType","args":[],"type_ref":"selectors.SelectorKey"},"type_guard":null,"unpack_kwargs":false,"variables":[]}},"is_overload":false,"var":{".class":"Var","flags":["is_initialized_in_class","is_ready","is_inferred"],"fullname":"selectors.BaseSelector.unregister","name":"unregister","type":{".class":"CallableType","arg_kinds":[0,0],"arg_names":["self","fileobj"],"arg_types":["selectors.BaseSelector",{".class":"TypeAliasType","args":[],"type_ref":"_typeshed.FileDescriptorLike"}],"bound_args":[],"def_extras":{"first_arg":"self"},"fallback":"builtins.function","from_concatenate":false,"implicit":false,"is_ellipsis_args":false,"name":"unregister of BaseSelector","ret_type":{".class":"TypeAliasType","args":[],"type_ref":"selectors.SelectorKey"},"type_guard":null,"unpack_kwargs":false,"variables":[]}}}}},"self_type":{".class":"TypeVarType","fullname":"selectors.BaseSelector.Self","id":0,"name":"Self","namespace":"","upper_bound":"selectors.BaseSelector","values":[],"variance":0},"slots":null,"tuple_type":null,"type_vars":[],"typeddict_type":null}},"DefaultSelector":{".class":"SymbolTableNode","kind":"Gdef","node":{".class":"TypeInfo","_promote":[],"abstract_attributes":[],"alt_promote":null,"bases":["selectors.BaseSelector"],"dataclass_transform_spec":null,"declared_metaclass":null,"defn":{".class":"ClassDef","fullname":"selectors.DefaultSelector","name":"DefaultSelector","type_vars":[]},"deletable_attributes":[],"flags":[],"fullname":"selectors.DefaultSelector","has_param_spec_type":false,"metaclass_type":"abc.ABCMeta","metadata":{},"module_name":"selectors","mro":["selectors.DefaultSelector","selectors.BaseSelector","builtins.object"],"names":{".class":"SymbolTable","get_map":{".class":"SymbolTableNode","kind":"Mdef","node":{".class":"FuncDef","abstract_status":0,"arg_kinds":[0],"arg_names":["self"],"dataclass_transform_spec":null,"flags":[],"fullname":"selectors.DefaultSelector.get_map","name":"get_map","type":{".class":"CallableType","arg_kinds":[0],"arg_names":["self"],"arg_types":["selectors.DefaultSelector"],"bound_args":[],"def_extras":{"first_arg":"self"},"fallback":"builtins.function","from_concatenate":false,"implicit":false,"is_ellipsis_args":false,"name":"get_map of DefaultSelector","ret_type":{".class":"Instance","args":[{".class":"TypeAliasType","args":[],"type_ref":"_typeshed.FileDescriptorLike"},{".class":"TypeAliasType","args":[],"type_ref":"selectors.SelectorKey"}],"type_ref":"typing.Mapping"},"type_guard":null,"unpack_kwargs":false,"variables":[]}}},"register":{".class":"SymbolTableNode","kind":"Mdef","node":{".class":"FuncDef","abstract_status":0,"arg_kinds":[0,0,0,1],"arg_names":["self","fileobj","events","data"],"dataclass_transform_spec":null,"flags":[],"fullname":"selectors.DefaultSelector.register","name":"register","type":{".class":"CallableType","arg_kinds":[0,0,0,1],"arg_names":["self","fileobj","events","data"],"arg_types":["selectors.DefaultSelector",{".class":"TypeAliasType","args":[],"type_ref":"_typeshed.FileDescriptorLike"},"builtins.int",{".class":"UnionType","items":[{".class":"AnyType","missing_import_name":null,"source_any":null,"type_of_any":2},{".class":"NoneType"}]}],"bound_args":[],"def_extras":{"first_arg":"self"},"fallback":"builtins.function","from_concatenate":false,"implicit":false,"is_ellipsis_args":false,"name":"register of DefaultSelector","ret_type":{".class":"TypeAliasType","args":[],"type_ref":"selectors.SelectorKey"},"type_guard":null,"unpack_kwargs":false,"variables":[]}}},"select":{".class":"SymbolTableNode","kind":"Mdef","node":{".class":"FuncDef","abstract_status":0,"arg_kinds":[0,1],"arg_names":["self","timeout"],"dataclass_transform_spec":null,"flags":[],"fullname":"selectors.DefaultSelector.select","name":"select","type":{".class":"CallableType","arg_kinds":[0,1],"arg_names":["self","timeout"],"arg_types":["selectors.DefaultSelector",{".class":"UnionType","items":["builtins.float",{".class":"NoneType"}]}],"bound_args":[],"def_extras":{"first_arg":"self"},"fallback":"builtins.function","from_concatenate":false,"implicit":false,"is_ellipsis_args":false,"name":"select of DefaultSelector","ret_type":{".class":"Instance","args":[{".class":"TupleType","implicit":false,"items":[{".class":"TypeAliasType","args":[],"type_ref":"selectors.SelectorKey"},"builtins.int"],"partial_fallback":{".class":"Instance","args":[{".class":"AnyType","missing_import_name":null,"source_any":null,"type_of_any":6}],"type_ref":"builtins.tuple"}}],"type_ref":"builtins.list"},"type_guard":null,"unpack_kwargs":false,"variables":[]}}},"unregister":{".class":"SymbolTableNode","kind":"Mdef","node":{".class":"FuncDef","abstract_status":0,"arg_kinds":[0,0],"arg_names":["self","fileobj"],"dataclass_transform_spec":null,"flags":[],"fullname":"selectors.DefaultSelector.unregister","name":"unregister","type":{".class":"CallableType","arg_kinds":[0,0],"arg_names":["self","fileobj"],"arg_types":["selectors.DefaultSelector",{".class":"TypeAliasType","args":[],"type_ref":"_typeshed.FileDescriptorLike"}],"bound_args":[],"def_extras":{"first_arg":"self"},"fallback":"builtins.function","from_concatenate":false,"implicit":false,"is_ellipsis_args":false,"name":"unregister of DefaultSelector","ret_type":{".class":"TypeAliasType","args":[],"type_ref":"selectors.SelectorKey"},"type_guard":null,"unpack_kwargs":false,"variables":[]}}}},"self_type":null,"slots":null,"tuple_type":null,"type_vars":[],"typeddict_type":null}},"DevpollSelector":{".class":"SymbolTableNode","kind":"Gdef","node":{".class":"TypeInfo","_promote":[],"abstract_attributes":[],"alt_promote":null,"bases":["selectors.BaseSelector"],"dataclass_transform_spec":null,"declared_metaclass":null,"defn":{".class":"ClassDef","fullname":"selectors.DevpollSelector","name":"DevpollSelector","type_vars":[]},"deletable_attributes":[],"flags":[],"fullname":"selectors.DevpollSelector","has_param_spec_type":false,"metaclass_type":"abc.ABCMeta","metadata":{},"module_name":"selectors","mro":["selectors.DevpollSelector","selectors.BaseSelector","builtins.object"],"names":{".class":"SymbolTable","fileno":{".class":"SymbolTableNode","kind":"Mdef","node":{".class":"FuncDef","abstract_status":0,"arg_kinds":[0],"arg_names":["self"],"dataclass_transform_spec":null,"flags":[],"fullname":"selectors.DevpollSelector.fileno","name":"fileno","type":{".class":"CallableType","arg_kinds":[0],"arg_names":["self"],"arg_types":["selectors.DevpollSelector"],"bound_args":[],"def_extras":{"first_arg":"self"},"fallback":"builtins.function","from_concatenate":false,"implicit":false,"is_ellipsis_args":false,"name":"fileno of DevpollSelector","ret_type":"builtins.int","type_guard":null,"unpack_kwargs":false,"variables":[]}}},"get_map":{".class":"SymbolTableNode","kind":"Mdef","node":{".class":"FuncDef","abstract_status":0,"arg_kinds":[0],"arg_names":["self"],"dataclass_transform_spec":null,"flags":[],"fullname":"selectors.DevpollSelector.get_map","name":"get_map","type":{".class":"CallableType","arg_kinds":[0],"arg_names":["self"],"arg_types":["selectors.DevpollSelector"],"bound_args":[],"def_extras":{"first_arg":"self"},"fallback":"builtins.function","from_concatenate":false,"implicit":false,"is_ellipsis_args":false,"name":"get_map of DevpollSelector","ret_type":{".class":"Instance","args":[{".class":"TypeAliasType","args":[],"type_ref":"_typeshed.FileDescriptorLike"},{".class":"TypeAliasType","args":[],"type_ref":"selectors.SelectorKey"}],"type_ref":"typing.Mapping"},"type_guard":null,"unpack_kwargs":false,"variables":[]}}},"register":{".class":"SymbolTableNode","kind":"Mdef","node":{".class":"FuncDef","abstract_status":0,"arg_kinds":[0,0,0,1],"arg_names":["self","fileobj","events","data"],"dataclass_transform_spec":null,"flags":[],"fullname":"selectors.DevpollSelector.register","name":"register","type":{".class":"CallableType","arg_kinds":[0,0,0,1],"arg_names":["self","fileobj","events","data"],"arg_types":["selectors.DevpollSelector",{".class":"TypeAliasType","args":[],"type_ref":"_typeshed.FileDescriptorLike"},"builtins.int",{".class":"AnyType","missing_import_name":null,"source_any":null,"type_of_any":2}],"bound_args":[],"def_extras":{"first_arg":"self"},"fallback":"builtins.function","from_concatenate":false,"implicit":false,"is_ellipsis_args":false,"name":"register of DevpollSelector","ret_type":{".class":"TypeAliasType","args":[],"type_ref":"selectors.SelectorKey"},"type_guard":null,"unpack_kwargs":false,"variables":[]}}},"select":{".class":"SymbolTableNode","kind":"Mdef","node":{".class":"FuncDef","abstract_status":0,"arg_kinds":[0,1],"arg_names":["self","timeout"],"dataclass_transform_spec":null,"flags":[],"fullname":"selectors.DevpollSelector.select","name":"select","type":{".class":"CallableType","arg_kinds":[0,1],"arg_names":["self","timeout"],"arg_types":["selectors.DevpollSelector",{".class":"UnionType","items":["builtins.float",{".class":"NoneType"}]}],"bound_args":[],"def_extras":{"first_arg":"self"},"fallback":"builtins.function","from_concatenate":false,"implicit":false,"is_ellipsis_args":false,"name":"select of DevpollSelector","ret_type":{".class":"Instance","args":[{".class":"TupleType","implicit":false,"items":[{".class":"TypeAliasType","args":[],"type_ref":"selectors.SelectorKey"},"builtins.int"],"partial_fallback":{".class":"Instance","args":[{".class":"AnyType","missing_import_name":null,"source_any":null,"type_of_any":6}],"type_ref":"builtins.tuple"}}],"type_ref":"builtins.list"},"type_guard":null,"unpack_kwargs":false,"variables":[]}}},"unregister":{".class":"SymbolTableNode","kind":"Mdef","node":{".class":"FuncDef","abstract_status":0,"arg_kinds":[0,0],"arg_names":["self","fileobj"],"dataclass_transform_spec":null,"flags":[],"fullname":"selectors.DevpollSelector.unregister","name":"unregister","type":{".class":"CallableType","arg_kinds":[0,0],"arg_names":["self","fileobj"],"arg_types":["selectors.DevpollSelector",{".class":"TypeAliasType","args":[],"type_ref":"_typeshed.FileDescriptorLike"}],"bound_args":[],"def_extras":{"first_arg":"self"},"fallback":"builtins.function","from_concatenate":false,"implicit":false,"is_ellipsis_args":false,"name":"unregister of DevpollSelector","ret_type":{".class":"TypeAliasType","args":[],"type_ref":"selectors.SelectorKey"},"type_guard":null,"unpack_kwargs":false,"variables":[]}}}},"self_type":null,"slots":null,"tuple_type":null,"type_vars":[],"typeddict_type":null}},"EVENT_READ":{".class":"SymbolTableNode","kind":"Gdef","node":{".class":"Var","flags":["is_ready"],"fullname":"selectors.EVENT_READ","name":"EVENT_READ","type":"builtins.int"}},"EVENT_WRITE":{".class":"SymbolTableNode","kind":"Gdef","node":{".class":"Var","flags":["is_ready"],"fullname":"selectors.EVENT_WRITE","name":"EVENT_WRITE","type":"builtins.int"}},"FileDescriptor":{".class":"SymbolTableNode","cross_ref":"_typeshed.FileDescriptor","kind":"Gdef","module_hidden":true,"module_public":false},"FileDescriptorLike":{".class":"SymbolTableNode","cross_ref":"_typeshed.FileDescriptorLike","kind":"Gdef","module_hidden":true,"module_public":false},"KqueueSelector":{".class":"SymbolTableNode","kind":"Gdef","node":{".class":"TypeInfo","_promote":[],"abstract_attributes":[],"alt_promote":null,"bases":["selectors.BaseSelector"],"dataclass_transform_spec":null,"declared_metaclass":null,"defn":{".class":"ClassDef","fullname":"selectors.KqueueSelector","name":"KqueueSelector","type_vars":[]},"deletable_attributes":[],"flags":[],"fullname":"selectors.KqueueSelector","has_param_spec_type":false,"metaclass_type":"abc.ABCMeta","metadata":{},"module_name":"selectors","mro":["selectors.KqueueSelector","selectors.BaseSelector","builtins.object"],"names":{".class":"SymbolTable","fileno":{".class":"SymbolTableNode","kind":"Mdef","node":{".class":"FuncDef","abstract_status":0,"arg_kinds":[0],"arg_names":["self"],"dataclass_transform_spec":null,"flags":[],"fullname":"selectors.KqueueSelector.fileno","name":"fileno","type":{".class":"CallableType","arg_kinds":[0],"arg_names":["self"],"arg_types":["selectors.KqueueSelector"],"bound_args":[],"def_extras":{"first_arg":"self"},"fallback":"builtins.function","from_concatenate":false,"implicit":false,"is_ellipsis_args":false,"name":"fileno of KqueueSelector","ret_type":"builtins.int","type_guard":null,"unpack_kwargs":false,"variables":[]}}},"get_map":{".class":"SymbolTableNode","kind":"Mdef","node":{".class":"FuncDef","abstract_status":0,"arg_kinds":[0],"arg_names":["self"],"dataclass_transform_spec":null,"flags":[],"fullname":"selectors.KqueueSelector.get_map","name":"get_map","type":{".class":"CallableType","arg_kinds":[0],"arg_names":["self"],"arg_types":["selectors.KqueueSelector"],"bound_args":[],"def_extras":{"first_arg":"self"},"fallback":"builtins.function","from_concatenate":false,"implicit":false,"is_ellipsis_args":false,"name":"get_map of KqueueSelector","ret_type":{".class":"Instance","args":[{".class":"TypeAliasType","args":[],"type_ref":"_typeshed.FileDescriptorLike"},{".class":"TypeAliasType","args":[],"type_ref":"selectors.SelectorKey"}],"type_ref":"typing.Mapping"},"type_guard":null,"unpack_kwargs":false,"variables":[]}}},"register":{".class":"SymbolTableNode","kind":"Mdef","node":{".class":"FuncDef","abstract_status":0,"arg_kinds":[0,0,0,1],"arg_names":["self","fileobj","events","data"],"dataclass_transform_spec":null,"flags":[],"fullname":"selectors.KqueueSelector.register","name":"register","type":{".class":"CallableType","arg_kinds":[0,0,0,1],"arg_names":["self","fileobj","events","data"],"arg_types":["selectors.KqueueSelector",{".class":"TypeAliasType","args":[],"type_ref":"_typeshed.FileDescriptorLike"},"builtins.int",{".class":"UnionType","items":[{".class":"AnyType","missing_import_name":null,"source_any":null,"type_of_any":2},{".class":"NoneType"}]}],"bound_args":[],"def_extras":{"first_arg":"self"},"fallback":"builtins.function","from_concatenate":false,"implicit":false,"is_ellipsis_args":false,"name":"register of KqueueSelector","ret_type":{".class":"TypeAliasType","args":[],"type_ref":"selectors.SelectorKey"},"type_guard":null,"unpack_kwargs":false,"variables":[]}}},"select":{".class":"SymbolTableNode","kind":"Mdef","node":{".class":"FuncDef","abstract_status":0,"arg_kinds":[0,1],"arg_names":["self","timeout"],"dataclass_transform_spec":null,"flags":[],"fullname":"selectors.KqueueSelector.select","name":"select","type":{".class":"CallableType","arg_kinds":[0,1],"arg_names":["self","timeout"],"arg_types":["selectors.KqueueSelector",{".class":"UnionType","items":["builtins.float",{".class":"NoneType"}]}],"bound_args":[],"def_extras":{"first_arg":"self"},"fallback":"builtins.function","from_concatenate":false,"implicit":false,"is_ellipsis_args":false,"name":"select of KqueueSelector","ret_type":{".class":"Instance","args":[{".class":"TupleType","implicit":false,"items":[{".class":"TypeAliasType","args":[],"type_ref":"selectors.SelectorKey"},"builtins.int"],"partial_fallback":{".class":"Instance","args":[{".class":"AnyType","missing_import_name":null,"source_any":null,"type_of_any":6}],"type_ref":"builtins.tuple"}}],"type_ref":"builtins.list"},"type_guard":null,"unpack_kwargs":false,"variables":[]}}},"unregister":{".class":"SymbolTableNode","kind":"Mdef","node":{".class":"FuncDef","abstract_status":0,"arg_kinds":[0,0],"arg_names":["self","fileobj"],"dataclass_transform_spec":null,"flags":[],"fullname":"selectors.KqueueSelector.unregister","name":"unregister","type":{".class":"CallableType","arg_kinds":[0,0],"arg_names":["self","fileobj"],"arg_types":["selectors.KqueueSelector",{".class":"TypeAliasType","args":[],"type_ref":"_typeshed.FileDescriptorLike"}],"bound_args":[],"def_extras":{"first_arg":"self"},"fallback":"builtins.function","from_concatenate":false,"implicit":false,"is_ellipsis_args":false,"name":"unregister of KqueueSelector","ret_type":{".class":"TypeAliasType","args":[],"type_ref":"selectors.SelectorKey"},"type_guard":null,"unpack_kwargs":false,"variables":[]}}}},"self_type":null,"slots":null,"tuple_type":null,"type_vars":[],"typeddict_type":null}},"Mapping":{".class":"SymbolTableNode","cross_ref":"typing.Mapping","kind":"Gdef","module_hidden":true,"module_public":false},"NamedTuple":{".class":"SymbolTableNode","cross_ref":"typing.NamedTuple","kind":"Gdef","module_hidden":true,"module_public":false},"SelectSelector":{".class":"SymbolTableNode","kind":"Gdef","node":{".class":"TypeInfo","_promote":[],"abstract_attributes":[],"alt_promote":null,"bases":["selectors.BaseSelector"],"dataclass_transform_spec":null,"declared_metaclass":null,"defn":{".class":"ClassDef","fullname":"selectors.SelectSelector","name":"SelectSelector","type_vars":[]},"deletable_attributes":[],"flags":[],"fullname":"selectors.SelectSelector","has_param_spec_type":false,"metaclass_type":"abc.ABCMeta","metadata":{},"module_name":"selectors","mro":["selectors.SelectSelector","selectors.BaseSelector","builtins.object"],"names":{".class":"SymbolTable","get_map":{".class":"SymbolTableNode","kind":"Mdef","node":{".class":"FuncDef","abstract_status":0,"arg_kinds":[0],"arg_names":["self"],"dataclass_transform_spec":null,"flags":[],"fullname":"selectors.SelectSelector.get_map","name":"get_map","type":{".class":"CallableType","arg_kinds":[0],"arg_names":["self"],"arg_types":["selectors.SelectSelector"],"bound_args":[],"def_extras":{"first_arg":"self"},"fallback":"builtins.function","from_concatenate":false,"implicit":false,"is_ellipsis_args":false,"name":"get_map of SelectSelector","ret_type":{".class":"Instance","args":[{".class":"TypeAliasType","args":[],"type_ref":"_typeshed.FileDescriptorLike"},{".class":"TypeAliasType","args":[],"type_ref":"selectors.SelectorKey"}],"type_ref":"typing.Mapping"},"type_guard":null,"unpack_kwargs":false,"variables":[]}}},"register":{".class":"SymbolTableNode","kind":"Mdef","node":{".class":"FuncDef","abstract_status":0,"arg_kinds":[0,0,0,1],"arg_names":["self","fileobj","events","data"],"dataclass_transform_spec":null,"flags":[],"fullname":"selectors.SelectSelector.register","name":"register","type":{".class":"CallableType","arg_kinds":[0,0,0,1],"arg_names":["self","fileobj","events","data"],"arg_types":["selectors.SelectSelector",{".class":"TypeAliasType","args":[],"type_ref":"_typeshed.FileDescriptorLike"},"builtins.int",{".class":"UnionType","items":[{".class":"AnyType","missing_import_name":null,"source_any":null,"type_of_any":2},{".class":"NoneType"}]}],"bound_args":[],"def_extras":{"first_arg":"self"},"fallback":"builtins.function","from_concatenate":false,"implicit":false,"is_ellipsis_args":false,"name":"register of SelectSelector","ret_type":{".class":"TypeAliasType","args":[],"type_ref":"selectors.SelectorKey"},"type_guard":null,"unpack_kwargs":false,"variables":[]}}},"select":{".class":"SymbolTableNode","kind":"Mdef","node":{".class":"FuncDef","abstract_status":0,"arg_kinds":[0,1],"arg_names":["self","timeout"],"dataclass_transform_spec":null,"flags":[],"fullname":"selectors.SelectSelector.select","name":"select","type":{".class":"CallableType","arg_kinds":[0,1],"arg_names":["self","timeout"],"arg_types":["selectors.SelectSelector",{".class":"UnionType","items":["builtins.float",{".class":"NoneType"}]}],"bound_args":[],"def_extras":{"first_arg":"self"},"fallback":"builtins.function","from_concatenate":false,"implicit":false,"is_ellipsis_args":false,"name":"select of SelectSelector","ret_type":{".class":"Instance","args":[{".class":"TupleType","implicit":false,"items":[{".class":"TypeAliasType","args":[],"type_ref":"selectors.SelectorKey"},"builtins.int"],"partial_fallback":{".class":"Instance","args":[{".class":"AnyType","missing_import_name":null,"source_any":null,"type_of_any":6}],"type_ref":"builtins.tuple"}}],"type_ref":"builtins.list"},"type_guard":null,"unpack_kwargs":false,"variables":[]}}},"unregister":{".class":"SymbolTableNode","kind":"Mdef","node":{".class":"FuncDef","abstract_status":0,"arg_kinds":[0,0],"arg_names":["self","fileobj"],"dataclass_transform_spec":null,"flags":[],"fullname":"selectors.SelectSelector.unregister","name":"unregister","type":{".class":"CallableType","arg_kinds":[0,0],"arg_names":["self","fileobj"],"arg_types":["selectors.SelectSelector",{".class":"TypeAliasType","args":[],"type_ref":"_typeshed.FileDescriptorLike"}],"bound_args":[],"def_extras":{"first_arg":"self"},"fallback":"builtins.function","from_concatenate":false,"implicit":false,"is_ellipsis_args":false,"name":"unregister of SelectSelector","ret_type":{".class":"TypeAliasType","args":[],"type_ref":"selectors.SelectorKey"},"type_guard":null,"unpack_kwargs":false,"variables":[]}}}},"self_type":null,"slots":null,"tuple_type":null,"type_vars":[],"typeddict_type":null}},"SelectorKey":{".class":"SymbolTableNode","kind":"Gdef","node":{".class":"TypeInfo","_promote":[],"abstract_attributes":[],"alt_promote":null,"bases":[{".class":"Instance","args":[{".class":"AnyType","missing_import_name":null,"source_any":null,"type_of_any":2}],"type_ref":"builtins.tuple"}],"dataclass_transform_spec":null,"declared_metaclass":null,"defn":{".class":"ClassDef","fullname":"selectors.SelectorKey","name":"SelectorKey","type_vars":[]},"deletable_attributes":[],"flags":["is_named_tuple"],"fullname":"selectors.SelectorKey","has_param_spec_type":false,"metaclass_type":null,"metadata":{"namedtuple":{"fields":["fileobj","fd","events","data"]}},"module_name":"selectors","mro":["selectors.SelectorKey","builtins.tuple","typing.Sequence","typing.Collection","typing.Reversible","typing.Iterable","typing.Container","builtins.object"],"names":{".class":"SymbolTable","_NT":{".class":"SymbolTableNode","kind":"Mdef","node":{".class":"TypeVarExpr","fullname":"selectors.SelectorKey._NT","name":"_NT","upper_bound":{".class":"TupleType","implicit":false,"items":[{".class":"TypeAliasType","args":[],"type_ref":"_typeshed.FileDescriptorLike"},"builtins.int","builtins.int",{".class":"AnyType","missing_import_name":null,"source_any":null,"type_of_any":2}],"partial_fallback":{".class":"Instance","args":[{".class":"AnyType","missing_import_name":null,"source_any":null,"type_of_any":2}],"type_ref":"builtins.tuple"}},"values":[],"variance":0}},"__annotations__":{".class":"SymbolTableNode","kind":"Mdef","node":{".class":"Var","flags":["is_initialized_in_class","is_ready"],"fullname":"selectors.SelectorKey.__annotations__","name":"__annotations__","type":{".class":"Instance","args":["builtins.str",{".class":"AnyType","missing_import_name":null,"source_any":null,"type_of_any":6}],"type_ref":"builtins.dict"}}},"__doc__":{".class":"SymbolTableNode","kind":"Mdef","node":{".class":"Var","flags":["is_initialized_in_class","is_ready"],"fullname":"selectors.SelectorKey.__doc__","name":"__doc__","type":"builtins.str"}},"__match_args__":{".class":"SymbolTableNode","kind":"Mdef","node":{".class":"Var","flags":["is_initialized_in_class","is_ready"],"fullname":"selectors.SelectorKey.__match_args__","name":"__match_args__","type":{".class":"TupleType","implicit":false,"items":[{".class":"LiteralType","fallback":"builtins.str","value":"fileobj"},{".class":"LiteralType","fallback":"builtins.str","value":"fd"},{".class":"LiteralType","fallback":"builtins.str","value":"events"},{".class":"LiteralType","fallback":"builtins.str","value":"data"}],"partial_fallback":{".class":"Instance","args":[{".class":"AnyType","missing_import_name":null,"source_any":null,"type_of_any":6}],"type_ref":"builtins.tuple"}}}},"__new__":{".class":"SymbolTableNode","kind":"Mdef","node":{".class":"FuncDef","abstract_status":0,"arg_kinds":[0,0,0,0,0],"arg_names":["_cls","fileobj","fd","events","data"],"dataclass_transform_spec":null,"flags":[],"fullname":"selectors.SelectorKey.__new__","name":"__new__","type":{".class":"CallableType","arg_kinds":[0,0,0,0,0],"arg_names":["_cls","fileobj","fd","events","data"],"arg_types":[{".class":"TypeType","item":{".class":"TypeVarType","fullname":"selectors.SelectorKey._NT","id":-1,"name":"_NT","namespace":"","upper_bound":{".class":"TupleType","implicit":false,"items":[{".class":"TypeAliasType","args":[],"type_ref":"_typeshed.FileDescriptorLike"},"builtins.int","builtins.int",{".class":"AnyType","missing_import_name":null,"source_any":null,"type_of_any":2}],"partial_fallback":{".class":"Instance","args":[{".class":"AnyType","missing_import_name":null,"source_any":null,"type_of_any":2}],"type_ref":"builtins.tuple"}},"values":[],"variance":0}},{".class":"TypeAliasType","args":[],"type_ref":"_typeshed.FileDescriptorLike"},"builtins.int","builtins.int",{".class":"AnyType","missing_import_name":null,"source_any":null,"type_of_any":2}],"bound_args":[],"def_extras":{},"fallback":"builtins.function","from_concatenate":false,"implicit":false,"is_ellipsis_args":false,"name":"__new__ of SelectorKey","ret_type":{".class":"TypeVarType","fullname":"selectors.SelectorKey._NT","id":-1,"name":"_NT","namespace":"","upper_bound":{".class":"TupleType","implicit":false,"items":[{".class":"TypeAliasType","args":[],"type_ref":"_typeshed.FileDescriptorLike"},"builtins.int","builtins.int",{".class":"AnyType","missing_import_name":null,"source_any":null,"type_of_any":2}],"partial_fallback":{".class":"Instance","args":[{".class":"AnyType","missing_import_name":null,"source_any":null,"type_of_any":2}],"type_ref":"builtins.tuple"}},"values":[],"variance":0},"type_guard":null,"unpack_kwargs":false,"variables":[{".class":"TypeVarType","fullname":"selectors.SelectorKey._NT","id":-1,"name":"_NT","namespace":"","upper_bound":{".class":"TupleType","implicit":false,"items":[{".class":"TypeAliasType","args":[],"type_ref":"_typeshed.FileDescriptorLike"},"builtins.int","builtins.int",{".class":"AnyType","missing_import_name":null,"source_any":null,"type_of_any":2}],"partial_fallback":{".class":"Instance","args":[{".class":"AnyType","missing_import_name":null,"source_any":null,"type_of_any":2}],"type_ref":"builtins.tuple"}},"values":[],"variance":0}]}},"plugin_generated":true},"_asdict":{".class":"SymbolTableNode","kind":"Mdef","node":{".class":"FuncDef","abstract_status":0,"arg_kinds":[0],"arg_names":["_self"],"dataclass_transform_spec":null,"flags":[],"fullname":"selectors.SelectorKey._asdict","name":"_asdict","type":{".class":"CallableType","arg_kinds":[0],"arg_names":["_self"],"arg_types":[{".class":"TypeVarType","fullname":"selectors.SelectorKey._NT","id":-1,"name":"_NT","namespace":"","upper_bound":{".class":"TupleType","implicit":false,"items":[{".class":"TypeAliasType","args":[],"type_ref":"_typeshed.FileDescriptorLike"},"builtins.int","builtins.int",{".class":"AnyType","missing_import_name":null,"source_any":null,"type_of_any":2}],"partial_fallback":{".class":"Instance","args":[{".class":"AnyType","missing_import_name":null,"source_any":null,"type_of_any":2}],"type_ref":"builtins.tuple"}},"values":[],"variance":0}],"bound_args":[],"def_extras":{},"fallback":"builtins.function","from_concatenate":false,"implicit":false,"is_ellipsis_args":false,"name":"_asdict of SelectorKey","ret_type":{".class":"Instance","args":["builtins.str",{".class":"AnyType","missing_import_name":null,"source_any":null,"type_of_any":6}],"type_ref":"builtins.dict"},"type_guard":null,"unpack_kwargs":false,"variables":[{".class":"TypeVarType","fullname":"selectors.SelectorKey._NT","id":-1,"name":"_NT","namespace":"","upper_bound":{".class":"TupleType","implicit":false,"items":[{".class":"TypeAliasType","args":[],"type_ref":"_typeshed.FileDescriptorLike"},"builtins.int","builtins.int",{".class":"AnyType","missing_import_name":null,"source_any":null,"type_of_any":2}],"partial_fallback":{".class":"Instance","args":[{".class":"AnyType","missing_import_name":null,"source_any":null,"type_of_any":2}],"type_ref":"builtins.tuple"}},"values":[],"variance":0}]}},"plugin_generated":true},"_field_defaults":{".class":"SymbolTableNode","kind":"Mdef","node":{".class":"Var","flags":["is_initialized_in_class","is_ready"],"fullname":"selectors.SelectorKey._field_defaults","name":"_field_defaults","type":{".class":"Instance","args":["builtins.str",{".class":"AnyType","missing_import_name":null,"source_any":null,"type_of_any":6}],"type_ref":"builtins.dict"}}},"_field_types":{".class":"SymbolTableNode","kind":"Mdef","node":{".class":"Var","flags":["is_initialized_in_class","is_ready"],"fullname":"selectors.SelectorKey._field_types","name":"_field_types","type":{".class":"Instance","args":["builtins.str",{".class":"AnyType","missing_import_name":null,"source_any":null,"type_of_any":6}],"type_ref":"builtins.dict"}}},"_fields":{".class":"SymbolTableNode","kind":"Mdef","node":{".class":"Var","flags":["is_initialized_in_class","is_ready"],"fullname":"selectors.SelectorKey._fields","name":"_fields","type":{".class":"TupleType","implicit":false,"items":["builtins.str","builtins.str","builtins.str","builtins.str"],"partial_fallback":{".class":"Instance","args":[{".class":"AnyType","missing_import_name":null,"source_any":null,"type_of_any":6}],"type_ref":"builtins.tuple"}}}},"_make":{".class":"SymbolTableNode","kind":"Mdef","node":{".class":"Decorator","func":{".class":"FuncDef","abstract_status":0,"arg_kinds":[0,0,5,5],"arg_names":["_cls","iterable","new","len"],"dataclass_transform_spec":null,"flags":["is_class","is_decorated"],"fullname":"selectors.SelectorKey._make","name":"_make","type":{".class":"CallableType","arg_kinds":[0,0,5,5],"arg_names":["_cls","iterable","new","len"],"arg_types":[{".class":"TypeType","item":{".class":"TypeVarType","fullname":"selectors.SelectorKey._NT","id":-1,"name":"_NT","namespace":"","upper_bound":{".class":"TupleType","implicit":false,"items":[{".class":"TypeAliasType","args":[],"type_ref":"_typeshed.FileDescriptorLike"},"builtins.int","builtins.int",{".class":"AnyType","missing_import_name":null,"source_any":null,"type_of_any":2}],"partial_fallback":{".class":"Instance","args":[{".class":"AnyType","missing_import_name":null,"source_any":null,"type_of_any":2}],"type_ref":"builtins.tuple"}},"values":[],"variance":0}},{".class":"Instance","args":[{".class":"AnyType","missing_import_name":null,"source_any":null,"type_of_any":6}],"type_ref":"typing.Iterable"},{".class":"AnyType","missing_import_name":null,"source_any":null,"type_of_any":6},{".class":"AnyType","missing_import_name":null,"source_any":null,"type_of_any":6}],"bound_args":[],"def_extras":{},"fallback":"builtins.function","from_concatenate":false,"implicit":false,"is_ellipsis_args":false,"name":"_make of SelectorKey","ret_type":{".class":"TypeVarType","fullname":"selectors.SelectorKey._NT","id":-1,"name":"_NT","namespace":"","upper_bound":{".class":"TupleType","implicit":false,"items":[{".class":"TypeAliasType","args":[],"type_ref":"_typeshed.FileDescriptorLike"},"builtins.int","builtins.int",{".class":"AnyType","missing_import_name":null,"source_any":null,"type_of_any":2}],"partial_fallback":{".class":"Instance","args":[{".class":"AnyType","missing_import_name":null,"source_any":null,"type_of_any":2}],"type_ref":"builtins.tuple"}},"values":[],"variance":0},"type_guard":null,"unpack_kwargs":false,"variables":[{".class":"TypeVarType","fullname":"selectors.SelectorKey._NT","id":-1,"name":"_NT","namespace":"","upper_bound":{".class":"TupleType","implicit":false,"items":[{".class":"TypeAliasType","args":[],"type_ref":"_typeshed.FileDescriptorLike"},"builtins.int","builtins.int",{".class":"AnyType","missing_import_name":null,"source_any":null,"type_of_any":2}],"partial_fallback":{".class":"Instance","args":[{".class":"AnyType","missing_import_name":null,"source_any":null,"type_of_any":2}],"type_ref":"builtins.tuple"}},"values":[],"variance":0}]}},"is_overload":false,"var":{".class":"Var","flags":["is_classmethod","is_ready"],"fullname":"selectors.SelectorKey._make","name":"_make","type":{".class":"CallableType","arg_kinds":[0,0,5,5],"arg_names":["_cls","iterable","new","len"],"arg_types":[{".class":"TypeType","item":{".class":"TypeVarType","fullname":"selectors.SelectorKey._NT","id":-1,"name":"_NT","namespace":"","upper_bound":{".class":"TupleType","implicit":false,"items":[{".class":"TypeAliasType","args":[],"type_ref":"_typeshed.FileDescriptorLike"},"builtins.int","builtins.int",{".class":"AnyType","missing_import_name":null,"source_any":null,"type_of_any":2}],"partial_fallback":{".class":"Instance","args":[{".class":"AnyType","missing_import_name":null,"source_any":null,"type_of_any":2}],"type_ref":"builtins.tuple"}},"values":[],"variance":0}},{".class":"Instance","args":[{".class":"AnyType","missing_import_name":null,"source_any":null,"type_of_any":6}],"type_ref":"typing.Iterable"},{".class":"AnyType","missing_import_name":null,"source_any":null,"type_of_any":6},{".class":"AnyType","missing_import_name":null,"source_any":null,"type_of_any":6}],"bound_args":[],"def_extras":{},"fallback":"builtins.function","from_concatenate":false,"implicit":false,"is_ellipsis_args":false,"name":"_make of SelectorKey","ret_type":{".class":"TypeVarType","fullname":"selectors.SelectorKey._NT","id":-1,"name":"_NT","namespace":"","upper_bound":{".class":"TupleType","implicit":false,"items":[{".class":"TypeAliasType","args":[],"type_ref":"_typeshed.FileDescriptorLike"},"builtins.int","builtins.int",{".class":"AnyType","missing_import_name":null,"source_any":null,"type_of_any":2}],"partial_fallback":{".class":"Instance","args":[{".class":"AnyType","missing_import_name":null,"source_any":null,"type_of_any":2}],"type_ref":"builtins.tuple"}},"values":[],"variance":0},"type_guard":null,"unpack_kwargs":false,"variables":[{".class":"TypeVarType","fullname":"selectors.SelectorKey._NT","id":-1,"name":"_NT","namespace":"","upper_bound":{".class":"TupleType","implicit":false,"items":[{".class":"TypeAliasType","args":[],"type_ref":"_typeshed.FileDescriptorLike"},"builtins.int","builtins.int",{".class":"AnyType","missing_import_name":null,"source_any":null,"type_of_any":2}],"partial_fallback":{".class":"Instance","args":[{".class":"AnyType","missing_import_name":null,"source_any":null,"type_of_any":2}],"type_ref":"builtins.tuple"}},"values":[],"variance":0}]}}},"plugin_generated":true},"_replace":{".class":"SymbolTableNode","kind":"Mdef","node":{".class":"FuncDef","abstract_status":0,"arg_kinds":[0,5,5,5,5],"arg_names":["_self","fileobj","fd","events","data"],"dataclass_transform_spec":null,"flags":[],"fullname":"selectors.SelectorKey._replace","name":"_replace","type":{".class":"CallableType","arg_kinds":[0,5,5,5,5],"arg_names":["_self","fileobj","fd","events","data"],"arg_types":[{".class":"TypeVarType","fullname":"selectors.SelectorKey._NT","id":-1,"name":"_NT","namespace":"","upper_bound":{".class":"TupleType","implicit":false,"items":[{".class":"TypeAliasType","args":[],"type_ref":"_typeshed.FileDescriptorLike"},"builtins.int","builtins.int",{".class":"AnyType","missing_import_name":null,"source_any":null,"type_of_any":2}],"partial_fallback":{".class":"Instance","args":[{".class":"AnyType","missing_import_name":null,"source_any":null,"type_of_any":2}],"type_ref":"builtins.tuple"}},"values":[],"variance":0},{".class":"TypeAliasType","args":[],"type_ref":"_typeshed.FileDescriptorLike"},"builtins.int","builtins.int",{".class":"AnyType","missing_import_name":null,"source_any":null,"type_of_any":2}],"bound_args":[],"def_extras":{},"fallback":"builtins.function","from_concatenate":false,"implicit":false,"is_ellipsis_args":false,"name":"_replace of SelectorKey","ret_type":{".class":"TypeVarType","fullname":"selectors.SelectorKey._NT","id":-1,"name":"_NT","namespace":"","upper_bound":{".class":"TupleType","implicit":false,"items":[{".class":"TypeAliasType","args":[],"type_ref":"_typeshed.FileDescriptorLike"},"builtins.int","builtins.int",{".class":"AnyType","missing_import_name":null,"source_any":null,"type_of_any":2}],"partial_fallback":{".class":"Instance","args":[{".class":"AnyType","missing_import_name":null,"source_any":null,"type_of_any":2}],"type_ref":"builtins.tuple"}},"values":[],"variance":0},"type_guard":null,"unpack_kwargs":false,"variables":[{".class":"TypeVarType","fullname":"selectors.SelectorKey._NT","id":-1,"name":"_NT","namespace":"","upper_bound":{".class":"TupleType","implicit":false,"items":[{".class":"TypeAliasType","args":[],"type_ref":"_typeshed.FileDescriptorLike"},"builtins.int","builtins.int",{".class":"AnyType","missing_import_name":null,"source_any":null,"type_of_any":2}],"partial_fallback":{".class":"Instance","args":[{".class":"AnyType","missing_import_name":null,"source_any":null,"type_of_any":2}],"type_ref":"builtins.tuple"}},"values":[],"variance":0}]}},"plugin_generated":true},"_source":{".class":"SymbolTableNode","kind":"Mdef","node":{".class":"Var","flags":["is_initialized_in_class","is_ready"],"fullname":"selectors.SelectorKey._source","name":"_source","type":"builtins.str"}},"data":{".class":"SymbolTableNode","kind":"Mdef","node":{".class":"Var","flags":["is_property","is_ready"],"fullname":"selectors.SelectorKey.data","name":"data","type":{".class":"AnyType","missing_import_name":null,"source_any":null,"type_of_any":2}}},"data-redefinition":{".class":"SymbolTableNode","cross_ref":"selectors.SelectorKey.data","kind":"Mdef"},"events":{".class":"SymbolTableNode","kind":"Mdef","node":{".class":"Var","flags":["is_property","is_ready"],"fullname":"selectors.SelectorKey.events","name":"events","type":"builtins.int"}},"events-redefinition":{".class":"SymbolTableNode","cross_ref":"selectors.SelectorKey.events","kind":"Mdef"},"fd":{".class":"SymbolTableNode","kind":"Mdef","node":{".class":"Var","flags":["is_property","is_ready"],"fullname":"selectors.SelectorKey.fd","name":"fd","type":"builtins.int"}},"fd-redefinition":{".class":"SymbolTableNode","cross_ref":"selectors.SelectorKey.fd","kind":"Mdef"},"fileobj":{".class":"SymbolTableNode","kind":"Mdef","node":{".class":"Var","flags":["is_property","is_ready"],"fullname":"selectors.SelectorKey.fileobj","name":"fileobj","type":{".class":"TypeAliasType","args":[],"type_ref":"_typeshed.FileDescriptorLike"}}},"fileobj-redefinition":{".class":"SymbolTableNode","cross_ref":"selectors.SelectorKey.fileobj","kind":"Mdef"}},"self_type":null,"slots":null,"tuple_type":{".class":"TupleType","implicit":false,"items":[{".class":"TypeAliasType","args":[],"type_ref":"_typeshed.FileDescriptorLike"},"builtins.int","builtins.int",{".class":"AnyType","missing_import_name":null,"source_any":null,"type_of_any":2}],"partial_fallback":{".class":"Instance","args":[{".class":"AnyType","missing_import_name":null,"source_any":null,"type_of_any":2}],"type_ref":"builtins.tuple"}},"type_vars":[],"typeddict_type":null}},"Self":{".class":"SymbolTableNode","cross_ref":"typing.Self","kind":"Gdef","module_hidden":true,"module_public":false},"TypeAlias":{".class":"SymbolTableNode","cross_ref":"typing.TypeAlias","kind":"Gdef","module_hidden":true,"module_public":false},"Unused":{".class":"SymbolTableNode","cross_ref":"_typeshed.Unused","kind":"Gdef","module_hidden":true,"module_public":false},"_EventMask":{".class":"SymbolTableNode","kind":"Gdef","node":{".class":"TypeAlias","alias_tvars":[],"column":0,"fullname":"selectors._EventMask","line":8,"no_args":true,"normalized":false,"target":"builtins.int"}},"__annotations__":{".class":"SymbolTableNode","kind":"Gdef","node":{".class":"Var","flags":["is_ready"],"fullname":"selectors.__annotations__","name":"__annotations__","type":{".class":"Instance","args":["builtins.str",{".class":"AnyType","missing_import_name":null,"source_any":null,"type_of_any":6}],"type_ref":"builtins.dict"}}},"__doc__":{".class":"SymbolTableNode","kind":"Gdef","node":{".class":"Var","flags":["is_ready"],"fullname":"selectors.__doc__","name":"__doc__","type":"builtins.str"}},"__file__":{".class":"SymbolTableNode","kind":"Gdef","node":{".class":"Var","flags":["is_ready"],"fullname":"selectors.__file__","name":"__file__","type":"builtins.str"}},"__name__":{".class":"SymbolTableNode","kind":"Gdef","node":{".class":"Var","flags":["is_ready"],"fullname":"selectors.__name__","name":"__name__","type":"builtins.str"}},"__package__":{".class":"SymbolTableNode","kind":"Gdef","node":{".class":"Var","flags":["is_ready"],"fullname":"selectors.__package__","name":"__package__","type":"builtins.str"}},"abstractmethod":{".class":"SymbolTableNode","cross_ref":"abc.abstractmethod","kind":"Gdef","module_hidden":true,"module_public":false},"sys":{".class":"SymbolTableNode","cross_ref":"sys","kind":"Gdef","module_hidden":true,"module_public":false}},"path":"C:\\Users\\Vasilis\\AppData\\Local\\Programs\\Python\\Python313\\Lib\\site-packages\\mypy\\typeshed\\stdlib\\selectors.pyi"}