{"data_mtime":1762095524,"dep_lines":[2,1,3,4,1,1,1],"dep_prios":[5,10,5,5,5,30,30],"dependencies":["collections.abc","sys","typing","typing_extensions","builtins","_typeshed","abc"],"hash":"b6068708c447c5be5cab55e6b0d9ea628424eac94864658817eaff5f659ce914","id":"shlex","ignore_all":true,"interface_hash":"ceddbfdcf353abfcb763a5e07d89dd594e428d9647f10bf675ca73f71aebaadc","mtime":1762095443,"options":{"allow_redefinition":false,"allow_untyped_globals":false,"always_false":[],"always_true":[],"bazel":false,"check_untyped_defs":false,"disable_bytearray_promotion":false,"disable_error_code":[],"disable_memoryview_promotion":false,"disabled_error_codes":[],"disallow_any_decorated":false,"disallow_any_explicit":false,"disallow_any_expr":false,"disallow_any_generics":false,"disallow_any_unimported":false,"disallow_incomplete_defs":false,"disallow_subclassing_any":false,"disallow_untyped_calls":false,"disallow_untyped_decorators":false,"disallow_untyped_defs":false,"enable_error_code":[],"enabled_error_codes":[],"follow_imports":"silent","follow_imports_for_stubs":false,"ignore_errors":false,"ignore_missing_imports":true,"implicit_optional":true,"implicit_reexport":true,"local_partial_types":false,"mypyc":false,"platform":"win32","plugins":[],"strict_concatenate":false,"strict_equality":false,"strict_optional":true,"warn_no_return":true,"warn_return_any":false,"warn_unreachable":false,"warn_unused_ignores":false},"path":"C:\\Users\\Vasilis\\AppData\\Local\\Programs\\Python\\Python313\\Lib\\site-packages\\mypy\\typeshed\\stdlib\\shlex.pyi","plugin_data":null,"size":1502,"suppressed":[],"version_id":"1.3.0"}