{"data_mtime":1762095525,"dep_lines":[4,1,2,3,5,6,1,1],"dep_prios":[5,10,10,5,5,5,5,30],"dependencies":["collections.abc","os","sys","_typeshed","typing","typing_extensions","builtins","abc"],"hash":"14a2bb451d6170f6e211ac293eed7182c2d925a35b3c28b0bb5509c21bf1a000","id":"shutil","ignore_all":true,"interface_hash":"3348fcbd884715d66d586627b1719b8a6e82e05cceb88edd363dfc169636ebfe","mtime":1762095443,"options":{"allow_redefinition":false,"allow_untyped_globals":false,"always_false":[],"always_true":[],"bazel":false,"check_untyped_defs":false,"disable_bytearray_promotion":false,"disable_error_code":[],"disable_memoryview_promotion":false,"disabled_error_codes":[],"disallow_any_decorated":false,"disallow_any_explicit":false,"disallow_any_expr":false,"disallow_any_generics":false,"disallow_any_unimported":false,"disallow_incomplete_defs":false,"disallow_subclassing_any":false,"disallow_untyped_calls":false,"disallow_untyped_decorators":false,"disallow_untyped_defs":false,"enable_error_code":[],"enabled_error_codes":[],"follow_imports":"silent","follow_imports_for_stubs":false,"ignore_errors":false,"ignore_missing_imports":true,"implicit_optional":true,"implicit_reexport":true,"local_partial_types":false,"mypyc":false,"platform":"win32","plugins":[],"strict_concatenate":false,"strict_equality":false,"strict_optional":true,"warn_no_return":true,"warn_return_any":false,"warn_unreachable":false,"warn_unused_ignores":false},"path":"C:\\Users\\Vasilis\\AppData\\Local\\Programs\\Python\\Python313\\Lib\\site-packages\\mypy\\typeshed\\stdlib\\shutil.pyi","plugin_data":null,"size":6658,"suppressed":[],"version_id":"1.3.0"}