{".class":"MypyFile","_fullname":"shutil","future_import_flags":[],"is_partial_stub_package":false,"is_stub":true,"names":{".class":"SymbolTable","Any":{".class":"SymbolTableNode","cross_ref":"typing.Any","kind":"Gdef","module_hidden":true,"module_public":false},"AnyStr":{".class":"SymbolTableNode","cross_ref":"typing.AnyStr","kind":"Gdef","module_hidden":true,"module_public":false},"BytesPath":{".class":"SymbolTableNode","cross_ref":"_typeshed.BytesPath","kind":"Gdef","module_hidden":true,"module_public":false},"Callable":{".class":"SymbolTableNode","cross_ref":"typing.Callable","kind":"Gdef","module_hidden":true,"module_public":false},"Error":{".class":"SymbolTableNode","kind":"Gdef","node":{".class":"TypeInfo","_promote":[],"abstract_attributes":[],"alt_promote":null,"bases":["builtins.OSError"],"dataclass_transform_spec":null,"declared_metaclass":null,"defn":{".class":"ClassDef","fullname":"shutil.Error","name":"Error","type_vars":[]},"deletable_attributes":[],"flags":[],"fullname":"shutil.Error","has_param_spec_type":false,"metaclass_type":null,"metadata":{},"module_name":"shutil","mro":["shutil.Error","builtins.OSError","builtins.Exception","builtins.BaseException","builtins.object"],"names":{".class":"SymbolTable"},"self_type":null,"slots":null,"tuple_type":null,"type_vars":[],"typeddict_type":null}},"ExecError":{".class":"SymbolTableNode","kind":"Gdef","node":{".class":"TypeInfo","_promote":[],"abstract_attributes":[],"alt_promote":null,"bases":["builtins.OSError"],"dataclass_transform_spec":null,"declared_metaclass":null,"defn":{".class":"ClassDef","fullname":"shutil.ExecError","name":"ExecError","type_vars":[]},"deletable_attributes":[],"flags":[],"fullname":"shutil.ExecError","has_param_spec_type":false,"metaclass_type":null,"metadata":{},"module_name":"shutil","mro":["shutil.ExecError","builtins.OSError","builtins.Exception","builtins.BaseException","builtins.object"],"names":{".class":"SymbolTable"},"self_type":null,"slots":null,"tuple_type":null,"type_vars":[],"typeddict_type":null}},"FileDescriptorOrPath":{".class":"SymbolTableNode","cross_ref":"_typeshed.FileDescriptorOrPath","kind":"Gdef","module_hidden":true,"module_public":false},"Iterable":{".class":"SymbolTableNode","cross_ref":"typing.Iterable","kind":"Gdef","module_hidden":true,"module_public":false},"NamedTuple":{".class":"SymbolTableNode","cross_ref":"typing.NamedTuple","kind":"Gdef","module_hidden":true,"module_public":false},"Protocol":{".class":"SymbolTableNode","cross_ref":"typing.Protocol","kind":"Gdef","module_hidden":true,"module_public":false},"ReadError":{".class":"SymbolTableNode","kind":"Gdef","module_public":false,"node":{".class":"TypeInfo","_promote":[],"abstract_attributes":[],"alt_promote":null,"bases":["builtins.OSError"],"dataclass_transform_spec":null,"declared_metaclass":null,"defn":{".class":"ClassDef","fullname":"shutil.ReadError","name":"ReadError","type_vars":[]},"deletable_attributes":[],"flags":[],"fullname":"shutil.ReadError","has_param_spec_type":false,"metaclass_type":null,"metadata":{},"module_name":"shutil","mro":["shutil.ReadError","builtins.OSError","builtins.Exception","builtins.BaseException","builtins.object"],"names":{".class":"SymbolTable"},"self_type":null,"slots":null,"tuple_type":null,"type_vars":[],"typeddict_type":null}},"RegistryError":{".class":"SymbolTableNode","kind":"Gdef","module_public":false,"node":{".class":"TypeInfo","_promote":[],"abstract_attributes":[],"alt_promote":null,"bases":["builtins.Exception"],"dataclass_transform_spec":null,"declared_metaclass":null,"defn":{".class":"ClassDef","fullname":"shutil.RegistryError","name":"RegistryError","type_vars":[]},"deletable_attributes":[],"flags":[],"fullname":"shutil.RegistryError","has_param_spec_type":false,"metaclass_type":null,"metadata":{},"module_name":"shutil","mro":["shutil.RegistryError","builtins.Exception","builtins.BaseException","builtins.object"],"names":{".class":"SymbolTable"},"self_type":null,"slots":null,"tuple_type":null,"type_vars":[],"typeddict_type":null}},"SameFileError":{".class":"SymbolTableNode","kind":"Gdef","node":{".class":"TypeInfo","_promote":[],"abstract_attributes":[],"alt_promote":null,"bases":["shutil.Error"],"dataclass_transform_spec":null,"declared_metaclass":null,"defn":{".class":"ClassDef","fullname":"shutil.SameFileError","name":"SameFileError","type_vars":[]},"deletable_attributes":[],"flags":[],"fullname":"shutil.SameFileError","has_param_spec_type":false,"metaclass_type":null,"metadata":{},"module_name":"shutil","mro":["shutil.SameFileError","shutil.Error","builtins.OSError","builtins.Exception","builtins.BaseException","builtins.object"],"names":{".class":"SymbolTable"},"self_type":null,"slots":null,"tuple_type":null,"type_vars":[],"typeddict_type":null}},"Sequence":{".class":"SymbolTableNode","cross_ref":"typing.Sequence","kind":"Gdef","module_hidden":true,"module_public":false},"SpecialFileError":{".class":"SymbolTableNode","kind":"Gdef","node":{".class":"TypeInfo","_promote":[],"abstract_attributes":[],"alt_promote":null,"bases":["builtins.OSError"],"dataclass_transform_spec":null,"declared_metaclass":null,"defn":{".class":"ClassDef","fullname":"shutil.SpecialFileError","name":"SpecialFileError","type_vars":[]},"deletable_attributes":[],"flags":[],"fullname":"shutil.SpecialFileError","has_param_spec_type":false,"metaclass_type":null,"metadata":{},"module_name":"shutil","mro":["shutil.SpecialFileError","builtins.OSError","builtins.Exception","builtins.BaseException","builtins.object"],"names":{".class":"SymbolTable"},"self_type":null,"slots":null,"tuple_type":null,"type_vars":[],"typeddict_type":null}},"StrOrBytesPath":{".class":"SymbolTableNode","cross_ref":"_typeshed.StrOrBytesPath","kind":"Gdef","module_hidden":true,"module_public":false},"StrPath":{".class":"SymbolTableNode","cross_ref":"_typeshed.StrPath","kind":"Gdef","module_hidden":true,"module_public":false},"SupportsRead":{".class":"SymbolTableNode","cross_ref":"_typeshed.SupportsRead","kind":"Gdef","module_hidden":true,"module_public":false},"SupportsWrite":{".class":"SymbolTableNode","cross_ref":"_typeshed.SupportsWrite","kind":"Gdef","module_hidden":true,"module_public":false},"TypeAlias":{".class":"SymbolTableNode","cross_ref":"typing.TypeAlias","kind":"Gdef","module_hidden":true,"module_public":false},"TypeVar":{".class":"SymbolTableNode","cross_ref":"typing.TypeVar","kind":"Gdef","module_hidden":true,"module_public":false},"_CopyFn":{".class":"SymbolTableNode","kind":"Gdef","module_public":false,"node":{".class":"TypeAlias","alias_tvars":[],"column":0,"fullname":"shutil._CopyFn","line":109,"no_args":false,"normalized":false,"target":{".class":"UnionType","items":[{".class":"CallableType","arg_kinds":[0,0],"arg_names":[null,null],"arg_types":["builtins.str","builtins.str"],"bound_args":[],"def_extras":{},"fallback":"builtins.function","from_concatenate":false,"implicit":false,"is_ellipsis_args":false,"name":null,"ret_type":"builtins.object","type_guard":null,"unpack_kwargs":false,"variables":[]},{".class":"CallableType","arg_kinds":[0,0],"arg_names":[null,null],"arg_types":[{".class":"TypeAliasType","args":[],"type_ref":"_typeshed.StrPath"},{".class":"TypeAliasType","args":[],"type_ref":"_typeshed.StrPath"}],"bound_args":[],"def_extras":{},"fallback":"builtins.function","from_concatenate":false,"implicit":false,"is_ellipsis_args":false,"name":null,"ret_type":"builtins.object","type_guard":null,"unpack_kwargs":false,"variables":[]}]}}},"_OnErrorCallback":{".class":"SymbolTableNode","kind":"Gdef","module_public":false,"node":{".class":"TypeAlias","alias_tvars":[],"column":0,"fullname":"shutil._OnErrorCallback","line":90,"no_args":false,"normalized":false,"target":{".class":"CallableType","arg_kinds":[0,0,0],"arg_names":[null,null,null],"arg_types":[{".class":"CallableType","arg_kinds":[2,4],"arg_names":[null,null],"arg_types":[{".class":"AnyType","missing_import_name":null,"source_any":null,"type_of_any":6},{".class":"AnyType","missing_import_name":null,"source_any":null,"type_of_any":6}],"bound_args":[],"def_extras":{},"fallback":"builtins.function","from_concatenate":false,"implicit":false,"is_ellipsis_args":true,"name":null,"ret_type":{".class":"AnyType","missing_import_name":null,"source_any":null,"type_of_any":6},"type_guard":null,"unpack_kwargs":false,"variables":[]},{".class":"AnyType","missing_import_name":null,"source_any":null,"type_of_any":6},{".class":"AnyType","missing_import_name":null,"source_any":null,"type_of_any":6}],"bound_args":[],"def_extras":{},"fallback":"builtins.function","from_concatenate":false,"implicit":false,"is_ellipsis_args":false,"name":null,"ret_type":"builtins.object","type_guard":null,"unpack_kwargs":false,"variables":[]}}},"_PathReturn":{".class":"SymbolTableNode","kind":"Gdef","module_public":false,"node":{".class":"TypeAlias","alias_tvars":[],"column":0,"fullname":"shutil._PathReturn","line":41,"no_args":false,"normalized":false,"target":{".class":"AnyType","missing_import_name":null,"source_any":null,"type_of_any":6}}},"_RmtreeType":{".class":"SymbolTableNode","kind":"Gdef","module_public":false,"node":{".class":"TypeInfo","_promote":[],"abstract_attributes":[["avoids_symlink_attacks",1]],"alt_promote":null,"bases":["builtins.object"],"dataclass_transform_spec":null,"declared_metaclass":null,"defn":{".class":"ClassDef","fullname":"shutil._RmtreeType","name":"_RmtreeType","type_vars":[]},"deletable_attributes":[],"flags":["is_abstract","is_protocol"],"fullname":"shutil._RmtreeType","has_param_spec_type":false,"metaclass_type":"abc.ABCMeta","metadata":{},"module_name":"shutil","mro":["shutil._RmtreeType","builtins.object"],"names":{".class":"SymbolTable","__call__":{".class":"SymbolTableNode","kind":"Mdef","node":{".class":"FuncDef","abstract_status":0,"arg_kinds":[0,0,1,1,5],"arg_names":["self","path","ignore_errors","onerror","dir_fd"],"dataclass_transform_spec":null,"flags":[],"fullname":"shutil._RmtreeType.__call__","name":"__call__","type":{".class":"CallableType","arg_kinds":[0,0,1,1,5],"arg_names":["self","path","ignore_errors","onerror","dir_fd"],"arg_types":["shutil._RmtreeType",{".class":"TypeAliasType","args":[],"type_ref":"_typeshed.StrOrBytesPath"},"builtins.bool",{".class":"UnionType","items":[{".class":"TypeAliasType","args":[],"type_ref":"shutil._OnErrorCallback"},{".class":"NoneType"}]},{".class":"UnionType","items":["builtins.int",{".class":"NoneType"}]}],"bound_args":[],"def_extras":{"first_arg":"self"},"fallback":"builtins.function","from_concatenate":false,"implicit":false,"is_ellipsis_args":false,"name":"__call__ of _RmtreeType","ret_type":{".class":"NoneType"},"type_guard":null,"unpack_kwargs":false,"variables":[]}}},"avoids_symlink_attacks":{".class":"SymbolTableNode","kind":"Mdef","node":{".class":"Var","flags":["is_initialized_in_class","is_abstract_var","is_ready"],"fullname":"shutil._RmtreeType.avoids_symlink_attacks","name":"avoids_symlink_attacks","type":"builtins.bool"}}},"self_type":null,"slots":null,"tuple_type":null,"type_vars":[],"typeddict_type":null}},"_StrOrBytesPathT":{".class":"SymbolTableNode","kind":"Gdef","module_public":false,"node":{".class":"TypeVarExpr","fullname":"shutil._StrOrBytesPathT","name":"_StrOrBytesPathT","upper_bound":{".class":"UnionType","items":["builtins.str","builtins.bytes",{".class":"Instance","args":["builtins.str"],"type_ref":"os.PathLike"},{".class":"Instance","args":["builtins.bytes"],"type_ref":"os.PathLike"}]},"values":[],"variance":0}},"_StrPathT":{".class":"SymbolTableNode","kind":"Gdef","module_public":false,"node":{".class":"TypeVarExpr","fullname":"shutil._StrPathT","name":"_StrPathT","upper_bound":{".class":"UnionType","items":["builtins.str",{".class":"Instance","args":["builtins.str"],"type_ref":"os.PathLike"}]},"values":[],"variance":0}},"__all__":{".class":"SymbolTableNode","kind":"Gdef","module_public":false,"node":{".class":"Var","flags":["is_inferred","has_explicit_value"],"fullname":"shutil.__all__","name":"__all__","type":{".class":"Instance","args":["builtins.str"],"type_ref":"builtins.list"}}},"__annotations__":{".class":"SymbolTableNode","kind":"Gdef","module_public":false,"node":{".class":"Var","flags":["is_ready"],"fullname":"shutil.__annotations__","name":"__annotations__","type":{".class":"Instance","args":["builtins.str",{".class":"AnyType","missing_import_name":null,"source_any":null,"type_of_any":6}],"type_ref":"builtins.dict"}}},"__doc__":{".class":"SymbolTableNode","kind":"Gdef","module_public":false,"node":{".class":"Var","flags":["is_ready"],"fullname":"shutil.__doc__","name":"__doc__","type":"builtins.str"}},"__file__":{".class":"SymbolTableNode","kind":"Gdef","module_public":false,"node":{".class":"Var","flags":["is_ready"],"fullname":"shutil.__file__","name":"__file__","type":"builtins.str"}},"__name__":{".class":"SymbolTableNode","kind":"Gdef","module_public":false,"node":{".class":"Var","flags":["is_ready"],"fullname":"shutil.__name__","name":"__name__","type":"builtins.str"}},"__package__":{".class":"SymbolTableNode","kind":"Gdef","module_public":false,"node":{".class":"Var","flags":["is_ready"],"fullname":"shutil.__package__","name":"__package__","type":"builtins.str"}},"_ntuple_diskusage":{".class":"SymbolTableNode","kind":"Gdef","module_public":false,"node":{".class":"TypeInfo","_promote":[],"abstract_attributes":[],"alt_promote":null,"bases":[{".class":"Instance","args":["builtins.int"],"type_ref":"builtins.tuple"}],"dataclass_transform_spec":null,"declared_metaclass":null,"defn":{".class":"ClassDef","fullname":"shutil._ntuple_diskusage","name":"_ntuple_diskusage","type_vars":[]},"deletable_attributes":[],"flags":["is_named_tuple"],"fullname":"shutil._ntuple_diskusage","has_param_spec_type":false,"metaclass_type":null,"metadata":{"namedtuple":{"fields":["total","used","free"]}},"module_name":"shutil","mro":["shutil._ntuple_diskusage","builtins.tuple","typing.Sequence","typing.Collection","typing.Reversible","typing.Iterable","typing.Container","builtins.object"],"names":{".class":"SymbolTable","_NT":{".class":"SymbolTableNode","kind":"Mdef","node":{".class":"TypeVarExpr","fullname":"shutil._ntuple_diskusage._NT","name":"_NT","upper_bound":{".class":"TupleType","implicit":false,"items":["builtins.int","builtins.int","builtins.int"],"partial_fallback":{".class":"Instance","args":["builtins.int"],"type_ref":"builtins.tuple"}},"values":[],"variance":0}},"__annotations__":{".class":"SymbolTableNode","kind":"Mdef","node":{".class":"Var","flags":["is_initialized_in_class","is_ready"],"fullname":"shutil._ntuple_diskusage.__annotations__","name":"__annotations__","type":{".class":"Instance","args":["builtins.str",{".class":"AnyType","missing_import_name":null,"source_any":null,"type_of_any":6}],"type_ref":"builtins.dict"}}},"__doc__":{".class":"SymbolTableNode","kind":"Mdef","node":{".class":"Var","flags":["is_initialized_in_class","is_ready"],"fullname":"shutil._ntuple_diskusage.__doc__","name":"__doc__","type":"builtins.str"}},"__match_args__":{".class":"SymbolTableNode","kind":"Mdef","node":{".class":"Var","flags":["is_initialized_in_class","is_ready"],"fullname":"shutil._ntuple_diskusage.__match_args__","name":"__match_args__","type":{".class":"TupleType","implicit":false,"items":[{".class":"LiteralType","fallback":"builtins.str","value":"total"},{".class":"LiteralType","fallback":"builtins.str","value":"used"},{".class":"LiteralType","fallback":"builtins.str","value":"free"}],"partial_fallback":{".class":"Instance","args":[{".class":"AnyType","missing_import_name":null,"source_any":null,"type_of_any":6}],"type_ref":"builtins.tuple"}}}},"__new__":{".class":"SymbolTableNode","kind":"Mdef","node":{".class":"FuncDef","abstract_status":0,"arg_kinds":[0,0,0,0],"arg_names":["_cls","total","used","free"],"dataclass_transform_spec":null,"flags":[],"fullname":"shutil._ntuple_diskusage.__new__","name":"__new__","type":{".class":"CallableType","arg_kinds":[0,0,0,0],"arg_names":["_cls","total","used","free"],"arg_types":[{".class":"TypeType","item":{".class":"TypeVarType","fullname":"shutil._ntuple_diskusage._NT","id":-1,"name":"_NT","namespace":"","upper_bound":{".class":"TupleType","implicit":false,"items":["builtins.int","builtins.int","builtins.int"],"partial_fallback":{".class":"Instance","args":["builtins.int"],"type_ref":"builtins.tuple"}},"values":[],"variance":0}},"builtins.int","builtins.int","builtins.int"],"bound_args":[],"def_extras":{},"fallback":"builtins.function","from_concatenate":false,"implicit":false,"is_ellipsis_args":false,"name":"__new__ of _ntuple_diskusage","ret_type":{".class":"TypeVarType","fullname":"shutil._ntuple_diskusage._NT","id":-1,"name":"_NT","namespace":"","upper_bound":{".class":"TupleType","implicit":false,"items":["builtins.int","builtins.int","builtins.int"],"partial_fallback":{".class":"Instance","args":["builtins.int"],"type_ref":"builtins.tuple"}},"values":[],"variance":0},"type_guard":null,"unpack_kwargs":false,"variables":[{".class":"TypeVarType","fullname":"shutil._ntuple_diskusage._NT","id":-1,"name":"_NT","namespace":"","upper_bound":{".class":"TupleType","implicit":false,"items":["builtins.int","builtins.int","builtins.int"],"partial_fallback":{".class":"Instance","args":["builtins.int"],"type_ref":"builtins.tuple"}},"values":[],"variance":0}]}},"plugin_generated":true},"_asdict":{".class":"SymbolTableNode","kind":"Mdef","node":{".class":"FuncDef","abstract_status":0,"arg_kinds":[0],"arg_names":["_self"],"dataclass_transform_spec":null,"flags":[],"fullname":"shutil._ntuple_diskusage._asdict","name":"_asdict","type":{".class":"CallableType","arg_kinds":[0],"arg_names":["_self"],"arg_types":[{".class":"TypeVarType","fullname":"shutil._ntuple_diskusage._NT","id":-1,"name":"_NT","namespace":"","upper_bound":{".class":"TupleType","implicit":false,"items":["builtins.int","builtins.int","builtins.int"],"partial_fallback":{".class":"Instance","args":["builtins.int"],"type_ref":"builtins.tuple"}},"values":[],"variance":0}],"bound_args":[],"def_extras":{},"fallback":"builtins.function","from_concatenate":false,"implicit":false,"is_ellipsis_args":false,"name":"_asdict of _ntuple_diskusage","ret_type":{".class":"Instance","args":["builtins.str",{".class":"AnyType","missing_import_name":null,"source_any":null,"type_of_any":6}],"type_ref":"builtins.dict"},"type_guard":null,"unpack_kwargs":false,"variables":[{".class":"TypeVarType","fullname":"shutil._ntuple_diskusage._NT","id":-1,"name":"_NT","namespace":"","upper_bound":{".class":"TupleType","implicit":false,"items":["builtins.int","builtins.int","builtins.int"],"partial_fallback":{".class":"Instance","args":["builtins.int"],"type_ref":"builtins.tuple"}},"values":[],"variance":0}]}},"plugin_generated":true},"_field_defaults":{".class":"SymbolTableNode","kind":"Mdef","node":{".class":"Var","flags":["is_initialized_in_class","is_ready"],"fullname":"shutil._ntuple_diskusage._field_defaults","name":"_field_defaults","type":{".class":"Instance","args":["builtins.str",{".class":"AnyType","missing_import_name":null,"source_any":null,"type_of_any":6}],"type_ref":"builtins.dict"}}},"_field_types":{".class":"SymbolTableNode","kind":"Mdef","node":{".class":"Var","flags":["is_initialized_in_class","is_ready"],"fullname":"shutil._ntuple_diskusage._field_types","name":"_field_types","type":{".class":"Instance","args":["builtins.str",{".class":"AnyType","missing_import_name":null,"source_any":null,"type_of_any":6}],"type_ref":"builtins.dict"}}},"_fields":{".class":"SymbolTableNode","kind":"Mdef","node":{".class":"Var","flags":["is_initialized_in_class","is_ready"],"fullname":"shutil._ntuple_diskusage._fields","name":"_fields","type":{".class":"TupleType","implicit":false,"items":["builtins.str","builtins.str","builtins.str"],"partial_fallback":{".class":"Instance","args":[{".class":"AnyType","missing_import_name":null,"source_any":null,"type_of_any":6}],"type_ref":"builtins.tuple"}}}},"_make":{".class":"SymbolTableNode","kind":"Mdef","node":{".class":"Decorator","func":{".class":"FuncDef","abstract_status":0,"arg_kinds":[0,0,5,5],"arg_names":["_cls","iterable","new","len"],"dataclass_transform_spec":null,"flags":["is_class","is_decorated"],"fullname":"shutil._ntuple_diskusage._make","name":"_make","type":{".class":"CallableType","arg_kinds":[0,0,5,5],"arg_names":["_cls","iterable","new","len"],"arg_types":[{".class":"TypeType","item":{".class":"TypeVarType","fullname":"shutil._ntuple_diskusage._NT","id":-1,"name":"_NT","namespace":"","upper_bound":{".class":"TupleType","implicit":false,"items":["builtins.int","builtins.int","builtins.int"],"partial_fallback":{".class":"Instance","args":["builtins.int"],"type_ref":"builtins.tuple"}},"values":[],"variance":0}},{".class":"Instance","args":[{".class":"AnyType","missing_import_name":null,"source_any":null,"type_of_any":6}],"type_ref":"typing.Iterable"},{".class":"AnyType","missing_import_name":null,"source_any":null,"type_of_any":6},{".class":"AnyType","missing_import_name":null,"source_any":null,"type_of_any":6}],"bound_args":[],"def_extras":{},"fallback":"builtins.function","from_concatenate":false,"implicit":false,"is_ellipsis_args":false,"name":"_make of _ntuple_diskusage","ret_type":{".class":"TypeVarType","fullname":"shutil._ntuple_diskusage._NT","id":-1,"name":"_NT","namespace":"","upper_bound":{".class":"TupleType","implicit":false,"items":["builtins.int","builtins.int","builtins.int"],"partial_fallback":{".class":"Instance","args":["builtins.int"],"type_ref":"builtins.tuple"}},"values":[],"variance":0},"type_guard":null,"unpack_kwargs":false,"variables":[{".class":"TypeVarType","fullname":"shutil._ntuple_diskusage._NT","id":-1,"name":"_NT","namespace":"","upper_bound":{".class":"TupleType","implicit":false,"items":["builtins.int","builtins.int","builtins.int"],"partial_fallback":{".class":"Instance","args":["builtins.int"],"type_ref":"builtins.tuple"}},"values":[],"variance":0}]}},"is_overload":false,"var":{".class":"Var","flags":["is_classmethod","is_ready"],"fullname":"shutil._ntuple_diskusage._make","name":"_make","type":{".class":"CallableType","arg_kinds":[0,0,5,5],"arg_names":["_cls","iterable","new","len"],"arg_types":[{".class":"TypeType","item":{".class":"TypeVarType","fullname":"shutil._ntuple_diskusage._NT","id":-1,"name":"_NT","namespace":"","upper_bound":{".class":"TupleType","implicit":false,"items":["builtins.int","builtins.int","builtins.int"],"partial_fallback":{".class":"Instance","args":["builtins.int"],"type_ref":"builtins.tuple"}},"values":[],"variance":0}},{".class":"Instance","args":[{".class":"AnyType","missing_import_name":null,"source_any":null,"type_of_any":6}],"type_ref":"typing.Iterable"},{".class":"AnyType","missing_import_name":null,"source_any":null,"type_of_any":6},{".class":"AnyType","missing_import_name":null,"source_any":null,"type_of_any":6}],"bound_args":[],"def_extras":{},"fallback":"builtins.function","from_concatenate":false,"implicit":false,"is_ellipsis_args":false,"name":"_make of _ntuple_diskusage","ret_type":{".class":"TypeVarType","fullname":"shutil._ntuple_diskusage._NT","id":-1,"name":"_NT","namespace":"","upper_bound":{".class":"TupleType","implicit":false,"items":["builtins.int","builtins.int","builtins.int"],"partial_fallback":{".class":"Instance","args":["builtins.int"],"type_ref":"builtins.tuple"}},"values":[],"variance":0},"type_guard":null,"unpack_kwargs":false,"variables":[{".class":"TypeVarType","fullname":"shutil._ntuple_diskusage._NT","id":-1,"name":"_NT","namespace":"","upper_bound":{".class":"TupleType","implicit":false,"items":["builtins.int","builtins.int","builtins.int"],"partial_fallback":{".class":"Instance","args":["builtins.int"],"type_ref":"builtins.tuple"}},"values":[],"variance":0}]}}},"plugin_generated":true},"_replace":{".class":"SymbolTableNode","kind":"Mdef","node":{".class":"FuncDef","abstract_status":0,"arg_kinds":[0,5,5,5],"arg_names":["_self","total","used","free"],"dataclass_transform_spec":null,"flags":[],"fullname":"shutil._ntuple_diskusage._replace","name":"_replace","type":{".class":"CallableType","arg_kinds":[0,5,5,5],"arg_names":["_self","total","used","free"],"arg_types":[{".class":"TypeVarType","fullname":"shutil._ntuple_diskusage._NT","id":-1,"name":"_NT","namespace":"","upper_bound":{".class":"TupleType","implicit":false,"items":["builtins.int","builtins.int","builtins.int"],"partial_fallback":{".class":"Instance","args":["builtins.int"],"type_ref":"builtins.tuple"}},"values":[],"variance":0},"builtins.int","builtins.int","builtins.int"],"bound_args":[],"def_extras":{},"fallback":"builtins.function","from_concatenate":false,"implicit":false,"is_ellipsis_args":false,"name":"_replace of _ntuple_diskusage","ret_type":{".class":"TypeVarType","fullname":"shutil._ntuple_diskusage._NT","id":-1,"name":"_NT","namespace":"","upper_bound":{".class":"TupleType","implicit":false,"items":["builtins.int","builtins.int","builtins.int"],"partial_fallback":{".class":"Instance","args":["builtins.int"],"type_ref":"builtins.tuple"}},"values":[],"variance":0},"type_guard":null,"unpack_kwargs":false,"variables":[{".class":"TypeVarType","fullname":"shutil._ntuple_diskusage._NT","id":-1,"name":"_NT","namespace":"","upper_bound":{".class":"TupleType","implicit":false,"items":["builtins.int","builtins.int","builtins.int"],"partial_fallback":{".class":"Instance","args":["builtins.int"],"type_ref":"builtins.tuple"}},"values":[],"variance":0}]}},"plugin_generated":true},"_source":{".class":"SymbolTableNode","kind":"Mdef","node":{".class":"Var","flags":["is_initialized_in_class","is_ready"],"fullname":"shutil._ntuple_diskusage._source","name":"_source","type":"builtins.str"}},"free":{".class":"SymbolTableNode","kind":"Mdef","node":{".class":"Var","flags":["is_property","is_ready"],"fullname":"shutil._ntuple_diskusage.free","name":"free","type":"builtins.int"}},"free-redefinition":{".class":"SymbolTableNode","cross_ref":"shutil._ntuple_diskusage.free","kind":"Mdef"},"total":{".class":"SymbolTableNode","kind":"Mdef","node":{".class":"Var","flags":["is_property","is_ready"],"fullname":"shutil._ntuple_diskusage.total","name":"total","type":"builtins.int"}},"total-redefinition":{".class":"SymbolTableNode","cross_ref":"shutil._ntuple_diskusage.total","kind":"Mdef"},"used":{".class":"SymbolTableNode","kind":"Mdef","node":{".class":"Var","flags":["is_property","is_ready"],"fullname":"shutil._ntuple_diskusage.used","name":"used","type":"builtins.int"}},"used-redefinition":{".class":"SymbolTableNode","cross_ref":"shutil._ntuple_diskusage.used","kind":"Mdef"}},"self_type":null,"slots":null,"tuple_type":{".class":"TupleType","implicit":false,"items":["builtins.int","builtins.int","builtins.int"],"partial_fallback":{".class":"Instance","args":["builtins.int"],"type_ref":"builtins.tuple"}},"type_vars":[],"typeddict_type":null}},"chown":{".class":"SymbolTableNode","kind":"Gdef","node":{".class":"OverloadedFuncDef","flags":[],"fullname":"shutil.chown","impl":null,"items":[{".class":"Decorator","func":{".class":"FuncDef","abstract_status":0,"arg_kinds":[0,0,1],"arg_names":["path","user","group"],"dataclass_transform_spec":null,"flags":["is_overload","is_decorated"],"fullname":"shutil.chown","name":"chown","type":{".class":"CallableType","arg_kinds":[0,0,1],"arg_names":["path","user","group"],"arg_types":[{".class":"TypeAliasType","args":[],"type_ref":"_typeshed.StrOrBytesPath"},{".class":"UnionType","items":["builtins.str","builtins.int"]},{".class":"NoneType"}],"bound_args":[],"def_extras":{"first_arg":null},"fallback":"builtins.function","from_concatenate":false,"implicit":false,"is_ellipsis_args":false,"name":"chown","ret_type":{".class":"NoneType"},"type_guard":null,"unpack_kwargs":false,"variables":[]}},"is_overload":true,"var":{".class":"Var","flags":["is_inferred"],"fullname":"shutil.chown","name":"chown","type":null}},{".class":"Decorator","func":{".class":"FuncDef","abstract_status":0,"arg_kinds":[0,1,3],"arg_names":["path","user","group"],"dataclass_transform_spec":null,"flags":["is_overload","is_decorated"],"fullname":"shutil.chown","name":"chown","type":{".class":"CallableType","arg_kinds":[0,1,3],"arg_names":["path","user","group"],"arg_types":[{".class":"TypeAliasType","args":[],"type_ref":"_typeshed.StrOrBytesPath"},{".class":"NoneType"},{".class":"UnionType","items":["builtins.str","builtins.int"]}],"bound_args":[],"def_extras":{"first_arg":null},"fallback":"builtins.function","from_concatenate":false,"implicit":false,"is_ellipsis_args":false,"name":"chown","ret_type":{".class":"NoneType"},"type_guard":null,"unpack_kwargs":false,"variables":[]}},"is_overload":true,"var":{".class":"Var","flags":["is_inferred"],"fullname":"shutil.chown","name":"chown","type":null}},{".class":"Decorator","func":{".class":"FuncDef","abstract_status":0,"arg_kinds":[0,0,0],"arg_names":["path","user","group"],"dataclass_transform_spec":null,"flags":["is_overload","is_decorated"],"fullname":"shutil.chown","name":"chown","type":{".class":"CallableType","arg_kinds":[0,0,0],"arg_names":["path","user","group"],"arg_types":[{".class":"TypeAliasType","args":[],"type_ref":"_typeshed.StrOrBytesPath"},{".class":"NoneType"},{".class":"UnionType","items":["builtins.str","builtins.int"]}],"bound_args":[],"def_extras":{"first_arg":null},"fallback":"builtins.function","from_concatenate":false,"implicit":false,"is_ellipsis_args":false,"name":"chown","ret_type":{".class":"NoneType"},"type_guard":null,"unpack_kwargs":false,"variables":[]}},"is_overload":true,"var":{".class":"Var","flags":["is_inferred"],"fullname":"shutil.chown","name":"chown","type":null}},{".class":"Decorator","func":{".class":"FuncDef","abstract_status":0,"arg_kinds":[0,0,0],"arg_names":["path","user","group"],"dataclass_transform_spec":null,"flags":["is_overload","is_decorated"],"fullname":"shutil.chown","name":"chown","type":{".class":"CallableType","arg_kinds":[0,0,0],"arg_names":["path","user","group"],"arg_types":[{".class":"TypeAliasType","args":[],"type_ref":"_typeshed.StrOrBytesPath"},{".class":"UnionType","items":["builtins.str","builtins.int"]},{".class":"UnionType","items":["builtins.str","builtins.int"]}],"bound_args":[],"def_extras":{"first_arg":null},"fallback":"builtins.function","from_concatenate":false,"implicit":false,"is_ellipsis_args":false,"name":"chown","ret_type":{".class":"NoneType"},"type_guard":null,"unpack_kwargs":false,"variables":[]}},"is_overload":true,"var":{".class":"Var","flags":["is_inferred"],"fullname":"shutil.chown","name":"chown","type":null}}],"type":{".class":"Overloaded","items":[{".class":"CallableType","arg_kinds":[0,0,1],"arg_names":["path","user","group"],"arg_types":[{".class":"TypeAliasType","args":[],"type_ref":"_typeshed.StrOrBytesPath"},{".class":"UnionType","items":["builtins.str","builtins.int"]},{".class":"NoneType"}],"bound_args":[],"def_extras":{"first_arg":null},"fallback":"builtins.function","from_concatenate":false,"implicit":false,"is_ellipsis_args":false,"name":"chown","ret_type":{".class":"NoneType"},"type_guard":null,"unpack_kwargs":false,"variables":[]},{".class":"CallableType","arg_kinds":[0,1,3],"arg_names":["path","user","group"],"arg_types":[{".class":"TypeAliasType","args":[],"type_ref":"_typeshed.StrOrBytesPath"},{".class":"NoneType"},{".class":"UnionType","items":["builtins.str","builtins.int"]}],"bound_args":[],"def_extras":{"first_arg":null},"fallback":"builtins.function","from_concatenate":false,"implicit":false,"is_ellipsis_args":false,"name":"chown","ret_type":{".class":"NoneType"},"type_guard":null,"unpack_kwargs":false,"variables":[]},{".class":"CallableType","arg_kinds":[0,0,0],"arg_names":["path","user","group"],"arg_types":[{".class":"TypeAliasType","args":[],"type_ref":"_typeshed.StrOrBytesPath"},{".class":"NoneType"},{".class":"UnionType","items":["builtins.str","builtins.int"]}],"bound_args":[],"def_extras":{"first_arg":null},"fallback":"builtins.function","from_concatenate":false,"implicit":false,"is_ellipsis_args":false,"name":"chown","ret_type":{".class":"NoneType"},"type_guard":null,"unpack_kwargs":false,"variables":[]},{".class":"CallableType","arg_kinds":[0,0,0],"arg_names":["path","user","group"],"arg_types":[{".class":"TypeAliasType","args":[],"type_ref":"_typeshed.StrOrBytesPath"},{".class":"UnionType","items":["builtins.str","builtins.int"]},{".class":"UnionType","items":["builtins.str","builtins.int"]}],"bound_args":[],"def_extras":{"first_arg":null},"fallback":"builtins.function","from_concatenate":false,"implicit":false,"is_ellipsis_args":false,"name":"chown","ret_type":{".class":"NoneType"},"type_guard":null,"unpack_kwargs":false,"variables":[]}]}}},"copy":{".class":"SymbolTableNode","kind":"Gdef","node":{".class":"OverloadedFuncDef","flags":[],"fullname":"shutil.copy","impl":null,"items":[{".class":"Decorator","func":{".class":"FuncDef","abstract_status":0,"arg_kinds":[0,0,5],"arg_names":["src","dst","follow_symlinks"],"dataclass_transform_spec":null,"flags":["is_overload","is_decorated"],"fullname":"shutil.copy","name":"copy","type":{".class":"CallableType","arg_kinds":[0,0,5],"arg_names":["src","dst","follow_symlinks"],"arg_types":[{".class":"TypeAliasType","args":[],"type_ref":"_typeshed.StrPath"},{".class":"TypeAliasType","args":[],"type_ref":"_typeshed.StrPath"},"builtins.bool"],"bound_args":[],"def_extras":{"first_arg":null},"fallback":"builtins.function","from_concatenate":false,"implicit":false,"is_ellipsis_args":false,"name":"copy","ret_type":{".class":"TypeAliasType","args":[],"type_ref":"shutil._PathReturn"},"type_guard":null,"unpack_kwargs":false,"variables":[]}},"is_overload":true,"var":{".class":"Var","flags":["is_inferred"],"fullname":"shutil.copy","name":"copy","type":null}},{".class":"Decorator","func":{".class":"FuncDef","abstract_status":0,"arg_kinds":[0,0,5],"arg_names":["src","dst","follow_symlinks"],"dataclass_transform_spec":null,"flags":["is_overload","is_decorated"],"fullname":"shutil.copy","name":"copy","type":{".class":"CallableType","arg_kinds":[0,0,5],"arg_names":["src","dst","follow_symlinks"],"arg_types":[{".class":"TypeAliasType","args":[],"type_ref":"_typeshed.BytesPath"},{".class":"TypeAliasType","args":[],"type_ref":"_typeshed.BytesPath"},"builtins.bool"],"bound_args":[],"def_extras":{"first_arg":null},"fallback":"builtins.function","from_concatenate":false,"implicit":false,"is_ellipsis_args":false,"name":"copy","ret_type":{".class":"TypeAliasType","args":[],"type_ref":"shutil._PathReturn"},"type_guard":null,"unpack_kwargs":false,"variables":[]}},"is_overload":true,"var":{".class":"Var","flags":["is_inferred"],"fullname":"shutil.copy","name":"copy","type":null}}],"type":{".class":"Overloaded","items":[{".class":"CallableType","arg_kinds":[0,0,5],"arg_names":["src","dst","follow_symlinks"],"arg_types":[{".class":"TypeAliasType","args":[],"type_ref":"_typeshed.StrPath"},{".class":"TypeAliasType","args":[],"type_ref":"_typeshed.StrPath"},"builtins.bool"],"bound_args":[],"def_extras":{"first_arg":null},"fallback":"builtins.function","from_concatenate":false,"implicit":false,"is_ellipsis_args":false,"name":"copy","ret_type":{".class":"TypeAliasType","args":[],"type_ref":"shutil._PathReturn"},"type_guard":null,"unpack_kwargs":false,"variables":[]},{".class":"CallableType","arg_kinds":[0,0,5],"arg_names":["src","dst","follow_symlinks"],"arg_types":[{".class":"TypeAliasType","args":[],"type_ref":"_typeshed.BytesPath"},{".class":"TypeAliasType","args":[],"type_ref":"_typeshed.BytesPath"},"builtins.bool"],"bound_args":[],"def_extras":{"first_arg":null},"fallback":"builtins.function","from_concatenate":false,"implicit":false,"is_ellipsis_args":false,"name":"copy","ret_type":{".class":"TypeAliasType","args":[],"type_ref":"shutil._PathReturn"},"type_guard":null,"unpack_kwargs":false,"variables":[]}]}}},"copy2":{".class":"SymbolTableNode","kind":"Gdef","node":{".class":"OverloadedFuncDef","flags":[],"fullname":"shutil.copy2","impl":null,"items":[{".class":"Decorator","func":{".class":"FuncDef","abstract_status":0,"arg_kinds":[0,0,5],"arg_names":["src","dst","follow_symlinks"],"dataclass_transform_spec":null,"flags":["is_overload","is_decorated"],"fullname":"shutil.copy2","name":"copy2","type":{".class":"CallableType","arg_kinds":[0,0,5],"arg_names":["src","dst","follow_symlinks"],"arg_types":[{".class":"TypeAliasType","args":[],"type_ref":"_typeshed.StrPath"},{".class":"TypeAliasType","args":[],"type_ref":"_typeshed.StrPath"},"builtins.bool"],"bound_args":[],"def_extras":{"first_arg":null},"fallback":"builtins.function","from_concatenate":false,"implicit":false,"is_ellipsis_args":false,"name":"copy2","ret_type":{".class":"TypeAliasType","args":[],"type_ref":"shutil._PathReturn"},"type_guard":null,"unpack_kwargs":false,"variables":[]}},"is_overload":true,"var":{".class":"Var","flags":["is_inferred"],"fullname":"shutil.copy2","name":"copy2","type":null}},{".class":"Decorator","func":{".class":"FuncDef","abstract_status":0,"arg_kinds":[0,0,5],"arg_names":["src","dst","follow_symlinks"],"dataclass_transform_spec":null,"flags":["is_overload","is_decorated"],"fullname":"shutil.copy2","name":"copy2","type":{".class":"CallableType","arg_kinds":[0,0,5],"arg_names":["src","dst","follow_symlinks"],"arg_types":[{".class":"TypeAliasType","args":[],"type_ref":"_typeshed.BytesPath"},{".class":"TypeAliasType","args":[],"type_ref":"_typeshed.BytesPath"},"builtins.bool"],"bound_args":[],"def_extras":{"first_arg":null},"fallback":"builtins.function","from_concatenate":false,"implicit":false,"is_ellipsis_args":false,"name":"copy2","ret_type":{".class":"TypeAliasType","args":[],"type_ref":"shutil._PathReturn"},"type_guard":null,"unpack_kwargs":false,"variables":[]}},"is_overload":true,"var":{".class":"Var","flags":["is_inferred"],"fullname":"shutil.copy2","name":"copy2","type":null}}],"type":{".class":"Overloaded","items":[{".class":"CallableType","arg_kinds":[0,0,5],"arg_names":["src","dst","follow_symlinks"],"arg_types":[{".class":"TypeAliasType","args":[],"type_ref":"_typeshed.StrPath"},{".class":"TypeAliasType","args":[],"type_ref":"_typeshed.StrPath"},"builtins.bool"],"bound_args":[],"def_extras":{"first_arg":null},"fallback":"builtins.function","from_concatenate":false,"implicit":false,"is_ellipsis_args":false,"name":"copy2","ret_type":{".class":"TypeAliasType","args":[],"type_ref":"shutil._PathReturn"},"type_guard":null,"unpack_kwargs":false,"variables":[]},{".class":"CallableType","arg_kinds":[0,0,5],"arg_names":["src","dst","follow_symlinks"],"arg_types":[{".class":"TypeAliasType","args":[],"type_ref":"_typeshed.BytesPath"},{".class":"TypeAliasType","args":[],"type_ref":"_typeshed.BytesPath"},"builtins.bool"],"bound_args":[],"def_extras":{"first_arg":null},"fallback":"builtins.function","from_concatenate":false,"implicit":false,"is_ellipsis_args":false,"name":"copy2","ret_type":{".class":"TypeAliasType","args":[],"type_ref":"shutil._PathReturn"},"type_guard":null,"unpack_kwargs":false,"variables":[]}]}}},"copyfile":{".class":"SymbolTableNode","kind":"Gdef","node":{".class":"FuncDef","abstract_status":0,"arg_kinds":[0,0,5],"arg_names":["src","dst","follow_symlinks"],"dataclass_transform_spec":null,"flags":[],"fullname":"shutil.copyfile","name":"copyfile","type":{".class":"CallableType","arg_kinds":[0,0,5],"arg_names":["src","dst","follow_symlinks"],"arg_types":[{".class":"TypeAliasType","args":[],"type_ref":"_typeshed.StrOrBytesPath"},{".class":"TypeVarType","fullname":"shutil._StrOrBytesPathT","id":-1,"name":"_StrOrBytesPathT","namespace":"","upper_bound":{".class":"UnionType","items":["builtins.str","builtins.bytes",{".class":"Instance","args":["builtins.str"],"type_ref":"os.PathLike"},{".class":"Instance","args":["builtins.bytes"],"type_ref":"os.PathLike"}]},"values":[],"variance":0},"builtins.bool"],"bound_args":[],"def_extras":{"first_arg":null},"fallback":"builtins.function","from_concatenate":false,"implicit":false,"is_ellipsis_args":false,"name":"copyfile","ret_type":{".class":"TypeVarType","fullname":"shutil._StrOrBytesPathT","id":-1,"name":"_StrOrBytesPathT","namespace":"","upper_bound":{".class":"UnionType","items":["builtins.str","builtins.bytes",{".class":"Instance","args":["builtins.str"],"type_ref":"os.PathLike"},{".class":"Instance","args":["builtins.bytes"],"type_ref":"os.PathLike"}]},"values":[],"variance":0},"type_guard":null,"unpack_kwargs":false,"variables":[{".class":"TypeVarType","fullname":"shutil._StrOrBytesPathT","id":-1,"name":"_StrOrBytesPathT","namespace":"","upper_bound":{".class":"UnionType","items":["builtins.str","builtins.bytes",{".class":"Instance","args":["builtins.str"],"type_ref":"os.PathLike"},{".class":"Instance","args":["builtins.bytes"],"type_ref":"os.PathLike"}]},"values":[],"variance":0}]}}},"copyfileobj":{".class":"SymbolTableNode","kind":"Gdef","node":{".class":"FuncDef","abstract_status":0,"arg_kinds":[0,0,1],"arg_names":["fsrc","fdst","length"],"dataclass_transform_spec":null,"flags":[],"fullname":"shutil.copyfileobj","name":"copyfileobj","type":{".class":"CallableType","arg_kinds":[0,0,1],"arg_names":["fsrc","fdst","length"],"arg_types":[{".class":"Instance","args":[{".class":"TypeVarType","fullname":"typing.AnyStr","id":-1,"name":"AnyStr","namespace":"","upper_bound":"builtins.object","values":["builtins.str","builtins.bytes"],"variance":0}],"type_ref":"_typeshed.SupportsRead"},{".class":"Instance","args":[{".class":"TypeVarType","fullname":"typing.AnyStr","id":-1,"name":"AnyStr","namespace":"","upper_bound":"builtins.object","values":["builtins.str","builtins.bytes"],"variance":0}],"type_ref":"_typeshed.SupportsWrite"},"builtins.int"],"bound_args":[],"def_extras":{"first_arg":null},"fallback":"builtins.function","from_concatenate":false,"implicit":false,"is_ellipsis_args":false,"name":"copyfileobj","ret_type":{".class":"NoneType"},"type_guard":null,"unpack_kwargs":false,"variables":[{".class":"TypeVarType","fullname":"typing.AnyStr","id":-1,"name":"AnyStr","namespace":"","upper_bound":"builtins.object","values":["builtins.str","builtins.bytes"],"variance":0}]}}},"copymode":{".class":"SymbolTableNode","kind":"Gdef","node":{".class":"FuncDef","abstract_status":0,"arg_kinds":[0,0,5],"arg_names":["src","dst","follow_symlinks"],"dataclass_transform_spec":null,"flags":[],"fullname":"shutil.copymode","name":"copymode","type":{".class":"CallableType","arg_kinds":[0,0,5],"arg_names":["src","dst","follow_symlinks"],"arg_types":[{".class":"TypeAliasType","args":[],"type_ref":"_typeshed.StrOrBytesPath"},{".class":"TypeAliasType","args":[],"type_ref":"_typeshed.StrOrBytesPath"},"builtins.bool"],"bound_args":[],"def_extras":{"first_arg":null},"fallback":"builtins.function","from_concatenate":false,"implicit":false,"is_ellipsis_args":false,"name":"copymode","ret_type":{".class":"NoneType"},"type_guard":null,"unpack_kwargs":false,"variables":[]}}},"copystat":{".class":"SymbolTableNode","kind":"Gdef","node":{".class":"FuncDef","abstract_status":0,"arg_kinds":[0,0,5],"arg_names":["src","dst","follow_symlinks"],"dataclass_transform_spec":null,"flags":[],"fullname":"shutil.copystat","name":"copystat","type":{".class":"CallableType","arg_kinds":[0,0,5],"arg_names":["src","dst","follow_symlinks"],"arg_types":[{".class":"TypeAliasType","args":[],"type_ref":"_typeshed.StrOrBytesPath"},{".class":"TypeAliasType","args":[],"type_ref":"_typeshed.StrOrBytesPath"},"builtins.bool"],"bound_args":[],"def_extras":{"first_arg":null},"fallback":"builtins.function","from_concatenate":false,"implicit":false,"is_ellipsis_args":false,"name":"copystat","ret_type":{".class":"NoneType"},"type_guard":null,"unpack_kwargs":false,"variables":[]}}},"copytree":{".class":"SymbolTableNode","kind":"Gdef","node":{".class":"FuncDef","abstract_status":0,"arg_kinds":[0,0,1,1,1,1,1],"arg_names":["src","dst","symlinks","ignore","copy_function","ignore_dangling_symlinks","dirs_exist_ok"],"dataclass_transform_spec":null,"flags":[],"fullname":"shutil.copytree","name":"copytree","type":{".class":"CallableType","arg_kinds":[0,0,1,1,1,1,1],"arg_names":["src","dst","symlinks","ignore","copy_function","ignore_dangling_symlinks","dirs_exist_ok"],"arg_types":[{".class":"TypeAliasType","args":[],"type_ref":"_typeshed.StrPath"},{".class":"TypeAliasType","args":[],"type_ref":"_typeshed.StrPath"},"builtins.bool",{".class":"UnionType","items":[{".class":"NoneType"},{".class":"CallableType","arg_kinds":[0,0],"arg_names":[null,null],"arg_types":["builtins.str",{".class":"Instance","args":["builtins.str"],"type_ref":"builtins.list"}],"bound_args":[],"def_extras":{},"fallback":"builtins.function","from_concatenate":false,"implicit":false,"is_ellipsis_args":false,"name":null,"ret_type":{".class":"Instance","args":["builtins.str"],"type_ref":"typing.Iterable"},"type_guard":null,"unpack_kwargs":false,"variables":[]},{".class":"CallableType","arg_kinds":[0,0],"arg_names":[null,null],"arg_types":[{".class":"TypeAliasType","args":[],"type_ref":"_typeshed.StrPath"},{".class":"Instance","args":["builtins.str"],"type_ref":"builtins.list"}],"bound_args":[],"def_extras":{},"fallback":"builtins.function","from_concatenate":false,"implicit":false,"is_ellipsis_args":false,"name":null,"ret_type":{".class":"Instance","args":["builtins.str"],"type_ref":"typing.Iterable"},"type_guard":null,"unpack_kwargs":false,"variables":[]}]},{".class":"CallableType","arg_kinds":[0,0],"arg_names":[null,null],"arg_types":["builtins.str","builtins.str"],"bound_args":[],"def_extras":{},"fallback":"builtins.function","from_concatenate":false,"implicit":false,"is_ellipsis_args":false,"name":null,"ret_type":"builtins.object","type_guard":null,"unpack_kwargs":false,"variables":[]},"builtins.bool","builtins.bool"],"bound_args":[],"def_extras":{"first_arg":null},"fallback":"builtins.function","from_concatenate":false,"implicit":false,"is_ellipsis_args":false,"name":"copytree","ret_type":{".class":"TypeAliasType","args":[],"type_ref":"shutil._PathReturn"},"type_guard":null,"unpack_kwargs":false,"variables":[]}}},"disk_usage":{".class":"SymbolTableNode","kind":"Gdef","node":{".class":"FuncDef","abstract_status":0,"arg_kinds":[0],"arg_names":["path"],"dataclass_transform_spec":null,"flags":[],"fullname":"shutil.disk_usage","name":"disk_usage","type":{".class":"CallableType","arg_kinds":[0],"arg_names":["path"],"arg_types":[{".class":"TypeAliasType","args":[],"type_ref":"_typeshed.FileDescriptorOrPath"}],"bound_args":[],"def_extras":{"first_arg":null},"fallback":"builtins.function","from_concatenate":false,"implicit":false,"is_ellipsis_args":false,"name":"disk_usage","ret_type":{".class":"TypeAliasType","args":[],"type_ref":"shutil._ntuple_diskusage"},"type_guard":null,"unpack_kwargs":false,"variables":[]}}},"get_archive_formats":{".class":"SymbolTableNode","kind":"Gdef","node":{".class":"FuncDef","abstract_status":0,"arg_kinds":[],"arg_names":[],"dataclass_transform_spec":null,"flags":[],"fullname":"shutil.get_archive_formats","name":"get_archive_formats","type":{".class":"CallableType","arg_kinds":[],"arg_names":[],"arg_types":[],"bound_args":[],"def_extras":{"first_arg":null},"fallback":"builtins.function","from_concatenate":false,"implicit":false,"is_ellipsis_args":false,"name":"get_archive_formats","ret_type":{".class":"Instance","args":[{".class":"TupleType","implicit":false,"items":["builtins.str","builtins.str"],"partial_fallback":{".class":"Instance","args":[{".class":"AnyType","missing_import_name":null,"source_any":null,"type_of_any":6}],"type_ref":"builtins.tuple"}}],"type_ref":"builtins.list"},"type_guard":null,"unpack_kwargs":false,"variables":[]}}},"get_terminal_size":{".class":"SymbolTableNode","kind":"Gdef","node":{".class":"FuncDef","abstract_status":0,"arg_kinds":[1],"arg_names":["fallback"],"dataclass_transform_spec":null,"flags":[],"fullname":"shutil.get_terminal_size","name":"get_terminal_size","type":{".class":"CallableType","arg_kinds":[1],"arg_names":["fallback"],"arg_types":[{".class":"TupleType","implicit":false,"items":["builtins.int","builtins.int"],"partial_fallback":{".class":"Instance","args":[{".class":"AnyType","missing_import_name":null,"source_any":null,"type_of_any":6}],"type_ref":"builtins.tuple"}}],"bound_args":[],"def_extras":{"first_arg":null},"fallback":"builtins.function","from_concatenate":false,"implicit":false,"is_ellipsis_args":false,"name":"get_terminal_size","ret_type":{".class":"TypeAliasType","args":[],"type_ref":"os.terminal_size"},"type_guard":null,"unpack_kwargs":false,"variables":[]}}},"get_unpack_formats":{".class":"SymbolTableNode","kind":"Gdef","node":{".class":"FuncDef","abstract_status":0,"arg_kinds":[],"arg_names":[],"dataclass_transform_spec":null,"flags":[],"fullname":"shutil.get_unpack_formats","name":"get_unpack_formats","type":{".class":"CallableType","arg_kinds":[],"arg_names":[],"arg_types":[],"bound_args":[],"def_extras":{"first_arg":null},"fallback":"builtins.function","from_concatenate":false,"implicit":false,"is_ellipsis_args":false,"name":"get_unpack_formats","ret_type":{".class":"Instance","args":[{".class":"TupleType","implicit":false,"items":["builtins.str",{".class":"Instance","args":["builtins.str"],"type_ref":"builtins.list"},"builtins.str"],"partial_fallback":{".class":"Instance","args":[{".class":"AnyType","missing_import_name":null,"source_any":null,"type_of_any":6}],"type_ref":"builtins.tuple"}}],"type_ref":"builtins.list"},"type_guard":null,"unpack_kwargs":false,"variables":[]}}},"ignore_patterns":{".class":"SymbolTableNode","kind":"Gdef","node":{".class":"FuncDef","abstract_status":0,"arg_kinds":[2],"arg_names":["patterns"],"dataclass_transform_spec":null,"flags":[],"fullname":"shutil.ignore_patterns","name":"ignore_patterns","type":{".class":"CallableType","arg_kinds":[2],"arg_names":["patterns"],"arg_types":[{".class":"TypeAliasType","args":[],"type_ref":"_typeshed.StrPath"}],"bound_args":[],"def_extras":{"first_arg":null},"fallback":"builtins.function","from_concatenate":false,"implicit":false,"is_ellipsis_args":false,"name":"ignore_patterns","ret_type":{".class":"CallableType","arg_kinds":[0,0],"arg_names":[null,null],"arg_types":[{".class":"AnyType","missing_import_name":null,"source_any":null,"type_of_any":2},{".class":"Instance","args":["builtins.str"],"type_ref":"builtins.list"}],"bound_args":[],"def_extras":{},"fallback":"builtins.function","from_concatenate":false,"implicit":false,"is_ellipsis_args":false,"name":null,"ret_type":{".class":"Instance","args":["builtins.str"],"type_ref":"builtins.set"},"type_guard":null,"unpack_kwargs":false,"variables":[]},"type_guard":null,"unpack_kwargs":false,"variables":[]}}},"make_archive":{".class":"SymbolTableNode","kind":"Gdef","node":{".class":"FuncDef","abstract_status":0,"arg_kinds":[0,0,1,1,1,1,1,1,1],"arg_names":["base_name","format","root_dir","base_dir","verbose","dry_run","owner","group","logger"],"dataclass_transform_spec":null,"flags":[],"fullname":"shutil.make_archive","name":"make_archive","type":{".class":"CallableType","arg_kinds":[0,0,1,1,1,1,1,1,1],"arg_names":["base_name","format","root_dir","base_dir","verbose","dry_run","owner","group","logger"],"arg_types":["builtins.str","builtins.str",{".class":"UnionType","items":[{".class":"TypeAliasType","args":[],"type_ref":"_typeshed.StrPath"},{".class":"NoneType"}]},{".class":"UnionType","items":[{".class":"TypeAliasType","args":[],"type_ref":"_typeshed.StrPath"},{".class":"NoneType"}]},"builtins.bool","builtins.bool",{".class":"UnionType","items":["builtins.str",{".class":"NoneType"}]},{".class":"UnionType","items":["builtins.str",{".class":"NoneType"}]},{".class":"UnionType","items":[{".class":"AnyType","missing_import_name":null,"source_any":null,"type_of_any":2},{".class":"NoneType"}]}],"bound_args":[],"def_extras":{"first_arg":null},"fallback":"builtins.function","from_concatenate":false,"implicit":false,"is_ellipsis_args":false,"name":"make_archive","ret_type":"builtins.str","type_guard":null,"unpack_kwargs":false,"variables":[]}}},"move":{".class":"SymbolTableNode","kind":"Gdef","node":{".class":"FuncDef","abstract_status":0,"arg_kinds":[0,0,1],"arg_names":["src","dst","copy_function"],"dataclass_transform_spec":null,"flags":[],"fullname":"shutil.move","name":"move","type":{".class":"CallableType","arg_kinds":[0,0,1],"arg_names":["src","dst","copy_function"],"arg_types":[{".class":"TypeAliasType","args":[],"type_ref":"_typeshed.StrPath"},{".class":"TypeAliasType","args":[],"type_ref":"_typeshed.StrPath"},{".class":"TypeAliasType","args":[],"type_ref":"shutil._CopyFn"}],"bound_args":[],"def_extras":{"first_arg":null},"fallback":"builtins.function","from_concatenate":false,"implicit":false,"is_ellipsis_args":false,"name":"move","ret_type":{".class":"TypeAliasType","args":[],"type_ref":"shutil._PathReturn"},"type_guard":null,"unpack_kwargs":false,"variables":[]}}},"os":{".class":"SymbolTableNode","cross_ref":"os","kind":"Gdef","module_hidden":true,"module_public":false},"overload":{".class":"SymbolTableNode","cross_ref":"typing.overload","kind":"Gdef","module_hidden":true,"module_public":false},"register_archive_format":{".class":"SymbolTableNode","kind":"Gdef","node":{".class":"OverloadedFuncDef","flags":[],"fullname":"shutil.register_archive_format","impl":null,"items":[{".class":"Decorator","func":{".class":"FuncDef","abstract_status":0,"arg_kinds":[0,0,0,1],"arg_names":["name","function","extra_args","description"],"dataclass_transform_spec":null,"flags":["is_overload","is_decorated"],"fullname":"shutil.register_archive_format","name":"register_archive_format","type":{".class":"CallableType","arg_kinds":[0,0,0,1],"arg_names":["name","function","extra_args","description"],"arg_types":["builtins.str",{".class":"CallableType","arg_kinds":[2,4],"arg_names":[null,null],"arg_types":[{".class":"AnyType","missing_import_name":null,"source_any":null,"type_of_any":2},{".class":"AnyType","missing_import_name":null,"source_any":null,"type_of_any":2}],"bound_args":[],"def_extras":{},"fallback":"builtins.function","from_concatenate":false,"implicit":false,"is_ellipsis_args":true,"name":null,"ret_type":"builtins.object","type_guard":null,"unpack_kwargs":false,"variables":[]},{".class":"Instance","args":[{".class":"UnionType","items":[{".class":"TupleType","implicit":false,"items":["builtins.str",{".class":"AnyType","missing_import_name":null,"source_any":null,"type_of_any":2}],"partial_fallback":{".class":"Instance","args":[{".class":"AnyType","missing_import_name":null,"source_any":null,"type_of_any":6}],"type_ref":"builtins.tuple"}},{".class":"Instance","args":[{".class":"AnyType","missing_import_name":null,"source_any":null,"type_of_any":2}],"type_ref":"builtins.list"}]}],"type_ref":"typing.Sequence"},"builtins.str"],"bound_args":[],"def_extras":{"first_arg":null},"fallback":"builtins.function","from_concatenate":false,"implicit":false,"is_ellipsis_args":false,"name":"register_archive_format","ret_type":{".class":"NoneType"},"type_guard":null,"unpack_kwargs":false,"variables":[]}},"is_overload":true,"var":{".class":"Var","flags":["is_inferred"],"fullname":"shutil.register_archive_format","name":"register_archive_format","type":null}},{".class":"Decorator","func":{".class":"FuncDef","abstract_status":0,"arg_kinds":[0,0,1,1],"arg_names":["name","function","extra_args","description"],"dataclass_transform_spec":null,"flags":["is_overload","is_decorated"],"fullname":"shutil.register_archive_format","name":"register_archive_format","type":{".class":"CallableType","arg_kinds":[0,0,1,1],"arg_names":["name","function","extra_args","description"],"arg_types":["builtins.str",{".class":"CallableType","arg_kinds":[0,0],"arg_names":[null,null],"arg_types":["builtins.str","builtins.str"],"bound_args":[],"def_extras":{},"fallback":"builtins.function","from_concatenate":false,"implicit":false,"is_ellipsis_args":false,"name":null,"ret_type":"builtins.object","type_guard":null,"unpack_kwargs":false,"variables":[]},{".class":"NoneType"},"builtins.str"],"bound_args":[],"def_extras":{"first_arg":null},"fallback":"builtins.function","from_concatenate":false,"implicit":false,"is_ellipsis_args":false,"name":"register_archive_format","ret_type":{".class":"NoneType"},"type_guard":null,"unpack_kwargs":false,"variables":[]}},"is_overload":true,"var":{".class":"Var","flags":["is_inferred"],"fullname":"shutil.register_archive_format","name":"register_archive_format","type":null}}],"type":{".class":"Overloaded","items":[{".class":"CallableType","arg_kinds":[0,0,0,1],"arg_names":["name","function","extra_args","description"],"arg_types":["builtins.str",{".class":"CallableType","arg_kinds":[2,4],"arg_names":[null,null],"arg_types":[{".class":"AnyType","missing_import_name":null,"source_any":null,"type_of_any":2},{".class":"AnyType","missing_import_name":null,"source_any":null,"type_of_any":2}],"bound_args":[],"def_extras":{},"fallback":"builtins.function","from_concatenate":false,"implicit":false,"is_ellipsis_args":true,"name":null,"ret_type":"builtins.object","type_guard":null,"unpack_kwargs":false,"variables":[]},{".class":"Instance","args":[{".class":"UnionType","items":[{".class":"TupleType","implicit":false,"items":["builtins.str",{".class":"AnyType","missing_import_name":null,"source_any":null,"type_of_any":2}],"partial_fallback":{".class":"Instance","args":[{".class":"AnyType","missing_import_name":null,"source_any":null,"type_of_any":6}],"type_ref":"builtins.tuple"}},{".class":"Instance","args":[{".class":"AnyType","missing_import_name":null,"source_any":null,"type_of_any":2}],"type_ref":"builtins.list"}]}],"type_ref":"typing.Sequence"},"builtins.str"],"bound_args":[],"def_extras":{"first_arg":null},"fallback":"builtins.function","from_concatenate":false,"implicit":false,"is_ellipsis_args":false,"name":"register_archive_format","ret_type":{".class":"NoneType"},"type_guard":null,"unpack_kwargs":false,"variables":[]},{".class":"CallableType","arg_kinds":[0,0,1,1],"arg_names":["name","function","extra_args","description"],"arg_types":["builtins.str",{".class":"CallableType","arg_kinds":[0,0],"arg_names":[null,null],"arg_types":["builtins.str","builtins.str"],"bound_args":[],"def_extras":{},"fallback":"builtins.function","from_concatenate":false,"implicit":false,"is_ellipsis_args":false,"name":null,"ret_type":"builtins.object","type_guard":null,"unpack_kwargs":false,"variables":[]},{".class":"NoneType"},"builtins.str"],"bound_args":[],"def_extras":{"first_arg":null},"fallback":"builtins.function","from_concatenate":false,"implicit":false,"is_ellipsis_args":false,"name":"register_archive_format","ret_type":{".class":"NoneType"},"type_guard":null,"unpack_kwargs":false,"variables":[]}]}}},"register_unpack_format":{".class":"SymbolTableNode","kind":"Gdef","node":{".class":"OverloadedFuncDef","flags":[],"fullname":"shutil.register_unpack_format","impl":null,"items":[{".class":"Decorator","func":{".class":"FuncDef","abstract_status":0,"arg_kinds":[0,0,0,0,1],"arg_names":["name","extensions","function","extra_args","description"],"dataclass_transform_spec":null,"flags":["is_overload","is_decorated"],"fullname":"shutil.register_unpack_format","name":"register_unpack_format","type":{".class":"CallableType","arg_kinds":[0,0,0,0,1],"arg_names":["name","extensions","function","extra_args","description"],"arg_types":["builtins.str",{".class":"Instance","args":["builtins.str"],"type_ref":"builtins.list"},{".class":"CallableType","arg_kinds":[2,4],"arg_names":[null,null],"arg_types":[{".class":"AnyType","missing_import_name":null,"source_any":null,"type_of_any":2},{".class":"AnyType","missing_import_name":null,"source_any":null,"type_of_any":2}],"bound_args":[],"def_extras":{},"fallback":"builtins.function","from_concatenate":false,"implicit":false,"is_ellipsis_args":true,"name":null,"ret_type":"builtins.object","type_guard":null,"unpack_kwargs":false,"variables":[]},{".class":"Instance","args":[{".class":"TupleType","implicit":false,"items":["builtins.str",{".class":"AnyType","missing_import_name":null,"source_any":null,"type_of_any":2}],"partial_fallback":{".class":"Instance","args":[{".class":"AnyType","missing_import_name":null,"source_any":null,"type_of_any":6}],"type_ref":"builtins.tuple"}}],"type_ref":"typing.Sequence"},"builtins.str"],"bound_args":[],"def_extras":{"first_arg":null},"fallback":"builtins.function","from_concatenate":false,"implicit":false,"is_ellipsis_args":false,"name":"register_unpack_format","ret_type":{".class":"NoneType"},"type_guard":null,"unpack_kwargs":false,"variables":[]}},"is_overload":true,"var":{".class":"Var","flags":["is_inferred"],"fullname":"shutil.register_unpack_format","name":"register_unpack_format","type":null}},{".class":"Decorator","func":{".class":"FuncDef","abstract_status":0,"arg_kinds":[0,0,0,1,1],"arg_names":["name","extensions","function","extra_args","description"],"dataclass_transform_spec":null,"flags":["is_overload","is_decorated"],"fullname":"shutil.register_unpack_format","name":"register_unpack_format","type":{".class":"CallableType","arg_kinds":[0,0,0,1,1],"arg_names":["name","extensions","function","extra_args","description"],"arg_types":["builtins.str",{".class":"Instance","args":["builtins.str"],"type_ref":"builtins.list"},{".class":"CallableType","arg_kinds":[0,0],"arg_names":[null,null],"arg_types":["builtins.str","builtins.str"],"bound_args":[],"def_extras":{},"fallback":"builtins.function","from_concatenate":false,"implicit":false,"is_ellipsis_args":false,"name":null,"ret_type":"builtins.object","type_guard":null,"unpack_kwargs":false,"variables":[]},{".class":"NoneType"},"builtins.str"],"bound_args":[],"def_extras":{"first_arg":null},"fallback":"builtins.function","from_concatenate":false,"implicit":false,"is_ellipsis_args":false,"name":"register_unpack_format","ret_type":{".class":"NoneType"},"type_guard":null,"unpack_kwargs":false,"variables":[]}},"is_overload":true,"var":{".class":"Var","flags":["is_inferred"],"fullname":"shutil.register_unpack_format","name":"register_unpack_format","type":null}}],"type":{".class":"Overloaded","items":[{".class":"CallableType","arg_kinds":[0,0,0,0,1],"arg_names":["name","extensions","function","extra_args","description"],"arg_types":["builtins.str",{".class":"Instance","args":["builtins.str"],"type_ref":"builtins.list"},{".class":"CallableType","arg_kinds":[2,4],"arg_names":[null,null],"arg_types":[{".class":"AnyType","missing_import_name":null,"source_any":null,"type_of_any":2},{".class":"AnyType","missing_import_name":null,"source_any":null,"type_of_any":2}],"bound_args":[],"def_extras":{},"fallback":"builtins.function","from_concatenate":false,"implicit":false,"is_ellipsis_args":true,"name":null,"ret_type":"builtins.object","type_guard":null,"unpack_kwargs":false,"variables":[]},{".class":"Instance","args":[{".class":"TupleType","implicit":false,"items":["builtins.str",{".class":"AnyType","missing_import_name":null,"source_any":null,"type_of_any":2}],"partial_fallback":{".class":"Instance","args":[{".class":"AnyType","missing_import_name":null,"source_any":null,"type_of_any":6}],"type_ref":"builtins.tuple"}}],"type_ref":"typing.Sequence"},"builtins.str"],"bound_args":[],"def_extras":{"first_arg":null},"fallback":"builtins.function","from_concatenate":false,"implicit":false,"is_ellipsis_args":false,"name":"register_unpack_format","ret_type":{".class":"NoneType"},"type_guard":null,"unpack_kwargs":false,"variables":[]},{".class":"CallableType","arg_kinds":[0,0,0,1,1],"arg_names":["name","extensions","function","extra_args","description"],"arg_types":["builtins.str",{".class":"Instance","args":["builtins.str"],"type_ref":"builtins.list"},{".class":"CallableType","arg_kinds":[0,0],"arg_names":[null,null],"arg_types":["builtins.str","builtins.str"],"bound_args":[],"def_extras":{},"fallback":"builtins.function","from_concatenate":false,"implicit":false,"is_ellipsis_args":false,"name":null,"ret_type":"builtins.object","type_guard":null,"unpack_kwargs":false,"variables":[]},{".class":"NoneType"},"builtins.str"],"bound_args":[],"def_extras":{"first_arg":null},"fallback":"builtins.function","from_concatenate":false,"implicit":false,"is_ellipsis_args":false,"name":"register_unpack_format","ret_type":{".class":"NoneType"},"type_guard":null,"unpack_kwargs":false,"variables":[]}]}}},"rmtree":{".class":"SymbolTableNode","kind":"Gdef","node":{".class":"Var","flags":["is_ready"],"fullname":"shutil.rmtree","name":"rmtree","type":"shutil._RmtreeType"}},"sys":{".class":"SymbolTableNode","cross_ref":"sys","kind":"Gdef","module_hidden":true,"module_public":false},"unpack_archive":{".class":"SymbolTableNode","kind":"Gdef","node":{".class":"FuncDef","abstract_status":0,"arg_kinds":[0,1,1],"arg_names":["filename","extract_dir","format"],"dataclass_transform_spec":null,"flags":[],"fullname":"shutil.unpack_archive","name":"unpack_archive","type":{".class":"CallableType","arg_kinds":[0,1,1],"arg_names":["filename","extract_dir","format"],"arg_types":[{".class":"TypeAliasType","args":[],"type_ref":"_typeshed.StrPath"},{".class":"UnionType","items":[{".class":"TypeAliasType","args":[],"type_ref":"_typeshed.StrPath"},{".class":"NoneType"}]},{".class":"UnionType","items":["builtins.str",{".class":"NoneType"}]}],"bound_args":[],"def_extras":{"first_arg":null},"fallback":"builtins.function","from_concatenate":false,"implicit":false,"is_ellipsis_args":false,"name":"unpack_archive","ret_type":{".class":"NoneType"},"type_guard":null,"unpack_kwargs":false,"variables":[]}}},"unregister_archive_format":{".class":"SymbolTableNode","kind":"Gdef","node":{".class":"FuncDef","abstract_status":0,"arg_kinds":[0],"arg_names":["name"],"dataclass_transform_spec":null,"flags":[],"fullname":"shutil.unregister_archive_format","name":"unregister_archive_format","type":{".class":"CallableType","arg_kinds":[0],"arg_names":["name"],"arg_types":["builtins.str"],"bound_args":[],"def_extras":{"first_arg":null},"fallback":"builtins.function","from_concatenate":false,"implicit":false,"is_ellipsis_args":false,"name":"unregister_archive_format","ret_type":{".class":"NoneType"},"type_guard":null,"unpack_kwargs":false,"variables":[]}}},"unregister_unpack_format":{".class":"SymbolTableNode","kind":"Gdef","node":{".class":"FuncDef","abstract_status":0,"arg_kinds":[0],"arg_names":["name"],"dataclass_transform_spec":null,"flags":[],"fullname":"shutil.unregister_unpack_format","name":"unregister_unpack_format","type":{".class":"CallableType","arg_kinds":[0],"arg_names":["name"],"arg_types":["builtins.str"],"bound_args":[],"def_extras":{"first_arg":null},"fallback":"builtins.function","from_concatenate":false,"implicit":false,"is_ellipsis_args":false,"name":"unregister_unpack_format","ret_type":{".class":"NoneType"},"type_guard":null,"unpack_kwargs":false,"variables":[]}}},"which":{".class":"SymbolTableNode","kind":"Gdef","node":{".class":"OverloadedFuncDef","flags":[],"fullname":"shutil.which","impl":null,"items":[{".class":"Decorator","func":{".class":"FuncDef","abstract_status":0,"arg_kinds":[0,1,1],"arg_names":["cmd","mode","path"],"dataclass_transform_spec":null,"flags":["is_overload","is_decorated"],"fullname":"shutil.which","name":"which","type":{".class":"CallableType","arg_kinds":[0,1,1],"arg_names":["cmd","mode","path"],"arg_types":[{".class":"TypeVarType","fullname":"shutil._StrPathT","id":-1,"name":"_StrPathT","namespace":"","upper_bound":{".class":"UnionType","items":["builtins.str",{".class":"Instance","args":["builtins.str"],"type_ref":"os.PathLike"}]},"values":[],"variance":0},"builtins.int",{".class":"UnionType","items":[{".class":"TypeAliasType","args":[],"type_ref":"_typeshed.StrPath"},{".class":"NoneType"}]}],"bound_args":[],"def_extras":{"first_arg":null},"fallback":"builtins.function","from_concatenate":false,"implicit":false,"is_ellipsis_args":false,"name":"which","ret_type":{".class":"UnionType","items":["builtins.str",{".class":"TypeVarType","fullname":"shutil._StrPathT","id":-1,"name":"_StrPathT","namespace":"","upper_bound":{".class":"UnionType","items":["builtins.str",{".class":"Instance","args":["builtins.str"],"type_ref":"os.PathLike"}]},"values":[],"variance":0},{".class":"NoneType"}]},"type_guard":null,"unpack_kwargs":false,"variables":[{".class":"TypeVarType","fullname":"shutil._StrPathT","id":-1,"name":"_StrPathT","namespace":"","upper_bound":{".class":"UnionType","items":["builtins.str",{".class":"Instance","args":["builtins.str"],"type_ref":"os.PathLike"}]},"values":[],"variance":0}]}},"is_overload":true,"var":{".class":"Var","flags":["is_inferred"],"fullname":"shutil.which","name":"which","type":null}},{".class":"Decorator","func":{".class":"FuncDef","abstract_status":0,"arg_kinds":[0,1,1],"arg_names":["cmd","mode","path"],"dataclass_transform_spec":null,"flags":["is_overload","is_decorated"],"fullname":"shutil.which","name":"which","type":{".class":"CallableType","arg_kinds":[0,1,1],"arg_names":["cmd","mode","path"],"arg_types":["builtins.bytes","builtins.int",{".class":"UnionType","items":[{".class":"TypeAliasType","args":[],"type_ref":"_typeshed.StrPath"},{".class":"NoneType"}]}],"bound_args":[],"def_extras":{"first_arg":null},"fallback":"builtins.function","from_concatenate":false,"implicit":false,"is_ellipsis_args":false,"name":"which","ret_type":{".class":"UnionType","items":["builtins.bytes",{".class":"NoneType"}]},"type_guard":null,"unpack_kwargs":false,"variables":[]}},"is_overload":true,"var":{".class":"Var","flags":["is_inferred"],"fullname":"shutil.which","name":"which","type":null}}],"type":{".class":"Overloaded","items":[{".class":"CallableType","arg_kinds":[0,1,1],"arg_names":["cmd","mode","path"],"arg_types":[{".class":"TypeVarType","fullname":"shutil._StrPathT","id":-1,"name":"_StrPathT","namespace":"","upper_bound":{".class":"UnionType","items":["builtins.str",{".class":"Instance","args":["builtins.str"],"type_ref":"os.PathLike"}]},"values":[],"variance":0},"builtins.int",{".class":"UnionType","items":[{".class":"TypeAliasType","args":[],"type_ref":"_typeshed.StrPath"},{".class":"NoneType"}]}],"bound_args":[],"def_extras":{"first_arg":null},"fallback":"builtins.function","from_concatenate":false,"implicit":false,"is_ellipsis_args":false,"name":"which","ret_type":{".class":"UnionType","items":["builtins.str",{".class":"TypeVarType","fullname":"shutil._StrPathT","id":-1,"name":"_StrPathT","namespace":"","upper_bound":{".class":"UnionType","items":["builtins.str",{".class":"Instance","args":["builtins.str"],"type_ref":"os.PathLike"}]},"values":[],"variance":0},{".class":"NoneType"}]},"type_guard":null,"unpack_kwargs":false,"variables":[{".class":"TypeVarType","fullname":"shutil._StrPathT","id":-1,"name":"_StrPathT","namespace":"","upper_bound":{".class":"UnionType","items":["builtins.str",{".class":"Instance","args":["builtins.str"],"type_ref":"os.PathLike"}]},"values":[],"variance":0}]},{".class":"CallableType","arg_kinds":[0,1,1],"arg_names":["cmd","mode","path"],"arg_types":["builtins.bytes","builtins.int",{".class":"UnionType","items":[{".class":"TypeAliasType","args":[],"type_ref":"_typeshed.StrPath"},{".class":"NoneType"}]}],"bound_args":[],"def_extras":{"first_arg":null},"fallback":"builtins.function","from_concatenate":false,"implicit":false,"is_ellipsis_args":false,"name":"which","ret_type":{".class":"UnionType","items":["builtins.bytes",{".class":"NoneType"}]},"type_guard":null,"unpack_kwargs":false,"variables":[]}]}}}},"path":"C:\\Users\\Vasilis\\AppData\\Local\\Programs\\Python\\Python313\\Lib\\site-packages\\mypy\\typeshed\\stdlib\\shutil.pyi"}