{"data_mtime":1762095527,"dep_lines":[116,4,5,115,117,118,119,120,1,1,1,1,1,1],"dep_prios":[5,5,10,5,5,5,5,5,5,30,30,30,30,30],"dependencies":["collections.abc","_socket","sys","_typeshed","enum","io","typing","typing_extensions","builtins","abc","array","ctypes","mmap","pickle"],"hash":"42c95d994364cfb245e97dd3164320acfc383525ecfaeb6c9835bdddd87ed73a","id":"socket","ignore_all":true,"interface_hash":"3ef86ff2853a5d605a47ba91435ef348dd22808ff677d08d9e8ccc2b6bbb2ac8","mtime":1762095443,"options":{"allow_redefinition":false,"allow_untyped_globals":false,"always_false":[],"always_true":[],"bazel":false,"check_untyped_defs":false,"disable_bytearray_promotion":false,"disable_error_code":[],"disable_memoryview_promotion":false,"disabled_error_codes":[],"disallow_any_decorated":false,"disallow_any_explicit":false,"disallow_any_expr":false,"disallow_any_generics":false,"disallow_any_unimported":false,"disallow_incomplete_defs":false,"disallow_subclassing_any":false,"disallow_untyped_calls":false,"disallow_untyped_decorators":false,"disallow_untyped_defs":false,"enable_error_code":[],"enabled_error_codes":[],"follow_imports":"silent","follow_imports_for_stubs":false,"ignore_errors":false,"ignore_missing_imports":true,"implicit_optional":true,"implicit_reexport":true,"local_partial_types":false,"mypyc":false,"platform":"win32","plugins":[],"strict_concatenate":false,"strict_equality":false,"strict_optional":true,"warn_no_return":true,"warn_return_any":false,"warn_unreachable":false,"warn_unused_ignores":false},"path":"C:\\Users\\Vasilis\\AppData\\Local\\Programs\\Python\\Python313\\Lib\\site-packages\\mypy\\typeshed\\stdlib\\socket.pyi","plugin_data":null,"size":27948,"suppressed":[],"version_id":"1.3.0"}