{".class":"MypyFile","_fullname":"socketserver","future_import_flags":[],"is_partial_stub_package":false,"is_stub":true,"names":{".class":"SymbolTable","Any":{".class":"SymbolTableNode","cross_ref":"typing.Any","kind":"Gdef","module_hidden":true,"module_public":false},"BaseRequestHandler":{".class":"SymbolTableNode","kind":"Gdef","node":{".class":"TypeInfo","_promote":[],"abstract_attributes":[],"alt_promote":null,"bases":["builtins.object"],"dataclass_transform_spec":null,"declared_metaclass":null,"defn":{".class":"ClassDef","fullname":"socketserver.BaseRequestHandler","name":"BaseRequestHandler","type_vars":[]},"deletable_attributes":[],"flags":[],"fullname":"socketserver.BaseRequestHandler","has_param_spec_type":false,"metaclass_type":null,"metadata":{},"module_name":"socketserver","mro":["socketserver.BaseRequestHandler","builtins.object"],"names":{".class":"SymbolTable","__init__":{".class":"SymbolTableNode","kind":"Mdef","node":{".class":"FuncDef","abstract_status":0,"arg_kinds":[0,0,0,0],"arg_names":["self","request","client_address","server"],"dataclass_transform_spec":null,"flags":[],"fullname":"socketserver.BaseRequestHandler.__init__","name":"__init__","type":{".class":"CallableType","arg_kinds":[0,0,0,0],"arg_names":["self","request","client_address","server"],"arg_types":["socketserver.BaseRequestHandler",{".class":"TypeAliasType","args":[],"type_ref":"socketserver._RequestType"},{".class":"TypeAliasType","args":[],"type_ref":"_socket._RetAddress"},"socketserver.BaseServer"],"bound_args":[],"def_extras":{"first_arg":"self"},"fallback":"builtins.function","from_concatenate":false,"implicit":false,"is_ellipsis_args":false,"name":"__init__ of BaseRequestHandler","ret_type":{".class":"NoneType"},"type_guard":null,"unpack_kwargs":false,"variables":[]}}},"client_address":{".class":"SymbolTableNode","kind":"Mdef","node":{".class":"Var","flags":["is_initialized_in_class","is_ready"],"fullname":"socketserver.BaseRequestHandler.client_address","name":"client_address","type":{".class":"TypeAliasType","args":[],"type_ref":"_socket._RetAddress"}}},"finish":{".class":"SymbolTableNode","kind":"Mdef","node":{".class":"FuncDef","abstract_status":0,"arg_kinds":[0],"arg_names":["self"],"dataclass_transform_spec":null,"flags":[],"fullname":"socketserver.BaseRequestHandler.finish","name":"finish","type":{".class":"CallableType","arg_kinds":[0],"arg_names":["self"],"arg_types":["socketserver.BaseRequestHandler"],"bound_args":[],"def_extras":{"first_arg":"self"},"fallback":"builtins.function","from_concatenate":false,"implicit":false,"is_ellipsis_args":false,"name":"finish of BaseRequestHandler","ret_type":{".class":"NoneType"},"type_guard":null,"unpack_kwargs":false,"variables":[]}}},"handle":{".class":"SymbolTableNode","kind":"Mdef","node":{".class":"FuncDef","abstract_status":0,"arg_kinds":[0],"arg_names":["self"],"dataclass_transform_spec":null,"flags":[],"fullname":"socketserver.BaseRequestHandler.handle","name":"handle","type":{".class":"CallableType","arg_kinds":[0],"arg_names":["self"],"arg_types":["socketserver.BaseRequestHandler"],"bound_args":[],"def_extras":{"first_arg":"self"},"fallback":"builtins.function","from_concatenate":false,"implicit":false,"is_ellipsis_args":false,"name":"handle of BaseRequestHandler","ret_type":{".class":"NoneType"},"type_guard":null,"unpack_kwargs":false,"variables":[]}}},"request":{".class":"SymbolTableNode","kind":"Mdef","node":{".class":"Var","flags":["is_initialized_in_class","is_ready"],"fullname":"socketserver.BaseRequestHandler.request","name":"request","type":{".class":"AnyType","missing_import_name":null,"source_any":null,"type_of_any":2}}},"server":{".class":"SymbolTableNode","kind":"Mdef","node":{".class":"Var","flags":["is_initialized_in_class","is_ready"],"fullname":"socketserver.BaseRequestHandler.server","name":"server","type":"socketserver.BaseServer"}},"setup":{".class":"SymbolTableNode","kind":"Mdef","node":{".class":"FuncDef","abstract_status":0,"arg_kinds":[0],"arg_names":["self"],"dataclass_transform_spec":null,"flags":[],"fullname":"socketserver.BaseRequestHandler.setup","name":"setup","type":{".class":"CallableType","arg_kinds":[0],"arg_names":["self"],"arg_types":["socketserver.BaseRequestHandler"],"bound_args":[],"def_extras":{"first_arg":"self"},"fallback":"builtins.function","from_concatenate":false,"implicit":false,"is_ellipsis_args":false,"name":"setup of BaseRequestHandler","ret_type":{".class":"NoneType"},"type_guard":null,"unpack_kwargs":false,"variables":[]}}}},"self_type":null,"slots":null,"tuple_type":null,"type_vars":[],"typeddict_type":null}},"BaseServer":{".class":"SymbolTableNode","kind":"Gdef","node":{".class":"TypeInfo","_promote":[],"abstract_attributes":[],"alt_promote":null,"bases":["builtins.object"],"dataclass_transform_spec":null,"declared_metaclass":null,"defn":{".class":"ClassDef","fullname":"socketserver.BaseServer","name":"BaseServer","type_vars":[]},"deletable_attributes":[],"flags":[],"fullname":"socketserver.BaseServer","has_param_spec_type":false,"metaclass_type":null,"metadata":{},"module_name":"socketserver","mro":["socketserver.BaseServer","builtins.object"],"names":{".class":"SymbolTable","RequestHandlerClass":{".class":"SymbolTableNode","kind":"Mdef","node":{".class":"Var","flags":["is_initialized_in_class","is_ready"],"fullname":"socketserver.BaseServer.RequestHandlerClass","name":"RequestHandlerClass","type":{".class":"CallableType","arg_kinds":[0,0,0],"arg_names":[null,null,null],"arg_types":[{".class":"AnyType","missing_import_name":null,"source_any":null,"type_of_any":2},{".class":"TypeAliasType","args":[],"type_ref":"_socket._RetAddress"},{".class":"TypeVarType","fullname":"socketserver.BaseServer.Self","id":0,"name":"Self","namespace":"","upper_bound":"socketserver.BaseServer","values":[],"variance":0}],"bound_args":[],"def_extras":{},"fallback":"builtins.function","from_concatenate":false,"implicit":false,"is_ellipsis_args":false,"name":null,"ret_type":"socketserver.BaseRequestHandler","type_guard":null,"unpack_kwargs":false,"variables":[]}}},"__enter__":{".class":"SymbolTableNode","kind":"Mdef","node":{".class":"FuncDef","abstract_status":0,"arg_kinds":[0],"arg_names":[null],"dataclass_transform_spec":null,"flags":[],"fullname":"socketserver.BaseServer.__enter__","name":"__enter__","type":{".class":"CallableType","arg_kinds":[0],"arg_names":[null],"arg_types":[{".class":"TypeVarType","fullname":"socketserver.BaseServer.Self","id":0,"name":"Self","namespace":"","upper_bound":"socketserver.BaseServer","values":[],"variance":0}],"bound_args":[],"def_extras":{"first_arg":"self"},"fallback":"builtins.function","from_concatenate":false,"implicit":false,"is_ellipsis_args":false,"name":"__enter__ of BaseServer","ret_type":{".class":"TypeVarType","fullname":"socketserver.BaseServer.Self","id":0,"name":"Self","namespace":"","upper_bound":"socketserver.BaseServer","values":[],"variance":0},"type_guard":null,"unpack_kwargs":false,"variables":[{".class":"TypeVarType","fullname":"socketserver.BaseServer.Self","id":0,"name":"Self","namespace":"","upper_bound":"socketserver.BaseServer","values":[],"variance":0}]}}},"__exit__":{".class":"SymbolTableNode","kind":"Mdef","node":{".class":"FuncDef","abstract_status":0,"arg_kinds":[0,0,0,0],"arg_names":[null,null,null,null],"dataclass_transform_spec":null,"flags":[],"fullname":"socketserver.BaseServer.__exit__","name":"__exit__","type":{".class":"CallableType","arg_kinds":[0,0,0,0],"arg_names":[null,null,null,null],"arg_types":["socketserver.BaseServer",{".class":"UnionType","items":[{".class":"TypeType","item":"builtins.BaseException"},{".class":"NoneType"}]},{".class":"UnionType","items":["builtins.BaseException",{".class":"NoneType"}]},{".class":"UnionType","items":["types.TracebackType",{".class":"NoneType"}]}],"bound_args":[],"def_extras":{"first_arg":"self"},"fallback":"builtins.function","from_concatenate":false,"implicit":false,"is_ellipsis_args":false,"name":"__exit__ of BaseServer","ret_type":{".class":"NoneType"},"type_guard":null,"unpack_kwargs":false,"variables":[]}}},"__init__":{".class":"SymbolTableNode","kind":"Mdef","node":{".class":"FuncDef","abstract_status":0,"arg_kinds":[0,0,0],"arg_names":["self","server_address","RequestHandlerClass"],"dataclass_transform_spec":null,"flags":[],"fullname":"socketserver.BaseServer.__init__","name":"__init__","type":{".class":"CallableType","arg_kinds":[0,0,0],"arg_names":["self","server_address","RequestHandlerClass"],"arg_types":[{".class":"TypeVarType","fullname":"socketserver.BaseServer.Self","id":0,"name":"Self","namespace":"","upper_bound":"socketserver.BaseServer","values":[],"variance":0},{".class":"TypeAliasType","args":[],"type_ref":"_socket._Address"},{".class":"CallableType","arg_kinds":[0,0,0],"arg_names":[null,null,null],"arg_types":[{".class":"AnyType","missing_import_name":null,"source_any":null,"type_of_any":2},{".class":"TypeAliasType","args":[],"type_ref":"_socket._RetAddress"},{".class":"TypeVarType","fullname":"socketserver.BaseServer.Self","id":0,"name":"Self","namespace":"","upper_bound":"socketserver.BaseServer","values":[],"variance":0}],"bound_args":[],"def_extras":{},"fallback":"builtins.function","from_concatenate":false,"implicit":false,"is_ellipsis_args":false,"name":null,"ret_type":"socketserver.BaseRequestHandler","type_guard":null,"unpack_kwargs":false,"variables":[]}],"bound_args":[],"def_extras":{"first_arg":"self"},"fallback":"builtins.function","from_concatenate":false,"implicit":false,"is_ellipsis_args":false,"name":"__init__ of BaseServer","ret_type":{".class":"NoneType"},"type_guard":null,"unpack_kwargs":false,"variables":[{".class":"TypeVarType","fullname":"socketserver.BaseServer.Self","id":0,"name":"Self","namespace":"","upper_bound":"socketserver.BaseServer","values":[],"variance":0}]}}},"address_family":{".class":"SymbolTableNode","kind":"Mdef","node":{".class":"Var","flags":["is_initialized_in_class","is_ready"],"fullname":"socketserver.BaseServer.address_family","name":"address_family","type":"builtins.int"}},"allow_reuse_address":{".class":"SymbolTableNode","kind":"Mdef","node":{".class":"Var","flags":["is_initialized_in_class","is_ready"],"fullname":"socketserver.BaseServer.allow_reuse_address","name":"allow_reuse_address","type":"builtins.bool"}},"close_request":{".class":"SymbolTableNode","kind":"Mdef","node":{".class":"FuncDef","abstract_status":0,"arg_kinds":[0,0],"arg_names":["self","request"],"dataclass_transform_spec":null,"flags":[],"fullname":"socketserver.BaseServer.close_request","name":"close_request","type":{".class":"CallableType","arg_kinds":[0,0],"arg_names":["self","request"],"arg_types":["socketserver.BaseServer",{".class":"TypeAliasType","args":[],"type_ref":"socketserver._RequestType"}],"bound_args":[],"def_extras":{"first_arg":"self"},"fallback":"builtins.function","from_concatenate":false,"implicit":false,"is_ellipsis_args":false,"name":"close_request of BaseServer","ret_type":{".class":"NoneType"},"type_guard":null,"unpack_kwargs":false,"variables":[]}}},"fileno":{".class":"SymbolTableNode","kind":"Mdef","node":{".class":"FuncDef","abstract_status":0,"arg_kinds":[0],"arg_names":["self"],"dataclass_transform_spec":null,"flags":[],"fullname":"socketserver.BaseServer.fileno","name":"fileno","type":{".class":"CallableType","arg_kinds":[0],"arg_names":["self"],"arg_types":["socketserver.BaseServer"],"bound_args":[],"def_extras":{"first_arg":"self"},"fallback":"builtins.function","from_concatenate":false,"implicit":false,"is_ellipsis_args":false,"name":"fileno of BaseServer","ret_type":"builtins.int","type_guard":null,"unpack_kwargs":false,"variables":[]}}},"finish_request":{".class":"SymbolTableNode","kind":"Mdef","node":{".class":"FuncDef","abstract_status":0,"arg_kinds":[0,0,0],"arg_names":["self","request","client_address"],"dataclass_transform_spec":null,"flags":[],"fullname":"socketserver.BaseServer.finish_request","name":"finish_request","type":{".class":"CallableType","arg_kinds":[0,0,0],"arg_names":["self","request","client_address"],"arg_types":["socketserver.BaseServer",{".class":"TypeAliasType","args":[],"type_ref":"socketserver._RequestType"},{".class":"TypeAliasType","args":[],"type_ref":"_socket._RetAddress"}],"bound_args":[],"def_extras":{"first_arg":"self"},"fallback":"builtins.function","from_concatenate":false,"implicit":false,"is_ellipsis_args":false,"name":"finish_request of BaseServer","ret_type":{".class":"NoneType"},"type_guard":null,"unpack_kwargs":false,"variables":[]}}},"get_request":{".class":"SymbolTableNode","kind":"Mdef","node":{".class":"FuncDef","abstract_status":0,"arg_kinds":[0],"arg_names":["self"],"dataclass_transform_spec":null,"flags":[],"fullname":"socketserver.BaseServer.get_request","name":"get_request","type":{".class":"CallableType","arg_kinds":[0],"arg_names":["self"],"arg_types":["socketserver.BaseServer"],"bound_args":[],"def_extras":{"first_arg":"self"},"fallback":"builtins.function","from_concatenate":false,"implicit":false,"is_ellipsis_args":false,"name":"get_request of BaseServer","ret_type":{".class":"TupleType","implicit":false,"items":[{".class":"AnyType","missing_import_name":null,"source_any":null,"type_of_any":2},{".class":"AnyType","missing_import_name":null,"source_any":null,"type_of_any":2}],"partial_fallback":{".class":"Instance","args":[{".class":"AnyType","missing_import_name":null,"source_any":null,"type_of_any":6}],"type_ref":"builtins.tuple"}},"type_guard":null,"unpack_kwargs":false,"variables":[]}}},"handle_error":{".class":"SymbolTableNode","kind":"Mdef","node":{".class":"FuncDef","abstract_status":0,"arg_kinds":[0,0,0],"arg_names":["self","request","client_address"],"dataclass_transform_spec":null,"flags":[],"fullname":"socketserver.BaseServer.handle_error","name":"handle_error","type":{".class":"CallableType","arg_kinds":[0,0,0],"arg_names":["self","request","client_address"],"arg_types":["socketserver.BaseServer",{".class":"TypeAliasType","args":[],"type_ref":"socketserver._RequestType"},{".class":"TypeAliasType","args":[],"type_ref":"_socket._RetAddress"}],"bound_args":[],"def_extras":{"first_arg":"self"},"fallback":"builtins.function","from_concatenate":false,"implicit":false,"is_ellipsis_args":false,"name":"handle_error of BaseServer","ret_type":{".class":"NoneType"},"type_guard":null,"unpack_kwargs":false,"variables":[]}}},"handle_request":{".class":"SymbolTableNode","kind":"Mdef","node":{".class":"FuncDef","abstract_status":0,"arg_kinds":[0],"arg_names":["self"],"dataclass_transform_spec":null,"flags":[],"fullname":"socketserver.BaseServer.handle_request","name":"handle_request","type":{".class":"CallableType","arg_kinds":[0],"arg_names":["self"],"arg_types":["socketserver.BaseServer"],"bound_args":[],"def_extras":{"first_arg":"self"},"fallback":"builtins.function","from_concatenate":false,"implicit":false,"is_ellipsis_args":false,"name":"handle_request of BaseServer","ret_type":{".class":"NoneType"},"type_guard":null,"unpack_kwargs":false,"variables":[]}}},"handle_timeout":{".class":"SymbolTableNode","kind":"Mdef","node":{".class":"FuncDef","abstract_status":0,"arg_kinds":[0],"arg_names":["self"],"dataclass_transform_spec":null,"flags":[],"fullname":"socketserver.BaseServer.handle_timeout","name":"handle_timeout","type":{".class":"CallableType","arg_kinds":[0],"arg_names":["self"],"arg_types":["socketserver.BaseServer"],"bound_args":[],"def_extras":{"first_arg":"self"},"fallback":"builtins.function","from_concatenate":false,"implicit":false,"is_ellipsis_args":false,"name":"handle_timeout of BaseServer","ret_type":{".class":"NoneType"},"type_guard":null,"unpack_kwargs":false,"variables":[]}}},"process_request":{".class":"SymbolTableNode","kind":"Mdef","node":{".class":"FuncDef","abstract_status":0,"arg_kinds":[0,0,0],"arg_names":["self","request","client_address"],"dataclass_transform_spec":null,"flags":[],"fullname":"socketserver.BaseServer.process_request","name":"process_request","type":{".class":"CallableType","arg_kinds":[0,0,0],"arg_names":["self","request","client_address"],"arg_types":["socketserver.BaseServer",{".class":"TypeAliasType","args":[],"type_ref":"socketserver._RequestType"},{".class":"TypeAliasType","args":[],"type_ref":"_socket._RetAddress"}],"bound_args":[],"def_extras":{"first_arg":"self"},"fallback":"builtins.function","from_concatenate":false,"implicit":false,"is_ellipsis_args":false,"name":"process_request of BaseServer","ret_type":{".class":"NoneType"},"type_guard":null,"unpack_kwargs":false,"variables":[]}}},"request_queue_size":{".class":"SymbolTableNode","kind":"Mdef","node":{".class":"Var","flags":["is_initialized_in_class","is_ready"],"fullname":"socketserver.BaseServer.request_queue_size","name":"request_queue_size","type":"builtins.int"}},"serve_forever":{".class":"SymbolTableNode","kind":"Mdef","node":{".class":"FuncDef","abstract_status":0,"arg_kinds":[0,1],"arg_names":["self","poll_interval"],"dataclass_transform_spec":null,"flags":[],"fullname":"socketserver.BaseServer.serve_forever","name":"serve_forever","type":{".class":"CallableType","arg_kinds":[0,1],"arg_names":["self","poll_interval"],"arg_types":["socketserver.BaseServer","builtins.float"],"bound_args":[],"def_extras":{"first_arg":"self"},"fallback":"builtins.function","from_concatenate":false,"implicit":false,"is_ellipsis_args":false,"name":"serve_forever of BaseServer","ret_type":{".class":"NoneType"},"type_guard":null,"unpack_kwargs":false,"variables":[]}}},"server_activate":{".class":"SymbolTableNode","kind":"Mdef","node":{".class":"FuncDef","abstract_status":0,"arg_kinds":[0],"arg_names":["self"],"dataclass_transform_spec":null,"flags":[],"fullname":"socketserver.BaseServer.server_activate","name":"server_activate","type":{".class":"CallableType","arg_kinds":[0],"arg_names":["self"],"arg_types":["socketserver.BaseServer"],"bound_args":[],"def_extras":{"first_arg":"self"},"fallback":"builtins.function","from_concatenate":false,"implicit":false,"is_ellipsis_args":false,"name":"server_activate of BaseServer","ret_type":{".class":"NoneType"},"type_guard":null,"unpack_kwargs":false,"variables":[]}}},"server_address":{".class":"SymbolTableNode","kind":"Mdef","node":{".class":"Var","flags":["is_initialized_in_class","is_ready"],"fullname":"socketserver.BaseServer.server_address","name":"server_address","type":{".class":"TypeAliasType","args":[],"type_ref":"_socket._Address"}}},"server_bind":{".class":"SymbolTableNode","kind":"Mdef","node":{".class":"FuncDef","abstract_status":0,"arg_kinds":[0],"arg_names":["self"],"dataclass_transform_spec":null,"flags":[],"fullname":"socketserver.BaseServer.server_bind","name":"server_bind","type":{".class":"CallableType","arg_kinds":[0],"arg_names":["self"],"arg_types":["socketserver.BaseServer"],"bound_args":[],"def_extras":{"first_arg":"self"},"fallback":"builtins.function","from_concatenate":false,"implicit":false,"is_ellipsis_args":false,"name":"server_bind of BaseServer","ret_type":{".class":"NoneType"},"type_guard":null,"unpack_kwargs":false,"variables":[]}}},"server_close":{".class":"SymbolTableNode","kind":"Mdef","node":{".class":"FuncDef","abstract_status":0,"arg_kinds":[0],"arg_names":["self"],"dataclass_transform_spec":null,"flags":[],"fullname":"socketserver.BaseServer.server_close","name":"server_close","type":{".class":"CallableType","arg_kinds":[0],"arg_names":["self"],"arg_types":["socketserver.BaseServer"],"bound_args":[],"def_extras":{"first_arg":"self"},"fallback":"builtins.function","from_concatenate":false,"implicit":false,"is_ellipsis_args":false,"name":"server_close of BaseServer","ret_type":{".class":"NoneType"},"type_guard":null,"unpack_kwargs":false,"variables":[]}}},"service_actions":{".class":"SymbolTableNode","kind":"Mdef","node":{".class":"FuncDef","abstract_status":0,"arg_kinds":[0],"arg_names":["self"],"dataclass_transform_spec":null,"flags":[],"fullname":"socketserver.BaseServer.service_actions","name":"service_actions","type":{".class":"CallableType","arg_kinds":[0],"arg_names":["self"],"arg_types":["socketserver.BaseServer"],"bound_args":[],"def_extras":{"first_arg":"self"},"fallback":"builtins.function","from_concatenate":false,"implicit":false,"is_ellipsis_args":false,"name":"service_actions of BaseServer","ret_type":{".class":"NoneType"},"type_guard":null,"unpack_kwargs":false,"variables":[]}}},"shutdown":{".class":"SymbolTableNode","kind":"Mdef","node":{".class":"FuncDef","abstract_status":0,"arg_kinds":[0],"arg_names":["self"],"dataclass_transform_spec":null,"flags":[],"fullname":"socketserver.BaseServer.shutdown","name":"shutdown","type":{".class":"CallableType","arg_kinds":[0],"arg_names":["self"],"arg_types":["socketserver.BaseServer"],"bound_args":[],"def_extras":{"first_arg":"self"},"fallback":"builtins.function","from_concatenate":false,"implicit":false,"is_ellipsis_args":false,"name":"shutdown of BaseServer","ret_type":{".class":"NoneType"},"type_guard":null,"unpack_kwargs":false,"variables":[]}}},"shutdown_request":{".class":"SymbolTableNode","kind":"Mdef","node":{".class":"FuncDef","abstract_status":0,"arg_kinds":[0,0],"arg_names":["self","request"],"dataclass_transform_spec":null,"flags":[],"fullname":"socketserver.BaseServer.shutdown_request","name":"shutdown_request","type":{".class":"CallableType","arg_kinds":[0,0],"arg_names":["self","request"],"arg_types":["socketserver.BaseServer",{".class":"TypeAliasType","args":[],"type_ref":"socketserver._RequestType"}],"bound_args":[],"def_extras":{"first_arg":"self"},"fallback":"builtins.function","from_concatenate":false,"implicit":false,"is_ellipsis_args":false,"name":"shutdown_request of BaseServer","ret_type":{".class":"NoneType"},"type_guard":null,"unpack_kwargs":false,"variables":[]}}},"socket":{".class":"SymbolTableNode","kind":"Mdef","node":{".class":"Var","flags":["is_initialized_in_class","is_ready"],"fullname":"socketserver.BaseServer.socket","name":"socket","type":"socket.socket"}},"socket_type":{".class":"SymbolTableNode","kind":"Mdef","node":{".class":"Var","flags":["is_initialized_in_class","is_ready"],"fullname":"socketserver.BaseServer.socket_type","name":"socket_type","type":"builtins.int"}},"timeout":{".class":"SymbolTableNode","kind":"Mdef","node":{".class":"Var","flags":["is_initialized_in_class","is_ready"],"fullname":"socketserver.BaseServer.timeout","name":"timeout","type":{".class":"UnionType","items":["builtins.float",{".class":"NoneType"}]}}},"verify_request":{".class":"SymbolTableNode","kind":"Mdef","node":{".class":"FuncDef","abstract_status":0,"arg_kinds":[0,0,0],"arg_names":["self","request","client_address"],"dataclass_transform_spec":null,"flags":[],"fullname":"socketserver.BaseServer.verify_request","name":"verify_request","type":{".class":"CallableType","arg_kinds":[0,0,0],"arg_names":["self","request","client_address"],"arg_types":["socketserver.BaseServer",{".class":"TypeAliasType","args":[],"type_ref":"socketserver._RequestType"},{".class":"TypeAliasType","args":[],"type_ref":"_socket._RetAddress"}],"bound_args":[],"def_extras":{"first_arg":"self"},"fallback":"builtins.function","from_concatenate":false,"implicit":false,"is_ellipsis_args":false,"name":"verify_request of BaseServer","ret_type":"builtins.bool","type_guard":null,"unpack_kwargs":false,"variables":[]}}}},"self_type":{".class":"TypeVarType","fullname":"socketserver.BaseServer.Self","id":0,"name":"Self","namespace":"","upper_bound":"socketserver.BaseServer","values":[],"variance":0},"slots":null,"tuple_type":null,"type_vars":[],"typeddict_type":null}},"BinaryIO":{".class":"SymbolTableNode","cross_ref":"typing.BinaryIO","kind":"Gdef","module_hidden":true,"module_public":false},"Callable":{".class":"SymbolTableNode","cross_ref":"typing.Callable","kind":"Gdef","module_hidden":true,"module_public":false},"ClassVar":{".class":"SymbolTableNode","cross_ref":"typing.ClassVar","kind":"Gdef","module_hidden":true,"module_public":false},"DatagramRequestHandler":{".class":"SymbolTableNode","kind":"Gdef","node":{".class":"TypeInfo","_promote":[],"abstract_attributes":[],"alt_promote":null,"bases":["socketserver.BaseRequestHandler"],"dataclass_transform_spec":null,"declared_metaclass":null,"defn":{".class":"ClassDef","fullname":"socketserver.DatagramRequestHandler","name":"DatagramRequestHandler","type_vars":[]},"deletable_attributes":[],"flags":[],"fullname":"socketserver.DatagramRequestHandler","has_param_spec_type":false,"metaclass_type":null,"metadata":{},"module_name":"socketserver","mro":["socketserver.DatagramRequestHandler","socketserver.BaseRequestHandler","builtins.object"],"names":{".class":"SymbolTable","packet":{".class":"SymbolTableNode","kind":"Mdef","node":{".class":"Var","flags":["is_initialized_in_class","is_ready"],"fullname":"socketserver.DatagramRequestHandler.packet","name":"packet","type":"socket.socket"}},"rfile":{".class":"SymbolTableNode","kind":"Mdef","node":{".class":"Var","flags":["is_initialized_in_class","is_ready"],"fullname":"socketserver.DatagramRequestHandler.rfile","name":"rfile","type":"typing.BinaryIO"}},"socket":{".class":"SymbolTableNode","kind":"Mdef","node":{".class":"Var","flags":["is_initialized_in_class","is_ready"],"fullname":"socketserver.DatagramRequestHandler.socket","name":"socket","type":"socket.socket"}},"wfile":{".class":"SymbolTableNode","kind":"Mdef","node":{".class":"Var","flags":["is_initialized_in_class","is_ready"],"fullname":"socketserver.DatagramRequestHandler.wfile","name":"wfile","type":"typing.BinaryIO"}}},"self_type":null,"slots":null,"tuple_type":null,"type_vars":[],"typeddict_type":null}},"ReadableBuffer":{".class":"SymbolTableNode","cross_ref":"_typeshed.ReadableBuffer","kind":"Gdef","module_hidden":true,"module_public":false},"Self":{".class":"SymbolTableNode","cross_ref":"typing.Self","kind":"Gdef","module_hidden":true,"module_public":false},"StreamRequestHandler":{".class":"SymbolTableNode","kind":"Gdef","node":{".class":"TypeInfo","_promote":[],"abstract_attributes":[],"alt_promote":null,"bases":["socketserver.BaseRequestHandler"],"dataclass_transform_spec":null,"declared_metaclass":null,"defn":{".class":"ClassDef","fullname":"socketserver.StreamRequestHandler","name":"StreamRequestHandler","type_vars":[]},"deletable_attributes":[],"flags":[],"fullname":"socketserver.StreamRequestHandler","has_param_spec_type":false,"metaclass_type":null,"metadata":{},"module_name":"socketserver","mro":["socketserver.StreamRequestHandler","socketserver.BaseRequestHandler","builtins.object"],"names":{".class":"SymbolTable","connection":{".class":"SymbolTableNode","kind":"Mdef","node":{".class":"Var","flags":["is_initialized_in_class","is_ready"],"fullname":"socketserver.StreamRequestHandler.connection","name":"connection","type":{".class":"AnyType","missing_import_name":null,"source_any":null,"type_of_any":2}}},"disable_nagle_algorithm":{".class":"SymbolTableNode","kind":"Mdef","node":{".class":"Var","flags":["is_initialized_in_class","is_classvar","is_ready"],"fullname":"socketserver.StreamRequestHandler.disable_nagle_algorithm","name":"disable_nagle_algorithm","type":"builtins.bool"}},"rbufsize":{".class":"SymbolTableNode","kind":"Mdef","node":{".class":"Var","flags":["is_initialized_in_class","is_classvar","is_ready"],"fullname":"socketserver.StreamRequestHandler.rbufsize","name":"rbufsize","type":"builtins.int"}},"rfile":{".class":"SymbolTableNode","kind":"Mdef","node":{".class":"Var","flags":["is_initialized_in_class","is_ready"],"fullname":"socketserver.StreamRequestHandler.rfile","name":"rfile","type":"typing.BinaryIO"}},"timeout":{".class":"SymbolTableNode","kind":"Mdef","node":{".class":"Var","flags":["is_initialized_in_class","is_classvar","is_ready"],"fullname":"socketserver.StreamRequestHandler.timeout","name":"timeout","type":{".class":"UnionType","items":["builtins.float",{".class":"NoneType"}]}}},"wbufsize":{".class":"SymbolTableNode","kind":"Mdef","node":{".class":"Var","flags":["is_initialized_in_class","is_classvar","is_ready"],"fullname":"socketserver.StreamRequestHandler.wbufsize","name":"wbufsize","type":"builtins.int"}},"wfile":{".class":"SymbolTableNode","kind":"Mdef","node":{".class":"Var","flags":["is_initialized_in_class","is_ready"],"fullname":"socketserver.StreamRequestHandler.wfile","name":"wfile","type":"typing.BinaryIO"}}},"self_type":null,"slots":null,"tuple_type":null,"type_vars":[],"typeddict_type":null}},"TCPServer":{".class":"SymbolTableNode","kind":"Gdef","node":{".class":"TypeInfo","_promote":[],"abstract_attributes":[],"alt_promote":null,"bases":["socketserver.BaseServer"],"dataclass_transform_spec":null,"declared_metaclass":null,"defn":{".class":"ClassDef","fullname":"socketserver.TCPServer","name":"TCPServer","type_vars":[]},"deletable_attributes":[],"flags":[],"fullname":"socketserver.TCPServer","has_param_spec_type":false,"metaclass_type":null,"metadata":{},"module_name":"socketserver","mro":["socketserver.TCPServer","socketserver.BaseServer","builtins.object"],"names":{".class":"SymbolTable","__init__":{".class":"SymbolTableNode","kind":"Mdef","node":{".class":"FuncDef","abstract_status":0,"arg_kinds":[0,0,0,1],"arg_names":["self","server_address","RequestHandlerClass","bind_and_activate"],"dataclass_transform_spec":null,"flags":[],"fullname":"socketserver.TCPServer.__init__","name":"__init__","type":{".class":"CallableType","arg_kinds":[0,0,0,1],"arg_names":["self","server_address","RequestHandlerClass","bind_and_activate"],"arg_types":[{".class":"TypeVarType","fullname":"socketserver.TCPServer.Self","id":0,"name":"Self","namespace":"","upper_bound":"socketserver.TCPServer","values":[],"variance":0},{".class":"TypeAliasType","args":[],"type_ref":"socketserver._AfInetAddress"},{".class":"CallableType","arg_kinds":[0,0,0],"arg_names":[null,null,null],"arg_types":[{".class":"AnyType","missing_import_name":null,"source_any":null,"type_of_any":2},{".class":"TypeAliasType","args":[],"type_ref":"_socket._RetAddress"},{".class":"TypeVarType","fullname":"socketserver.TCPServer.Self","id":0,"name":"Self","namespace":"","upper_bound":"socketserver.TCPServer","values":[],"variance":0}],"bound_args":[],"def_extras":{},"fallback":"builtins.function","from_concatenate":false,"implicit":false,"is_ellipsis_args":false,"name":null,"ret_type":"socketserver.BaseRequestHandler","type_guard":null,"unpack_kwargs":false,"variables":[]},"builtins.bool"],"bound_args":[],"def_extras":{"first_arg":"self"},"fallback":"builtins.function","from_concatenate":false,"implicit":false,"is_ellipsis_args":false,"name":"__init__ of TCPServer","ret_type":{".class":"NoneType"},"type_guard":null,"unpack_kwargs":false,"variables":[{".class":"TypeVarType","fullname":"socketserver.TCPServer.Self","id":0,"name":"Self","namespace":"","upper_bound":"socketserver.TCPServer","values":[],"variance":0}]}}},"allow_reuse_port":{".class":"SymbolTableNode","kind":"Mdef","node":{".class":"Var","flags":["is_initialized_in_class","is_ready"],"fullname":"socketserver.TCPServer.allow_reuse_port","name":"allow_reuse_port","type":"builtins.bool"}},"get_request":{".class":"SymbolTableNode","kind":"Mdef","node":{".class":"FuncDef","abstract_status":0,"arg_kinds":[0],"arg_names":["self"],"dataclass_transform_spec":null,"flags":[],"fullname":"socketserver.TCPServer.get_request","name":"get_request","type":{".class":"CallableType","arg_kinds":[0],"arg_names":["self"],"arg_types":["socketserver.TCPServer"],"bound_args":[],"def_extras":{"first_arg":"self"},"fallback":"builtins.function","from_concatenate":false,"implicit":false,"is_ellipsis_args":false,"name":"get_request of TCPServer","ret_type":{".class":"TupleType","implicit":false,"items":["socket.socket",{".class":"TypeAliasType","args":[],"type_ref":"_socket._RetAddress"}],"partial_fallback":{".class":"Instance","args":[{".class":"AnyType","missing_import_name":null,"source_any":null,"type_of_any":6}],"type_ref":"builtins.tuple"}},"type_guard":null,"unpack_kwargs":false,"variables":[]}}},"server_address":{".class":"SymbolTableNode","kind":"Mdef","node":{".class":"Var","flags":["is_initialized_in_class","is_ready"],"fullname":"socketserver.TCPServer.server_address","name":"server_address","type":{".class":"TypeAliasType","args":[],"type_ref":"socketserver._AfInetAddress"}}}},"self_type":{".class":"TypeVarType","fullname":"socketserver.TCPServer.Self","id":0,"name":"Self","namespace":"","upper_bound":"socketserver.TCPServer","values":[],"variance":0},"slots":null,"tuple_type":null,"type_vars":[],"typeddict_type":null}},"ThreadingMixIn":{".class":"SymbolTableNode","kind":"Gdef","node":{".class":"TypeInfo","_promote":[],"abstract_attributes":[],"alt_promote":null,"bases":["builtins.object"],"dataclass_transform_spec":null,"declared_metaclass":null,"defn":{".class":"ClassDef","fullname":"socketserver.ThreadingMixIn","name":"ThreadingMixIn","type_vars":[]},"deletable_attributes":[],"flags":[],"fullname":"socketserver.ThreadingMixIn","has_param_spec_type":false,"metaclass_type":null,"metadata":{},"module_name":"socketserver","mro":["socketserver.ThreadingMixIn","builtins.object"],"names":{".class":"SymbolTable","block_on_close":{".class":"SymbolTableNode","kind":"Mdef","node":{".class":"Var","flags":["is_initialized_in_class","is_ready"],"fullname":"socketserver.ThreadingMixIn.block_on_close","name":"block_on_close","type":"builtins.bool"}},"daemon_threads":{".class":"SymbolTableNode","kind":"Mdef","node":{".class":"Var","flags":["is_initialized_in_class","is_ready"],"fullname":"socketserver.ThreadingMixIn.daemon_threads","name":"daemon_threads","type":"builtins.bool"}},"process_request":{".class":"SymbolTableNode","kind":"Mdef","node":{".class":"FuncDef","abstract_status":0,"arg_kinds":[0,0,0],"arg_names":["self","request","client_address"],"dataclass_transform_spec":null,"flags":[],"fullname":"socketserver.ThreadingMixIn.process_request","name":"process_request","type":{".class":"CallableType","arg_kinds":[0,0,0],"arg_names":["self","request","client_address"],"arg_types":["socketserver.ThreadingMixIn",{".class":"TypeAliasType","args":[],"type_ref":"socketserver._RequestType"},{".class":"TypeAliasType","args":[],"type_ref":"_socket._RetAddress"}],"bound_args":[],"def_extras":{"first_arg":"self"},"fallback":"builtins.function","from_concatenate":false,"implicit":false,"is_ellipsis_args":false,"name":"process_request of ThreadingMixIn","ret_type":{".class":"NoneType"},"type_guard":null,"unpack_kwargs":false,"variables":[]}}},"process_request_thread":{".class":"SymbolTableNode","kind":"Mdef","node":{".class":"FuncDef","abstract_status":0,"arg_kinds":[0,0,0],"arg_names":["self","request","client_address"],"dataclass_transform_spec":null,"flags":[],"fullname":"socketserver.ThreadingMixIn.process_request_thread","name":"process_request_thread","type":{".class":"CallableType","arg_kinds":[0,0,0],"arg_names":["self","request","client_address"],"arg_types":["socketserver.ThreadingMixIn",{".class":"TypeAliasType","args":[],"type_ref":"socketserver._RequestType"},{".class":"TypeAliasType","args":[],"type_ref":"_socket._RetAddress"}],"bound_args":[],"def_extras":{"first_arg":"self"},"fallback":"builtins.function","from_concatenate":false,"implicit":false,"is_ellipsis_args":false,"name":"process_request_thread of ThreadingMixIn","ret_type":{".class":"NoneType"},"type_guard":null,"unpack_kwargs":false,"variables":[]}}},"server_close":{".class":"SymbolTableNode","kind":"Mdef","node":{".class":"FuncDef","abstract_status":0,"arg_kinds":[0],"arg_names":["self"],"dataclass_transform_spec":null,"flags":[],"fullname":"socketserver.ThreadingMixIn.server_close","name":"server_close","type":{".class":"CallableType","arg_kinds":[0],"arg_names":["self"],"arg_types":["socketserver.ThreadingMixIn"],"bound_args":[],"def_extras":{"first_arg":"self"},"fallback":"builtins.function","from_concatenate":false,"implicit":false,"is_ellipsis_args":false,"name":"server_close of ThreadingMixIn","ret_type":{".class":"NoneType"},"type_guard":null,"unpack_kwargs":false,"variables":[]}}}},"self_type":null,"slots":null,"tuple_type":null,"type_vars":[],"typeddict_type":null}},"ThreadingTCPServer":{".class":"SymbolTableNode","kind":"Gdef","node":{".class":"TypeInfo","_promote":[],"abstract_attributes":[],"alt_promote":null,"bases":["socketserver.ThreadingMixIn","socketserver.TCPServer"],"dataclass_transform_spec":null,"declared_metaclass":null,"defn":{".class":"ClassDef","fullname":"socketserver.ThreadingTCPServer","name":"ThreadingTCPServer","type_vars":[]},"deletable_attributes":[],"flags":[],"fullname":"socketserver.ThreadingTCPServer","has_param_spec_type":false,"metaclass_type":null,"metadata":{},"module_name":"socketserver","mro":["socketserver.ThreadingTCPServer","socketserver.ThreadingMixIn","socketserver.TCPServer","socketserver.BaseServer","builtins.object"],"names":{".class":"SymbolTable"},"self_type":null,"slots":null,"tuple_type":null,"type_vars":[],"typeddict_type":null}},"ThreadingUDPServer":{".class":"SymbolTableNode","kind":"Gdef","node":{".class":"TypeInfo","_promote":[],"abstract_attributes":[],"alt_promote":null,"bases":["socketserver.ThreadingMixIn","socketserver.UDPServer"],"dataclass_transform_spec":null,"declared_metaclass":null,"defn":{".class":"ClassDef","fullname":"socketserver.ThreadingUDPServer","name":"ThreadingUDPServer","type_vars":[]},"deletable_attributes":[],"flags":[],"fullname":"socketserver.ThreadingUDPServer","has_param_spec_type":false,"metaclass_type":null,"metadata":{},"module_name":"socketserver","mro":["socketserver.ThreadingUDPServer","socketserver.ThreadingMixIn","socketserver.UDPServer","socketserver.TCPServer","socketserver.BaseServer","builtins.object"],"names":{".class":"SymbolTable"},"self_type":null,"slots":null,"tuple_type":null,"type_vars":[],"typeddict_type":null}},"TypeAlias":{".class":"SymbolTableNode","cross_ref":"typing.TypeAlias","kind":"Gdef","module_hidden":true,"module_public":false},"UDPServer":{".class":"SymbolTableNode","kind":"Gdef","node":{".class":"TypeInfo","_promote":[],"abstract_attributes":[],"alt_promote":null,"bases":["socketserver.TCPServer"],"dataclass_transform_spec":null,"declared_metaclass":null,"defn":{".class":"ClassDef","fullname":"socketserver.UDPServer","name":"UDPServer","type_vars":[]},"deletable_attributes":[],"flags":[],"fullname":"socketserver.UDPServer","has_param_spec_type":false,"metaclass_type":null,"metadata":{},"module_name":"socketserver","mro":["socketserver.UDPServer","socketserver.TCPServer","socketserver.BaseServer","builtins.object"],"names":{".class":"SymbolTable","get_request":{".class":"SymbolTableNode","kind":"Mdef","node":{".class":"FuncDef","abstract_status":0,"arg_kinds":[0],"arg_names":["self"],"dataclass_transform_spec":null,"flags":[],"fullname":"socketserver.UDPServer.get_request","name":"get_request","type":{".class":"CallableType","arg_kinds":[0],"arg_names":["self"],"arg_types":["socketserver.UDPServer"],"bound_args":[],"def_extras":{"first_arg":"self"},"fallback":"builtins.function","from_concatenate":false,"implicit":false,"is_ellipsis_args":false,"name":"get_request of UDPServer","ret_type":{".class":"TupleType","implicit":false,"items":[{".class":"TupleType","implicit":false,"items":["builtins.bytes","socket.socket"],"partial_fallback":{".class":"Instance","args":[{".class":"AnyType","missing_import_name":null,"source_any":null,"type_of_any":6}],"type_ref":"builtins.tuple"}},{".class":"TypeAliasType","args":[],"type_ref":"_socket._RetAddress"}],"partial_fallback":{".class":"Instance","args":[{".class":"AnyType","missing_import_name":null,"source_any":null,"type_of_any":6}],"type_ref":"builtins.tuple"}},"type_guard":null,"unpack_kwargs":false,"variables":[]}}},"max_packet_size":{".class":"SymbolTableNode","kind":"Mdef","node":{".class":"Var","flags":["is_initialized_in_class","is_classvar","is_ready"],"fullname":"socketserver.UDPServer.max_packet_size","name":"max_packet_size","type":"builtins.int"}}},"self_type":null,"slots":null,"tuple_type":null,"type_vars":[],"typeddict_type":null}},"_Address":{".class":"SymbolTableNode","cross_ref":"_socket._Address","kind":"Gdef","module_hidden":true,"module_public":false},"_AfInetAddress":{".class":"SymbolTableNode","kind":"Gdef","module_public":false,"node":{".class":"TypeAlias","alias_tvars":[],"column":0,"fullname":"socketserver._AfInetAddress","line":34,"no_args":false,"normalized":false,"target":{".class":"TupleType","implicit":false,"items":[{".class":"UnionType","items":["builtins.str","builtins.bytes","builtins.bytearray"]},"builtins.int"],"partial_fallback":{".class":"Instance","args":[{".class":"AnyType","missing_import_name":null,"source_any":null,"type_of_any":6}],"type_ref":"builtins.tuple"}}}},"_AfUnixAddress":{".class":"SymbolTableNode","kind":"Gdef","module_public":false,"node":{".class":"TypeAlias","alias_tvars":[],"column":0,"fullname":"socketserver._AfUnixAddress","line":33,"no_args":false,"normalized":false,"target":{".class":"UnionType","items":["builtins.str",{".class":"TypeAliasType","args":[],"type_ref":"_typeshed.ReadableBuffer"}]}}},"_RequestType":{".class":"SymbolTableNode","kind":"Gdef","module_public":false,"node":{".class":"TypeAlias","alias_tvars":[],"column":0,"fullname":"socketserver._RequestType","line":32,"no_args":false,"normalized":false,"target":{".class":"UnionType","items":["socket.socket",{".class":"TupleType","implicit":false,"items":["builtins.bytes","socket.socket"],"partial_fallback":{".class":"Instance","args":[{".class":"AnyType","missing_import_name":null,"source_any":null,"type_of_any":6}],"type_ref":"builtins.tuple"}}]}}},"_RetAddress":{".class":"SymbolTableNode","cross_ref":"_socket._RetAddress","kind":"Gdef","module_hidden":true,"module_public":false},"__all__":{".class":"SymbolTableNode","kind":"Gdef","module_public":false,"node":{".class":"Var","flags":["is_inferred","has_explicit_value"],"fullname":"socketserver.__all__","name":"__all__","type":{".class":"Instance","args":["builtins.str"],"type_ref":"builtins.list"}}},"__annotations__":{".class":"SymbolTableNode","kind":"Gdef","module_public":false,"node":{".class":"Var","flags":["is_ready"],"fullname":"socketserver.__annotations__","name":"__annotations__","type":{".class":"Instance","args":["builtins.str",{".class":"AnyType","missing_import_name":null,"source_any":null,"type_of_any":6}],"type_ref":"builtins.dict"}}},"__doc__":{".class":"SymbolTableNode","kind":"Gdef","module_public":false,"node":{".class":"Var","flags":["is_ready"],"fullname":"socketserver.__doc__","name":"__doc__","type":"builtins.str"}},"__file__":{".class":"SymbolTableNode","kind":"Gdef","module_public":false,"node":{".class":"Var","flags":["is_ready"],"fullname":"socketserver.__file__","name":"__file__","type":"builtins.str"}},"__name__":{".class":"SymbolTableNode","kind":"Gdef","module_public":false,"node":{".class":"Var","flags":["is_ready"],"fullname":"socketserver.__name__","name":"__name__","type":"builtins.str"}},"__package__":{".class":"SymbolTableNode","kind":"Gdef","module_public":false,"node":{".class":"Var","flags":["is_ready"],"fullname":"socketserver.__package__","name":"__package__","type":"builtins.str"}},"_socket":{".class":"SymbolTableNode","cross_ref":"socket.socket","kind":"Gdef","module_hidden":true,"module_public":false},"sys":{".class":"SymbolTableNode","cross_ref":"sys","kind":"Gdef","module_hidden":true,"module_public":false},"types":{".class":"SymbolTableNode","cross_ref":"types","kind":"Gdef","module_hidden":true,"module_public":false}},"path":"C:\\Users\\Vasilis\\AppData\\Local\\Programs\\Python\\Python313\\Lib\\site-packages\\mypy\\typeshed\\stdlib\\socketserver.pyi"}