{"data_mtime":1762095550,"dep_lines":[28,29,30,34,47,49,22,23,24,43,133,4,6,7,8,21,36,1,1,1,1,1,1,1,1,1,1,1,1,1,1,1,1,1,1],"dep_prios":[5,5,5,5,25,20,5,10,10,25,5,5,10,10,5,5,5,5,30,30,30,30,30,30,30,30,30,30,30,30,30,30,30,30,30],"dependencies":["sqlalchemy.sql.visitors","sqlalchemy.sql.base","sqlalchemy.sql.elements","sqlalchemy.sql.naming","sqlalchemy.sql.compiler","sqlalchemy.sql.schema","sqlalchemy.schema","sqlalchemy.sql","sqlalchemy.types","sqlalchemy.engine","sqlalchemy.util","__future__","contextlib","re","typing","sqlalchemy","typing_extensions","builtins","_typeshed","abc","array","ctypes","mmap","pickle","sqlalchemy.engine.base","sqlalchemy.engine.interfaces","sqlalchemy.sql.annotation","sqlalchemy.sql.operators","sqlalchemy.sql.roles","sqlalchemy.sql.selectable","sqlalchemy.sql.sqltypes","sqlalchemy.sql.traversals","sqlalchemy.sql.type_api","sqlalchemy.util.langhelpers","types"],"hash":"3a62e1ec6d6b719a035c971a41f936f6ba8cbee42ea0bdef2022369663fd8f2c","id":"alembic.util.sqla_compat","ignore_all":true,"interface_hash":"9c047b2e1aaac9975330d7eebb9b81e1475476980aa09ef131fde2d256472bfe","mtime":1761854780,"options":{"allow_redefinition":false,"allow_untyped_globals":false,"always_false":[],"always_true":[],"bazel":false,"check_untyped_defs":false,"disable_bytearray_promotion":false,"disable_error_code":[],"disable_memoryview_promotion":false,"disabled_error_codes":[],"disallow_any_decorated":false,"disallow_any_explicit":false,"disallow_any_expr":false,"disallow_any_generics":false,"disallow_any_unimported":false,"disallow_incomplete_defs":false,"disallow_subclassing_any":false,"disallow_untyped_calls":false,"disallow_untyped_decorators":false,"disallow_untyped_defs":false,"enable_error_code":[],"enabled_error_codes":[],"follow_imports":"silent","follow_imports_for_stubs":false,"ignore_errors":false,"ignore_missing_imports":true,"implicit_optional":true,"implicit_reexport":true,"local_partial_types":false,"mypyc":false,"platform":"win32","plugins":[],"strict_concatenate":false,"strict_equality":false,"strict_optional":true,"warn_no_return":true,"warn_return_any":false,"warn_unreachable":false,"warn_unused_ignores":false},"path":"C:\\Users\\Vasilis\\AppData\\Local\\Programs\\Python\\Python313\\Lib\\site-packages\\alembic\\util\\sqla_compat.py","plugin_data":null,"size":15064,"suppressed":[],"version_id":"1.3.0"}