{"data_mtime":1762095563,"dep_lines":[19,24,26,29,30,31,33,36,38,16,17,25,4,6,7,13,25,1,1,1,1,1,1,1,1,1,1,1,1,1,1,1,1,1],"dep_prios":[5,5,5,25,25,25,25,25,25,10,10,10,5,10,5,5,20,5,30,30,30,30,30,30,30,30,30,30,30,30,30,30,30,30],"dependencies":["alembic.ddl.base","alembic.ddl.impl","alembic.util.sqla_compat","sqlalchemy.engine.reflection","sqlalchemy.sql.compiler","sqlalchemy.sql.elements","sqlalchemy.sql.schema","sqlalchemy.sql.type_api","alembic.operations.batch","sqlalchemy.schema","sqlalchemy.sql","alembic.util","__future__","re","typing","sqlalchemy","alembic","builtins","abc","alembic.operations","alembic.util.messaging","sqlalchemy.engine","sqlalchemy.sql.annotation","sqlalchemy.sql.base","sqlalchemy.sql.ddl","sqlalchemy.sql.expression","sqlalchemy.sql.operators","sqlalchemy.sql.roles","sqlalchemy.sql.selectable","sqlalchemy.sql.sqltypes","sqlalchemy.sql.traversals","sqlalchemy.sql.visitors","sqlalchemy.util","sqlalchemy.util.langhelpers"],"hash":"bb9b4981152263a6f3565b65fcd5a523a732db7bfc5cd6a093ff603c8e8b9e7b","id":"alembic.ddl.sqlite","ignore_all":true,"interface_hash":"89efb4948a26d8573976d455f94b72fb8770cb332a9c2e8e7fb5c6f9073fcca0","mtime":1761854780,"options":{"allow_redefinition":false,"allow_untyped_globals":false,"always_false":[],"always_true":[],"bazel":false,"check_untyped_defs":false,"disable_bytearray_promotion":false,"disable_error_code":[],"disable_memoryview_promotion":false,"disabled_error_codes":[],"disallow_any_decorated":false,"disallow_any_explicit":false,"disallow_any_expr":false,"disallow_any_generics":false,"disallow_any_unimported":false,"disallow_incomplete_defs":false,"disallow_subclassing_any":false,"disallow_untyped_calls":false,"disallow_untyped_decorators":false,"disallow_untyped_defs":false,"enable_error_code":[],"enabled_error_codes":[],"follow_imports":"silent","follow_imports_for_stubs":false,"ignore_errors":false,"ignore_missing_imports":true,"implicit_optional":true,"implicit_reexport":true,"local_partial_types":false,"mypyc":false,"platform":"win32","plugins":[],"strict_concatenate":false,"strict_equality":false,"strict_optional":true,"warn_no_return":true,"warn_return_any":false,"warn_unreachable":false,"warn_unused_ignores":false},"path":"C:\\Users\\Vasilis\\AppData\\Local\\Programs\\Python\\Python313\\Lib\\site-packages\\alembic\\ddl\\sqlite.py","plugin_data":null,"size":8006,"suppressed":[],"version_id":"1.3.0"}