{"data_mtime":1762095518,"dep_lines":[1,2,4,5,1,1],"dep_prios":[5,5,5,5,5,30],"dependencies":["re","sre_constants","sre_parse","typing","builtins","abc"],"hash":"c9cd67b263730096df01415a2933288a4f7d800e1380fc31f76bb1e39af65440","id":"sre_compile","ignore_all":true,"interface_hash":"f34e1a41ef7d25c379cf988f21bcff020309943733b5a6b83ea7dad28e05b833","mtime":1762095443,"options":{"allow_redefinition":false,"allow_untyped_globals":false,"always_false":[],"always_true":[],"bazel":false,"check_untyped_defs":false,"disable_bytearray_promotion":false,"disable_error_code":[],"disable_memoryview_promotion":false,"disabled_error_codes":[],"disallow_any_decorated":false,"disallow_any_explicit":false,"disallow_any_expr":false,"disallow_any_generics":false,"disallow_any_unimported":false,"disallow_incomplete_defs":false,"disallow_subclassing_any":false,"disallow_untyped_calls":false,"disallow_untyped_decorators":false,"disallow_untyped_defs":false,"enable_error_code":[],"enabled_error_codes":[],"follow_imports":"silent","follow_imports_for_stubs":false,"ignore_errors":false,"ignore_missing_imports":true,"implicit_optional":true,"implicit_reexport":true,"local_partial_types":false,"mypyc":false,"platform":"win32","plugins":[],"strict_concatenate":false,"strict_equality":false,"strict_optional":true,"warn_no_return":true,"warn_return_any":false,"warn_unreachable":false,"warn_unused_ignores":false},"path":"C:\\Users\\Vasilis\\AppData\\Local\\Programs\\Python\\Python313\\Lib\\site-packages\\mypy\\typeshed\\stdlib\\sre_compile.pyi","plugin_data":null,"size":332,"suppressed":[],"version_id":"1.3.0"}