{".class":"MypyFile","_fullname":"anyio.streams.stapled","future_import_flags":["annotations"],"is_partial_stub_package":false,"is_stub":false,"names":{".class":"SymbolTable","Any":{".class":"SymbolTableNode","cross_ref":"typing.Any","kind":"Gdef"},"ByteReceiveStream":{".class":"SymbolTableNode","cross_ref":"anyio.abc._streams.ByteReceiveStream","kind":"Gdef"},"ByteSendStream":{".class":"SymbolTableNode","cross_ref":"anyio.abc._streams.ByteSendStream","kind":"Gdef"},"ByteStream":{".class":"SymbolTableNode","cross_ref":"anyio.abc._streams.ByteStream","kind":"Gdef"},"Callable":{".class":"SymbolTableNode","cross_ref":"typing.Callable","kind":"Gdef"},"Generic":{".class":"SymbolTableNode","cross_ref":"typing.Generic","kind":"Gdef"},"Listener":{".class":"SymbolTableNode","cross_ref":"anyio.abc._streams.Listener","kind":"Gdef"},"Mapping":{".class":"SymbolTableNode","cross_ref":"typing.Mapping","kind":"Gdef"},"MultiListener":{".class":"SymbolTableNode","kind":"Gdef","node":{".class":"TypeInfo","_promote":[],"abstract_attributes":[],"alt_promote":null,"bases":[{".class":"Instance","args":[{".class":"TypeVarType","fullname":"anyio.streams.stapled.T_Stream","id":1,"name":"T_Stream","namespace":"anyio.streams.stapled.MultiListener","upper_bound":"builtins.object","values":[],"variance":0}],"type_ref":"anyio.abc._streams.Listener"}],"dataclass_transform_spec":null,"declared_metaclass":null,"defn":{".class":"ClassDef","fullname":"anyio.streams.stapled.MultiListener","name":"MultiListener","type_vars":[{".class":"TypeVarType","fullname":"anyio.streams.stapled.T_Stream","id":1,"name":"T_Stream","namespace":"anyio.streams.stapled.MultiListener","upper_bound":"builtins.object","values":[],"variance":0}]},"deletable_attributes":[],"flags":[],"fullname":"anyio.streams.stapled.MultiListener","has_param_spec_type":false,"metaclass_type":"abc.ABCMeta","metadata":{"dataclass":{"attributes":[{"alias":null,"column":4,"has_default":false,"is_in_init":true,"is_init_var":false,"is_neither_frozen_nor_nonfrozen":false,"kw_only":false,"line":109,"name":"listeners","type":{".class":"Instance","args":[{".class":"Instance","args":[{".class":"TypeVarType","fullname":"anyio.streams.stapled.T_Stream","id":1,"name":"T_Stream","namespace":"anyio.streams.stapled.MultiListener","upper_bound":"builtins.object","values":[],"variance":0}],"type_ref":"anyio.abc._streams.Listener"}],"type_ref":"typing.Sequence"}}],"frozen":false},"dataclass_tag":{}},"module_name":"anyio.streams.stapled","mro":["anyio.streams.stapled.MultiListener","anyio.abc._streams.Listener","anyio.abc._resources.AsyncResource","anyio._core._typedattr.TypedAttributeProvider","builtins.object"],"names":{".class":"SymbolTable","__dataclass_fields__":{".class":"SymbolTableNode","kind":"Mdef","node":{".class":"Var","flags":["is_classvar","is_ready"],"fullname":"anyio.streams.stapled.MultiListener.__dataclass_fields__","name":"__dataclass_fields__","type":{".class":"Instance","args":["builtins.str",{".class":"Instance","args":[{".class":"AnyType","missing_import_name":null,"source_any":null,"type_of_any":2}],"type_ref":"dataclasses.Field"}],"type_ref":"builtins.dict"}},"plugin_generated":true},"__init__":{".class":"SymbolTableNode","kind":"Mdef","node":{".class":"FuncDef","abstract_status":0,"arg_kinds":[0,0],"arg_names":["self","listeners"],"dataclass_transform_spec":null,"flags":[],"fullname":"anyio.streams.stapled.MultiListener.__init__","name":"__init__","type":{".class":"CallableType","arg_kinds":[0,0],"arg_names":["self","listeners"],"arg_types":[{".class":"Instance","args":[{".class":"TypeVarType","fullname":"anyio.streams.stapled.T_Stream","id":1,"name":"T_Stream","namespace":"anyio.streams.stapled.MultiListener","upper_bound":"builtins.object","values":[],"variance":0}],"type_ref":"anyio.streams.stapled.MultiListener"},{".class":"Instance","args":[{".class":"Instance","args":[{".class":"TypeVarType","fullname":"anyio.streams.stapled.T_Stream","id":1,"name":"T_Stream","namespace":"anyio.streams.stapled.MultiListener","upper_bound":"builtins.object","values":[],"variance":0}],"type_ref":"anyio.abc._streams.Listener"}],"type_ref":"typing.Sequence"}],"bound_args":[],"def_extras":{},"fallback":"builtins.function","from_concatenate":false,"implicit":false,"is_ellipsis_args":false,"name":"__init__ of MultiListener","ret_type":{".class":"NoneType"},"type_guard":null,"unpack_kwargs":false,"variables":[]}},"plugin_generated":true},"__match_args__":{".class":"SymbolTableNode","kind":"Mdef","node":{".class":"Var","flags":["is_ready","allow_incompatible_override"],"fullname":"anyio.streams.stapled.MultiListener.__match_args__","name":"__match_args__","type":{".class":"TupleType","implicit":false,"items":[{".class":"LiteralType","fallback":"builtins.str","value":"listeners"}],"partial_fallback":{".class":"Instance","args":[{".class":"AnyType","missing_import_name":null,"source_any":null,"type_of_any":6}],"type_ref":"builtins.tuple"}}},"plugin_generated":true},"__post_init__":{".class":"SymbolTableNode","kind":"Mdef","node":{".class":"FuncDef","abstract_status":0,"arg_kinds":[0],"arg_names":["self"],"dataclass_transform_spec":null,"flags":[],"fullname":"anyio.streams.stapled.MultiListener.__post_init__","name":"__post_init__","type":{".class":"CallableType","arg_kinds":[0],"arg_names":["self"],"arg_types":[{".class":"Instance","args":[{".class":"TypeVarType","fullname":"anyio.streams.stapled.T_Stream","id":1,"name":"T_Stream","namespace":"anyio.streams.stapled.MultiListener","upper_bound":"builtins.object","values":[],"variance":0}],"type_ref":"anyio.streams.stapled.MultiListener"}],"bound_args":[],"def_extras":{"first_arg":"self"},"fallback":"builtins.function","from_concatenate":false,"implicit":false,"is_ellipsis_args":false,"name":"__post_init__ of MultiListener","ret_type":{".class":"NoneType"},"type_guard":null,"unpack_kwargs":false,"variables":[]}}},"aclose":{".class":"SymbolTableNode","kind":"Mdef","node":{".class":"FuncDef","abstract_status":0,"arg_kinds":[0],"arg_names":["self"],"dataclass_transform_spec":null,"flags":["is_coroutine"],"fullname":"anyio.streams.stapled.MultiListener.aclose","name":"aclose","type":{".class":"CallableType","arg_kinds":[0],"arg_names":["self"],"arg_types":[{".class":"Instance","args":[{".class":"TypeVarType","fullname":"anyio.streams.stapled.T_Stream","id":1,"name":"T_Stream","namespace":"anyio.streams.stapled.MultiListener","upper_bound":"builtins.object","values":[],"variance":0}],"type_ref":"anyio.streams.stapled.MultiListener"}],"bound_args":[],"def_extras":{"first_arg":"self"},"fallback":"builtins.function","from_concatenate":false,"implicit":false,"is_ellipsis_args":false,"name":"aclose of MultiListener","ret_type":{".class":"Instance","args":[{".class":"AnyType","missing_import_name":null,"source_any":null,"type_of_any":6},{".class":"AnyType","missing_import_name":null,"source_any":null,"type_of_any":6},{".class":"NoneType"}],"type_ref":"typing.Coroutine"},"type_guard":null,"unpack_kwargs":false,"variables":[]}}},"extra_attributes":{".class":"SymbolTableNode","kind":"Mdef","node":{".class":"Decorator","func":{".class":"FuncDef","abstract_status":0,"arg_kinds":[0],"arg_names":["self"],"dataclass_transform_spec":null,"flags":["is_property","is_decorated"],"fullname":"anyio.streams.stapled.MultiListener.extra_attributes","name":"extra_attributes","type":{".class":"CallableType","arg_kinds":[0],"arg_names":["self"],"arg_types":[{".class":"Instance","args":[{".class":"TypeVarType","fullname":"anyio.streams.stapled.T_Stream","id":1,"name":"T_Stream","namespace":"anyio.streams.stapled.MultiListener","upper_bound":"builtins.object","values":[],"variance":0}],"type_ref":"anyio.streams.stapled.MultiListener"}],"bound_args":[],"def_extras":{"first_arg":"self"},"fallback":"builtins.function","from_concatenate":false,"implicit":false,"is_ellipsis_args":false,"name":"extra_attributes of MultiListener","ret_type":{".class":"Instance","args":[{".class":"AnyType","missing_import_name":null,"source_any":null,"type_of_any":2},{".class":"CallableType","arg_kinds":[],"arg_names":[],"arg_types":[],"bound_args":[],"def_extras":{},"fallback":"builtins.function","from_concatenate":false,"implicit":false,"is_ellipsis_args":false,"name":null,"ret_type":{".class":"AnyType","missing_import_name":null,"source_any":null,"type_of_any":2},"type_guard":null,"unpack_kwargs":false,"variables":[]}],"type_ref":"typing.Mapping"},"type_guard":null,"unpack_kwargs":false,"variables":[]}},"is_overload":false,"var":{".class":"Var","flags":["is_initialized_in_class","is_property","is_ready","is_inferred"],"fullname":"anyio.streams.stapled.MultiListener.extra_attributes","name":"extra_attributes","type":{".class":"CallableType","arg_kinds":[0],"arg_names":["self"],"arg_types":[{".class":"Instance","args":[{".class":"TypeVarType","fullname":"anyio.streams.stapled.T_Stream","id":1,"name":"T_Stream","namespace":"anyio.streams.stapled.MultiListener","upper_bound":"builtins.object","values":[],"variance":0}],"type_ref":"anyio.streams.stapled.MultiListener"}],"bound_args":[],"def_extras":{"first_arg":"self"},"fallback":"builtins.function","from_concatenate":false,"implicit":false,"is_ellipsis_args":false,"name":"extra_attributes of MultiListener","ret_type":{".class":"Instance","args":[{".class":"AnyType","missing_import_name":null,"source_any":null,"type_of_any":2},{".class":"CallableType","arg_kinds":[],"arg_names":[],"arg_types":[],"bound_args":[],"def_extras":{},"fallback":"builtins.function","from_concatenate":false,"implicit":false,"is_ellipsis_args":false,"name":null,"ret_type":{".class":"AnyType","missing_import_name":null,"source_any":null,"type_of_any":2},"type_guard":null,"unpack_kwargs":false,"variables":[]}],"type_ref":"typing.Mapping"},"type_guard":null,"unpack_kwargs":false,"variables":[]}}}},"listeners":{".class":"SymbolTableNode","implicit":true,"kind":"Mdef","node":{".class":"Var","flags":["is_initialized_in_class","is_ready"],"fullname":"anyio.streams.stapled.MultiListener.listeners","name":"listeners","type":{".class":"Instance","args":[{".class":"Instance","args":[{".class":"TypeVarType","fullname":"anyio.streams.stapled.T_Stream","id":1,"name":"T_Stream","namespace":"anyio.streams.stapled.MultiListener","upper_bound":"builtins.object","values":[],"variance":0}],"type_ref":"anyio.abc._streams.Listener"}],"type_ref":"typing.Sequence"}}},"serve":{".class":"SymbolTableNode","kind":"Mdef","node":{".class":"FuncDef","abstract_status":0,"arg_kinds":[0,0,1],"arg_names":["self","handler","task_group"],"dataclass_transform_spec":null,"flags":["is_coroutine"],"fullname":"anyio.streams.stapled.MultiListener.serve","name":"serve","type":{".class":"CallableType","arg_kinds":[0,0,1],"arg_names":["self","handler","task_group"],"arg_types":[{".class":"Instance","args":[{".class":"TypeVarType","fullname":"anyio.streams.stapled.T_Stream","id":1,"name":"T_Stream","namespace":"anyio.streams.stapled.MultiListener","upper_bound":"builtins.object","values":[],"variance":0}],"type_ref":"anyio.streams.stapled.MultiListener"},{".class":"CallableType","arg_kinds":[0],"arg_names":[null],"arg_types":[{".class":"TypeVarType","fullname":"anyio.streams.stapled.T_Stream","id":1,"name":"T_Stream","namespace":"anyio.streams.stapled.MultiListener","upper_bound":"builtins.object","values":[],"variance":0}],"bound_args":[],"def_extras":{},"fallback":"builtins.function","from_concatenate":false,"implicit":false,"is_ellipsis_args":false,"name":null,"ret_type":{".class":"AnyType","missing_import_name":null,"source_any":null,"type_of_any":2},"type_guard":null,"unpack_kwargs":false,"variables":[]},{".class":"UnionType","items":["anyio.abc._tasks.TaskGroup",{".class":"NoneType"}]}],"bound_args":[],"def_extras":{"first_arg":"self"},"fallback":"builtins.function","from_concatenate":false,"implicit":false,"is_ellipsis_args":false,"name":"serve of MultiListener","ret_type":{".class":"Instance","args":[{".class":"AnyType","missing_import_name":null,"source_any":null,"type_of_any":6},{".class":"AnyType","missing_import_name":null,"source_any":null,"type_of_any":6},{".class":"NoneType"}],"type_ref":"typing.Coroutine"},"type_guard":null,"unpack_kwargs":false,"variables":[]}}}},"self_type":null,"slots":null,"tuple_type":null,"type_vars":["T_Stream"],"typeddict_type":null}},"ObjectReceiveStream":{".class":"SymbolTableNode","cross_ref":"anyio.abc._streams.ObjectReceiveStream","kind":"Gdef"},"ObjectSendStream":{".class":"SymbolTableNode","cross_ref":"anyio.abc._streams.ObjectSendStream","kind":"Gdef"},"ObjectStream":{".class":"SymbolTableNode","cross_ref":"anyio.abc._streams.ObjectStream","kind":"Gdef"},"Sequence":{".class":"SymbolTableNode","cross_ref":"typing.Sequence","kind":"Gdef"},"StapledByteStream":{".class":"SymbolTableNode","kind":"Gdef","node":{".class":"TypeInfo","_promote":[],"abstract_attributes":[],"alt_promote":null,"bases":["anyio.abc._streams.ByteStream"],"dataclass_transform_spec":null,"declared_metaclass":null,"defn":{".class":"ClassDef","fullname":"anyio.streams.stapled.StapledByteStream","name":"StapledByteStream","type_vars":[]},"deletable_attributes":[],"flags":[],"fullname":"anyio.streams.stapled.StapledByteStream","has_param_spec_type":false,"metaclass_type":"abc.ABCMeta","metadata":{"dataclass":{"attributes":[{"alias":null,"column":4,"has_default":false,"is_in_init":true,"is_init_var":false,"is_neither_frozen_nor_nonfrozen":false,"kw_only":false,"line":34,"name":"send_stream","type":"anyio.abc._streams.ByteSendStream"},{"alias":null,"column":4,"has_default":false,"is_in_init":true,"is_init_var":false,"is_neither_frozen_nor_nonfrozen":false,"kw_only":false,"line":35,"name":"receive_stream","type":"anyio.abc._streams.ByteReceiveStream"}],"frozen":false},"dataclass_tag":{}},"module_name":"anyio.streams.stapled","mro":["anyio.streams.stapled.StapledByteStream","anyio.abc._streams.ByteStream","anyio.abc._streams.ByteReceiveStream","anyio.abc._streams.ByteSendStream","anyio.abc._resources.AsyncResource","anyio._core._typedattr.TypedAttributeProvider","builtins.object"],"names":{".class":"SymbolTable","__dataclass_fields__":{".class":"SymbolTableNode","kind":"Mdef","node":{".class":"Var","flags":["is_classvar","is_ready"],"fullname":"anyio.streams.stapled.StapledByteStream.__dataclass_fields__","name":"__dataclass_fields__","type":{".class":"Instance","args":["builtins.str",{".class":"Instance","args":[{".class":"AnyType","missing_import_name":null,"source_any":null,"type_of_any":2}],"type_ref":"dataclasses.Field"}],"type_ref":"builtins.dict"}},"plugin_generated":true},"__init__":{".class":"SymbolTableNode","kind":"Mdef","node":{".class":"FuncDef","abstract_status":0,"arg_kinds":[0,0,0],"arg_names":["self","send_stream","receive_stream"],"dataclass_transform_spec":null,"flags":[],"fullname":"anyio.streams.stapled.StapledByteStream.__init__","name":"__init__","type":{".class":"CallableType","arg_kinds":[0,0,0],"arg_names":["self","send_stream","receive_stream"],"arg_types":["anyio.streams.stapled.StapledByteStream","anyio.abc._streams.ByteSendStream","anyio.abc._streams.ByteReceiveStream"],"bound_args":[],"def_extras":{},"fallback":"builtins.function","from_concatenate":false,"implicit":false,"is_ellipsis_args":false,"name":"__init__ of StapledByteStream","ret_type":{".class":"NoneType"},"type_guard":null,"unpack_kwargs":false,"variables":[]}},"plugin_generated":true},"__match_args__":{".class":"SymbolTableNode","kind":"Mdef","node":{".class":"Var","flags":["is_ready","allow_incompatible_override"],"fullname":"anyio.streams.stapled.StapledByteStream.__match_args__","name":"__match_args__","type":{".class":"TupleType","implicit":false,"items":[{".class":"LiteralType","fallback":"builtins.str","value":"send_stream"},{".class":"LiteralType","fallback":"builtins.str","value":"receive_stream"}],"partial_fallback":{".class":"Instance","args":[{".class":"AnyType","missing_import_name":null,"source_any":null,"type_of_any":6}],"type_ref":"builtins.tuple"}}},"plugin_generated":true},"aclose":{".class":"SymbolTableNode","kind":"Mdef","node":{".class":"FuncDef","abstract_status":0,"arg_kinds":[0],"arg_names":["self"],"dataclass_transform_spec":null,"flags":["is_coroutine"],"fullname":"anyio.streams.stapled.StapledByteStream.aclose","name":"aclose","type":{".class":"CallableType","arg_kinds":[0],"arg_names":["self"],"arg_types":["anyio.streams.stapled.StapledByteStream"],"bound_args":[],"def_extras":{"first_arg":"self"},"fallback":"builtins.function","from_concatenate":false,"implicit":false,"is_ellipsis_args":false,"name":"aclose of StapledByteStream","ret_type":{".class":"Instance","args":[{".class":"AnyType","missing_import_name":null,"source_any":null,"type_of_any":6},{".class":"AnyType","missing_import_name":null,"source_any":null,"type_of_any":6},{".class":"NoneType"}],"type_ref":"typing.Coroutine"},"type_guard":null,"unpack_kwargs":false,"variables":[]}}},"extra_attributes":{".class":"SymbolTableNode","kind":"Mdef","node":{".class":"Decorator","func":{".class":"FuncDef","abstract_status":0,"arg_kinds":[0],"arg_names":["self"],"dataclass_transform_spec":null,"flags":["is_property","is_decorated"],"fullname":"anyio.streams.stapled.StapledByteStream.extra_attributes","name":"extra_attributes","type":{".class":"CallableType","arg_kinds":[0],"arg_names":["self"],"arg_types":["anyio.streams.stapled.StapledByteStream"],"bound_args":[],"def_extras":{"first_arg":"self"},"fallback":"builtins.function","from_concatenate":false,"implicit":false,"is_ellipsis_args":false,"name":"extra_attributes of StapledByteStream","ret_type":{".class":"Instance","args":[{".class":"AnyType","missing_import_name":null,"source_any":null,"type_of_any":2},{".class":"CallableType","arg_kinds":[],"arg_names":[],"arg_types":[],"bound_args":[],"def_extras":{},"fallback":"builtins.function","from_concatenate":false,"implicit":false,"is_ellipsis_args":false,"name":null,"ret_type":{".class":"AnyType","missing_import_name":null,"source_any":null,"type_of_any":2},"type_guard":null,"unpack_kwargs":false,"variables":[]}],"type_ref":"typing.Mapping"},"type_guard":null,"unpack_kwargs":false,"variables":[]}},"is_overload":false,"var":{".class":"Var","flags":["is_initialized_in_class","is_property","is_ready","is_inferred"],"fullname":"anyio.streams.stapled.StapledByteStream.extra_attributes","name":"extra_attributes","type":{".class":"CallableType","arg_kinds":[0],"arg_names":["self"],"arg_types":["anyio.streams.stapled.StapledByteStream"],"bound_args":[],"def_extras":{"first_arg":"self"},"fallback":"builtins.function","from_concatenate":false,"implicit":false,"is_ellipsis_args":false,"name":"extra_attributes of StapledByteStream","ret_type":{".class":"Instance","args":[{".class":"AnyType","missing_import_name":null,"source_any":null,"type_of_any":2},{".class":"CallableType","arg_kinds":[],"arg_names":[],"arg_types":[],"bound_args":[],"def_extras":{},"fallback":"builtins.function","from_concatenate":false,"implicit":false,"is_ellipsis_args":false,"name":null,"ret_type":{".class":"AnyType","missing_import_name":null,"source_any":null,"type_of_any":2},"type_guard":null,"unpack_kwargs":false,"variables":[]}],"type_ref":"typing.Mapping"},"type_guard":null,"unpack_kwargs":false,"variables":[]}}}},"receive":{".class":"SymbolTableNode","kind":"Mdef","node":{".class":"FuncDef","abstract_status":0,"arg_kinds":[0,1],"arg_names":["self","max_bytes"],"dataclass_transform_spec":null,"flags":["is_coroutine"],"fullname":"anyio.streams.stapled.StapledByteStream.receive","name":"receive","type":{".class":"CallableType","arg_kinds":[0,1],"arg_names":["self","max_bytes"],"arg_types":["anyio.streams.stapled.StapledByteStream","builtins.int"],"bound_args":[],"def_extras":{"first_arg":"self"},"fallback":"builtins.function","from_concatenate":false,"implicit":false,"is_ellipsis_args":false,"name":"receive of StapledByteStream","ret_type":{".class":"Instance","args":[{".class":"AnyType","missing_import_name":null,"source_any":null,"type_of_any":6},{".class":"AnyType","missing_import_name":null,"source_any":null,"type_of_any":6},"builtins.bytes"],"type_ref":"typing.Coroutine"},"type_guard":null,"unpack_kwargs":false,"variables":[]}}},"receive_stream":{".class":"SymbolTableNode","implicit":true,"kind":"Mdef","node":{".class":"Var","flags":["is_initialized_in_class","is_ready"],"fullname":"anyio.streams.stapled.StapledByteStream.receive_stream","name":"receive_stream","type":"anyio.abc._streams.ByteReceiveStream"}},"send":{".class":"SymbolTableNode","kind":"Mdef","node":{".class":"FuncDef","abstract_status":0,"arg_kinds":[0,0],"arg_names":["self","item"],"dataclass_transform_spec":null,"flags":["is_coroutine"],"fullname":"anyio.streams.stapled.StapledByteStream.send","name":"send","type":{".class":"CallableType","arg_kinds":[0,0],"arg_names":["self","item"],"arg_types":["anyio.streams.stapled.StapledByteStream","builtins.bytes"],"bound_args":[],"def_extras":{"first_arg":"self"},"fallback":"builtins.function","from_concatenate":false,"implicit":false,"is_ellipsis_args":false,"name":"send of StapledByteStream","ret_type":{".class":"Instance","args":[{".class":"AnyType","missing_import_name":null,"source_any":null,"type_of_any":6},{".class":"AnyType","missing_import_name":null,"source_any":null,"type_of_any":6},{".class":"NoneType"}],"type_ref":"typing.Coroutine"},"type_guard":null,"unpack_kwargs":false,"variables":[]}}},"send_eof":{".class":"SymbolTableNode","kind":"Mdef","node":{".class":"FuncDef","abstract_status":0,"arg_kinds":[0],"arg_names":["self"],"dataclass_transform_spec":null,"flags":["is_coroutine"],"fullname":"anyio.streams.stapled.StapledByteStream.send_eof","name":"send_eof","type":{".class":"CallableType","arg_kinds":[0],"arg_names":["self"],"arg_types":["anyio.streams.stapled.StapledByteStream"],"bound_args":[],"def_extras":{"first_arg":"self"},"fallback":"builtins.function","from_concatenate":false,"implicit":false,"is_ellipsis_args":false,"name":"send_eof of StapledByteStream","ret_type":{".class":"Instance","args":[{".class":"AnyType","missing_import_name":null,"source_any":null,"type_of_any":6},{".class":"AnyType","missing_import_name":null,"source_any":null,"type_of_any":6},{".class":"NoneType"}],"type_ref":"typing.Coroutine"},"type_guard":null,"unpack_kwargs":false,"variables":[]}}},"send_stream":{".class":"SymbolTableNode","implicit":true,"kind":"Mdef","node":{".class":"Var","flags":["is_initialized_in_class","is_ready"],"fullname":"anyio.streams.stapled.StapledByteStream.send_stream","name":"send_stream","type":"anyio.abc._streams.ByteSendStream"}}},"self_type":null,"slots":null,"tuple_type":null,"type_vars":[],"typeddict_type":null}},"StapledObjectStream":{".class":"SymbolTableNode","kind":"Gdef","node":{".class":"TypeInfo","_promote":[],"abstract_attributes":[],"alt_promote":null,"bases":[{".class":"Instance","args":[{".class":"TypeVarType","fullname":"anyio.streams.stapled.T_Item","id":1,"name":"T_Item","namespace":"anyio.streams.stapled.StapledObjectStream","upper_bound":"builtins.object","values":[],"variance":0}],"type_ref":"anyio.abc._streams.ObjectStream"}],"dataclass_transform_spec":null,"declared_metaclass":null,"defn":{".class":"ClassDef","fullname":"anyio.streams.stapled.StapledObjectStream","name":"StapledObjectStream","type_vars":[{".class":"TypeVarType","fullname":"anyio.streams.stapled.T_Item","id":1,"name":"T_Item","namespace":"anyio.streams.stapled.StapledObjectStream","upper_bound":"builtins.object","values":[],"variance":0}]},"deletable_attributes":[],"flags":[],"fullname":"anyio.streams.stapled.StapledObjectStream","has_param_spec_type":false,"metaclass_type":"abc.ABCMeta","metadata":{"dataclass":{"attributes":[{"alias":null,"column":4,"has_default":false,"is_in_init":true,"is_init_var":false,"is_neither_frozen_nor_nonfrozen":false,"kw_only":false,"line":70,"name":"send_stream","type":{".class":"Instance","args":[{".class":"TypeVarType","fullname":"anyio.streams.stapled.T_Item","id":1,"name":"T_Item","namespace":"anyio.streams.stapled.StapledObjectStream","upper_bound":"builtins.object","values":[],"variance":0}],"type_ref":"anyio.abc._streams.ObjectSendStream"}},{"alias":null,"column":4,"has_default":false,"is_in_init":true,"is_init_var":false,"is_neither_frozen_nor_nonfrozen":false,"kw_only":false,"line":71,"name":"receive_stream","type":{".class":"Instance","args":[{".class":"TypeVarType","fullname":"anyio.streams.stapled.T_Item","id":1,"name":"T_Item","namespace":"anyio.streams.stapled.StapledObjectStream","upper_bound":"builtins.object","values":[],"variance":0}],"type_ref":"anyio.abc._streams.ObjectReceiveStream"}}],"frozen":false},"dataclass_tag":{}},"module_name":"anyio.streams.stapled","mro":["anyio.streams.stapled.StapledObjectStream","anyio.abc._streams.ObjectStream","anyio.abc._streams.ObjectReceiveStream","anyio.abc._streams.ObjectSendStream","anyio.abc._streams.UnreliableObjectStream","anyio.abc._streams.UnreliableObjectReceiveStream","anyio.abc._streams.UnreliableObjectSendStream","anyio.abc._resources.AsyncResource","anyio._core._typedattr.TypedAttributeProvider","builtins.object"],"names":{".class":"SymbolTable","__dataclass_fields__":{".class":"SymbolTableNode","kind":"Mdef","node":{".class":"Var","flags":["is_classvar","is_ready"],"fullname":"anyio.streams.stapled.StapledObjectStream.__dataclass_fields__","name":"__dataclass_fields__","type":{".class":"Instance","args":["builtins.str",{".class":"Instance","args":[{".class":"AnyType","missing_import_name":null,"source_any":null,"type_of_any":2}],"type_ref":"dataclasses.Field"}],"type_ref":"builtins.dict"}},"plugin_generated":true},"__init__":{".class":"SymbolTableNode","kind":"Mdef","node":{".class":"FuncDef","abstract_status":0,"arg_kinds":[0,0,0],"arg_names":["self","send_stream","receive_stream"],"dataclass_transform_spec":null,"flags":[],"fullname":"anyio.streams.stapled.StapledObjectStream.__init__","name":"__init__","type":{".class":"CallableType","arg_kinds":[0,0,0],"arg_names":["self","send_stream","receive_stream"],"arg_types":[{".class":"Instance","args":[{".class":"TypeVarType","fullname":"anyio.streams.stapled.T_Item","id":1,"name":"T_Item","namespace":"anyio.streams.stapled.StapledObjectStream","upper_bound":"builtins.object","values":[],"variance":0}],"type_ref":"anyio.streams.stapled.StapledObjectStream"},{".class":"Instance","args":[{".class":"TypeVarType","fullname":"anyio.streams.stapled.T_Item","id":1,"name":"T_Item","namespace":"anyio.streams.stapled.StapledObjectStream","upper_bound":"builtins.object","values":[],"variance":0}],"type_ref":"anyio.abc._streams.ObjectSendStream"},{".class":"Instance","args":[{".class":"TypeVarType","fullname":"anyio.streams.stapled.T_Item","id":1,"name":"T_Item","namespace":"anyio.streams.stapled.StapledObjectStream","upper_bound":"builtins.object","values":[],"variance":0}],"type_ref":"anyio.abc._streams.ObjectReceiveStream"}],"bound_args":[],"def_extras":{},"fallback":"builtins.function","from_concatenate":false,"implicit":false,"is_ellipsis_args":false,"name":"__init__ of StapledObjectStream","ret_type":{".class":"NoneType"},"type_guard":null,"unpack_kwargs":false,"variables":[]}},"plugin_generated":true},"__match_args__":{".class":"SymbolTableNode","kind":"Mdef","node":{".class":"Var","flags":["is_ready","allow_incompatible_override"],"fullname":"anyio.streams.stapled.StapledObjectStream.__match_args__","name":"__match_args__","type":{".class":"TupleType","implicit":false,"items":[{".class":"LiteralType","fallback":"builtins.str","value":"send_stream"},{".class":"LiteralType","fallback":"builtins.str","value":"receive_stream"}],"partial_fallback":{".class":"Instance","args":[{".class":"AnyType","missing_import_name":null,"source_any":null,"type_of_any":6}],"type_ref":"builtins.tuple"}}},"plugin_generated":true},"aclose":{".class":"SymbolTableNode","kind":"Mdef","node":{".class":"FuncDef","abstract_status":0,"arg_kinds":[0],"arg_names":["self"],"dataclass_transform_spec":null,"flags":["is_coroutine"],"fullname":"anyio.streams.stapled.StapledObjectStream.aclose","name":"aclose","type":{".class":"CallableType","arg_kinds":[0],"arg_names":["self"],"arg_types":[{".class":"Instance","args":[{".class":"TypeVarType","fullname":"anyio.streams.stapled.T_Item","id":1,"name":"T_Item","namespace":"anyio.streams.stapled.StapledObjectStream","upper_bound":"builtins.object","values":[],"variance":0}],"type_ref":"anyio.streams.stapled.StapledObjectStream"}],"bound_args":[],"def_extras":{"first_arg":"self"},"fallback":"builtins.function","from_concatenate":false,"implicit":false,"is_ellipsis_args":false,"name":"aclose of StapledObjectStream","ret_type":{".class":"Instance","args":[{".class":"AnyType","missing_import_name":null,"source_any":null,"type_of_any":6},{".class":"AnyType","missing_import_name":null,"source_any":null,"type_of_any":6},{".class":"NoneType"}],"type_ref":"typing.Coroutine"},"type_guard":null,"unpack_kwargs":false,"variables":[]}}},"extra_attributes":{".class":"SymbolTableNode","kind":"Mdef","node":{".class":"Decorator","func":{".class":"FuncDef","abstract_status":0,"arg_kinds":[0],"arg_names":["self"],"dataclass_transform_spec":null,"flags":["is_property","is_decorated"],"fullname":"anyio.streams.stapled.StapledObjectStream.extra_attributes","name":"extra_attributes","type":{".class":"CallableType","arg_kinds":[0],"arg_names":["self"],"arg_types":[{".class":"Instance","args":[{".class":"TypeVarType","fullname":"anyio.streams.stapled.T_Item","id":1,"name":"T_Item","namespace":"anyio.streams.stapled.StapledObjectStream","upper_bound":"builtins.object","values":[],"variance":0}],"type_ref":"anyio.streams.stapled.StapledObjectStream"}],"bound_args":[],"def_extras":{"first_arg":"self"},"fallback":"builtins.function","from_concatenate":false,"implicit":false,"is_ellipsis_args":false,"name":"extra_attributes of StapledObjectStream","ret_type":{".class":"Instance","args":[{".class":"AnyType","missing_import_name":null,"source_any":null,"type_of_any":2},{".class":"CallableType","arg_kinds":[],"arg_names":[],"arg_types":[],"bound_args":[],"def_extras":{},"fallback":"builtins.function","from_concatenate":false,"implicit":false,"is_ellipsis_args":false,"name":null,"ret_type":{".class":"AnyType","missing_import_name":null,"source_any":null,"type_of_any":2},"type_guard":null,"unpack_kwargs":false,"variables":[]}],"type_ref":"typing.Mapping"},"type_guard":null,"unpack_kwargs":false,"variables":[]}},"is_overload":false,"var":{".class":"Var","flags":["is_initialized_in_class","is_property","is_ready","is_inferred"],"fullname":"anyio.streams.stapled.StapledObjectStream.extra_attributes","name":"extra_attributes","type":{".class":"CallableType","arg_kinds":[0],"arg_names":["self"],"arg_types":[{".class":"Instance","args":[{".class":"TypeVarType","fullname":"anyio.streams.stapled.T_Item","id":1,"name":"T_Item","namespace":"anyio.streams.stapled.StapledObjectStream","upper_bound":"builtins.object","values":[],"variance":0}],"type_ref":"anyio.streams.stapled.StapledObjectStream"}],"bound_args":[],"def_extras":{"first_arg":"self"},"fallback":"builtins.function","from_concatenate":false,"implicit":false,"is_ellipsis_args":false,"name":"extra_attributes of StapledObjectStream","ret_type":{".class":"Instance","args":[{".class":"AnyType","missing_import_name":null,"source_any":null,"type_of_any":2},{".class":"CallableType","arg_kinds":[],"arg_names":[],"arg_types":[],"bound_args":[],"def_extras":{},"fallback":"builtins.function","from_concatenate":false,"implicit":false,"is_ellipsis_args":false,"name":null,"ret_type":{".class":"AnyType","missing_import_name":null,"source_any":null,"type_of_any":2},"type_guard":null,"unpack_kwargs":false,"variables":[]}],"type_ref":"typing.Mapping"},"type_guard":null,"unpack_kwargs":false,"variables":[]}}}},"receive":{".class":"SymbolTableNode","kind":"Mdef","node":{".class":"FuncDef","abstract_status":0,"arg_kinds":[0],"arg_names":["self"],"dataclass_transform_spec":null,"flags":["is_coroutine"],"fullname":"anyio.streams.stapled.StapledObjectStream.receive","name":"receive","type":{".class":"CallableType","arg_kinds":[0],"arg_names":["self"],"arg_types":[{".class":"Instance","args":[{".class":"TypeVarType","fullname":"anyio.streams.stapled.T_Item","id":1,"name":"T_Item","namespace":"anyio.streams.stapled.StapledObjectStream","upper_bound":"builtins.object","values":[],"variance":0}],"type_ref":"anyio.streams.stapled.StapledObjectStream"}],"bound_args":[],"def_extras":{"first_arg":"self"},"fallback":"builtins.function","from_concatenate":false,"implicit":false,"is_ellipsis_args":false,"name":"receive of StapledObjectStream","ret_type":{".class":"Instance","args":[{".class":"AnyType","missing_import_name":null,"source_any":null,"type_of_any":6},{".class":"AnyType","missing_import_name":null,"source_any":null,"type_of_any":6},{".class":"TypeVarType","fullname":"anyio.streams.stapled.T_Item","id":1,"name":"T_Item","namespace":"anyio.streams.stapled.StapledObjectStream","upper_bound":"builtins.object","values":[],"variance":0}],"type_ref":"typing.Coroutine"},"type_guard":null,"unpack_kwargs":false,"variables":[]}}},"receive_stream":{".class":"SymbolTableNode","implicit":true,"kind":"Mdef","node":{".class":"Var","flags":["is_initialized_in_class","is_ready"],"fullname":"anyio.streams.stapled.StapledObjectStream.receive_stream","name":"receive_stream","type":{".class":"Instance","args":[{".class":"TypeVarType","fullname":"anyio.streams.stapled.T_Item","id":1,"name":"T_Item","namespace":"anyio.streams.stapled.StapledObjectStream","upper_bound":"builtins.object","values":[],"variance":0}],"type_ref":"anyio.abc._streams.ObjectReceiveStream"}}},"send":{".class":"SymbolTableNode","kind":"Mdef","node":{".class":"FuncDef","abstract_status":0,"arg_kinds":[0,0],"arg_names":["self","item"],"dataclass_transform_spec":null,"flags":["is_coroutine"],"fullname":"anyio.streams.stapled.StapledObjectStream.send","name":"send","type":{".class":"CallableType","arg_kinds":[0,0],"arg_names":["self","item"],"arg_types":[{".class":"Instance","args":[{".class":"TypeVarType","fullname":"anyio.streams.stapled.T_Item","id":1,"name":"T_Item","namespace":"anyio.streams.stapled.StapledObjectStream","upper_bound":"builtins.object","values":[],"variance":0}],"type_ref":"anyio.streams.stapled.StapledObjectStream"},{".class":"TypeVarType","fullname":"anyio.streams.stapled.T_Item","id":1,"name":"T_Item","namespace":"anyio.streams.stapled.StapledObjectStream","upper_bound":"builtins.object","values":[],"variance":0}],"bound_args":[],"def_extras":{"first_arg":"self"},"fallback":"builtins.function","from_concatenate":false,"implicit":false,"is_ellipsis_args":false,"name":"send of StapledObjectStream","ret_type":{".class":"Instance","args":[{".class":"AnyType","missing_import_name":null,"source_any":null,"type_of_any":6},{".class":"AnyType","missing_import_name":null,"source_any":null,"type_of_any":6},{".class":"NoneType"}],"type_ref":"typing.Coroutine"},"type_guard":null,"unpack_kwargs":false,"variables":[]}}},"send_eof":{".class":"SymbolTableNode","kind":"Mdef","node":{".class":"FuncDef","abstract_status":0,"arg_kinds":[0],"arg_names":["self"],"dataclass_transform_spec":null,"flags":["is_coroutine"],"fullname":"anyio.streams.stapled.StapledObjectStream.send_eof","name":"send_eof","type":{".class":"CallableType","arg_kinds":[0],"arg_names":["self"],"arg_types":[{".class":"Instance","args":[{".class":"TypeVarType","fullname":"anyio.streams.stapled.T_Item","id":1,"name":"T_Item","namespace":"anyio.streams.stapled.StapledObjectStream","upper_bound":"builtins.object","values":[],"variance":0}],"type_ref":"anyio.streams.stapled.StapledObjectStream"}],"bound_args":[],"def_extras":{"first_arg":"self"},"fallback":"builtins.function","from_concatenate":false,"implicit":false,"is_ellipsis_args":false,"name":"send_eof of StapledObjectStream","ret_type":{".class":"Instance","args":[{".class":"AnyType","missing_import_name":null,"source_any":null,"type_of_any":6},{".class":"AnyType","missing_import_name":null,"source_any":null,"type_of_any":6},{".class":"NoneType"}],"type_ref":"typing.Coroutine"},"type_guard":null,"unpack_kwargs":false,"variables":[]}}},"send_stream":{".class":"SymbolTableNode","implicit":true,"kind":"Mdef","node":{".class":"Var","flags":["is_initialized_in_class","is_ready"],"fullname":"anyio.streams.stapled.StapledObjectStream.send_stream","name":"send_stream","type":{".class":"Instance","args":[{".class":"TypeVarType","fullname":"anyio.streams.stapled.T_Item","id":1,"name":"T_Item","namespace":"anyio.streams.stapled.StapledObjectStream","upper_bound":"builtins.object","values":[],"variance":0}],"type_ref":"anyio.abc._streams.ObjectSendStream"}}}},"self_type":null,"slots":null,"tuple_type":null,"type_vars":["T_Item"],"typeddict_type":null}},"T_Item":{".class":"SymbolTableNode","kind":"Gdef","node":{".class":"TypeVarExpr","fullname":"anyio.streams.stapled.T_Item","name":"T_Item","upper_bound":"builtins.object","values":[],"variance":0}},"T_Stream":{".class":"SymbolTableNode","kind":"Gdef","node":{".class":"TypeVarExpr","fullname":"anyio.streams.stapled.T_Stream","name":"T_Stream","upper_bound":"builtins.object","values":[],"variance":0}},"TaskGroup":{".class":"SymbolTableNode","cross_ref":"anyio.abc._tasks.TaskGroup","kind":"Gdef"},"TypeVar":{".class":"SymbolTableNode","cross_ref":"typing.TypeVar","kind":"Gdef"},"__annotations__":{".class":"SymbolTableNode","kind":"Gdef","node":{".class":"Var","flags":["is_ready"],"fullname":"anyio.streams.stapled.__annotations__","name":"__annotations__","type":{".class":"Instance","args":["builtins.str",{".class":"AnyType","missing_import_name":null,"source_any":null,"type_of_any":6}],"type_ref":"builtins.dict"}}},"__doc__":{".class":"SymbolTableNode","kind":"Gdef","node":{".class":"Var","flags":["is_ready"],"fullname":"anyio.streams.stapled.__doc__","name":"__doc__","type":"builtins.str"}},"__file__":{".class":"SymbolTableNode","kind":"Gdef","node":{".class":"Var","flags":["is_ready"],"fullname":"anyio.streams.stapled.__file__","name":"__file__","type":"builtins.str"}},"__name__":{".class":"SymbolTableNode","kind":"Gdef","node":{".class":"Var","flags":["is_ready"],"fullname":"anyio.streams.stapled.__name__","name":"__name__","type":"builtins.str"}},"__package__":{".class":"SymbolTableNode","kind":"Gdef","node":{".class":"Var","flags":["is_ready"],"fullname":"anyio.streams.stapled.__package__","name":"__package__","type":"builtins.str"}},"annotations":{".class":"SymbolTableNode","cross_ref":"__future__.annotations","kind":"Gdef"},"dataclass":{".class":"SymbolTableNode","cross_ref":"dataclasses.dataclass","kind":"Gdef"}},"path":"C:\\Users\\Vasilis\\AppData\\Local\\Programs\\Python\\Python313\\Lib\\site-packages\\anyio\\streams\\stapled.py"}