{"data_mtime":1762095554,"dep_lines":[3,7,1,4,5,125,1,1,1,1,1,1,1,1,1],"dep_prios":[5,5,5,5,5,20,5,30,30,30,30,30,30,30,30],"dependencies":["collections.abc","anyio.abc","__future__","dataclasses","typing","anyio","builtins","_typeshed","abc","anyio._core","anyio._core._tasks","anyio._core._typedattr","anyio.abc._resources","anyio.abc._streams","anyio.abc._tasks"],"hash":"534f690ab98ec3d9243617bab4aa29b26d5020c4f59454c5bed6fe03b4887b89","id":"anyio.streams.stapled","ignore_all":true,"interface_hash":"f759525d8fcf536578b26862c503c85b1592edd2265b001aea0c63708f85e506","mtime":1758060734,"options":{"allow_redefinition":false,"allow_untyped_globals":false,"always_false":[],"always_true":[],"bazel":false,"check_untyped_defs":false,"disable_bytearray_promotion":false,"disable_error_code":[],"disable_memoryview_promotion":false,"disabled_error_codes":[],"disallow_any_decorated":false,"disallow_any_explicit":false,"disallow_any_expr":false,"disallow_any_generics":false,"disallow_any_unimported":false,"disallow_incomplete_defs":false,"disallow_subclassing_any":false,"disallow_untyped_calls":false,"disallow_untyped_decorators":false,"disallow_untyped_defs":false,"enable_error_code":[],"enabled_error_codes":[],"follow_imports":"silent","follow_imports_for_stubs":false,"ignore_errors":false,"ignore_missing_imports":true,"implicit_optional":true,"implicit_reexport":true,"local_partial_types":false,"mypyc":false,"platform":"win32","plugins":[],"strict_concatenate":false,"strict_equality":false,"strict_optional":true,"warn_no_return":true,"warn_return_any":false,"warn_unreachable":false,"warn_unused_ignores":false},"path":"C:\\Users\\Vasilis\\AppData\\Local\\Programs\\Python\\Python313\\Lib\\site-packages\\anyio\\streams\\stapled.py","plugin_data":null,"size":4302,"suppressed":[],"version_id":"1.3.0"}