{"data_mtime":1762095518,"dep_lines":[3,1,2,4,5,6,2603,1,1,1,1,1,1,1],"dep_prios":[5,10,5,5,5,5,5,5,30,30,30,30,30,30],"dependencies":["collections.abc","sys","_typeshed","types","typing","typing_extensions","_winapi","builtins","abc","array","ctypes","mmap","os","pickle"],"hash":"d4ba0d25f732153c8003c650e12155f803326ed0fac4281b27d871f56a50cd34","id":"subprocess","ignore_all":true,"interface_hash":"72a7bcdff76ec4bf30cee832ba7cebbdb49f53b380b7bb1e31742120fab66fc9","mtime":1762095443,"options":{"allow_redefinition":false,"allow_untyped_globals":false,"always_false":[],"always_true":[],"bazel":false,"check_untyped_defs":false,"disable_bytearray_promotion":false,"disable_error_code":[],"disable_memoryview_promotion":false,"disabled_error_codes":[],"disallow_any_decorated":false,"disallow_any_explicit":false,"disallow_any_expr":false,"disallow_any_generics":false,"disallow_any_unimported":false,"disallow_incomplete_defs":false,"disallow_subclassing_any":false,"disallow_untyped_calls":false,"disallow_untyped_decorators":false,"disallow_untyped_defs":false,"enable_error_code":[],"enabled_error_codes":[],"follow_imports":"silent","follow_imports_for_stubs":false,"ignore_errors":false,"ignore_missing_imports":true,"implicit_optional":true,"implicit_reexport":true,"local_partial_types":false,"mypyc":false,"platform":"win32","plugins":[],"strict_concatenate":false,"strict_equality":false,"strict_optional":true,"warn_no_return":true,"warn_return_any":false,"warn_unreachable":false,"warn_unused_ignores":false},"path":"C:\\Users\\Vasilis\\AppData\\Local\\Programs\\Python\\Python313\\Lib\\site-packages\\mypy\\typeshed\\stdlib\\subprocess.pyi","plugin_data":null,"size":91091,"suppressed":[],"version_id":"1.3.0"}