{"data_mtime":1762095518,"dep_lines":[4,5,6,2,3,7,8,9,10,1,1],"dep_prios":[5,5,5,5,5,5,5,5,5,30,30],"dependencies":["collections.abc","importlib.abc","importlib.machinery","_typeshed","builtins","io","types","typing","typing_extensions","abc","importlib"],"hash":"bb33fcc38a16497298549aa7d67ceac363fdf6c670ea0baeed5f44f5a24e2b3b","id":"sys","ignore_all":true,"interface_hash":"b2a6d173fd2dafb0651c86f18407c20ff079754ddbf1517bc0d05c9468868a26","mtime":1762095443,"options":{"allow_redefinition":false,"allow_untyped_globals":false,"always_false":[],"always_true":[],"bazel":false,"check_untyped_defs":false,"disable_bytearray_promotion":false,"disable_error_code":[],"disable_memoryview_promotion":false,"disabled_error_codes":[],"disallow_any_decorated":false,"disallow_any_explicit":false,"disallow_any_expr":false,"disallow_any_generics":false,"disallow_any_unimported":false,"disallow_incomplete_defs":false,"disallow_subclassing_any":false,"disallow_untyped_calls":false,"disallow_untyped_decorators":false,"disallow_untyped_defs":false,"enable_error_code":[],"enabled_error_codes":[],"follow_imports":"silent","follow_imports_for_stubs":false,"ignore_errors":false,"ignore_missing_imports":true,"implicit_optional":true,"implicit_reexport":true,"local_partial_types":false,"mypyc":false,"platform":"win32","plugins":[],"strict_concatenate":false,"strict_equality":false,"strict_optional":true,"warn_no_return":true,"warn_return_any":false,"warn_unreachable":false,"warn_unused_ignores":false},"path":"C:\\Users\\Vasilis\\AppData\\Local\\Programs\\Python\\Python313\\Lib\\site-packages\\mypy\\typeshed\\stdlib\\sys.pyi","plugin_data":null,"size":11681,"suppressed":[],"version_id":"1.3.0"}