{".class":"MypyFile","_fullname":"sysconfig","future_import_flags":[],"is_partial_stub_package":false,"is_stub":true,"names":{".class":"SymbolTable","Any":{".class":"SymbolTableNode","cross_ref":"typing.Any","kind":"Gdef","module_hidden":true,"module_public":false},"IO":{".class":"SymbolTableNode","cross_ref":"typing.IO","kind":"Gdef","module_hidden":true,"module_public":false},"Literal":{".class":"SymbolTableNode","cross_ref":"typing_extensions.Literal","kind":"Gdef","module_hidden":true,"module_public":false},"__all__":{".class":"SymbolTableNode","kind":"Gdef","module_public":false,"node":{".class":"Var","flags":["is_inferred","has_explicit_value"],"fullname":"sysconfig.__all__","name":"__all__","type":{".class":"Instance","args":["builtins.str"],"type_ref":"builtins.list"}}},"__annotations__":{".class":"SymbolTableNode","kind":"Gdef","module_public":false,"node":{".class":"Var","flags":["is_ready"],"fullname":"sysconfig.__annotations__","name":"__annotations__","type":{".class":"Instance","args":["builtins.str",{".class":"AnyType","missing_import_name":null,"source_any":null,"type_of_any":6}],"type_ref":"builtins.dict"}}},"__doc__":{".class":"SymbolTableNode","kind":"Gdef","module_public":false,"node":{".class":"Var","flags":["is_ready"],"fullname":"sysconfig.__doc__","name":"__doc__","type":"builtins.str"}},"__file__":{".class":"SymbolTableNode","kind":"Gdef","module_public":false,"node":{".class":"Var","flags":["is_ready"],"fullname":"sysconfig.__file__","name":"__file__","type":"builtins.str"}},"__name__":{".class":"SymbolTableNode","kind":"Gdef","module_public":false,"node":{".class":"Var","flags":["is_ready"],"fullname":"sysconfig.__name__","name":"__name__","type":"builtins.str"}},"__package__":{".class":"SymbolTableNode","kind":"Gdef","module_public":false,"node":{".class":"Var","flags":["is_ready"],"fullname":"sysconfig.__package__","name":"__package__","type":"builtins.str"}},"get_config_h_filename":{".class":"SymbolTableNode","kind":"Gdef","node":{".class":"FuncDef","abstract_status":0,"arg_kinds":[],"arg_names":[],"dataclass_transform_spec":null,"flags":[],"fullname":"sysconfig.get_config_h_filename","name":"get_config_h_filename","type":{".class":"CallableType","arg_kinds":[],"arg_names":[],"arg_types":[],"bound_args":[],"def_extras":{"first_arg":null},"fallback":"builtins.function","from_concatenate":false,"implicit":false,"is_ellipsis_args":false,"name":"get_config_h_filename","ret_type":"builtins.str","type_guard":null,"unpack_kwargs":false,"variables":[]}}},"get_config_var":{".class":"SymbolTableNode","kind":"Gdef","node":{".class":"FuncDef","abstract_status":0,"arg_kinds":[0],"arg_names":["name"],"dataclass_transform_spec":null,"flags":[],"fullname":"sysconfig.get_config_var","name":"get_config_var","type":{".class":"CallableType","arg_kinds":[0],"arg_names":["name"],"arg_types":["builtins.str"],"bound_args":[],"def_extras":{"first_arg":null},"fallback":"builtins.function","from_concatenate":false,"implicit":false,"is_ellipsis_args":false,"name":"get_config_var","ret_type":{".class":"AnyType","missing_import_name":null,"source_any":null,"type_of_any":2},"type_guard":null,"unpack_kwargs":false,"variables":[]}}},"get_config_vars":{".class":"SymbolTableNode","kind":"Gdef","node":{".class":"OverloadedFuncDef","flags":[],"fullname":"sysconfig.get_config_vars","impl":null,"items":[{".class":"Decorator","func":{".class":"FuncDef","abstract_status":0,"arg_kinds":[],"arg_names":[],"dataclass_transform_spec":null,"flags":["is_overload","is_decorated"],"fullname":"sysconfig.get_config_vars","name":"get_config_vars","type":{".class":"CallableType","arg_kinds":[],"arg_names":[],"arg_types":[],"bound_args":[],"def_extras":{"first_arg":null},"fallback":"builtins.function","from_concatenate":false,"implicit":false,"is_ellipsis_args":false,"name":"get_config_vars","ret_type":{".class":"Instance","args":["builtins.str",{".class":"AnyType","missing_import_name":null,"source_any":null,"type_of_any":2}],"type_ref":"builtins.dict"},"type_guard":null,"unpack_kwargs":false,"variables":[]}},"is_overload":true,"var":{".class":"Var","flags":["is_inferred"],"fullname":"sysconfig.get_config_vars","name":"get_config_vars","type":null}},{".class":"Decorator","func":{".class":"FuncDef","abstract_status":0,"arg_kinds":[0,2],"arg_names":["arg","args"],"dataclass_transform_spec":null,"flags":["is_overload","is_decorated"],"fullname":"sysconfig.get_config_vars","name":"get_config_vars","type":{".class":"CallableType","arg_kinds":[0,2],"arg_names":["arg","args"],"arg_types":["builtins.str","builtins.str"],"bound_args":[],"def_extras":{"first_arg":null},"fallback":"builtins.function","from_concatenate":false,"implicit":false,"is_ellipsis_args":false,"name":"get_config_vars","ret_type":{".class":"Instance","args":[{".class":"AnyType","missing_import_name":null,"source_any":null,"type_of_any":2}],"type_ref":"builtins.list"},"type_guard":null,"unpack_kwargs":false,"variables":[]}},"is_overload":true,"var":{".class":"Var","flags":["is_inferred"],"fullname":"sysconfig.get_config_vars","name":"get_config_vars","type":null}}],"type":{".class":"Overloaded","items":[{".class":"CallableType","arg_kinds":[],"arg_names":[],"arg_types":[],"bound_args":[],"def_extras":{"first_arg":null},"fallback":"builtins.function","from_concatenate":false,"implicit":false,"is_ellipsis_args":false,"name":"get_config_vars","ret_type":{".class":"Instance","args":["builtins.str",{".class":"AnyType","missing_import_name":null,"source_any":null,"type_of_any":2}],"type_ref":"builtins.dict"},"type_guard":null,"unpack_kwargs":false,"variables":[]},{".class":"CallableType","arg_kinds":[0,2],"arg_names":["arg","args"],"arg_types":["builtins.str","builtins.str"],"bound_args":[],"def_extras":{"first_arg":null},"fallback":"builtins.function","from_concatenate":false,"implicit":false,"is_ellipsis_args":false,"name":"get_config_vars","ret_type":{".class":"Instance","args":[{".class":"AnyType","missing_import_name":null,"source_any":null,"type_of_any":2}],"type_ref":"builtins.list"},"type_guard":null,"unpack_kwargs":false,"variables":[]}]}}},"get_default_scheme":{".class":"SymbolTableNode","kind":"Gdef","module_public":false,"node":{".class":"FuncDef","abstract_status":0,"arg_kinds":[],"arg_names":[],"dataclass_transform_spec":null,"flags":[],"fullname":"sysconfig.get_default_scheme","name":"get_default_scheme","type":{".class":"CallableType","arg_kinds":[],"arg_names":[],"arg_types":[],"bound_args":[],"def_extras":{"first_arg":null},"fallback":"builtins.function","from_concatenate":false,"implicit":false,"is_ellipsis_args":false,"name":"get_default_scheme","ret_type":"builtins.str","type_guard":null,"unpack_kwargs":false,"variables":[]}}},"get_makefile_filename":{".class":"SymbolTableNode","kind":"Gdef","node":{".class":"FuncDef","abstract_status":0,"arg_kinds":[],"arg_names":[],"dataclass_transform_spec":null,"flags":[],"fullname":"sysconfig.get_makefile_filename","name":"get_makefile_filename","type":{".class":"CallableType","arg_kinds":[],"arg_names":[],"arg_types":[],"bound_args":[],"def_extras":{"first_arg":null},"fallback":"builtins.function","from_concatenate":false,"implicit":false,"is_ellipsis_args":false,"name":"get_makefile_filename","ret_type":"builtins.str","type_guard":null,"unpack_kwargs":false,"variables":[]}}},"get_path":{".class":"SymbolTableNode","kind":"Gdef","node":{".class":"FuncDef","abstract_status":0,"arg_kinds":[0,1,1,1],"arg_names":["name","scheme","vars","expand"],"dataclass_transform_spec":null,"flags":[],"fullname":"sysconfig.get_path","name":"get_path","type":{".class":"CallableType","arg_kinds":[0,1,1,1],"arg_names":["name","scheme","vars","expand"],"arg_types":["builtins.str","builtins.str",{".class":"UnionType","items":[{".class":"Instance","args":["builtins.str",{".class":"AnyType","missing_import_name":null,"source_any":null,"type_of_any":2}],"type_ref":"builtins.dict"},{".class":"NoneType"}]},"builtins.bool"],"bound_args":[],"def_extras":{"first_arg":null},"fallback":"builtins.function","from_concatenate":false,"implicit":false,"is_ellipsis_args":false,"name":"get_path","ret_type":"builtins.str","type_guard":null,"unpack_kwargs":false,"variables":[]}}},"get_path_names":{".class":"SymbolTableNode","kind":"Gdef","node":{".class":"FuncDef","abstract_status":0,"arg_kinds":[],"arg_names":[],"dataclass_transform_spec":null,"flags":[],"fullname":"sysconfig.get_path_names","name":"get_path_names","type":{".class":"CallableType","arg_kinds":[],"arg_names":[],"arg_types":[],"bound_args":[],"def_extras":{"first_arg":null},"fallback":"builtins.function","from_concatenate":false,"implicit":false,"is_ellipsis_args":false,"name":"get_path_names","ret_type":{".class":"Instance","args":["builtins.str"],"type_ref":"builtins.tuple"},"type_guard":null,"unpack_kwargs":false,"variables":[]}}},"get_paths":{".class":"SymbolTableNode","kind":"Gdef","node":{".class":"FuncDef","abstract_status":0,"arg_kinds":[1,1,1],"arg_names":["scheme","vars","expand"],"dataclass_transform_spec":null,"flags":[],"fullname":"sysconfig.get_paths","name":"get_paths","type":{".class":"CallableType","arg_kinds":[1,1,1],"arg_names":["scheme","vars","expand"],"arg_types":["builtins.str",{".class":"UnionType","items":[{".class":"Instance","args":["builtins.str",{".class":"AnyType","missing_import_name":null,"source_any":null,"type_of_any":2}],"type_ref":"builtins.dict"},{".class":"NoneType"}]},"builtins.bool"],"bound_args":[],"def_extras":{"first_arg":null},"fallback":"builtins.function","from_concatenate":false,"implicit":false,"is_ellipsis_args":false,"name":"get_paths","ret_type":{".class":"Instance","args":["builtins.str","builtins.str"],"type_ref":"builtins.dict"},"type_guard":null,"unpack_kwargs":false,"variables":[]}}},"get_platform":{".class":"SymbolTableNode","kind":"Gdef","node":{".class":"FuncDef","abstract_status":0,"arg_kinds":[],"arg_names":[],"dataclass_transform_spec":null,"flags":[],"fullname":"sysconfig.get_platform","name":"get_platform","type":{".class":"CallableType","arg_kinds":[],"arg_names":[],"arg_types":[],"bound_args":[],"def_extras":{"first_arg":null},"fallback":"builtins.function","from_concatenate":false,"implicit":false,"is_ellipsis_args":false,"name":"get_platform","ret_type":"builtins.str","type_guard":null,"unpack_kwargs":false,"variables":[]}}},"get_preferred_scheme":{".class":"SymbolTableNode","kind":"Gdef","module_public":false,"node":{".class":"FuncDef","abstract_status":0,"arg_kinds":[0],"arg_names":["key"],"dataclass_transform_spec":null,"flags":[],"fullname":"sysconfig.get_preferred_scheme","name":"get_preferred_scheme","type":{".class":"CallableType","arg_kinds":[0],"arg_names":["key"],"arg_types":[{".class":"UnionType","items":[{".class":"LiteralType","fallback":"builtins.str","value":"prefix"},{".class":"LiteralType","fallback":"builtins.str","value":"home"},{".class":"LiteralType","fallback":"builtins.str","value":"user"}]}],"bound_args":[],"def_extras":{"first_arg":null},"fallback":"builtins.function","from_concatenate":false,"implicit":false,"is_ellipsis_args":false,"name":"get_preferred_scheme","ret_type":"builtins.str","type_guard":null,"unpack_kwargs":false,"variables":[]}}},"get_python_version":{".class":"SymbolTableNode","kind":"Gdef","node":{".class":"FuncDef","abstract_status":0,"arg_kinds":[],"arg_names":[],"dataclass_transform_spec":null,"flags":[],"fullname":"sysconfig.get_python_version","name":"get_python_version","type":{".class":"CallableType","arg_kinds":[],"arg_names":[],"arg_types":[],"bound_args":[],"def_extras":{"first_arg":null},"fallback":"builtins.function","from_concatenate":false,"implicit":false,"is_ellipsis_args":false,"name":"get_python_version","ret_type":"builtins.str","type_guard":null,"unpack_kwargs":false,"variables":[]}}},"get_scheme_names":{".class":"SymbolTableNode","kind":"Gdef","node":{".class":"FuncDef","abstract_status":0,"arg_kinds":[],"arg_names":[],"dataclass_transform_spec":null,"flags":[],"fullname":"sysconfig.get_scheme_names","name":"get_scheme_names","type":{".class":"CallableType","arg_kinds":[],"arg_names":[],"arg_types":[],"bound_args":[],"def_extras":{"first_arg":null},"fallback":"builtins.function","from_concatenate":false,"implicit":false,"is_ellipsis_args":false,"name":"get_scheme_names","ret_type":{".class":"Instance","args":["builtins.str"],"type_ref":"builtins.tuple"},"type_guard":null,"unpack_kwargs":false,"variables":[]}}},"is_python_build":{".class":"SymbolTableNode","kind":"Gdef","module_public":false,"node":{".class":"FuncDef","abstract_status":0,"arg_kinds":[1],"arg_names":["check_home"],"dataclass_transform_spec":null,"flags":[],"fullname":"sysconfig.is_python_build","name":"is_python_build","type":{".class":"CallableType","arg_kinds":[1],"arg_names":["check_home"],"arg_types":[{".class":"UnionType","items":["builtins.object",{".class":"NoneType"}]}],"bound_args":[],"def_extras":{"first_arg":null},"fallback":"builtins.function","from_concatenate":false,"implicit":false,"is_ellipsis_args":false,"name":"is_python_build","ret_type":"builtins.bool","type_guard":null,"unpack_kwargs":false,"variables":[]}}},"overload":{".class":"SymbolTableNode","cross_ref":"typing.overload","kind":"Gdef","module_hidden":true,"module_public":false},"parse_config_h":{".class":"SymbolTableNode","kind":"Gdef","node":{".class":"FuncDef","abstract_status":0,"arg_kinds":[0,1],"arg_names":["fp","vars"],"dataclass_transform_spec":null,"flags":[],"fullname":"sysconfig.parse_config_h","name":"parse_config_h","type":{".class":"CallableType","arg_kinds":[0,1],"arg_names":["fp","vars"],"arg_types":[{".class":"Instance","args":[{".class":"AnyType","missing_import_name":null,"source_any":null,"type_of_any":2}],"type_ref":"typing.IO"},{".class":"UnionType","items":[{".class":"Instance","args":["builtins.str",{".class":"AnyType","missing_import_name":null,"source_any":null,"type_of_any":2}],"type_ref":"builtins.dict"},{".class":"NoneType"}]}],"bound_args":[],"def_extras":{"first_arg":null},"fallback":"builtins.function","from_concatenate":false,"implicit":false,"is_ellipsis_args":false,"name":"parse_config_h","ret_type":{".class":"Instance","args":["builtins.str",{".class":"AnyType","missing_import_name":null,"source_any":null,"type_of_any":2}],"type_ref":"builtins.dict"},"type_guard":null,"unpack_kwargs":false,"variables":[]}}},"sys":{".class":"SymbolTableNode","cross_ref":"sys","kind":"Gdef","module_hidden":true,"module_public":false}},"path":"C:\\Users\\Vasilis\\AppData\\Local\\Programs\\Python\\Python313\\Lib\\site-packages\\mypy\\typeshed\\stdlib\\sysconfig.pyi"}