{"data_mtime":1762026315,"dep_lines":[6,1,2,3,4,5,7,8,9,10,1,1,1,1,1],"dep_prios":[5,10,10,10,5,5,5,5,5,5,30,30,30,30,30],"dependencies":["collections.abc","bz2","io","sys","_typeshed","builtins","gzip","types","typing","typing_extensions","_compression","_frozen_importlib","_io","abc","os"],"hash":"ea58a7c4ac4c729097b685c3eac8b36d915b36dd","id":"tarfile","ignore_all":true,"interface_hash":"c55b57485393a3d29936fba3fc86bcaa39e29caf","mtime":1762026305,"options":{"allow_redefinition":false,"allow_redefinition_new":false,"allow_untyped_globals":false,"always_false":[],"always_true":[],"bazel":false,"check_untyped_defs":false,"disable_bytearray_promotion":false,"disable_error_code":[],"disable_memoryview_promotion":false,"disabled_error_codes":[],"disallow_any_decorated":false,"disallow_any_explicit":false,"disallow_any_expr":false,"disallow_any_generics":false,"disallow_any_unimported":false,"disallow_incomplete_defs":false,"disallow_subclassing_any":false,"disallow_untyped_calls":false,"disallow_untyped_decorators":false,"disallow_untyped_defs":false,"enable_error_code":[],"enabled_error_codes":[],"extra_checks":false,"fixed_format_cache":false,"follow_imports":"silent","follow_imports_for_stubs":false,"follow_untyped_imports":false,"ignore_errors":false,"ignore_missing_imports":true,"implicit_optional":true,"implicit_reexport":true,"local_partial_types":false,"mypyc":false,"old_type_inference":false,"platform":"win32","plugins":[],"strict_bytes":false,"strict_concatenate":false,"strict_equality":false,"strict_equality_for_none":false,"strict_optional":true,"warn_no_return":true,"warn_return_any":false,"warn_unreachable":false,"warn_unused_ignores":false},"path":"C:\\Users\\Vasilis\\AppData\\Local\\Programs\\Python\\Python313\\Lib\\site-packages\\mypy\\typeshed\\stdlib\\tarfile.pyi","plugin_data":null,"size":28813,"suppressed":[],"version_id":"1.18.2"}