{"data_mtime":1762095524,"dep_lines":[1,2,3,4,1,1],"dep_prios":[10,5,5,5,5,30],"dependencies":["sys","_typeshed","typing","typing_extensions","builtins","abc"],"hash":"2f0f08844c903b2aa786d04a8a488242c21b5912f570b5db810e5afc7ec29ba9","id":"termios","ignore_all":true,"interface_hash":"51adc6436a334bf72e9ea3072fa9e977c15b06f8d52133332ef2806b8e81df33","mtime":1762095443,"options":{"allow_redefinition":false,"allow_untyped_globals":false,"always_false":[],"always_true":[],"bazel":false,"check_untyped_defs":false,"disable_bytearray_promotion":false,"disable_error_code":[],"disable_memoryview_promotion":false,"disabled_error_codes":[],"disallow_any_decorated":false,"disallow_any_explicit":false,"disallow_any_expr":false,"disallow_any_generics":false,"disallow_any_unimported":false,"disallow_incomplete_defs":false,"disallow_subclassing_any":false,"disallow_untyped_calls":false,"disallow_untyped_decorators":false,"disallow_untyped_defs":false,"enable_error_code":[],"enabled_error_codes":[],"follow_imports":"silent","follow_imports_for_stubs":false,"ignore_errors":false,"ignore_missing_imports":true,"implicit_optional":true,"implicit_reexport":true,"local_partial_types":false,"mypyc":false,"platform":"win32","plugins":[],"strict_concatenate":false,"strict_equality":false,"strict_optional":true,"warn_no_return":true,"warn_return_any":false,"warn_unreachable":false,"warn_unused_ignores":false},"path":"C:\\Users\\Vasilis\\AppData\\Local\\Programs\\Python\\Python313\\Lib\\site-packages\\mypy\\typeshed\\stdlib\\termios.pyi","plugin_data":null,"size":5095,"suppressed":[],"version_id":"1.3.0"}