{"data_mtime":1762095554,"dep_lines":[20,7,13,21,1,3,4,5,6,8,9,11,13,43,1,1,1,1,1,1,1,1,1,1,1,1,1,1,1,1,1,1,1],"dep_prios":[5,5,10,5,5,10,10,5,10,5,5,5,5,5,5,30,30,30,30,30,30,30,30,30,30,30,30,30,30,30,30,30,30],"dependencies":["anyio._core._typedattr","collections.abc","anyio.to_thread","anyio.abc","__future__","logging","re","ssl","sys","dataclasses","functools","typing","anyio","typing_extensions","builtins","_typeshed","abc","anyio._core","anyio._core._eventloop","anyio._core._exceptions","anyio._core._resources","anyio._core._synchronization","anyio._core._tasks","anyio.abc._resources","anyio.abc._streams","anyio.abc._tasks","array","contextlib","ctypes","enum","mmap","pickle","types"],"hash":"b2249a691c97f979df0bb25b9fd563b48755cc9903b2f216ff6a5211585e0c54","id":"anyio.streams.tls","ignore_all":true,"interface_hash":"0a97b56de377594c7a1c3a6c798e3384cf279fc1157cc9da5f2117e40a3ddd77","mtime":1758060734,"options":{"allow_redefinition":false,"allow_untyped_globals":false,"always_false":[],"always_true":[],"bazel":false,"check_untyped_defs":false,"disable_bytearray_promotion":false,"disable_error_code":[],"disable_memoryview_promotion":false,"disabled_error_codes":[],"disallow_any_decorated":false,"disallow_any_explicit":false,"disallow_any_expr":false,"disallow_any_generics":false,"disallow_any_unimported":false,"disallow_incomplete_defs":false,"disallow_subclassing_any":false,"disallow_untyped_calls":false,"disallow_untyped_decorators":false,"disallow_untyped_defs":false,"enable_error_code":[],"enabled_error_codes":[],"follow_imports":"silent","follow_imports_for_stubs":false,"ignore_errors":false,"ignore_missing_imports":true,"implicit_optional":true,"implicit_reexport":true,"local_partial_types":false,"mypyc":false,"platform":"win32","plugins":[],"strict_concatenate":false,"strict_equality":false,"strict_optional":true,"warn_no_return":true,"warn_return_any":false,"warn_unreachable":false,"warn_unused_ignores":false},"path":"C:\\Users\\Vasilis\\AppData\\Local\\Programs\\Python\\Python313\\Lib\\site-packages\\anyio\\streams\\tls.py","plugin_data":null,"size":15275,"suppressed":[],"version_id":"1.3.0"}