{"data_mtime":1762095554,"dep_lines":[8,4,9,1,3,5,6,1,1,1,1,1,1,1],"dep_prios":[5,5,5,5,10,5,5,5,30,30,30,30,30,30],"dependencies":["anyio._core._eventloop","collections.abc","anyio.abc","__future__","sys","typing","warnings","builtins","_typeshed","_warnings","abc","anyio._core","anyio._core._synchronization","anyio.abc._eventloop"],"hash":"58cd8943631b56c7790f908cd3c6d0893c33648be9b068df1f5172db8ecaa034","id":"anyio.to_thread","ignore_all":true,"interface_hash":"ea1ceaa6ef763926b6e1ed1970332ad4b807fdf428673ba2d29d89830b25f977","mtime":1758060734,"options":{"allow_redefinition":false,"allow_untyped_globals":false,"always_false":[],"always_true":[],"bazel":false,"check_untyped_defs":false,"disable_bytearray_promotion":false,"disable_error_code":[],"disable_memoryview_promotion":false,"disabled_error_codes":[],"disallow_any_decorated":false,"disallow_any_explicit":false,"disallow_any_expr":false,"disallow_any_generics":false,"disallow_any_unimported":false,"disallow_incomplete_defs":false,"disallow_subclassing_any":false,"disallow_untyped_calls":false,"disallow_untyped_decorators":false,"disallow_untyped_defs":false,"enable_error_code":[],"enabled_error_codes":[],"follow_imports":"silent","follow_imports_for_stubs":false,"ignore_errors":false,"ignore_missing_imports":true,"implicit_optional":true,"implicit_reexport":true,"local_partial_types":false,"mypyc":false,"platform":"win32","plugins":[],"strict_concatenate":false,"strict_equality":false,"strict_optional":true,"warn_no_return":true,"warn_return_any":false,"warn_unreachable":false,"warn_unused_ignores":false},"path":"C:\\Users\\Vasilis\\AppData\\Local\\Programs\\Python\\Python313\\Lib\\site-packages\\anyio\\to_thread.py","plugin_data":null,"size":2396,"suppressed":[],"version_id":"1.3.0"}