{"data_mtime":1762095563,"dep_lines":[8,9,10,14,6,8,4,6,1,1,1,1,1,1,1,1,1,1,1,1,1,1,1,1,1,1,1,1,1,1,1,1,1,1],"dep_prios":[10,5,5,25,10,20,5,20,5,30,30,30,30,30,30,30,30,30,30,30,30,30,30,30,30,30,30,30,30,30,30,30,30,30],"dependencies":["alembic.operations.ops","alembic.operations.base","alembic.util.sqla_compat","sqlalchemy.sql.schema","sqlalchemy.schema","alembic.operations","typing","sqlalchemy","builtins","abc","alembic.ddl","alembic.ddl.impl","alembic.operations.batch","alembic.operations.schemaobj","alembic.runtime","alembic.runtime.migration","alembic.util","alembic.util.langhelpers","sqlalchemy.engine","sqlalchemy.engine.interfaces","sqlalchemy.sql","sqlalchemy.sql.annotation","sqlalchemy.sql.base","sqlalchemy.sql.compiler","sqlalchemy.sql.elements","sqlalchemy.sql.operators","sqlalchemy.sql.roles","sqlalchemy.sql.selectable","sqlalchemy.sql.sqltypes","sqlalchemy.sql.traversals","sqlalchemy.sql.type_api","sqlalchemy.sql.visitors","sqlalchemy.util","sqlalchemy.util.langhelpers"],"hash":"ae0b9fb9250dc2982b398cf363743710b5b5ad0bf67d06d056891782721822bb","id":"alembic.operations.toimpl","ignore_all":true,"interface_hash":"275ffd14d1d91b376f8c551fa77f7e4510914431917372d69f1b332a21b58c99","mtime":1761854780,"options":{"allow_redefinition":false,"allow_untyped_globals":false,"always_false":[],"always_true":[],"bazel":false,"check_untyped_defs":false,"disable_bytearray_promotion":false,"disable_error_code":[],"disable_memoryview_promotion":false,"disabled_error_codes":[],"disallow_any_decorated":false,"disallow_any_explicit":false,"disallow_any_expr":false,"disallow_any_generics":false,"disallow_any_unimported":false,"disallow_incomplete_defs":false,"disallow_subclassing_any":false,"disallow_untyped_calls":false,"disallow_untyped_decorators":false,"disallow_untyped_defs":false,"enable_error_code":[],"enabled_error_codes":[],"follow_imports":"silent","follow_imports_for_stubs":false,"ignore_errors":false,"ignore_missing_imports":true,"implicit_optional":true,"implicit_reexport":true,"local_partial_types":false,"mypyc":false,"platform":"win32","plugins":[],"strict_concatenate":false,"strict_equality":false,"strict_optional":true,"warn_no_return":true,"warn_return_any":false,"warn_unreachable":false,"warn_unused_ignores":false},"path":"C:\\Users\\Vasilis\\AppData\\Local\\Programs\\Python\\Python313\\Lib\\site-packages\\alembic\\operations\\toimpl.py","plugin_data":null,"size":7503,"suppressed":[],"version_id":"1.3.0"}