{".class":"MypyFile","_fullname":"token","future_import_flags":[],"is_partial_stub_package":false,"is_stub":true,"names":{".class":"SymbolTable","AMPER":{".class":"SymbolTableNode","kind":"Gdef","node":{".class":"Var","flags":["is_ready"],"fullname":"token.AMPER","name":"AMPER","type":"builtins.int"}},"AMPEREQUAL":{".class":"SymbolTableNode","kind":"Gdef","node":{".class":"Var","flags":["is_ready"],"fullname":"token.AMPEREQUAL","name":"AMPEREQUAL","type":"builtins.int"}},"ASYNC":{".class":"SymbolTableNode","kind":"Gdef","node":{".class":"Var","flags":["is_ready"],"fullname":"token.ASYNC","name":"ASYNC","type":"builtins.int"}},"AT":{".class":"SymbolTableNode","kind":"Gdef","node":{".class":"Var","flags":["is_ready"],"fullname":"token.AT","name":"AT","type":"builtins.int"}},"ATEQUAL":{".class":"SymbolTableNode","kind":"Gdef","node":{".class":"Var","flags":["is_ready"],"fullname":"token.ATEQUAL","name":"ATEQUAL","type":"builtins.int"}},"AWAIT":{".class":"SymbolTableNode","kind":"Gdef","node":{".class":"Var","flags":["is_ready"],"fullname":"token.AWAIT","name":"AWAIT","type":"builtins.int"}},"CIRCUMFLEX":{".class":"SymbolTableNode","kind":"Gdef","node":{".class":"Var","flags":["is_ready"],"fullname":"token.CIRCUMFLEX","name":"CIRCUMFLEX","type":"builtins.int"}},"CIRCUMFLEXEQUAL":{".class":"SymbolTableNode","kind":"Gdef","node":{".class":"Var","flags":["is_ready"],"fullname":"token.CIRCUMFLEXEQUAL","name":"CIRCUMFLEXEQUAL","type":"builtins.int"}},"COLON":{".class":"SymbolTableNode","kind":"Gdef","node":{".class":"Var","flags":["is_ready"],"fullname":"token.COLON","name":"COLON","type":"builtins.int"}},"COLONEQUAL":{".class":"SymbolTableNode","kind":"Gdef","node":{".class":"Var","flags":["is_ready"],"fullname":"token.COLONEQUAL","name":"COLONEQUAL","type":"builtins.int"}},"COMMA":{".class":"SymbolTableNode","kind":"Gdef","node":{".class":"Var","flags":["is_ready"],"fullname":"token.COMMA","name":"COMMA","type":"builtins.int"}},"COMMENT":{".class":"SymbolTableNode","kind":"Gdef","node":{".class":"Var","flags":["is_ready"],"fullname":"token.COMMENT","name":"COMMENT","type":"builtins.int"}},"DEDENT":{".class":"SymbolTableNode","kind":"Gdef","node":{".class":"Var","flags":["is_ready"],"fullname":"token.DEDENT","name":"DEDENT","type":"builtins.int"}},"DOT":{".class":"SymbolTableNode","kind":"Gdef","node":{".class":"Var","flags":["is_ready"],"fullname":"token.DOT","name":"DOT","type":"builtins.int"}},"DOUBLESLASH":{".class":"SymbolTableNode","kind":"Gdef","node":{".class":"Var","flags":["is_ready"],"fullname":"token.DOUBLESLASH","name":"DOUBLESLASH","type":"builtins.int"}},"DOUBLESLASHEQUAL":{".class":"SymbolTableNode","kind":"Gdef","node":{".class":"Var","flags":["is_ready"],"fullname":"token.DOUBLESLASHEQUAL","name":"DOUBLESLASHEQUAL","type":"builtins.int"}},"DOUBLESTAR":{".class":"SymbolTableNode","kind":"Gdef","node":{".class":"Var","flags":["is_ready"],"fullname":"token.DOUBLESTAR","name":"DOUBLESTAR","type":"builtins.int"}},"DOUBLESTAREQUAL":{".class":"SymbolTableNode","kind":"Gdef","node":{".class":"Var","flags":["is_ready"],"fullname":"token.DOUBLESTAREQUAL","name":"DOUBLESTAREQUAL","type":"builtins.int"}},"ELLIPSIS":{".class":"SymbolTableNode","kind":"Gdef","node":{".class":"Var","flags":["is_ready"],"fullname":"token.ELLIPSIS","name":"ELLIPSIS","type":"builtins.int"}},"ENCODING":{".class":"SymbolTableNode","kind":"Gdef","node":{".class":"Var","flags":["is_ready"],"fullname":"token.ENCODING","name":"ENCODING","type":"builtins.int"}},"ENDMARKER":{".class":"SymbolTableNode","kind":"Gdef","node":{".class":"Var","flags":["is_ready"],"fullname":"token.ENDMARKER","name":"ENDMARKER","type":"builtins.int"}},"EQEQUAL":{".class":"SymbolTableNode","kind":"Gdef","node":{".class":"Var","flags":["is_ready"],"fullname":"token.EQEQUAL","name":"EQEQUAL","type":"builtins.int"}},"EQUAL":{".class":"SymbolTableNode","kind":"Gdef","node":{".class":"Var","flags":["is_ready"],"fullname":"token.EQUAL","name":"EQUAL","type":"builtins.int"}},"ERRORTOKEN":{".class":"SymbolTableNode","kind":"Gdef","node":{".class":"Var","flags":["is_ready"],"fullname":"token.ERRORTOKEN","name":"ERRORTOKEN","type":"builtins.int"}},"EXACT_TOKEN_TYPES":{".class":"SymbolTableNode","kind":"Gdef","module_public":false,"node":{".class":"Var","flags":["is_ready"],"fullname":"token.EXACT_TOKEN_TYPES","name":"EXACT_TOKEN_TYPES","type":{".class":"Instance","args":["builtins.str","builtins.int"],"type_ref":"builtins.dict"}}},"GREATER":{".class":"SymbolTableNode","kind":"Gdef","node":{".class":"Var","flags":["is_ready"],"fullname":"token.GREATER","name":"GREATER","type":"builtins.int"}},"GREATEREQUAL":{".class":"SymbolTableNode","kind":"Gdef","node":{".class":"Var","flags":["is_ready"],"fullname":"token.GREATEREQUAL","name":"GREATEREQUAL","type":"builtins.int"}},"INDENT":{".class":"SymbolTableNode","kind":"Gdef","node":{".class":"Var","flags":["is_ready"],"fullname":"token.INDENT","name":"INDENT","type":"builtins.int"}},"ISEOF":{".class":"SymbolTableNode","kind":"Gdef","node":{".class":"FuncDef","abstract_status":0,"arg_kinds":[0],"arg_names":["x"],"dataclass_transform_spec":null,"flags":[],"fullname":"token.ISEOF","name":"ISEOF","type":{".class":"CallableType","arg_kinds":[0],"arg_names":["x"],"arg_types":["builtins.int"],"bound_args":[],"def_extras":{"first_arg":null},"fallback":"builtins.function","from_concatenate":false,"implicit":false,"is_ellipsis_args":false,"name":"ISEOF","ret_type":"builtins.bool","type_guard":null,"unpack_kwargs":false,"variables":[]}}},"ISNONTERMINAL":{".class":"SymbolTableNode","kind":"Gdef","node":{".class":"FuncDef","abstract_status":0,"arg_kinds":[0],"arg_names":["x"],"dataclass_transform_spec":null,"flags":[],"fullname":"token.ISNONTERMINAL","name":"ISNONTERMINAL","type":{".class":"CallableType","arg_kinds":[0],"arg_names":["x"],"arg_types":["builtins.int"],"bound_args":[],"def_extras":{"first_arg":null},"fallback":"builtins.function","from_concatenate":false,"implicit":false,"is_ellipsis_args":false,"name":"ISNONTERMINAL","ret_type":"builtins.bool","type_guard":null,"unpack_kwargs":false,"variables":[]}}},"ISTERMINAL":{".class":"SymbolTableNode","kind":"Gdef","node":{".class":"FuncDef","abstract_status":0,"arg_kinds":[0],"arg_names":["x"],"dataclass_transform_spec":null,"flags":[],"fullname":"token.ISTERMINAL","name":"ISTERMINAL","type":{".class":"CallableType","arg_kinds":[0],"arg_names":["x"],"arg_types":["builtins.int"],"bound_args":[],"def_extras":{"first_arg":null},"fallback":"builtins.function","from_concatenate":false,"implicit":false,"is_ellipsis_args":false,"name":"ISTERMINAL","ret_type":"builtins.bool","type_guard":null,"unpack_kwargs":false,"variables":[]}}},"LBRACE":{".class":"SymbolTableNode","kind":"Gdef","node":{".class":"Var","flags":["is_ready"],"fullname":"token.LBRACE","name":"LBRACE","type":"builtins.int"}},"LEFTSHIFT":{".class":"SymbolTableNode","kind":"Gdef","node":{".class":"Var","flags":["is_ready"],"fullname":"token.LEFTSHIFT","name":"LEFTSHIFT","type":"builtins.int"}},"LEFTSHIFTEQUAL":{".class":"SymbolTableNode","kind":"Gdef","node":{".class":"Var","flags":["is_ready"],"fullname":"token.LEFTSHIFTEQUAL","name":"LEFTSHIFTEQUAL","type":"builtins.int"}},"LESS":{".class":"SymbolTableNode","kind":"Gdef","node":{".class":"Var","flags":["is_ready"],"fullname":"token.LESS","name":"LESS","type":"builtins.int"}},"LESSEQUAL":{".class":"SymbolTableNode","kind":"Gdef","node":{".class":"Var","flags":["is_ready"],"fullname":"token.LESSEQUAL","name":"LESSEQUAL","type":"builtins.int"}},"LPAR":{".class":"SymbolTableNode","kind":"Gdef","node":{".class":"Var","flags":["is_ready"],"fullname":"token.LPAR","name":"LPAR","type":"builtins.int"}},"LSQB":{".class":"SymbolTableNode","kind":"Gdef","node":{".class":"Var","flags":["is_ready"],"fullname":"token.LSQB","name":"LSQB","type":"builtins.int"}},"MINEQUAL":{".class":"SymbolTableNode","kind":"Gdef","node":{".class":"Var","flags":["is_ready"],"fullname":"token.MINEQUAL","name":"MINEQUAL","type":"builtins.int"}},"MINUS":{".class":"SymbolTableNode","kind":"Gdef","node":{".class":"Var","flags":["is_ready"],"fullname":"token.MINUS","name":"MINUS","type":"builtins.int"}},"NAME":{".class":"SymbolTableNode","kind":"Gdef","node":{".class":"Var","flags":["is_ready"],"fullname":"token.NAME","name":"NAME","type":"builtins.int"}},"NEWLINE":{".class":"SymbolTableNode","kind":"Gdef","node":{".class":"Var","flags":["is_ready"],"fullname":"token.NEWLINE","name":"NEWLINE","type":"builtins.int"}},"NL":{".class":"SymbolTableNode","kind":"Gdef","node":{".class":"Var","flags":["is_ready"],"fullname":"token.NL","name":"NL","type":"builtins.int"}},"NOTEQUAL":{".class":"SymbolTableNode","kind":"Gdef","node":{".class":"Var","flags":["is_ready"],"fullname":"token.NOTEQUAL","name":"NOTEQUAL","type":"builtins.int"}},"NT_OFFSET":{".class":"SymbolTableNode","kind":"Gdef","node":{".class":"Var","flags":["is_ready"],"fullname":"token.NT_OFFSET","name":"NT_OFFSET","type":"builtins.int"}},"NUMBER":{".class":"SymbolTableNode","kind":"Gdef","node":{".class":"Var","flags":["is_ready"],"fullname":"token.NUMBER","name":"NUMBER","type":"builtins.int"}},"N_TOKENS":{".class":"SymbolTableNode","kind":"Gdef","node":{".class":"Var","flags":["is_ready"],"fullname":"token.N_TOKENS","name":"N_TOKENS","type":"builtins.int"}},"OP":{".class":"SymbolTableNode","kind":"Gdef","node":{".class":"Var","flags":["is_ready"],"fullname":"token.OP","name":"OP","type":"builtins.int"}},"PERCENT":{".class":"SymbolTableNode","kind":"Gdef","node":{".class":"Var","flags":["is_ready"],"fullname":"token.PERCENT","name":"PERCENT","type":"builtins.int"}},"PERCENTEQUAL":{".class":"SymbolTableNode","kind":"Gdef","node":{".class":"Var","flags":["is_ready"],"fullname":"token.PERCENTEQUAL","name":"PERCENTEQUAL","type":"builtins.int"}},"PLUS":{".class":"SymbolTableNode","kind":"Gdef","node":{".class":"Var","flags":["is_ready"],"fullname":"token.PLUS","name":"PLUS","type":"builtins.int"}},"PLUSEQUAL":{".class":"SymbolTableNode","kind":"Gdef","node":{".class":"Var","flags":["is_ready"],"fullname":"token.PLUSEQUAL","name":"PLUSEQUAL","type":"builtins.int"}},"RARROW":{".class":"SymbolTableNode","kind":"Gdef","node":{".class":"Var","flags":["is_ready"],"fullname":"token.RARROW","name":"RARROW","type":"builtins.int"}},"RBRACE":{".class":"SymbolTableNode","kind":"Gdef","node":{".class":"Var","flags":["is_ready"],"fullname":"token.RBRACE","name":"RBRACE","type":"builtins.int"}},"RIGHTSHIFT":{".class":"SymbolTableNode","kind":"Gdef","node":{".class":"Var","flags":["is_ready"],"fullname":"token.RIGHTSHIFT","name":"RIGHTSHIFT","type":"builtins.int"}},"RIGHTSHIFTEQUAL":{".class":"SymbolTableNode","kind":"Gdef","node":{".class":"Var","flags":["is_ready"],"fullname":"token.RIGHTSHIFTEQUAL","name":"RIGHTSHIFTEQUAL","type":"builtins.int"}},"RPAR":{".class":"SymbolTableNode","kind":"Gdef","node":{".class":"Var","flags":["is_ready"],"fullname":"token.RPAR","name":"RPAR","type":"builtins.int"}},"RSQB":{".class":"SymbolTableNode","kind":"Gdef","node":{".class":"Var","flags":["is_ready"],"fullname":"token.RSQB","name":"RSQB","type":"builtins.int"}},"SEMI":{".class":"SymbolTableNode","kind":"Gdef","node":{".class":"Var","flags":["is_ready"],"fullname":"token.SEMI","name":"SEMI","type":"builtins.int"}},"SLASH":{".class":"SymbolTableNode","kind":"Gdef","node":{".class":"Var","flags":["is_ready"],"fullname":"token.SLASH","name":"SLASH","type":"builtins.int"}},"SLASHEQUAL":{".class":"SymbolTableNode","kind":"Gdef","node":{".class":"Var","flags":["is_ready"],"fullname":"token.SLASHEQUAL","name":"SLASHEQUAL","type":"builtins.int"}},"SOFT_KEYWORD":{".class":"SymbolTableNode","kind":"Gdef","node":{".class":"Var","flags":["is_ready"],"fullname":"token.SOFT_KEYWORD","name":"SOFT_KEYWORD","type":"builtins.int"}},"STAR":{".class":"SymbolTableNode","kind":"Gdef","node":{".class":"Var","flags":["is_ready"],"fullname":"token.STAR","name":"STAR","type":"builtins.int"}},"STAREQUAL":{".class":"SymbolTableNode","kind":"Gdef","node":{".class":"Var","flags":["is_ready"],"fullname":"token.STAREQUAL","name":"STAREQUAL","type":"builtins.int"}},"STRING":{".class":"SymbolTableNode","kind":"Gdef","node":{".class":"Var","flags":["is_ready"],"fullname":"token.STRING","name":"STRING","type":"builtins.int"}},"TILDE":{".class":"SymbolTableNode","kind":"Gdef","node":{".class":"Var","flags":["is_ready"],"fullname":"token.TILDE","name":"TILDE","type":"builtins.int"}},"TYPE_COMMENT":{".class":"SymbolTableNode","kind":"Gdef","node":{".class":"Var","flags":["is_ready"],"fullname":"token.TYPE_COMMENT","name":"TYPE_COMMENT","type":"builtins.int"}},"TYPE_IGNORE":{".class":"SymbolTableNode","kind":"Gdef","node":{".class":"Var","flags":["is_ready"],"fullname":"token.TYPE_IGNORE","name":"TYPE_IGNORE","type":"builtins.int"}},"VBAR":{".class":"SymbolTableNode","kind":"Gdef","node":{".class":"Var","flags":["is_ready"],"fullname":"token.VBAR","name":"VBAR","type":"builtins.int"}},"VBAREQUAL":{".class":"SymbolTableNode","kind":"Gdef","node":{".class":"Var","flags":["is_ready"],"fullname":"token.VBAREQUAL","name":"VBAREQUAL","type":"builtins.int"}},"__all__":{".class":"SymbolTableNode","kind":"Gdef","module_public":false,"node":{".class":"Var","flags":["is_inferred","has_explicit_value"],"fullname":"token.__all__","name":"__all__","type":{".class":"Instance","args":["builtins.str"],"type_ref":"builtins.list"}}},"__annotations__":{".class":"SymbolTableNode","kind":"Gdef","module_public":false,"node":{".class":"Var","flags":["is_ready"],"fullname":"token.__annotations__","name":"__annotations__","type":{".class":"Instance","args":["builtins.str",{".class":"AnyType","missing_import_name":null,"source_any":null,"type_of_any":6}],"type_ref":"builtins.dict"}}},"__doc__":{".class":"SymbolTableNode","kind":"Gdef","module_public":false,"node":{".class":"Var","flags":["is_ready"],"fullname":"token.__doc__","name":"__doc__","type":"builtins.str"}},"__file__":{".class":"SymbolTableNode","kind":"Gdef","module_public":false,"node":{".class":"Var","flags":["is_ready"],"fullname":"token.__file__","name":"__file__","type":"builtins.str"}},"__name__":{".class":"SymbolTableNode","kind":"Gdef","module_public":false,"node":{".class":"Var","flags":["is_ready"],"fullname":"token.__name__","name":"__name__","type":"builtins.str"}},"__package__":{".class":"SymbolTableNode","kind":"Gdef","module_public":false,"node":{".class":"Var","flags":["is_ready"],"fullname":"token.__package__","name":"__package__","type":"builtins.str"}},"sys":{".class":"SymbolTableNode","cross_ref":"sys","kind":"Gdef","module_hidden":true,"module_public":false},"tok_name":{".class":"SymbolTableNode","kind":"Gdef","node":{".class":"Var","flags":["is_ready"],"fullname":"token.tok_name","name":"tok_name","type":{".class":"Instance","args":["builtins.int","builtins.str"],"type_ref":"builtins.dict"}}}},"path":"C:\\Users\\Vasilis\\AppData\\Local\\Programs\\Python\\Python313\\Lib\\site-packages\\mypy\\typeshed\\stdlib\\token.pyi"}