{"data_mtime":1762095524,"dep_lines":[2,1,3,1,1],"dep_prios":[5,5,5,5,30],"dependencies":["collections.abc","_typeshed","typing","builtins","abc"],"hash":"f0faf1b61c8a37d2a2dc1cfd5cfd21097c2b5dfbcd2275bf8b025007a94a56f1","id":"tomllib","ignore_all":true,"interface_hash":"8435381465e05db7764f4e292f60a6933f0f7ed3ad7c6a440b54013a720e3f43","mtime":1762095443,"options":{"allow_redefinition":false,"allow_untyped_globals":false,"always_false":[],"always_true":[],"bazel":false,"check_untyped_defs":false,"disable_bytearray_promotion":false,"disable_error_code":[],"disable_memoryview_promotion":false,"disabled_error_codes":[],"disallow_any_decorated":false,"disallow_any_explicit":false,"disallow_any_expr":false,"disallow_any_generics":false,"disallow_any_unimported":false,"disallow_incomplete_defs":false,"disallow_subclassing_any":false,"disallow_untyped_calls":false,"disallow_untyped_decorators":false,"disallow_untyped_defs":false,"enable_error_code":[],"enabled_error_codes":[],"follow_imports":"silent","follow_imports_for_stubs":false,"ignore_errors":false,"ignore_missing_imports":true,"implicit_optional":true,"implicit_reexport":true,"local_partial_types":false,"mypyc":false,"platform":"win32","plugins":[],"strict_concatenate":false,"strict_equality":false,"strict_optional":true,"warn_no_return":true,"warn_return_any":false,"warn_unreachable":false,"warn_unused_ignores":false},"path":"C:\\Users\\Vasilis\\AppData\\Local\\Programs\\Python\\Python313\\Lib\\site-packages\\mypy\\typeshed\\stdlib\\tomllib.pyi","plugin_data":null,"size":374,"suppressed":[],"version_id":"1.3.0"}