{"data_mtime":1762095524,"dep_lines":[3,1,2,4,5,1,1,1],"dep_prios":[5,10,5,5,5,5,30,30],"dependencies":["collections.abc","sys","_tracemalloc","typing","typing_extensions","builtins","_typeshed","abc"],"hash":"6f1c8f06958d8ac2d2cf387504d675616337e89a5e10195d3fdb344a8ccb3061","id":"tracemalloc","ignore_all":true,"interface_hash":"2fb6ad385154446b9dc87f32b5a71d8f979f56f2983c9bcad2af9d52ad130fff","mtime":1762095443,"options":{"allow_redefinition":false,"allow_untyped_globals":false,"always_false":[],"always_true":[],"bazel":false,"check_untyped_defs":false,"disable_bytearray_promotion":false,"disable_error_code":[],"disable_memoryview_promotion":false,"disabled_error_codes":[],"disallow_any_decorated":false,"disallow_any_explicit":false,"disallow_any_expr":false,"disallow_any_generics":false,"disallow_any_unimported":false,"disallow_incomplete_defs":false,"disallow_subclassing_any":false,"disallow_untyped_calls":false,"disallow_untyped_decorators":false,"disallow_untyped_defs":false,"enable_error_code":[],"enabled_error_codes":[],"follow_imports":"silent","follow_imports_for_stubs":false,"ignore_errors":false,"ignore_missing_imports":true,"implicit_optional":true,"implicit_reexport":true,"local_partial_types":false,"mypyc":false,"platform":"win32","plugins":[],"strict_concatenate":false,"strict_equality":false,"strict_optional":true,"warn_no_return":true,"warn_return_any":false,"warn_unreachable":false,"warn_unused_ignores":false},"path":"C:\\Users\\Vasilis\\AppData\\Local\\Programs\\Python\\Python313\\Lib\\site-packages\\mypy\\typeshed\\stdlib\\tracemalloc.pyi","plugin_data":null,"size":4400,"suppressed":[],"version_id":"1.3.0"}