{"data_mtime":1762095518,"dep_lines":[7,1,2,3,4,5,6,36,1],"dep_prios":[5,10,10,10,5,5,5,5,5],"dependencies":["collections.abc","abc","collections","sys","typing","_collections_abc","_typeshed","types","builtins"],"hash":"44b4201aff73a621deda9aa2be5ee1f0260fb30c6bda0dbefc887a3c65a04119","id":"typing_extensions","ignore_all":true,"interface_hash":"14f8083859a5e7104ff8cf3961f1c2faaaf92f195eeee195f0baa2f0e7f30912","mtime":1762095443,"options":{"allow_redefinition":false,"allow_untyped_globals":false,"always_false":[],"always_true":[],"bazel":false,"check_untyped_defs":false,"disable_bytearray_promotion":false,"disable_error_code":[],"disable_memoryview_promotion":false,"disabled_error_codes":[],"disallow_any_decorated":false,"disallow_any_explicit":false,"disallow_any_expr":false,"disallow_any_generics":false,"disallow_any_unimported":false,"disallow_incomplete_defs":false,"disallow_subclassing_any":false,"disallow_untyped_calls":false,"disallow_untyped_decorators":false,"disallow_untyped_defs":false,"enable_error_code":[],"enabled_error_codes":[],"follow_imports":"silent","follow_imports_for_stubs":false,"ignore_errors":false,"ignore_missing_imports":true,"implicit_optional":true,"implicit_reexport":true,"local_partial_types":false,"mypyc":false,"platform":"win32","plugins":[],"strict_concatenate":false,"strict_equality":false,"strict_optional":true,"warn_no_return":true,"warn_return_any":false,"warn_unreachable":false,"warn_unused_ignores":false},"path":"C:\\Users\\Vasilis\\AppData\\Local\\Programs\\Python\\Python313\\Lib\\site-packages\\mypy\\typeshed\\stdlib\\typing_extensions.pyi","plugin_data":null,"size":9843,"suppressed":[],"version_id":"1.3.0"}