{"data_mtime":1762095518,"dep_lines":[1,2,3,4,5,6,7,8,9,1,1,1,1,1],"dep_prios":[10,10,5,5,5,5,5,5,5,5,30,30,30,30],"dependencies":["collections","sys","typing_extensions","_collections_abc","_typeshed","abc","contextlib","re","types","builtins","array","ctypes","mmap","pickle"],"hash":"78c5d7fda12b38e4f9c30cdbdfbb1dec5e28302fca1d3e1b86d0f48b9cecbb0f","id":"typing","ignore_all":true,"interface_hash":"56fd5b872dab5031636c381bd0ada73048807b553a9d4f5b922a1d882b00a7a5","mtime":1762095443,"options":{"allow_redefinition":false,"allow_untyped_globals":false,"always_false":[],"always_true":[],"bazel":false,"check_untyped_defs":false,"disable_bytearray_promotion":false,"disable_error_code":[],"disable_memoryview_promotion":false,"disabled_error_codes":[],"disallow_any_decorated":false,"disallow_any_explicit":false,"disallow_any_expr":false,"disallow_any_generics":false,"disallow_any_unimported":false,"disallow_incomplete_defs":false,"disallow_subclassing_any":false,"disallow_untyped_calls":false,"disallow_untyped_decorators":false,"disallow_untyped_defs":false,"enable_error_code":[],"enabled_error_codes":[],"follow_imports":"silent","follow_imports_for_stubs":false,"ignore_errors":false,"ignore_missing_imports":true,"implicit_optional":true,"implicit_reexport":true,"local_partial_types":false,"mypyc":false,"platform":"win32","plugins":[],"strict_concatenate":false,"strict_equality":false,"strict_optional":true,"warn_no_return":true,"warn_return_any":false,"warn_unreachable":false,"warn_unused_ignores":false},"path":"C:\\Users\\Vasilis\\AppData\\Local\\Programs\\Python\\Python313\\Lib\\site-packages\\mypy\\typeshed\\stdlib\\typing.pyi","plugin_data":null,"size":30303,"suppressed":[],"version_id":"1.3.0"}