{".class":"MypyFile","_fullname":"unicodedata","future_import_flags":[],"is_partial_stub_package":false,"is_stub":true,"names":{".class":"SymbolTable","Any":{".class":"SymbolTableNode","cross_ref":"typing.Any","kind":"Gdef","module_hidden":true,"module_public":false},"Literal":{".class":"SymbolTableNode","cross_ref":"typing_extensions.Literal","kind":"Gdef","module_hidden":true,"module_public":false},"ReadOnlyBuffer":{".class":"SymbolTableNode","cross_ref":"_typeshed.ReadOnlyBuffer","kind":"Gdef","module_hidden":true,"module_public":false},"TypeAlias":{".class":"SymbolTableNode","cross_ref":"typing.TypeAlias","kind":"Gdef","module_hidden":true,"module_public":false},"TypeVar":{".class":"SymbolTableNode","cross_ref":"typing.TypeVar","kind":"Gdef","module_hidden":true,"module_public":false},"UCD":{".class":"SymbolTableNode","kind":"Gdef","node":{".class":"TypeInfo","_promote":[],"abstract_attributes":[],"alt_promote":null,"bases":["builtins.object"],"dataclass_transform_spec":null,"declared_metaclass":null,"defn":{".class":"ClassDef","fullname":"unicodedata.UCD","name":"UCD","type_vars":[]},"deletable_attributes":[],"flags":["is_final"],"fullname":"unicodedata.UCD","has_param_spec_type":false,"metaclass_type":null,"metadata":{},"module_name":"unicodedata","mro":["unicodedata.UCD","builtins.object"],"names":{".class":"SymbolTable","bidirectional":{".class":"SymbolTableNode","kind":"Mdef","node":{".class":"FuncDef","abstract_status":0,"arg_kinds":[0,0],"arg_names":["self",null],"dataclass_transform_spec":null,"flags":[],"fullname":"unicodedata.UCD.bidirectional","name":"bidirectional","type":{".class":"CallableType","arg_kinds":[0,0],"arg_names":["self",null],"arg_types":["unicodedata.UCD","builtins.str"],"bound_args":[],"def_extras":{"first_arg":"self"},"fallback":"builtins.function","from_concatenate":false,"implicit":false,"is_ellipsis_args":false,"name":"bidirectional of UCD","ret_type":"builtins.str","type_guard":null,"unpack_kwargs":false,"variables":[]}}},"category":{".class":"SymbolTableNode","kind":"Mdef","node":{".class":"FuncDef","abstract_status":0,"arg_kinds":[0,0],"arg_names":["self",null],"dataclass_transform_spec":null,"flags":[],"fullname":"unicodedata.UCD.category","name":"category","type":{".class":"CallableType","arg_kinds":[0,0],"arg_names":["self",null],"arg_types":["unicodedata.UCD","builtins.str"],"bound_args":[],"def_extras":{"first_arg":"self"},"fallback":"builtins.function","from_concatenate":false,"implicit":false,"is_ellipsis_args":false,"name":"category of UCD","ret_type":"builtins.str","type_guard":null,"unpack_kwargs":false,"variables":[]}}},"combining":{".class":"SymbolTableNode","kind":"Mdef","node":{".class":"FuncDef","abstract_status":0,"arg_kinds":[0,0],"arg_names":["self",null],"dataclass_transform_spec":null,"flags":[],"fullname":"unicodedata.UCD.combining","name":"combining","type":{".class":"CallableType","arg_kinds":[0,0],"arg_names":["self",null],"arg_types":["unicodedata.UCD","builtins.str"],"bound_args":[],"def_extras":{"first_arg":"self"},"fallback":"builtins.function","from_concatenate":false,"implicit":false,"is_ellipsis_args":false,"name":"combining of UCD","ret_type":"builtins.int","type_guard":null,"unpack_kwargs":false,"variables":[]}}},"decimal":{".class":"SymbolTableNode","kind":"Mdef","node":{".class":"OverloadedFuncDef","flags":[],"fullname":"unicodedata.UCD.decimal","impl":null,"items":[{".class":"Decorator","func":{".class":"FuncDef","abstract_status":0,"arg_kinds":[0,0],"arg_names":["self",null],"dataclass_transform_spec":null,"flags":["is_overload","is_decorated"],"fullname":"unicodedata.UCD.decimal","name":"decimal","type":{".class":"CallableType","arg_kinds":[0,0],"arg_names":["self",null],"arg_types":["unicodedata.UCD","builtins.str"],"bound_args":[],"def_extras":{"first_arg":"self"},"fallback":"builtins.function","from_concatenate":false,"implicit":false,"is_ellipsis_args":false,"name":"decimal of UCD","ret_type":"builtins.int","type_guard":null,"unpack_kwargs":false,"variables":[]}},"is_overload":true,"var":{".class":"Var","flags":["is_inferred"],"fullname":"unicodedata.UCD.decimal","name":"decimal","type":null}},{".class":"Decorator","func":{".class":"FuncDef","abstract_status":0,"arg_kinds":[0,0,0],"arg_names":["self",null,null],"dataclass_transform_spec":null,"flags":["is_overload","is_decorated"],"fullname":"unicodedata.UCD.decimal","name":"decimal","type":{".class":"CallableType","arg_kinds":[0,0,0],"arg_names":["self",null,null],"arg_types":["unicodedata.UCD","builtins.str",{".class":"TypeVarType","fullname":"unicodedata._T","id":-1,"name":"_T","namespace":"","upper_bound":"builtins.object","values":[],"variance":0}],"bound_args":[],"def_extras":{"first_arg":"self"},"fallback":"builtins.function","from_concatenate":false,"implicit":false,"is_ellipsis_args":false,"name":"decimal of UCD","ret_type":{".class":"UnionType","items":["builtins.int",{".class":"TypeVarType","fullname":"unicodedata._T","id":-1,"name":"_T","namespace":"","upper_bound":"builtins.object","values":[],"variance":0}]},"type_guard":null,"unpack_kwargs":false,"variables":[{".class":"TypeVarType","fullname":"unicodedata._T","id":-1,"name":"_T","namespace":"","upper_bound":"builtins.object","values":[],"variance":0}]}},"is_overload":true,"var":{".class":"Var","flags":["is_inferred"],"fullname":"unicodedata.UCD.decimal","name":"decimal","type":null}}],"type":{".class":"Overloaded","items":[{".class":"CallableType","arg_kinds":[0,0],"arg_names":["self",null],"arg_types":["unicodedata.UCD","builtins.str"],"bound_args":[],"def_extras":{"first_arg":"self"},"fallback":"builtins.function","from_concatenate":false,"implicit":false,"is_ellipsis_args":false,"name":"decimal of UCD","ret_type":"builtins.int","type_guard":null,"unpack_kwargs":false,"variables":[]},{".class":"CallableType","arg_kinds":[0,0,0],"arg_names":["self",null,null],"arg_types":["unicodedata.UCD","builtins.str",{".class":"TypeVarType","fullname":"unicodedata._T","id":-1,"name":"_T","namespace":"","upper_bound":"builtins.object","values":[],"variance":0}],"bound_args":[],"def_extras":{"first_arg":"self"},"fallback":"builtins.function","from_concatenate":false,"implicit":false,"is_ellipsis_args":false,"name":"decimal of UCD","ret_type":{".class":"UnionType","items":["builtins.int",{".class":"TypeVarType","fullname":"unicodedata._T","id":-1,"name":"_T","namespace":"","upper_bound":"builtins.object","values":[],"variance":0}]},"type_guard":null,"unpack_kwargs":false,"variables":[{".class":"TypeVarType","fullname":"unicodedata._T","id":-1,"name":"_T","namespace":"","upper_bound":"builtins.object","values":[],"variance":0}]}]}}},"decomposition":{".class":"SymbolTableNode","kind":"Mdef","node":{".class":"FuncDef","abstract_status":0,"arg_kinds":[0,0],"arg_names":["self",null],"dataclass_transform_spec":null,"flags":[],"fullname":"unicodedata.UCD.decomposition","name":"decomposition","type":{".class":"CallableType","arg_kinds":[0,0],"arg_names":["self",null],"arg_types":["unicodedata.UCD","builtins.str"],"bound_args":[],"def_extras":{"first_arg":"self"},"fallback":"builtins.function","from_concatenate":false,"implicit":false,"is_ellipsis_args":false,"name":"decomposition of UCD","ret_type":"builtins.str","type_guard":null,"unpack_kwargs":false,"variables":[]}}},"digit":{".class":"SymbolTableNode","kind":"Mdef","node":{".class":"OverloadedFuncDef","flags":[],"fullname":"unicodedata.UCD.digit","impl":null,"items":[{".class":"Decorator","func":{".class":"FuncDef","abstract_status":0,"arg_kinds":[0,0],"arg_names":["self",null],"dataclass_transform_spec":null,"flags":["is_overload","is_decorated"],"fullname":"unicodedata.UCD.digit","name":"digit","type":{".class":"CallableType","arg_kinds":[0,0],"arg_names":["self",null],"arg_types":["unicodedata.UCD","builtins.str"],"bound_args":[],"def_extras":{"first_arg":"self"},"fallback":"builtins.function","from_concatenate":false,"implicit":false,"is_ellipsis_args":false,"name":"digit of UCD","ret_type":"builtins.int","type_guard":null,"unpack_kwargs":false,"variables":[]}},"is_overload":true,"var":{".class":"Var","flags":["is_inferred"],"fullname":"unicodedata.UCD.digit","name":"digit","type":null}},{".class":"Decorator","func":{".class":"FuncDef","abstract_status":0,"arg_kinds":[0,0,0],"arg_names":["self",null,null],"dataclass_transform_spec":null,"flags":["is_overload","is_decorated"],"fullname":"unicodedata.UCD.digit","name":"digit","type":{".class":"CallableType","arg_kinds":[0,0,0],"arg_names":["self",null,null],"arg_types":["unicodedata.UCD","builtins.str",{".class":"TypeVarType","fullname":"unicodedata._T","id":-1,"name":"_T","namespace":"","upper_bound":"builtins.object","values":[],"variance":0}],"bound_args":[],"def_extras":{"first_arg":"self"},"fallback":"builtins.function","from_concatenate":false,"implicit":false,"is_ellipsis_args":false,"name":"digit of UCD","ret_type":{".class":"UnionType","items":["builtins.int",{".class":"TypeVarType","fullname":"unicodedata._T","id":-1,"name":"_T","namespace":"","upper_bound":"builtins.object","values":[],"variance":0}]},"type_guard":null,"unpack_kwargs":false,"variables":[{".class":"TypeVarType","fullname":"unicodedata._T","id":-1,"name":"_T","namespace":"","upper_bound":"builtins.object","values":[],"variance":0}]}},"is_overload":true,"var":{".class":"Var","flags":["is_inferred"],"fullname":"unicodedata.UCD.digit","name":"digit","type":null}}],"type":{".class":"Overloaded","items":[{".class":"CallableType","arg_kinds":[0,0],"arg_names":["self",null],"arg_types":["unicodedata.UCD","builtins.str"],"bound_args":[],"def_extras":{"first_arg":"self"},"fallback":"builtins.function","from_concatenate":false,"implicit":false,"is_ellipsis_args":false,"name":"digit of UCD","ret_type":"builtins.int","type_guard":null,"unpack_kwargs":false,"variables":[]},{".class":"CallableType","arg_kinds":[0,0,0],"arg_names":["self",null,null],"arg_types":["unicodedata.UCD","builtins.str",{".class":"TypeVarType","fullname":"unicodedata._T","id":-1,"name":"_T","namespace":"","upper_bound":"builtins.object","values":[],"variance":0}],"bound_args":[],"def_extras":{"first_arg":"self"},"fallback":"builtins.function","from_concatenate":false,"implicit":false,"is_ellipsis_args":false,"name":"digit of UCD","ret_type":{".class":"UnionType","items":["builtins.int",{".class":"TypeVarType","fullname":"unicodedata._T","id":-1,"name":"_T","namespace":"","upper_bound":"builtins.object","values":[],"variance":0}]},"type_guard":null,"unpack_kwargs":false,"variables":[{".class":"TypeVarType","fullname":"unicodedata._T","id":-1,"name":"_T","namespace":"","upper_bound":"builtins.object","values":[],"variance":0}]}]}}},"east_asian_width":{".class":"SymbolTableNode","kind":"Mdef","node":{".class":"FuncDef","abstract_status":0,"arg_kinds":[0,0],"arg_names":["self",null],"dataclass_transform_spec":null,"flags":[],"fullname":"unicodedata.UCD.east_asian_width","name":"east_asian_width","type":{".class":"CallableType","arg_kinds":[0,0],"arg_names":["self",null],"arg_types":["unicodedata.UCD","builtins.str"],"bound_args":[],"def_extras":{"first_arg":"self"},"fallback":"builtins.function","from_concatenate":false,"implicit":false,"is_ellipsis_args":false,"name":"east_asian_width of UCD","ret_type":{".class":"TypeAliasType","args":[],"type_ref":"unicodedata._EastAsianWidth"},"type_guard":null,"unpack_kwargs":false,"variables":[]}}},"is_normalized":{".class":"SymbolTableNode","kind":"Mdef","node":{".class":"FuncDef","abstract_status":0,"arg_kinds":[0,0,0],"arg_names":["self",null,null],"dataclass_transform_spec":null,"flags":[],"fullname":"unicodedata.UCD.is_normalized","name":"is_normalized","type":{".class":"CallableType","arg_kinds":[0,0,0],"arg_names":["self",null,null],"arg_types":["unicodedata.UCD","builtins.str","builtins.str"],"bound_args":[],"def_extras":{"first_arg":"self"},"fallback":"builtins.function","from_concatenate":false,"implicit":false,"is_ellipsis_args":false,"name":"is_normalized of UCD","ret_type":"builtins.bool","type_guard":null,"unpack_kwargs":false,"variables":[]}}},"lookup":{".class":"SymbolTableNode","kind":"Mdef","node":{".class":"FuncDef","abstract_status":0,"arg_kinds":[0,0],"arg_names":["self",null],"dataclass_transform_spec":null,"flags":[],"fullname":"unicodedata.UCD.lookup","name":"lookup","type":{".class":"CallableType","arg_kinds":[0,0],"arg_names":["self",null],"arg_types":["unicodedata.UCD",{".class":"UnionType","items":["builtins.str","builtins.bytes"]}],"bound_args":[],"def_extras":{"first_arg":"self"},"fallback":"builtins.function","from_concatenate":false,"implicit":false,"is_ellipsis_args":false,"name":"lookup of UCD","ret_type":"builtins.str","type_guard":null,"unpack_kwargs":false,"variables":[]}}},"mirrored":{".class":"SymbolTableNode","kind":"Mdef","node":{".class":"FuncDef","abstract_status":0,"arg_kinds":[0,0],"arg_names":["self",null],"dataclass_transform_spec":null,"flags":[],"fullname":"unicodedata.UCD.mirrored","name":"mirrored","type":{".class":"CallableType","arg_kinds":[0,0],"arg_names":["self",null],"arg_types":["unicodedata.UCD","builtins.str"],"bound_args":[],"def_extras":{"first_arg":"self"},"fallback":"builtins.function","from_concatenate":false,"implicit":false,"is_ellipsis_args":false,"name":"mirrored of UCD","ret_type":"builtins.int","type_guard":null,"unpack_kwargs":false,"variables":[]}}},"name":{".class":"SymbolTableNode","kind":"Mdef","node":{".class":"OverloadedFuncDef","flags":[],"fullname":"unicodedata.UCD.name","impl":null,"items":[{".class":"Decorator","func":{".class":"FuncDef","abstract_status":0,"arg_kinds":[0,0],"arg_names":["self",null],"dataclass_transform_spec":null,"flags":["is_overload","is_decorated"],"fullname":"unicodedata.UCD.name","name":"name","type":{".class":"CallableType","arg_kinds":[0,0],"arg_names":["self",null],"arg_types":["unicodedata.UCD","builtins.str"],"bound_args":[],"def_extras":{"first_arg":"self"},"fallback":"builtins.function","from_concatenate":false,"implicit":false,"is_ellipsis_args":false,"name":"name of UCD","ret_type":"builtins.str","type_guard":null,"unpack_kwargs":false,"variables":[]}},"is_overload":true,"var":{".class":"Var","flags":["is_inferred"],"fullname":"unicodedata.UCD.name","name":"name","type":null}},{".class":"Decorator","func":{".class":"FuncDef","abstract_status":0,"arg_kinds":[0,0,0],"arg_names":["self",null,null],"dataclass_transform_spec":null,"flags":["is_overload","is_decorated"],"fullname":"unicodedata.UCD.name","name":"name","type":{".class":"CallableType","arg_kinds":[0,0,0],"arg_names":["self",null,null],"arg_types":["unicodedata.UCD","builtins.str",{".class":"TypeVarType","fullname":"unicodedata._T","id":-1,"name":"_T","namespace":"","upper_bound":"builtins.object","values":[],"variance":0}],"bound_args":[],"def_extras":{"first_arg":"self"},"fallback":"builtins.function","from_concatenate":false,"implicit":false,"is_ellipsis_args":false,"name":"name of UCD","ret_type":{".class":"UnionType","items":["builtins.str",{".class":"TypeVarType","fullname":"unicodedata._T","id":-1,"name":"_T","namespace":"","upper_bound":"builtins.object","values":[],"variance":0}]},"type_guard":null,"unpack_kwargs":false,"variables":[{".class":"TypeVarType","fullname":"unicodedata._T","id":-1,"name":"_T","namespace":"","upper_bound":"builtins.object","values":[],"variance":0}]}},"is_overload":true,"var":{".class":"Var","flags":["is_inferred"],"fullname":"unicodedata.UCD.name","name":"name","type":null}}],"type":{".class":"Overloaded","items":[{".class":"CallableType","arg_kinds":[0,0],"arg_names":["self",null],"arg_types":["unicodedata.UCD","builtins.str"],"bound_args":[],"def_extras":{"first_arg":"self"},"fallback":"builtins.function","from_concatenate":false,"implicit":false,"is_ellipsis_args":false,"name":"name of UCD","ret_type":"builtins.str","type_guard":null,"unpack_kwargs":false,"variables":[]},{".class":"CallableType","arg_kinds":[0,0,0],"arg_names":["self",null,null],"arg_types":["unicodedata.UCD","builtins.str",{".class":"TypeVarType","fullname":"unicodedata._T","id":-1,"name":"_T","namespace":"","upper_bound":"builtins.object","values":[],"variance":0}],"bound_args":[],"def_extras":{"first_arg":"self"},"fallback":"builtins.function","from_concatenate":false,"implicit":false,"is_ellipsis_args":false,"name":"name of UCD","ret_type":{".class":"UnionType","items":["builtins.str",{".class":"TypeVarType","fullname":"unicodedata._T","id":-1,"name":"_T","namespace":"","upper_bound":"builtins.object","values":[],"variance":0}]},"type_guard":null,"unpack_kwargs":false,"variables":[{".class":"TypeVarType","fullname":"unicodedata._T","id":-1,"name":"_T","namespace":"","upper_bound":"builtins.object","values":[],"variance":0}]}]}}},"normalize":{".class":"SymbolTableNode","kind":"Mdef","node":{".class":"FuncDef","abstract_status":0,"arg_kinds":[0,0,0],"arg_names":["self",null,null],"dataclass_transform_spec":null,"flags":[],"fullname":"unicodedata.UCD.normalize","name":"normalize","type":{".class":"CallableType","arg_kinds":[0,0,0],"arg_names":["self",null,null],"arg_types":["unicodedata.UCD","builtins.str","builtins.str"],"bound_args":[],"def_extras":{"first_arg":"self"},"fallback":"builtins.function","from_concatenate":false,"implicit":false,"is_ellipsis_args":false,"name":"normalize of UCD","ret_type":"builtins.str","type_guard":null,"unpack_kwargs":false,"variables":[]}}},"numeric":{".class":"SymbolTableNode","kind":"Mdef","node":{".class":"OverloadedFuncDef","flags":[],"fullname":"unicodedata.UCD.numeric","impl":null,"items":[{".class":"Decorator","func":{".class":"FuncDef","abstract_status":0,"arg_kinds":[0,0],"arg_names":["self",null],"dataclass_transform_spec":null,"flags":["is_overload","is_decorated"],"fullname":"unicodedata.UCD.numeric","name":"numeric","type":{".class":"CallableType","arg_kinds":[0,0],"arg_names":["self",null],"arg_types":["unicodedata.UCD","builtins.str"],"bound_args":[],"def_extras":{"first_arg":"self"},"fallback":"builtins.function","from_concatenate":false,"implicit":false,"is_ellipsis_args":false,"name":"numeric of UCD","ret_type":"builtins.float","type_guard":null,"unpack_kwargs":false,"variables":[]}},"is_overload":true,"var":{".class":"Var","flags":["is_inferred"],"fullname":"unicodedata.UCD.numeric","name":"numeric","type":null}},{".class":"Decorator","func":{".class":"FuncDef","abstract_status":0,"arg_kinds":[0,0,0],"arg_names":["self",null,null],"dataclass_transform_spec":null,"flags":["is_overload","is_decorated"],"fullname":"unicodedata.UCD.numeric","name":"numeric","type":{".class":"CallableType","arg_kinds":[0,0,0],"arg_names":["self",null,null],"arg_types":["unicodedata.UCD","builtins.str",{".class":"TypeVarType","fullname":"unicodedata._T","id":-1,"name":"_T","namespace":"","upper_bound":"builtins.object","values":[],"variance":0}],"bound_args":[],"def_extras":{"first_arg":"self"},"fallback":"builtins.function","from_concatenate":false,"implicit":false,"is_ellipsis_args":false,"name":"numeric of UCD","ret_type":{".class":"UnionType","items":["builtins.float",{".class":"TypeVarType","fullname":"unicodedata._T","id":-1,"name":"_T","namespace":"","upper_bound":"builtins.object","values":[],"variance":0}]},"type_guard":null,"unpack_kwargs":false,"variables":[{".class":"TypeVarType","fullname":"unicodedata._T","id":-1,"name":"_T","namespace":"","upper_bound":"builtins.object","values":[],"variance":0}]}},"is_overload":true,"var":{".class":"Var","flags":["is_inferred"],"fullname":"unicodedata.UCD.numeric","name":"numeric","type":null}}],"type":{".class":"Overloaded","items":[{".class":"CallableType","arg_kinds":[0,0],"arg_names":["self",null],"arg_types":["unicodedata.UCD","builtins.str"],"bound_args":[],"def_extras":{"first_arg":"self"},"fallback":"builtins.function","from_concatenate":false,"implicit":false,"is_ellipsis_args":false,"name":"numeric of UCD","ret_type":"builtins.float","type_guard":null,"unpack_kwargs":false,"variables":[]},{".class":"CallableType","arg_kinds":[0,0,0],"arg_names":["self",null,null],"arg_types":["unicodedata.UCD","builtins.str",{".class":"TypeVarType","fullname":"unicodedata._T","id":-1,"name":"_T","namespace":"","upper_bound":"builtins.object","values":[],"variance":0}],"bound_args":[],"def_extras":{"first_arg":"self"},"fallback":"builtins.function","from_concatenate":false,"implicit":false,"is_ellipsis_args":false,"name":"numeric of UCD","ret_type":{".class":"UnionType","items":["builtins.float",{".class":"TypeVarType","fullname":"unicodedata._T","id":-1,"name":"_T","namespace":"","upper_bound":"builtins.object","values":[],"variance":0}]},"type_guard":null,"unpack_kwargs":false,"variables":[{".class":"TypeVarType","fullname":"unicodedata._T","id":-1,"name":"_T","namespace":"","upper_bound":"builtins.object","values":[],"variance":0}]}]}}},"unidata_version":{".class":"SymbolTableNode","kind":"Mdef","node":{".class":"Var","flags":["is_initialized_in_class","is_ready"],"fullname":"unicodedata.UCD.unidata_version","name":"unidata_version","type":"builtins.str"}}},"self_type":null,"slots":null,"tuple_type":null,"type_vars":[],"typeddict_type":null}},"_EastAsianWidth":{".class":"SymbolTableNode","kind":"Gdef","node":{".class":"TypeAlias","alias_tvars":[],"column":0,"fullname":"unicodedata._EastAsianWidth","line":27,"no_args":false,"normalized":false,"target":{".class":"UnionType","items":[{".class":"LiteralType","fallback":"builtins.str","value":"F"},{".class":"LiteralType","fallback":"builtins.str","value":"H"},{".class":"LiteralType","fallback":"builtins.str","value":"W"},{".class":"LiteralType","fallback":"builtins.str","value":"Na"},{".class":"LiteralType","fallback":"builtins.str","value":"A"},{".class":"LiteralType","fallback":"builtins.str","value":"N"}]}}},"_T":{".class":"SymbolTableNode","kind":"Gdef","node":{".class":"TypeVarExpr","fullname":"unicodedata._T","name":"_T","upper_bound":"builtins.object","values":[],"variance":0}},"__annotations__":{".class":"SymbolTableNode","kind":"Gdef","node":{".class":"Var","flags":["is_ready"],"fullname":"unicodedata.__annotations__","name":"__annotations__","type":{".class":"Instance","args":["builtins.str",{".class":"AnyType","missing_import_name":null,"source_any":null,"type_of_any":6}],"type_ref":"builtins.dict"}}},"__doc__":{".class":"SymbolTableNode","kind":"Gdef","node":{".class":"Var","flags":["is_ready"],"fullname":"unicodedata.__doc__","name":"__doc__","type":"builtins.str"}},"__file__":{".class":"SymbolTableNode","kind":"Gdef","node":{".class":"Var","flags":["is_ready"],"fullname":"unicodedata.__file__","name":"__file__","type":"builtins.str"}},"__name__":{".class":"SymbolTableNode","kind":"Gdef","node":{".class":"Var","flags":["is_ready"],"fullname":"unicodedata.__name__","name":"__name__","type":"builtins.str"}},"__package__":{".class":"SymbolTableNode","kind":"Gdef","node":{".class":"Var","flags":["is_ready"],"fullname":"unicodedata.__package__","name":"__package__","type":"builtins.str"}},"bidirectional":{".class":"SymbolTableNode","kind":"Gdef","node":{".class":"FuncDef","abstract_status":0,"arg_kinds":[0],"arg_names":[null],"dataclass_transform_spec":null,"flags":[],"fullname":"unicodedata.bidirectional","name":"bidirectional","type":{".class":"CallableType","arg_kinds":[0],"arg_names":[null],"arg_types":["builtins.str"],"bound_args":[],"def_extras":{"first_arg":null},"fallback":"builtins.function","from_concatenate":false,"implicit":false,"is_ellipsis_args":false,"name":"bidirectional","ret_type":"builtins.str","type_guard":null,"unpack_kwargs":false,"variables":[]}}},"category":{".class":"SymbolTableNode","kind":"Gdef","node":{".class":"FuncDef","abstract_status":0,"arg_kinds":[0],"arg_names":[null],"dataclass_transform_spec":null,"flags":[],"fullname":"unicodedata.category","name":"category","type":{".class":"CallableType","arg_kinds":[0],"arg_names":[null],"arg_types":["builtins.str"],"bound_args":[],"def_extras":{"first_arg":null},"fallback":"builtins.function","from_concatenate":false,"implicit":false,"is_ellipsis_args":false,"name":"category","ret_type":"builtins.str","type_guard":null,"unpack_kwargs":false,"variables":[]}}},"combining":{".class":"SymbolTableNode","kind":"Gdef","node":{".class":"FuncDef","abstract_status":0,"arg_kinds":[0],"arg_names":[null],"dataclass_transform_spec":null,"flags":[],"fullname":"unicodedata.combining","name":"combining","type":{".class":"CallableType","arg_kinds":[0],"arg_names":[null],"arg_types":["builtins.str"],"bound_args":[],"def_extras":{"first_arg":null},"fallback":"builtins.function","from_concatenate":false,"implicit":false,"is_ellipsis_args":false,"name":"combining","ret_type":"builtins.int","type_guard":null,"unpack_kwargs":false,"variables":[]}}},"decimal":{".class":"SymbolTableNode","kind":"Gdef","node":{".class":"OverloadedFuncDef","flags":[],"fullname":"unicodedata.decimal","impl":null,"items":[{".class":"Decorator","func":{".class":"FuncDef","abstract_status":0,"arg_kinds":[0],"arg_names":[null],"dataclass_transform_spec":null,"flags":["is_overload","is_decorated"],"fullname":"unicodedata.decimal","name":"decimal","type":{".class":"CallableType","arg_kinds":[0],"arg_names":[null],"arg_types":["builtins.str"],"bound_args":[],"def_extras":{"first_arg":null},"fallback":"builtins.function","from_concatenate":false,"implicit":false,"is_ellipsis_args":false,"name":"decimal","ret_type":"builtins.int","type_guard":null,"unpack_kwargs":false,"variables":[]}},"is_overload":true,"var":{".class":"Var","flags":["is_inferred"],"fullname":"unicodedata.decimal","name":"decimal","type":null}},{".class":"Decorator","func":{".class":"FuncDef","abstract_status":0,"arg_kinds":[0,0],"arg_names":[null,null],"dataclass_transform_spec":null,"flags":["is_overload","is_decorated"],"fullname":"unicodedata.decimal","name":"decimal","type":{".class":"CallableType","arg_kinds":[0,0],"arg_names":[null,null],"arg_types":["builtins.str",{".class":"TypeVarType","fullname":"unicodedata._T","id":-1,"name":"_T","namespace":"","upper_bound":"builtins.object","values":[],"variance":0}],"bound_args":[],"def_extras":{"first_arg":null},"fallback":"builtins.function","from_concatenate":false,"implicit":false,"is_ellipsis_args":false,"name":"decimal","ret_type":{".class":"UnionType","items":["builtins.int",{".class":"TypeVarType","fullname":"unicodedata._T","id":-1,"name":"_T","namespace":"","upper_bound":"builtins.object","values":[],"variance":0}]},"type_guard":null,"unpack_kwargs":false,"variables":[{".class":"TypeVarType","fullname":"unicodedata._T","id":-1,"name":"_T","namespace":"","upper_bound":"builtins.object","values":[],"variance":0}]}},"is_overload":true,"var":{".class":"Var","flags":["is_inferred"],"fullname":"unicodedata.decimal","name":"decimal","type":null}}],"type":{".class":"Overloaded","items":[{".class":"CallableType","arg_kinds":[0],"arg_names":[null],"arg_types":["builtins.str"],"bound_args":[],"def_extras":{"first_arg":null},"fallback":"builtins.function","from_concatenate":false,"implicit":false,"is_ellipsis_args":false,"name":"decimal","ret_type":"builtins.int","type_guard":null,"unpack_kwargs":false,"variables":[]},{".class":"CallableType","arg_kinds":[0,0],"arg_names":[null,null],"arg_types":["builtins.str",{".class":"TypeVarType","fullname":"unicodedata._T","id":-1,"name":"_T","namespace":"","upper_bound":"builtins.object","values":[],"variance":0}],"bound_args":[],"def_extras":{"first_arg":null},"fallback":"builtins.function","from_concatenate":false,"implicit":false,"is_ellipsis_args":false,"name":"decimal","ret_type":{".class":"UnionType","items":["builtins.int",{".class":"TypeVarType","fullname":"unicodedata._T","id":-1,"name":"_T","namespace":"","upper_bound":"builtins.object","values":[],"variance":0}]},"type_guard":null,"unpack_kwargs":false,"variables":[{".class":"TypeVarType","fullname":"unicodedata._T","id":-1,"name":"_T","namespace":"","upper_bound":"builtins.object","values":[],"variance":0}]}]}}},"decomposition":{".class":"SymbolTableNode","kind":"Gdef","node":{".class":"FuncDef","abstract_status":0,"arg_kinds":[0],"arg_names":[null],"dataclass_transform_spec":null,"flags":[],"fullname":"unicodedata.decomposition","name":"decomposition","type":{".class":"CallableType","arg_kinds":[0],"arg_names":[null],"arg_types":["builtins.str"],"bound_args":[],"def_extras":{"first_arg":null},"fallback":"builtins.function","from_concatenate":false,"implicit":false,"is_ellipsis_args":false,"name":"decomposition","ret_type":"builtins.str","type_guard":null,"unpack_kwargs":false,"variables":[]}}},"digit":{".class":"SymbolTableNode","kind":"Gdef","node":{".class":"OverloadedFuncDef","flags":[],"fullname":"unicodedata.digit","impl":null,"items":[{".class":"Decorator","func":{".class":"FuncDef","abstract_status":0,"arg_kinds":[0],"arg_names":[null],"dataclass_transform_spec":null,"flags":["is_overload","is_decorated"],"fullname":"unicodedata.digit","name":"digit","type":{".class":"CallableType","arg_kinds":[0],"arg_names":[null],"arg_types":["builtins.str"],"bound_args":[],"def_extras":{"first_arg":null},"fallback":"builtins.function","from_concatenate":false,"implicit":false,"is_ellipsis_args":false,"name":"digit","ret_type":"builtins.int","type_guard":null,"unpack_kwargs":false,"variables":[]}},"is_overload":true,"var":{".class":"Var","flags":["is_inferred"],"fullname":"unicodedata.digit","name":"digit","type":null}},{".class":"Decorator","func":{".class":"FuncDef","abstract_status":0,"arg_kinds":[0,0],"arg_names":[null,null],"dataclass_transform_spec":null,"flags":["is_overload","is_decorated"],"fullname":"unicodedata.digit","name":"digit","type":{".class":"CallableType","arg_kinds":[0,0],"arg_names":[null,null],"arg_types":["builtins.str",{".class":"TypeVarType","fullname":"unicodedata._T","id":-1,"name":"_T","namespace":"","upper_bound":"builtins.object","values":[],"variance":0}],"bound_args":[],"def_extras":{"first_arg":null},"fallback":"builtins.function","from_concatenate":false,"implicit":false,"is_ellipsis_args":false,"name":"digit","ret_type":{".class":"UnionType","items":["builtins.int",{".class":"TypeVarType","fullname":"unicodedata._T","id":-1,"name":"_T","namespace":"","upper_bound":"builtins.object","values":[],"variance":0}]},"type_guard":null,"unpack_kwargs":false,"variables":[{".class":"TypeVarType","fullname":"unicodedata._T","id":-1,"name":"_T","namespace":"","upper_bound":"builtins.object","values":[],"variance":0}]}},"is_overload":true,"var":{".class":"Var","flags":["is_inferred"],"fullname":"unicodedata.digit","name":"digit","type":null}}],"type":{".class":"Overloaded","items":[{".class":"CallableType","arg_kinds":[0],"arg_names":[null],"arg_types":["builtins.str"],"bound_args":[],"def_extras":{"first_arg":null},"fallback":"builtins.function","from_concatenate":false,"implicit":false,"is_ellipsis_args":false,"name":"digit","ret_type":"builtins.int","type_guard":null,"unpack_kwargs":false,"variables":[]},{".class":"CallableType","arg_kinds":[0,0],"arg_names":[null,null],"arg_types":["builtins.str",{".class":"TypeVarType","fullname":"unicodedata._T","id":-1,"name":"_T","namespace":"","upper_bound":"builtins.object","values":[],"variance":0}],"bound_args":[],"def_extras":{"first_arg":null},"fallback":"builtins.function","from_concatenate":false,"implicit":false,"is_ellipsis_args":false,"name":"digit","ret_type":{".class":"UnionType","items":["builtins.int",{".class":"TypeVarType","fullname":"unicodedata._T","id":-1,"name":"_T","namespace":"","upper_bound":"builtins.object","values":[],"variance":0}]},"type_guard":null,"unpack_kwargs":false,"variables":[{".class":"TypeVarType","fullname":"unicodedata._T","id":-1,"name":"_T","namespace":"","upper_bound":"builtins.object","values":[],"variance":0}]}]}}},"east_asian_width":{".class":"SymbolTableNode","kind":"Gdef","node":{".class":"FuncDef","abstract_status":0,"arg_kinds":[0],"arg_names":[null],"dataclass_transform_spec":null,"flags":[],"fullname":"unicodedata.east_asian_width","name":"east_asian_width","type":{".class":"CallableType","arg_kinds":[0],"arg_names":[null],"arg_types":["builtins.str"],"bound_args":[],"def_extras":{"first_arg":null},"fallback":"builtins.function","from_concatenate":false,"implicit":false,"is_ellipsis_args":false,"name":"east_asian_width","ret_type":{".class":"TypeAliasType","args":[],"type_ref":"unicodedata._EastAsianWidth"},"type_guard":null,"unpack_kwargs":false,"variables":[]}}},"final":{".class":"SymbolTableNode","cross_ref":"typing_extensions.final","kind":"Gdef","module_hidden":true,"module_public":false},"is_normalized":{".class":"SymbolTableNode","kind":"Gdef","node":{".class":"FuncDef","abstract_status":0,"arg_kinds":[0,0],"arg_names":[null,null],"dataclass_transform_spec":null,"flags":[],"fullname":"unicodedata.is_normalized","name":"is_normalized","type":{".class":"CallableType","arg_kinds":[0,0],"arg_names":[null,null],"arg_types":["builtins.str","builtins.str"],"bound_args":[],"def_extras":{"first_arg":null},"fallback":"builtins.function","from_concatenate":false,"implicit":false,"is_ellipsis_args":false,"name":"is_normalized","ret_type":"builtins.bool","type_guard":null,"unpack_kwargs":false,"variables":[]}}},"lookup":{".class":"SymbolTableNode","kind":"Gdef","node":{".class":"FuncDef","abstract_status":0,"arg_kinds":[0],"arg_names":[null],"dataclass_transform_spec":null,"flags":[],"fullname":"unicodedata.lookup","name":"lookup","type":{".class":"CallableType","arg_kinds":[0],"arg_names":[null],"arg_types":[{".class":"UnionType","items":["builtins.str","builtins.bytes"]}],"bound_args":[],"def_extras":{"first_arg":null},"fallback":"builtins.function","from_concatenate":false,"implicit":false,"is_ellipsis_args":false,"name":"lookup","ret_type":"builtins.str","type_guard":null,"unpack_kwargs":false,"variables":[]}}},"mirrored":{".class":"SymbolTableNode","kind":"Gdef","node":{".class":"FuncDef","abstract_status":0,"arg_kinds":[0],"arg_names":[null],"dataclass_transform_spec":null,"flags":[],"fullname":"unicodedata.mirrored","name":"mirrored","type":{".class":"CallableType","arg_kinds":[0],"arg_names":[null],"arg_types":["builtins.str"],"bound_args":[],"def_extras":{"first_arg":null},"fallback":"builtins.function","from_concatenate":false,"implicit":false,"is_ellipsis_args":false,"name":"mirrored","ret_type":"builtins.int","type_guard":null,"unpack_kwargs":false,"variables":[]}}},"name":{".class":"SymbolTableNode","kind":"Gdef","node":{".class":"OverloadedFuncDef","flags":[],"fullname":"unicodedata.name","impl":null,"items":[{".class":"Decorator","func":{".class":"FuncDef","abstract_status":0,"arg_kinds":[0],"arg_names":[null],"dataclass_transform_spec":null,"flags":["is_overload","is_decorated"],"fullname":"unicodedata.name","name":"name","type":{".class":"CallableType","arg_kinds":[0],"arg_names":[null],"arg_types":["builtins.str"],"bound_args":[],"def_extras":{"first_arg":null},"fallback":"builtins.function","from_concatenate":false,"implicit":false,"is_ellipsis_args":false,"name":"name","ret_type":"builtins.str","type_guard":null,"unpack_kwargs":false,"variables":[]}},"is_overload":true,"var":{".class":"Var","flags":["is_inferred"],"fullname":"unicodedata.name","name":"name","type":null}},{".class":"Decorator","func":{".class":"FuncDef","abstract_status":0,"arg_kinds":[0,0],"arg_names":[null,null],"dataclass_transform_spec":null,"flags":["is_overload","is_decorated"],"fullname":"unicodedata.name","name":"name","type":{".class":"CallableType","arg_kinds":[0,0],"arg_names":[null,null],"arg_types":["builtins.str",{".class":"TypeVarType","fullname":"unicodedata._T","id":-1,"name":"_T","namespace":"","upper_bound":"builtins.object","values":[],"variance":0}],"bound_args":[],"def_extras":{"first_arg":null},"fallback":"builtins.function","from_concatenate":false,"implicit":false,"is_ellipsis_args":false,"name":"name","ret_type":{".class":"UnionType","items":["builtins.str",{".class":"TypeVarType","fullname":"unicodedata._T","id":-1,"name":"_T","namespace":"","upper_bound":"builtins.object","values":[],"variance":0}]},"type_guard":null,"unpack_kwargs":false,"variables":[{".class":"TypeVarType","fullname":"unicodedata._T","id":-1,"name":"_T","namespace":"","upper_bound":"builtins.object","values":[],"variance":0}]}},"is_overload":true,"var":{".class":"Var","flags":["is_inferred"],"fullname":"unicodedata.name","name":"name","type":null}}],"type":{".class":"Overloaded","items":[{".class":"CallableType","arg_kinds":[0],"arg_names":[null],"arg_types":["builtins.str"],"bound_args":[],"def_extras":{"first_arg":null},"fallback":"builtins.function","from_concatenate":false,"implicit":false,"is_ellipsis_args":false,"name":"name","ret_type":"builtins.str","type_guard":null,"unpack_kwargs":false,"variables":[]},{".class":"CallableType","arg_kinds":[0,0],"arg_names":[null,null],"arg_types":["builtins.str",{".class":"TypeVarType","fullname":"unicodedata._T","id":-1,"name":"_T","namespace":"","upper_bound":"builtins.object","values":[],"variance":0}],"bound_args":[],"def_extras":{"first_arg":null},"fallback":"builtins.function","from_concatenate":false,"implicit":false,"is_ellipsis_args":false,"name":"name","ret_type":{".class":"UnionType","items":["builtins.str",{".class":"TypeVarType","fullname":"unicodedata._T","id":-1,"name":"_T","namespace":"","upper_bound":"builtins.object","values":[],"variance":0}]},"type_guard":null,"unpack_kwargs":false,"variables":[{".class":"TypeVarType","fullname":"unicodedata._T","id":-1,"name":"_T","namespace":"","upper_bound":"builtins.object","values":[],"variance":0}]}]}}},"normalize":{".class":"SymbolTableNode","kind":"Gdef","node":{".class":"FuncDef","abstract_status":0,"arg_kinds":[0,0],"arg_names":[null,null],"dataclass_transform_spec":null,"flags":[],"fullname":"unicodedata.normalize","name":"normalize","type":{".class":"CallableType","arg_kinds":[0,0],"arg_names":[null,null],"arg_types":["builtins.str","builtins.str"],"bound_args":[],"def_extras":{"first_arg":null},"fallback":"builtins.function","from_concatenate":false,"implicit":false,"is_ellipsis_args":false,"name":"normalize","ret_type":"builtins.str","type_guard":null,"unpack_kwargs":false,"variables":[]}}},"numeric":{".class":"SymbolTableNode","kind":"Gdef","node":{".class":"OverloadedFuncDef","flags":[],"fullname":"unicodedata.numeric","impl":null,"items":[{".class":"Decorator","func":{".class":"FuncDef","abstract_status":0,"arg_kinds":[0],"arg_names":[null],"dataclass_transform_spec":null,"flags":["is_overload","is_decorated"],"fullname":"unicodedata.numeric","name":"numeric","type":{".class":"CallableType","arg_kinds":[0],"arg_names":[null],"arg_types":["builtins.str"],"bound_args":[],"def_extras":{"first_arg":null},"fallback":"builtins.function","from_concatenate":false,"implicit":false,"is_ellipsis_args":false,"name":"numeric","ret_type":"builtins.float","type_guard":null,"unpack_kwargs":false,"variables":[]}},"is_overload":true,"var":{".class":"Var","flags":["is_inferred"],"fullname":"unicodedata.numeric","name":"numeric","type":null}},{".class":"Decorator","func":{".class":"FuncDef","abstract_status":0,"arg_kinds":[0,0],"arg_names":[null,null],"dataclass_transform_spec":null,"flags":["is_overload","is_decorated"],"fullname":"unicodedata.numeric","name":"numeric","type":{".class":"CallableType","arg_kinds":[0,0],"arg_names":[null,null],"arg_types":["builtins.str",{".class":"TypeVarType","fullname":"unicodedata._T","id":-1,"name":"_T","namespace":"","upper_bound":"builtins.object","values":[],"variance":0}],"bound_args":[],"def_extras":{"first_arg":null},"fallback":"builtins.function","from_concatenate":false,"implicit":false,"is_ellipsis_args":false,"name":"numeric","ret_type":{".class":"UnionType","items":["builtins.float",{".class":"TypeVarType","fullname":"unicodedata._T","id":-1,"name":"_T","namespace":"","upper_bound":"builtins.object","values":[],"variance":0}]},"type_guard":null,"unpack_kwargs":false,"variables":[{".class":"TypeVarType","fullname":"unicodedata._T","id":-1,"name":"_T","namespace":"","upper_bound":"builtins.object","values":[],"variance":0}]}},"is_overload":true,"var":{".class":"Var","flags":["is_inferred"],"fullname":"unicodedata.numeric","name":"numeric","type":null}}],"type":{".class":"Overloaded","items":[{".class":"CallableType","arg_kinds":[0],"arg_names":[null],"arg_types":["builtins.str"],"bound_args":[],"def_extras":{"first_arg":null},"fallback":"builtins.function","from_concatenate":false,"implicit":false,"is_ellipsis_args":false,"name":"numeric","ret_type":"builtins.float","type_guard":null,"unpack_kwargs":false,"variables":[]},{".class":"CallableType","arg_kinds":[0,0],"arg_names":[null,null],"arg_types":["builtins.str",{".class":"TypeVarType","fullname":"unicodedata._T","id":-1,"name":"_T","namespace":"","upper_bound":"builtins.object","values":[],"variance":0}],"bound_args":[],"def_extras":{"first_arg":null},"fallback":"builtins.function","from_concatenate":false,"implicit":false,"is_ellipsis_args":false,"name":"numeric","ret_type":{".class":"UnionType","items":["builtins.float",{".class":"TypeVarType","fullname":"unicodedata._T","id":-1,"name":"_T","namespace":"","upper_bound":"builtins.object","values":[],"variance":0}]},"type_guard":null,"unpack_kwargs":false,"variables":[{".class":"TypeVarType","fullname":"unicodedata._T","id":-1,"name":"_T","namespace":"","upper_bound":"builtins.object","values":[],"variance":0}]}]}}},"overload":{".class":"SymbolTableNode","cross_ref":"typing.overload","kind":"Gdef","module_hidden":true,"module_public":false},"sys":{".class":"SymbolTableNode","cross_ref":"sys","kind":"Gdef","module_hidden":true,"module_public":false},"ucd_3_2_0":{".class":"SymbolTableNode","kind":"Gdef","node":{".class":"Var","flags":["is_ready"],"fullname":"unicodedata.ucd_3_2_0","name":"ucd_3_2_0","type":"unicodedata.UCD"}},"unidata_version":{".class":"SymbolTableNode","kind":"Gdef","node":{".class":"Var","flags":["is_ready"],"fullname":"unicodedata.unidata_version","name":"unidata_version","type":"builtins.str"}}},"path":"C:\\Users\\Vasilis\\AppData\\Local\\Programs\\Python\\Python313\\Lib\\site-packages\\mypy\\typeshed\\stdlib\\unicodedata.pyi"}