{".class":"MypyFile","_fullname":"uuid","future_import_flags":[],"is_partial_stub_package":false,"is_stub":true,"names":{".class":"SymbolTable","Enum":{".class":"SymbolTableNode","cross_ref":"enum.Enum","kind":"Gdef","module_hidden":true,"module_public":false},"NAMESPACE_DNS":{".class":"SymbolTableNode","kind":"Gdef","node":{".class":"Var","flags":["is_ready"],"fullname":"uuid.NAMESPACE_DNS","name":"NAMESPACE_DNS","type":"uuid.UUID"}},"NAMESPACE_OID":{".class":"SymbolTableNode","kind":"Gdef","node":{".class":"Var","flags":["is_ready"],"fullname":"uuid.NAMESPACE_OID","name":"NAMESPACE_OID","type":"uuid.UUID"}},"NAMESPACE_URL":{".class":"SymbolTableNode","kind":"Gdef","node":{".class":"Var","flags":["is_ready"],"fullname":"uuid.NAMESPACE_URL","name":"NAMESPACE_URL","type":"uuid.UUID"}},"NAMESPACE_X500":{".class":"SymbolTableNode","kind":"Gdef","node":{".class":"Var","flags":["is_ready"],"fullname":"uuid.NAMESPACE_X500","name":"NAMESPACE_X500","type":"uuid.UUID"}},"RESERVED_FUTURE":{".class":"SymbolTableNode","kind":"Gdef","node":{".class":"Var","flags":["is_ready"],"fullname":"uuid.RESERVED_FUTURE","name":"RESERVED_FUTURE","type":"builtins.str"}},"RESERVED_MICROSOFT":{".class":"SymbolTableNode","kind":"Gdef","node":{".class":"Var","flags":["is_ready"],"fullname":"uuid.RESERVED_MICROSOFT","name":"RESERVED_MICROSOFT","type":"builtins.str"}},"RESERVED_NCS":{".class":"SymbolTableNode","kind":"Gdef","node":{".class":"Var","flags":["is_ready"],"fullname":"uuid.RESERVED_NCS","name":"RESERVED_NCS","type":"builtins.str"}},"RFC_4122":{".class":"SymbolTableNode","kind":"Gdef","node":{".class":"Var","flags":["is_ready"],"fullname":"uuid.RFC_4122","name":"RFC_4122","type":"builtins.str"}},"SafeUUID":{".class":"SymbolTableNode","kind":"Gdef","node":{".class":"TypeInfo","_promote":[],"abstract_attributes":[],"alt_promote":null,"bases":["enum.Enum"],"dataclass_transform_spec":null,"declared_metaclass":null,"defn":{".class":"ClassDef","fullname":"uuid.SafeUUID","name":"SafeUUID","type_vars":[]},"deletable_attributes":[],"flags":["is_enum"],"fullname":"uuid.SafeUUID","has_param_spec_type":false,"metaclass_type":"enum.EnumMeta","metadata":{},"module_name":"uuid","mro":["uuid.SafeUUID","enum.Enum","builtins.object"],"names":{".class":"SymbolTable","safe":{".class":"SymbolTableNode","kind":"Mdef","node":{".class":"Var","flags":["is_initialized_in_class","is_ready"],"fullname":"uuid.SafeUUID.safe","name":"safe","type":"builtins.int"}},"unknown":{".class":"SymbolTableNode","kind":"Mdef","node":{".class":"Var","flags":["is_initialized_in_class","is_ready"],"fullname":"uuid.SafeUUID.unknown","name":"unknown","type":{".class":"NoneType"}}},"unsafe":{".class":"SymbolTableNode","kind":"Mdef","node":{".class":"Var","flags":["is_initialized_in_class","is_ready"],"fullname":"uuid.SafeUUID.unsafe","name":"unsafe","type":"builtins.int"}}},"self_type":null,"slots":null,"tuple_type":null,"type_vars":[],"typeddict_type":null}},"TypeAlias":{".class":"SymbolTableNode","cross_ref":"typing.TypeAlias","kind":"Gdef","module_hidden":true,"module_public":false},"UUID":{".class":"SymbolTableNode","kind":"Gdef","node":{".class":"TypeInfo","_promote":[],"abstract_attributes":[],"alt_promote":null,"bases":["builtins.object"],"dataclass_transform_spec":null,"declared_metaclass":null,"defn":{".class":"ClassDef","fullname":"uuid.UUID","name":"UUID","type_vars":[]},"deletable_attributes":[],"flags":[],"fullname":"uuid.UUID","has_param_spec_type":false,"metaclass_type":null,"metadata":{},"module_name":"uuid","mro":["uuid.UUID","builtins.object"],"names":{".class":"SymbolTable","__eq__":{".class":"SymbolTableNode","kind":"Mdef","node":{".class":"FuncDef","abstract_status":0,"arg_kinds":[0,0],"arg_names":[null,null],"dataclass_transform_spec":null,"flags":[],"fullname":"uuid.UUID.__eq__","name":"__eq__","type":{".class":"CallableType","arg_kinds":[0,0],"arg_names":[null,null],"arg_types":["uuid.UUID","builtins.object"],"bound_args":[],"def_extras":{"first_arg":"self"},"fallback":"builtins.function","from_concatenate":false,"implicit":false,"is_ellipsis_args":false,"name":"__eq__ of UUID","ret_type":"builtins.bool","type_guard":null,"unpack_kwargs":false,"variables":[]}}},"__ge__":{".class":"SymbolTableNode","kind":"Mdef","node":{".class":"FuncDef","abstract_status":0,"arg_kinds":[0,0],"arg_names":[null,null],"dataclass_transform_spec":null,"flags":[],"fullname":"uuid.UUID.__ge__","name":"__ge__","type":{".class":"CallableType","arg_kinds":[0,0],"arg_names":[null,null],"arg_types":["uuid.UUID","uuid.UUID"],"bound_args":[],"def_extras":{"first_arg":"self"},"fallback":"builtins.function","from_concatenate":false,"implicit":false,"is_ellipsis_args":false,"name":"__ge__ of UUID","ret_type":"builtins.bool","type_guard":null,"unpack_kwargs":false,"variables":[]}}},"__gt__":{".class":"SymbolTableNode","kind":"Mdef","node":{".class":"FuncDef","abstract_status":0,"arg_kinds":[0,0],"arg_names":[null,null],"dataclass_transform_spec":null,"flags":[],"fullname":"uuid.UUID.__gt__","name":"__gt__","type":{".class":"CallableType","arg_kinds":[0,0],"arg_names":[null,null],"arg_types":["uuid.UUID","uuid.UUID"],"bound_args":[],"def_extras":{"first_arg":"self"},"fallback":"builtins.function","from_concatenate":false,"implicit":false,"is_ellipsis_args":false,"name":"__gt__ of UUID","ret_type":"builtins.bool","type_guard":null,"unpack_kwargs":false,"variables":[]}}},"__init__":{".class":"SymbolTableNode","kind":"Mdef","node":{".class":"FuncDef","abstract_status":0,"arg_kinds":[0,1,1,1,1,1,1,5],"arg_names":["self","hex","bytes","bytes_le","fields","int","version","is_safe"],"dataclass_transform_spec":null,"flags":[],"fullname":"uuid.UUID.__init__","name":"__init__","type":{".class":"CallableType","arg_kinds":[0,1,1,1,1,1,1,5],"arg_names":["self","hex","bytes","bytes_le","fields","int","version","is_safe"],"arg_types":["uuid.UUID",{".class":"UnionType","items":["builtins.str",{".class":"NoneType"}]},{".class":"UnionType","items":["builtins.bytes",{".class":"NoneType"}]},{".class":"UnionType","items":["builtins.bytes",{".class":"NoneType"}]},{".class":"UnionType","items":[{".class":"TypeAliasType","args":[],"type_ref":"uuid._FieldsType"},{".class":"NoneType"}]},{".class":"UnionType","items":["builtins.int",{".class":"NoneType"}]},{".class":"UnionType","items":["builtins.int",{".class":"NoneType"}]},"uuid.SafeUUID"],"bound_args":[],"def_extras":{"first_arg":"self"},"fallback":"builtins.function","from_concatenate":false,"implicit":false,"is_ellipsis_args":false,"name":"__init__ of UUID","ret_type":{".class":"NoneType"},"type_guard":null,"unpack_kwargs":false,"variables":[]}}},"__int__":{".class":"SymbolTableNode","kind":"Mdef","node":{".class":"FuncDef","abstract_status":0,"arg_kinds":[0],"arg_names":[null],"dataclass_transform_spec":null,"flags":[],"fullname":"uuid.UUID.__int__","name":"__int__","type":{".class":"CallableType","arg_kinds":[0],"arg_names":[null],"arg_types":["uuid.UUID"],"bound_args":[],"def_extras":{"first_arg":"self"},"fallback":"builtins.function","from_concatenate":false,"implicit":false,"is_ellipsis_args":false,"name":"__int__ of UUID","ret_type":"builtins.int","type_guard":null,"unpack_kwargs":false,"variables":[]}}},"__le__":{".class":"SymbolTableNode","kind":"Mdef","node":{".class":"FuncDef","abstract_status":0,"arg_kinds":[0,0],"arg_names":[null,null],"dataclass_transform_spec":null,"flags":[],"fullname":"uuid.UUID.__le__","name":"__le__","type":{".class":"CallableType","arg_kinds":[0,0],"arg_names":[null,null],"arg_types":["uuid.UUID","uuid.UUID"],"bound_args":[],"def_extras":{"first_arg":"self"},"fallback":"builtins.function","from_concatenate":false,"implicit":false,"is_ellipsis_args":false,"name":"__le__ of UUID","ret_type":"builtins.bool","type_guard":null,"unpack_kwargs":false,"variables":[]}}},"__lt__":{".class":"SymbolTableNode","kind":"Mdef","node":{".class":"FuncDef","abstract_status":0,"arg_kinds":[0,0],"arg_names":[null,null],"dataclass_transform_spec":null,"flags":[],"fullname":"uuid.UUID.__lt__","name":"__lt__","type":{".class":"CallableType","arg_kinds":[0,0],"arg_names":[null,null],"arg_types":["uuid.UUID","uuid.UUID"],"bound_args":[],"def_extras":{"first_arg":"self"},"fallback":"builtins.function","from_concatenate":false,"implicit":false,"is_ellipsis_args":false,"name":"__lt__ of UUID","ret_type":"builtins.bool","type_guard":null,"unpack_kwargs":false,"variables":[]}}},"bytes":{".class":"SymbolTableNode","kind":"Mdef","node":{".class":"Decorator","func":{".class":"FuncDef","abstract_status":0,"arg_kinds":[0],"arg_names":["self"],"dataclass_transform_spec":null,"flags":["is_property","is_decorated"],"fullname":"uuid.UUID.bytes","name":"bytes","type":{".class":"CallableType","arg_kinds":[0],"arg_names":["self"],"arg_types":["uuid.UUID"],"bound_args":[],"def_extras":{"first_arg":"self"},"fallback":"builtins.function","from_concatenate":false,"implicit":false,"is_ellipsis_args":false,"name":"bytes of UUID","ret_type":"builtins.bytes","type_guard":null,"unpack_kwargs":false,"variables":[]}},"is_overload":false,"var":{".class":"Var","flags":["is_initialized_in_class","is_property","is_ready","is_inferred"],"fullname":"uuid.UUID.bytes","name":"bytes","type":{".class":"CallableType","arg_kinds":[0],"arg_names":["self"],"arg_types":["uuid.UUID"],"bound_args":[],"def_extras":{"first_arg":"self"},"fallback":"builtins.function","from_concatenate":false,"implicit":false,"is_ellipsis_args":false,"name":"bytes of UUID","ret_type":"builtins.bytes","type_guard":null,"unpack_kwargs":false,"variables":[]}}}},"bytes_le":{".class":"SymbolTableNode","kind":"Mdef","node":{".class":"Decorator","func":{".class":"FuncDef","abstract_status":0,"arg_kinds":[0],"arg_names":["self"],"dataclass_transform_spec":null,"flags":["is_property","is_decorated"],"fullname":"uuid.UUID.bytes_le","name":"bytes_le","type":{".class":"CallableType","arg_kinds":[0],"arg_names":["self"],"arg_types":["uuid.UUID"],"bound_args":[],"def_extras":{"first_arg":"self"},"fallback":"builtins.function","from_concatenate":false,"implicit":false,"is_ellipsis_args":false,"name":"bytes_le of UUID","ret_type":"builtins.bytes","type_guard":null,"unpack_kwargs":false,"variables":[]}},"is_overload":false,"var":{".class":"Var","flags":["is_initialized_in_class","is_property","is_ready","is_inferred"],"fullname":"uuid.UUID.bytes_le","name":"bytes_le","type":{".class":"CallableType","arg_kinds":[0],"arg_names":["self"],"arg_types":["uuid.UUID"],"bound_args":[],"def_extras":{"first_arg":"self"},"fallback":"builtins.function","from_concatenate":false,"implicit":false,"is_ellipsis_args":false,"name":"bytes_le of UUID","ret_type":"builtins.bytes","type_guard":null,"unpack_kwargs":false,"variables":[]}}}},"clock_seq":{".class":"SymbolTableNode","kind":"Mdef","node":{".class":"Decorator","func":{".class":"FuncDef","abstract_status":0,"arg_kinds":[0],"arg_names":["self"],"dataclass_transform_spec":null,"flags":["is_property","is_decorated"],"fullname":"uuid.UUID.clock_seq","name":"clock_seq","type":{".class":"CallableType","arg_kinds":[0],"arg_names":["self"],"arg_types":["uuid.UUID"],"bound_args":[],"def_extras":{"first_arg":"self"},"fallback":"builtins.function","from_concatenate":false,"implicit":false,"is_ellipsis_args":false,"name":"clock_seq of UUID","ret_type":"builtins.int","type_guard":null,"unpack_kwargs":false,"variables":[]}},"is_overload":false,"var":{".class":"Var","flags":["is_initialized_in_class","is_property","is_ready","is_inferred"],"fullname":"uuid.UUID.clock_seq","name":"clock_seq","type":{".class":"CallableType","arg_kinds":[0],"arg_names":["self"],"arg_types":["uuid.UUID"],"bound_args":[],"def_extras":{"first_arg":"self"},"fallback":"builtins.function","from_concatenate":false,"implicit":false,"is_ellipsis_args":false,"name":"clock_seq of UUID","ret_type":"builtins.int","type_guard":null,"unpack_kwargs":false,"variables":[]}}}},"clock_seq_hi_variant":{".class":"SymbolTableNode","kind":"Mdef","node":{".class":"Decorator","func":{".class":"FuncDef","abstract_status":0,"arg_kinds":[0],"arg_names":["self"],"dataclass_transform_spec":null,"flags":["is_property","is_decorated"],"fullname":"uuid.UUID.clock_seq_hi_variant","name":"clock_seq_hi_variant","type":{".class":"CallableType","arg_kinds":[0],"arg_names":["self"],"arg_types":["uuid.UUID"],"bound_args":[],"def_extras":{"first_arg":"self"},"fallback":"builtins.function","from_concatenate":false,"implicit":false,"is_ellipsis_args":false,"name":"clock_seq_hi_variant of UUID","ret_type":"builtins.int","type_guard":null,"unpack_kwargs":false,"variables":[]}},"is_overload":false,"var":{".class":"Var","flags":["is_initialized_in_class","is_property","is_ready","is_inferred"],"fullname":"uuid.UUID.clock_seq_hi_variant","name":"clock_seq_hi_variant","type":{".class":"CallableType","arg_kinds":[0],"arg_names":["self"],"arg_types":["uuid.UUID"],"bound_args":[],"def_extras":{"first_arg":"self"},"fallback":"builtins.function","from_concatenate":false,"implicit":false,"is_ellipsis_args":false,"name":"clock_seq_hi_variant of UUID","ret_type":"builtins.int","type_guard":null,"unpack_kwargs":false,"variables":[]}}}},"clock_seq_low":{".class":"SymbolTableNode","kind":"Mdef","node":{".class":"Decorator","func":{".class":"FuncDef","abstract_status":0,"arg_kinds":[0],"arg_names":["self"],"dataclass_transform_spec":null,"flags":["is_property","is_decorated"],"fullname":"uuid.UUID.clock_seq_low","name":"clock_seq_low","type":{".class":"CallableType","arg_kinds":[0],"arg_names":["self"],"arg_types":["uuid.UUID"],"bound_args":[],"def_extras":{"first_arg":"self"},"fallback":"builtins.function","from_concatenate":false,"implicit":false,"is_ellipsis_args":false,"name":"clock_seq_low of UUID","ret_type":"builtins.int","type_guard":null,"unpack_kwargs":false,"variables":[]}},"is_overload":false,"var":{".class":"Var","flags":["is_initialized_in_class","is_property","is_ready","is_inferred"],"fullname":"uuid.UUID.clock_seq_low","name":"clock_seq_low","type":{".class":"CallableType","arg_kinds":[0],"arg_names":["self"],"arg_types":["uuid.UUID"],"bound_args":[],"def_extras":{"first_arg":"self"},"fallback":"builtins.function","from_concatenate":false,"implicit":false,"is_ellipsis_args":false,"name":"clock_seq_low of UUID","ret_type":"builtins.int","type_guard":null,"unpack_kwargs":false,"variables":[]}}}},"fields":{".class":"SymbolTableNode","kind":"Mdef","node":{".class":"Decorator","func":{".class":"FuncDef","abstract_status":0,"arg_kinds":[0],"arg_names":["self"],"dataclass_transform_spec":null,"flags":["is_property","is_decorated"],"fullname":"uuid.UUID.fields","name":"fields","type":{".class":"CallableType","arg_kinds":[0],"arg_names":["self"],"arg_types":["uuid.UUID"],"bound_args":[],"def_extras":{"first_arg":"self"},"fallback":"builtins.function","from_concatenate":false,"implicit":false,"is_ellipsis_args":false,"name":"fields of UUID","ret_type":{".class":"TypeAliasType","args":[],"type_ref":"uuid._FieldsType"},"type_guard":null,"unpack_kwargs":false,"variables":[]}},"is_overload":false,"var":{".class":"Var","flags":["is_initialized_in_class","is_property","is_ready","is_inferred"],"fullname":"uuid.UUID.fields","name":"fields","type":{".class":"CallableType","arg_kinds":[0],"arg_names":["self"],"arg_types":["uuid.UUID"],"bound_args":[],"def_extras":{"first_arg":"self"},"fallback":"builtins.function","from_concatenate":false,"implicit":false,"is_ellipsis_args":false,"name":"fields of UUID","ret_type":{".class":"TypeAliasType","args":[],"type_ref":"uuid._FieldsType"},"type_guard":null,"unpack_kwargs":false,"variables":[]}}}},"hex":{".class":"SymbolTableNode","kind":"Mdef","node":{".class":"Decorator","func":{".class":"FuncDef","abstract_status":0,"arg_kinds":[0],"arg_names":["self"],"dataclass_transform_spec":null,"flags":["is_property","is_decorated"],"fullname":"uuid.UUID.hex","name":"hex","type":{".class":"CallableType","arg_kinds":[0],"arg_names":["self"],"arg_types":["uuid.UUID"],"bound_args":[],"def_extras":{"first_arg":"self"},"fallback":"builtins.function","from_concatenate":false,"implicit":false,"is_ellipsis_args":false,"name":"hex of UUID","ret_type":"builtins.str","type_guard":null,"unpack_kwargs":false,"variables":[]}},"is_overload":false,"var":{".class":"Var","flags":["is_initialized_in_class","is_property","is_ready","is_inferred"],"fullname":"uuid.UUID.hex","name":"hex","type":{".class":"CallableType","arg_kinds":[0],"arg_names":["self"],"arg_types":["uuid.UUID"],"bound_args":[],"def_extras":{"first_arg":"self"},"fallback":"builtins.function","from_concatenate":false,"implicit":false,"is_ellipsis_args":false,"name":"hex of UUID","ret_type":"builtins.str","type_guard":null,"unpack_kwargs":false,"variables":[]}}}},"int":{".class":"SymbolTableNode","kind":"Mdef","node":{".class":"Decorator","func":{".class":"FuncDef","abstract_status":0,"arg_kinds":[0],"arg_names":["self"],"dataclass_transform_spec":null,"flags":["is_property","is_decorated"],"fullname":"uuid.UUID.int","name":"int","type":{".class":"CallableType","arg_kinds":[0],"arg_names":["self"],"arg_types":["uuid.UUID"],"bound_args":[],"def_extras":{"first_arg":"self"},"fallback":"builtins.function","from_concatenate":false,"implicit":false,"is_ellipsis_args":false,"name":"int of UUID","ret_type":"builtins.int","type_guard":null,"unpack_kwargs":false,"variables":[]}},"is_overload":false,"var":{".class":"Var","flags":["is_initialized_in_class","is_property","is_ready","is_inferred"],"fullname":"uuid.UUID.int","name":"int","type":{".class":"CallableType","arg_kinds":[0],"arg_names":["self"],"arg_types":["uuid.UUID"],"bound_args":[],"def_extras":{"first_arg":"self"},"fallback":"builtins.function","from_concatenate":false,"implicit":false,"is_ellipsis_args":false,"name":"int of UUID","ret_type":"builtins.int","type_guard":null,"unpack_kwargs":false,"variables":[]}}}},"is_safe":{".class":"SymbolTableNode","kind":"Mdef","node":{".class":"Decorator","func":{".class":"FuncDef","abstract_status":0,"arg_kinds":[0],"arg_names":["self"],"dataclass_transform_spec":null,"flags":["is_property","is_decorated"],"fullname":"uuid.UUID.is_safe","name":"is_safe","type":{".class":"CallableType","arg_kinds":[0],"arg_names":["self"],"arg_types":["uuid.UUID"],"bound_args":[],"def_extras":{"first_arg":"self"},"fallback":"builtins.function","from_concatenate":false,"implicit":false,"is_ellipsis_args":false,"name":"is_safe of UUID","ret_type":"uuid.SafeUUID","type_guard":null,"unpack_kwargs":false,"variables":[]}},"is_overload":false,"var":{".class":"Var","flags":["is_initialized_in_class","is_property","is_ready","is_inferred"],"fullname":"uuid.UUID.is_safe","name":"is_safe","type":{".class":"CallableType","arg_kinds":[0],"arg_names":["self"],"arg_types":["uuid.UUID"],"bound_args":[],"def_extras":{"first_arg":"self"},"fallback":"builtins.function","from_concatenate":false,"implicit":false,"is_ellipsis_args":false,"name":"is_safe of UUID","ret_type":"uuid.SafeUUID","type_guard":null,"unpack_kwargs":false,"variables":[]}}}},"node":{".class":"SymbolTableNode","kind":"Mdef","node":{".class":"Decorator","func":{".class":"FuncDef","abstract_status":0,"arg_kinds":[0],"arg_names":["self"],"dataclass_transform_spec":null,"flags":["is_property","is_decorated"],"fullname":"uuid.UUID.node","name":"node","type":{".class":"CallableType","arg_kinds":[0],"arg_names":["self"],"arg_types":["uuid.UUID"],"bound_args":[],"def_extras":{"first_arg":"self"},"fallback":"builtins.function","from_concatenate":false,"implicit":false,"is_ellipsis_args":false,"name":"node of UUID","ret_type":"builtins.int","type_guard":null,"unpack_kwargs":false,"variables":[]}},"is_overload":false,"var":{".class":"Var","flags":["is_initialized_in_class","is_property","is_ready","is_inferred"],"fullname":"uuid.UUID.node","name":"node","type":{".class":"CallableType","arg_kinds":[0],"arg_names":["self"],"arg_types":["uuid.UUID"],"bound_args":[],"def_extras":{"first_arg":"self"},"fallback":"builtins.function","from_concatenate":false,"implicit":false,"is_ellipsis_args":false,"name":"node of UUID","ret_type":"builtins.int","type_guard":null,"unpack_kwargs":false,"variables":[]}}}},"time":{".class":"SymbolTableNode","kind":"Mdef","node":{".class":"Decorator","func":{".class":"FuncDef","abstract_status":0,"arg_kinds":[0],"arg_names":["self"],"dataclass_transform_spec":null,"flags":["is_property","is_decorated"],"fullname":"uuid.UUID.time","name":"time","type":{".class":"CallableType","arg_kinds":[0],"arg_names":["self"],"arg_types":["uuid.UUID"],"bound_args":[],"def_extras":{"first_arg":"self"},"fallback":"builtins.function","from_concatenate":false,"implicit":false,"is_ellipsis_args":false,"name":"time of UUID","ret_type":"builtins.int","type_guard":null,"unpack_kwargs":false,"variables":[]}},"is_overload":false,"var":{".class":"Var","flags":["is_initialized_in_class","is_property","is_ready","is_inferred"],"fullname":"uuid.UUID.time","name":"time","type":{".class":"CallableType","arg_kinds":[0],"arg_names":["self"],"arg_types":["uuid.UUID"],"bound_args":[],"def_extras":{"first_arg":"self"},"fallback":"builtins.function","from_concatenate":false,"implicit":false,"is_ellipsis_args":false,"name":"time of UUID","ret_type":"builtins.int","type_guard":null,"unpack_kwargs":false,"variables":[]}}}},"time_hi_version":{".class":"SymbolTableNode","kind":"Mdef","node":{".class":"Decorator","func":{".class":"FuncDef","abstract_status":0,"arg_kinds":[0],"arg_names":["self"],"dataclass_transform_spec":null,"flags":["is_property","is_decorated"],"fullname":"uuid.UUID.time_hi_version","name":"time_hi_version","type":{".class":"CallableType","arg_kinds":[0],"arg_names":["self"],"arg_types":["uuid.UUID"],"bound_args":[],"def_extras":{"first_arg":"self"},"fallback":"builtins.function","from_concatenate":false,"implicit":false,"is_ellipsis_args":false,"name":"time_hi_version of UUID","ret_type":"builtins.int","type_guard":null,"unpack_kwargs":false,"variables":[]}},"is_overload":false,"var":{".class":"Var","flags":["is_initialized_in_class","is_property","is_ready","is_inferred"],"fullname":"uuid.UUID.time_hi_version","name":"time_hi_version","type":{".class":"CallableType","arg_kinds":[0],"arg_names":["self"],"arg_types":["uuid.UUID"],"bound_args":[],"def_extras":{"first_arg":"self"},"fallback":"builtins.function","from_concatenate":false,"implicit":false,"is_ellipsis_args":false,"name":"time_hi_version of UUID","ret_type":"builtins.int","type_guard":null,"unpack_kwargs":false,"variables":[]}}}},"time_low":{".class":"SymbolTableNode","kind":"Mdef","node":{".class":"Decorator","func":{".class":"FuncDef","abstract_status":0,"arg_kinds":[0],"arg_names":["self"],"dataclass_transform_spec":null,"flags":["is_property","is_decorated"],"fullname":"uuid.UUID.time_low","name":"time_low","type":{".class":"CallableType","arg_kinds":[0],"arg_names":["self"],"arg_types":["uuid.UUID"],"bound_args":[],"def_extras":{"first_arg":"self"},"fallback":"builtins.function","from_concatenate":false,"implicit":false,"is_ellipsis_args":false,"name":"time_low of UUID","ret_type":"builtins.int","type_guard":null,"unpack_kwargs":false,"variables":[]}},"is_overload":false,"var":{".class":"Var","flags":["is_initialized_in_class","is_property","is_ready","is_inferred"],"fullname":"uuid.UUID.time_low","name":"time_low","type":{".class":"CallableType","arg_kinds":[0],"arg_names":["self"],"arg_types":["uuid.UUID"],"bound_args":[],"def_extras":{"first_arg":"self"},"fallback":"builtins.function","from_concatenate":false,"implicit":false,"is_ellipsis_args":false,"name":"time_low of UUID","ret_type":"builtins.int","type_guard":null,"unpack_kwargs":false,"variables":[]}}}},"time_mid":{".class":"SymbolTableNode","kind":"Mdef","node":{".class":"Decorator","func":{".class":"FuncDef","abstract_status":0,"arg_kinds":[0],"arg_names":["self"],"dataclass_transform_spec":null,"flags":["is_property","is_decorated"],"fullname":"uuid.UUID.time_mid","name":"time_mid","type":{".class":"CallableType","arg_kinds":[0],"arg_names":["self"],"arg_types":["uuid.UUID"],"bound_args":[],"def_extras":{"first_arg":"self"},"fallback":"builtins.function","from_concatenate":false,"implicit":false,"is_ellipsis_args":false,"name":"time_mid of UUID","ret_type":"builtins.int","type_guard":null,"unpack_kwargs":false,"variables":[]}},"is_overload":false,"var":{".class":"Var","flags":["is_initialized_in_class","is_property","is_ready","is_inferred"],"fullname":"uuid.UUID.time_mid","name":"time_mid","type":{".class":"CallableType","arg_kinds":[0],"arg_names":["self"],"arg_types":["uuid.UUID"],"bound_args":[],"def_extras":{"first_arg":"self"},"fallback":"builtins.function","from_concatenate":false,"implicit":false,"is_ellipsis_args":false,"name":"time_mid of UUID","ret_type":"builtins.int","type_guard":null,"unpack_kwargs":false,"variables":[]}}}},"urn":{".class":"SymbolTableNode","kind":"Mdef","node":{".class":"Decorator","func":{".class":"FuncDef","abstract_status":0,"arg_kinds":[0],"arg_names":["self"],"dataclass_transform_spec":null,"flags":["is_property","is_decorated"],"fullname":"uuid.UUID.urn","name":"urn","type":{".class":"CallableType","arg_kinds":[0],"arg_names":["self"],"arg_types":["uuid.UUID"],"bound_args":[],"def_extras":{"first_arg":"self"},"fallback":"builtins.function","from_concatenate":false,"implicit":false,"is_ellipsis_args":false,"name":"urn of UUID","ret_type":"builtins.str","type_guard":null,"unpack_kwargs":false,"variables":[]}},"is_overload":false,"var":{".class":"Var","flags":["is_initialized_in_class","is_property","is_ready","is_inferred"],"fullname":"uuid.UUID.urn","name":"urn","type":{".class":"CallableType","arg_kinds":[0],"arg_names":["self"],"arg_types":["uuid.UUID"],"bound_args":[],"def_extras":{"first_arg":"self"},"fallback":"builtins.function","from_concatenate":false,"implicit":false,"is_ellipsis_args":false,"name":"urn of UUID","ret_type":"builtins.str","type_guard":null,"unpack_kwargs":false,"variables":[]}}}},"variant":{".class":"SymbolTableNode","kind":"Mdef","node":{".class":"Decorator","func":{".class":"FuncDef","abstract_status":0,"arg_kinds":[0],"arg_names":["self"],"dataclass_transform_spec":null,"flags":["is_property","is_decorated"],"fullname":"uuid.UUID.variant","name":"variant","type":{".class":"CallableType","arg_kinds":[0],"arg_names":["self"],"arg_types":["uuid.UUID"],"bound_args":[],"def_extras":{"first_arg":"self"},"fallback":"builtins.function","from_concatenate":false,"implicit":false,"is_ellipsis_args":false,"name":"variant of UUID","ret_type":"builtins.str","type_guard":null,"unpack_kwargs":false,"variables":[]}},"is_overload":false,"var":{".class":"Var","flags":["is_initialized_in_class","is_property","is_ready","is_inferred"],"fullname":"uuid.UUID.variant","name":"variant","type":{".class":"CallableType","arg_kinds":[0],"arg_names":["self"],"arg_types":["uuid.UUID"],"bound_args":[],"def_extras":{"first_arg":"self"},"fallback":"builtins.function","from_concatenate":false,"implicit":false,"is_ellipsis_args":false,"name":"variant of UUID","ret_type":"builtins.str","type_guard":null,"unpack_kwargs":false,"variables":[]}}}},"version":{".class":"SymbolTableNode","kind":"Mdef","node":{".class":"Decorator","func":{".class":"FuncDef","abstract_status":0,"arg_kinds":[0],"arg_names":["self"],"dataclass_transform_spec":null,"flags":["is_property","is_decorated"],"fullname":"uuid.UUID.version","name":"version","type":{".class":"CallableType","arg_kinds":[0],"arg_names":["self"],"arg_types":["uuid.UUID"],"bound_args":[],"def_extras":{"first_arg":"self"},"fallback":"builtins.function","from_concatenate":false,"implicit":false,"is_ellipsis_args":false,"name":"version of UUID","ret_type":{".class":"UnionType","items":["builtins.int",{".class":"NoneType"}]},"type_guard":null,"unpack_kwargs":false,"variables":[]}},"is_overload":false,"var":{".class":"Var","flags":["is_initialized_in_class","is_property","is_ready","is_inferred"],"fullname":"uuid.UUID.version","name":"version","type":{".class":"CallableType","arg_kinds":[0],"arg_names":["self"],"arg_types":["uuid.UUID"],"bound_args":[],"def_extras":{"first_arg":"self"},"fallback":"builtins.function","from_concatenate":false,"implicit":false,"is_ellipsis_args":false,"name":"version of UUID","ret_type":{".class":"UnionType","items":["builtins.int",{".class":"NoneType"}]},"type_guard":null,"unpack_kwargs":false,"variables":[]}}}}},"self_type":null,"slots":null,"tuple_type":null,"type_vars":[],"typeddict_type":null}},"Unused":{".class":"SymbolTableNode","cross_ref":"_typeshed.Unused","kind":"Gdef","module_hidden":true,"module_public":false},"_Bytes":{".class":"SymbolTableNode","kind":"Gdef","node":{".class":"TypeAlias","alias_tvars":[],"column":0,"fullname":"uuid._Bytes","line":8,"no_args":true,"normalized":false,"target":"builtins.bytes"}},"_FieldsType":{".class":"SymbolTableNode","kind":"Gdef","node":{".class":"TypeAlias","alias_tvars":[],"column":0,"fullname":"uuid._FieldsType","line":9,"no_args":false,"normalized":false,"target":{".class":"TupleType","implicit":false,"items":["builtins.int","builtins.int","builtins.int","builtins.int","builtins.int","builtins.int"],"partial_fallback":{".class":"Instance","args":[{".class":"AnyType","missing_import_name":null,"source_any":null,"type_of_any":6}],"type_ref":"builtins.tuple"}}}},"_Int":{".class":"SymbolTableNode","kind":"Gdef","node":{".class":"TypeAlias","alias_tvars":[],"column":0,"fullname":"uuid._Int","line":7,"no_args":true,"normalized":false,"target":"builtins.int"}},"__annotations__":{".class":"SymbolTableNode","kind":"Gdef","node":{".class":"Var","flags":["is_ready"],"fullname":"uuid.__annotations__","name":"__annotations__","type":{".class":"Instance","args":["builtins.str",{".class":"AnyType","missing_import_name":null,"source_any":null,"type_of_any":6}],"type_ref":"builtins.dict"}}},"__doc__":{".class":"SymbolTableNode","kind":"Gdef","node":{".class":"Var","flags":["is_ready"],"fullname":"uuid.__doc__","name":"__doc__","type":"builtins.str"}},"__file__":{".class":"SymbolTableNode","kind":"Gdef","node":{".class":"Var","flags":["is_ready"],"fullname":"uuid.__file__","name":"__file__","type":"builtins.str"}},"__name__":{".class":"SymbolTableNode","kind":"Gdef","node":{".class":"Var","flags":["is_ready"],"fullname":"uuid.__name__","name":"__name__","type":"builtins.str"}},"__package__":{".class":"SymbolTableNode","kind":"Gdef","node":{".class":"Var","flags":["is_ready"],"fullname":"uuid.__package__","name":"__package__","type":"builtins.str"}},"getnode":{".class":"SymbolTableNode","kind":"Gdef","node":{".class":"FuncDef","abstract_status":0,"arg_kinds":[],"arg_names":[],"dataclass_transform_spec":null,"flags":[],"fullname":"uuid.getnode","name":"getnode","type":{".class":"CallableType","arg_kinds":[],"arg_names":[],"arg_types":[],"bound_args":[],"def_extras":{"first_arg":null},"fallback":"builtins.function","from_concatenate":false,"implicit":false,"is_ellipsis_args":false,"name":"getnode","ret_type":"builtins.int","type_guard":null,"unpack_kwargs":false,"variables":[]}}},"sys":{".class":"SymbolTableNode","cross_ref":"sys","kind":"Gdef","module_hidden":true,"module_public":false},"uuid1":{".class":"SymbolTableNode","kind":"Gdef","node":{".class":"FuncDef","abstract_status":0,"arg_kinds":[1,1],"arg_names":["node","clock_seq"],"dataclass_transform_spec":null,"flags":[],"fullname":"uuid.uuid1","name":"uuid1","type":{".class":"CallableType","arg_kinds":[1,1],"arg_names":["node","clock_seq"],"arg_types":[{".class":"UnionType","items":["builtins.int",{".class":"NoneType"}]},{".class":"UnionType","items":["builtins.int",{".class":"NoneType"}]}],"bound_args":[],"def_extras":{"first_arg":null},"fallback":"builtins.function","from_concatenate":false,"implicit":false,"is_ellipsis_args":false,"name":"uuid1","ret_type":"uuid.UUID","type_guard":null,"unpack_kwargs":false,"variables":[]}}},"uuid3":{".class":"SymbolTableNode","kind":"Gdef","node":{".class":"FuncDef","abstract_status":0,"arg_kinds":[0,0],"arg_names":["namespace","name"],"dataclass_transform_spec":null,"flags":[],"fullname":"uuid.uuid3","name":"uuid3","type":{".class":"CallableType","arg_kinds":[0,0],"arg_names":["namespace","name"],"arg_types":["uuid.UUID","builtins.str"],"bound_args":[],"def_extras":{"first_arg":null},"fallback":"builtins.function","from_concatenate":false,"implicit":false,"is_ellipsis_args":false,"name":"uuid3","ret_type":"uuid.UUID","type_guard":null,"unpack_kwargs":false,"variables":[]}}},"uuid4":{".class":"SymbolTableNode","kind":"Gdef","node":{".class":"FuncDef","abstract_status":0,"arg_kinds":[],"arg_names":[],"dataclass_transform_spec":null,"flags":[],"fullname":"uuid.uuid4","name":"uuid4","type":{".class":"CallableType","arg_kinds":[],"arg_names":[],"arg_types":[],"bound_args":[],"def_extras":{"first_arg":null},"fallback":"builtins.function","from_concatenate":false,"implicit":false,"is_ellipsis_args":false,"name":"uuid4","ret_type":"uuid.UUID","type_guard":null,"unpack_kwargs":false,"variables":[]}}},"uuid5":{".class":"SymbolTableNode","kind":"Gdef","node":{".class":"FuncDef","abstract_status":0,"arg_kinds":[0,0],"arg_names":["namespace","name"],"dataclass_transform_spec":null,"flags":[],"fullname":"uuid.uuid5","name":"uuid5","type":{".class":"CallableType","arg_kinds":[0,0],"arg_names":["namespace","name"],"arg_types":["uuid.UUID","builtins.str"],"bound_args":[],"def_extras":{"first_arg":null},"fallback":"builtins.function","from_concatenate":false,"implicit":false,"is_ellipsis_args":false,"name":"uuid5","ret_type":"uuid.UUID","type_guard":null,"unpack_kwargs":false,"variables":[]}}}},"path":"C:\\Users\\Vasilis\\AppData\\Local\\Programs\\Python\\Python313\\Lib\\site-packages\\mypy\\typeshed\\stdlib\\uuid.pyi"}