{".class":"MypyFile","_fullname":"winreg","future_import_flags":[],"is_partial_stub_package":false,"is_stub":true,"names":{".class":"SymbolTable","Any":{".class":"SymbolTableNode","cross_ref":"typing.Any","kind":"Gdef","module_hidden":true,"module_public":false},"CloseKey":{".class":"SymbolTableNode","kind":"Gdef","node":{".class":"FuncDef","abstract_status":0,"arg_kinds":[0],"arg_names":[null],"dataclass_transform_spec":null,"flags":[],"fullname":"winreg.CloseKey","name":"CloseKey","type":{".class":"CallableType","arg_kinds":[0],"arg_names":[null],"arg_types":[{".class":"TypeAliasType","args":[],"type_ref":"winreg._KeyType"}],"bound_args":[],"def_extras":{"first_arg":null},"fallback":"builtins.function","from_concatenate":false,"implicit":false,"is_ellipsis_args":false,"name":"CloseKey","ret_type":{".class":"NoneType"},"type_guard":null,"unpack_kwargs":false,"variables":[]}}},"ConnectRegistry":{".class":"SymbolTableNode","kind":"Gdef","node":{".class":"FuncDef","abstract_status":0,"arg_kinds":[0,0],"arg_names":[null,null],"dataclass_transform_spec":null,"flags":[],"fullname":"winreg.ConnectRegistry","name":"ConnectRegistry","type":{".class":"CallableType","arg_kinds":[0,0],"arg_names":[null,null],"arg_types":[{".class":"UnionType","items":["builtins.str",{".class":"NoneType"}]},{".class":"TypeAliasType","args":[],"type_ref":"winreg._KeyType"}],"bound_args":[],"def_extras":{"first_arg":null},"fallback":"builtins.function","from_concatenate":false,"implicit":false,"is_ellipsis_args":false,"name":"ConnectRegistry","ret_type":"winreg.HKEYType","type_guard":null,"unpack_kwargs":false,"variables":[]}}},"CreateKey":{".class":"SymbolTableNode","kind":"Gdef","node":{".class":"FuncDef","abstract_status":0,"arg_kinds":[0,0],"arg_names":[null,null],"dataclass_transform_spec":null,"flags":[],"fullname":"winreg.CreateKey","name":"CreateKey","type":{".class":"CallableType","arg_kinds":[0,0],"arg_names":[null,null],"arg_types":[{".class":"TypeAliasType","args":[],"type_ref":"winreg._KeyType"},{".class":"UnionType","items":["builtins.str",{".class":"NoneType"}]}],"bound_args":[],"def_extras":{"first_arg":null},"fallback":"builtins.function","from_concatenate":false,"implicit":false,"is_ellipsis_args":false,"name":"CreateKey","ret_type":"winreg.HKEYType","type_guard":null,"unpack_kwargs":false,"variables":[]}}},"CreateKeyEx":{".class":"SymbolTableNode","kind":"Gdef","node":{".class":"FuncDef","abstract_status":0,"arg_kinds":[0,0,1,1],"arg_names":["key","sub_key","reserved","access"],"dataclass_transform_spec":null,"flags":[],"fullname":"winreg.CreateKeyEx","name":"CreateKeyEx","type":{".class":"CallableType","arg_kinds":[0,0,1,1],"arg_names":["key","sub_key","reserved","access"],"arg_types":[{".class":"TypeAliasType","args":[],"type_ref":"winreg._KeyType"},{".class":"UnionType","items":["builtins.str",{".class":"NoneType"}]},"builtins.int","builtins.int"],"bound_args":[],"def_extras":{"first_arg":null},"fallback":"builtins.function","from_concatenate":false,"implicit":false,"is_ellipsis_args":false,"name":"CreateKeyEx","ret_type":"winreg.HKEYType","type_guard":null,"unpack_kwargs":false,"variables":[]}}},"DeleteKey":{".class":"SymbolTableNode","kind":"Gdef","node":{".class":"FuncDef","abstract_status":0,"arg_kinds":[0,0],"arg_names":[null,null],"dataclass_transform_spec":null,"flags":[],"fullname":"winreg.DeleteKey","name":"DeleteKey","type":{".class":"CallableType","arg_kinds":[0,0],"arg_names":[null,null],"arg_types":[{".class":"TypeAliasType","args":[],"type_ref":"winreg._KeyType"},"builtins.str"],"bound_args":[],"def_extras":{"first_arg":null},"fallback":"builtins.function","from_concatenate":false,"implicit":false,"is_ellipsis_args":false,"name":"DeleteKey","ret_type":{".class":"NoneType"},"type_guard":null,"unpack_kwargs":false,"variables":[]}}},"DeleteKeyEx":{".class":"SymbolTableNode","kind":"Gdef","node":{".class":"FuncDef","abstract_status":0,"arg_kinds":[0,0,1,1],"arg_names":["key","sub_key","access","reserved"],"dataclass_transform_spec":null,"flags":[],"fullname":"winreg.DeleteKeyEx","name":"DeleteKeyEx","type":{".class":"CallableType","arg_kinds":[0,0,1,1],"arg_names":["key","sub_key","access","reserved"],"arg_types":[{".class":"TypeAliasType","args":[],"type_ref":"winreg._KeyType"},"builtins.str","builtins.int","builtins.int"],"bound_args":[],"def_extras":{"first_arg":null},"fallback":"builtins.function","from_concatenate":false,"implicit":false,"is_ellipsis_args":false,"name":"DeleteKeyEx","ret_type":{".class":"NoneType"},"type_guard":null,"unpack_kwargs":false,"variables":[]}}},"DeleteValue":{".class":"SymbolTableNode","kind":"Gdef","node":{".class":"FuncDef","abstract_status":0,"arg_kinds":[0,0],"arg_names":[null,null],"dataclass_transform_spec":null,"flags":[],"fullname":"winreg.DeleteValue","name":"DeleteValue","type":{".class":"CallableType","arg_kinds":[0,0],"arg_names":[null,null],"arg_types":[{".class":"TypeAliasType","args":[],"type_ref":"winreg._KeyType"},"builtins.str"],"bound_args":[],"def_extras":{"first_arg":null},"fallback":"builtins.function","from_concatenate":false,"implicit":false,"is_ellipsis_args":false,"name":"DeleteValue","ret_type":{".class":"NoneType"},"type_guard":null,"unpack_kwargs":false,"variables":[]}}},"DisableReflectionKey":{".class":"SymbolTableNode","kind":"Gdef","node":{".class":"FuncDef","abstract_status":0,"arg_kinds":[0],"arg_names":[null],"dataclass_transform_spec":null,"flags":[],"fullname":"winreg.DisableReflectionKey","name":"DisableReflectionKey","type":{".class":"CallableType","arg_kinds":[0],"arg_names":[null],"arg_types":[{".class":"TypeAliasType","args":[],"type_ref":"winreg._KeyType"}],"bound_args":[],"def_extras":{"first_arg":null},"fallback":"builtins.function","from_concatenate":false,"implicit":false,"is_ellipsis_args":false,"name":"DisableReflectionKey","ret_type":{".class":"NoneType"},"type_guard":null,"unpack_kwargs":false,"variables":[]}}},"EnableReflectionKey":{".class":"SymbolTableNode","kind":"Gdef","node":{".class":"FuncDef","abstract_status":0,"arg_kinds":[0],"arg_names":[null],"dataclass_transform_spec":null,"flags":[],"fullname":"winreg.EnableReflectionKey","name":"EnableReflectionKey","type":{".class":"CallableType","arg_kinds":[0],"arg_names":[null],"arg_types":[{".class":"TypeAliasType","args":[],"type_ref":"winreg._KeyType"}],"bound_args":[],"def_extras":{"first_arg":null},"fallback":"builtins.function","from_concatenate":false,"implicit":false,"is_ellipsis_args":false,"name":"EnableReflectionKey","ret_type":{".class":"NoneType"},"type_guard":null,"unpack_kwargs":false,"variables":[]}}},"EnumKey":{".class":"SymbolTableNode","kind":"Gdef","node":{".class":"FuncDef","abstract_status":0,"arg_kinds":[0,0],"arg_names":[null,null],"dataclass_transform_spec":null,"flags":[],"fullname":"winreg.EnumKey","name":"EnumKey","type":{".class":"CallableType","arg_kinds":[0,0],"arg_names":[null,null],"arg_types":[{".class":"TypeAliasType","args":[],"type_ref":"winreg._KeyType"},"builtins.int"],"bound_args":[],"def_extras":{"first_arg":null},"fallback":"builtins.function","from_concatenate":false,"implicit":false,"is_ellipsis_args":false,"name":"EnumKey","ret_type":"builtins.str","type_guard":null,"unpack_kwargs":false,"variables":[]}}},"EnumValue":{".class":"SymbolTableNode","kind":"Gdef","node":{".class":"FuncDef","abstract_status":0,"arg_kinds":[0,0],"arg_names":[null,null],"dataclass_transform_spec":null,"flags":[],"fullname":"winreg.EnumValue","name":"EnumValue","type":{".class":"CallableType","arg_kinds":[0,0],"arg_names":[null,null],"arg_types":[{".class":"TypeAliasType","args":[],"type_ref":"winreg._KeyType"},"builtins.int"],"bound_args":[],"def_extras":{"first_arg":null},"fallback":"builtins.function","from_concatenate":false,"implicit":false,"is_ellipsis_args":false,"name":"EnumValue","ret_type":{".class":"TupleType","implicit":false,"items":["builtins.str",{".class":"AnyType","missing_import_name":null,"source_any":null,"type_of_any":2},"builtins.int"],"partial_fallback":{".class":"Instance","args":[{".class":"AnyType","missing_import_name":null,"source_any":null,"type_of_any":6}],"type_ref":"builtins.tuple"}},"type_guard":null,"unpack_kwargs":false,"variables":[]}}},"ExpandEnvironmentStrings":{".class":"SymbolTableNode","kind":"Gdef","node":{".class":"FuncDef","abstract_status":0,"arg_kinds":[0],"arg_names":[null],"dataclass_transform_spec":null,"flags":[],"fullname":"winreg.ExpandEnvironmentStrings","name":"ExpandEnvironmentStrings","type":{".class":"CallableType","arg_kinds":[0],"arg_names":[null],"arg_types":["builtins.str"],"bound_args":[],"def_extras":{"first_arg":null},"fallback":"builtins.function","from_concatenate":false,"implicit":false,"is_ellipsis_args":false,"name":"ExpandEnvironmentStrings","ret_type":"builtins.str","type_guard":null,"unpack_kwargs":false,"variables":[]}}},"FlushKey":{".class":"SymbolTableNode","kind":"Gdef","node":{".class":"FuncDef","abstract_status":0,"arg_kinds":[0],"arg_names":[null],"dataclass_transform_spec":null,"flags":[],"fullname":"winreg.FlushKey","name":"FlushKey","type":{".class":"CallableType","arg_kinds":[0],"arg_names":[null],"arg_types":[{".class":"TypeAliasType","args":[],"type_ref":"winreg._KeyType"}],"bound_args":[],"def_extras":{"first_arg":null},"fallback":"builtins.function","from_concatenate":false,"implicit":false,"is_ellipsis_args":false,"name":"FlushKey","ret_type":{".class":"NoneType"},"type_guard":null,"unpack_kwargs":false,"variables":[]}}},"HKEYType":{".class":"SymbolTableNode","kind":"Gdef","node":{".class":"TypeInfo","_promote":[],"abstract_attributes":[],"alt_promote":null,"bases":["builtins.object"],"dataclass_transform_spec":null,"declared_metaclass":null,"defn":{".class":"ClassDef","fullname":"winreg.HKEYType","name":"HKEYType","type_vars":[]},"deletable_attributes":[],"flags":["is_final"],"fullname":"winreg.HKEYType","has_param_spec_type":false,"metaclass_type":null,"metadata":{},"module_name":"winreg","mro":["winreg.HKEYType","builtins.object"],"names":{".class":"SymbolTable","Close":{".class":"SymbolTableNode","kind":"Mdef","node":{".class":"FuncDef","abstract_status":0,"arg_kinds":[0],"arg_names":["self"],"dataclass_transform_spec":null,"flags":[],"fullname":"winreg.HKEYType.Close","name":"Close","type":{".class":"CallableType","arg_kinds":[0],"arg_names":["self"],"arg_types":["winreg.HKEYType"],"bound_args":[],"def_extras":{"first_arg":"self"},"fallback":"builtins.function","from_concatenate":false,"implicit":false,"is_ellipsis_args":false,"name":"Close of HKEYType","ret_type":{".class":"NoneType"},"type_guard":null,"unpack_kwargs":false,"variables":[]}}},"Detach":{".class":"SymbolTableNode","kind":"Mdef","node":{".class":"FuncDef","abstract_status":0,"arg_kinds":[0],"arg_names":["self"],"dataclass_transform_spec":null,"flags":[],"fullname":"winreg.HKEYType.Detach","name":"Detach","type":{".class":"CallableType","arg_kinds":[0],"arg_names":["self"],"arg_types":["winreg.HKEYType"],"bound_args":[],"def_extras":{"first_arg":"self"},"fallback":"builtins.function","from_concatenate":false,"implicit":false,"is_ellipsis_args":false,"name":"Detach of HKEYType","ret_type":"builtins.int","type_guard":null,"unpack_kwargs":false,"variables":[]}}},"__bool__":{".class":"SymbolTableNode","kind":"Mdef","node":{".class":"FuncDef","abstract_status":0,"arg_kinds":[0],"arg_names":["self"],"dataclass_transform_spec":null,"flags":[],"fullname":"winreg.HKEYType.__bool__","name":"__bool__","type":{".class":"CallableType","arg_kinds":[0],"arg_names":["self"],"arg_types":["winreg.HKEYType"],"bound_args":[],"def_extras":{"first_arg":"self"},"fallback":"builtins.function","from_concatenate":false,"implicit":false,"is_ellipsis_args":false,"name":"__bool__ of HKEYType","ret_type":"builtins.bool","type_guard":null,"unpack_kwargs":false,"variables":[]}}},"__enter__":{".class":"SymbolTableNode","kind":"Mdef","node":{".class":"FuncDef","abstract_status":0,"arg_kinds":[0],"arg_names":[null],"dataclass_transform_spec":null,"flags":[],"fullname":"winreg.HKEYType.__enter__","name":"__enter__","type":{".class":"CallableType","arg_kinds":[0],"arg_names":[null],"arg_types":[{".class":"TypeVarType","fullname":"winreg.HKEYType.Self","id":0,"name":"Self","namespace":"","upper_bound":"winreg.HKEYType","values":[],"variance":0}],"bound_args":[],"def_extras":{"first_arg":"self"},"fallback":"builtins.function","from_concatenate":false,"implicit":false,"is_ellipsis_args":false,"name":"__enter__ of HKEYType","ret_type":"winreg.HKEYType","type_guard":null,"unpack_kwargs":false,"variables":[{".class":"TypeVarType","fullname":"winreg.HKEYType.Self","id":0,"name":"Self","namespace":"","upper_bound":"winreg.HKEYType","values":[],"variance":0}]}}},"__exit__":{".class":"SymbolTableNode","kind":"Mdef","node":{".class":"FuncDef","abstract_status":0,"arg_kinds":[0,0,0,0],"arg_names":[null,null,null,null],"dataclass_transform_spec":null,"flags":[],"fullname":"winreg.HKEYType.__exit__","name":"__exit__","type":{".class":"CallableType","arg_kinds":[0,0,0,0],"arg_names":[null,null,null,null],"arg_types":["winreg.HKEYType",{".class":"UnionType","items":[{".class":"TypeType","item":"builtins.BaseException"},{".class":"NoneType"}]},{".class":"UnionType","items":["builtins.BaseException",{".class":"NoneType"}]},{".class":"UnionType","items":["types.TracebackType",{".class":"NoneType"}]}],"bound_args":[],"def_extras":{"first_arg":"self"},"fallback":"builtins.function","from_concatenate":false,"implicit":false,"is_ellipsis_args":false,"name":"__exit__ of HKEYType","ret_type":{".class":"UnionType","items":["builtins.bool",{".class":"NoneType"}]},"type_guard":null,"unpack_kwargs":false,"variables":[]}}},"__int__":{".class":"SymbolTableNode","kind":"Mdef","node":{".class":"FuncDef","abstract_status":0,"arg_kinds":[0],"arg_names":[null],"dataclass_transform_spec":null,"flags":[],"fullname":"winreg.HKEYType.__int__","name":"__int__","type":{".class":"CallableType","arg_kinds":[0],"arg_names":[null],"arg_types":["winreg.HKEYType"],"bound_args":[],"def_extras":{"first_arg":"self"},"fallback":"builtins.function","from_concatenate":false,"implicit":false,"is_ellipsis_args":false,"name":"__int__ of HKEYType","ret_type":"builtins.int","type_guard":null,"unpack_kwargs":false,"variables":[]}}}},"self_type":{".class":"TypeVarType","fullname":"winreg.HKEYType.Self","id":0,"name":"Self","namespace":"","upper_bound":"winreg.HKEYType","values":[],"variance":0},"slots":null,"tuple_type":null,"type_vars":[],"typeddict_type":null}},"HKEY_CLASSES_ROOT":{".class":"SymbolTableNode","kind":"Gdef","node":{".class":"Var","flags":["is_ready"],"fullname":"winreg.HKEY_CLASSES_ROOT","name":"HKEY_CLASSES_ROOT","type":"builtins.int"}},"HKEY_CURRENT_CONFIG":{".class":"SymbolTableNode","kind":"Gdef","node":{".class":"Var","flags":["is_ready"],"fullname":"winreg.HKEY_CURRENT_CONFIG","name":"HKEY_CURRENT_CONFIG","type":"builtins.int"}},"HKEY_CURRENT_USER":{".class":"SymbolTableNode","kind":"Gdef","node":{".class":"Var","flags":["is_ready"],"fullname":"winreg.HKEY_CURRENT_USER","name":"HKEY_CURRENT_USER","type":"builtins.int"}},"HKEY_DYN_DATA":{".class":"SymbolTableNode","kind":"Gdef","node":{".class":"Var","flags":["is_ready"],"fullname":"winreg.HKEY_DYN_DATA","name":"HKEY_DYN_DATA","type":"builtins.int"}},"HKEY_LOCAL_MACHINE":{".class":"SymbolTableNode","kind":"Gdef","node":{".class":"Var","flags":["is_ready"],"fullname":"winreg.HKEY_LOCAL_MACHINE","name":"HKEY_LOCAL_MACHINE","type":"builtins.int"}},"HKEY_PERFORMANCE_DATA":{".class":"SymbolTableNode","kind":"Gdef","node":{".class":"Var","flags":["is_ready"],"fullname":"winreg.HKEY_PERFORMANCE_DATA","name":"HKEY_PERFORMANCE_DATA","type":"builtins.int"}},"HKEY_USERS":{".class":"SymbolTableNode","kind":"Gdef","node":{".class":"Var","flags":["is_ready"],"fullname":"winreg.HKEY_USERS","name":"HKEY_USERS","type":"builtins.int"}},"KEY_ALL_ACCESS":{".class":"SymbolTableNode","kind":"Gdef","node":{".class":"Var","flags":["is_ready"],"fullname":"winreg.KEY_ALL_ACCESS","name":"KEY_ALL_ACCESS","type":{".class":"LiteralType","fallback":"builtins.int","value":983103}}},"KEY_CREATE_LINK":{".class":"SymbolTableNode","kind":"Gdef","node":{".class":"Var","flags":["is_ready"],"fullname":"winreg.KEY_CREATE_LINK","name":"KEY_CREATE_LINK","type":{".class":"LiteralType","fallback":"builtins.int","value":32}}},"KEY_CREATE_SUB_KEY":{".class":"SymbolTableNode","kind":"Gdef","node":{".class":"Var","flags":["is_ready"],"fullname":"winreg.KEY_CREATE_SUB_KEY","name":"KEY_CREATE_SUB_KEY","type":{".class":"LiteralType","fallback":"builtins.int","value":4}}},"KEY_ENUMERATE_SUB_KEYS":{".class":"SymbolTableNode","kind":"Gdef","node":{".class":"Var","flags":["is_ready"],"fullname":"winreg.KEY_ENUMERATE_SUB_KEYS","name":"KEY_ENUMERATE_SUB_KEYS","type":{".class":"LiteralType","fallback":"builtins.int","value":8}}},"KEY_EXECUTE":{".class":"SymbolTableNode","kind":"Gdef","node":{".class":"Var","flags":["is_ready"],"fullname":"winreg.KEY_EXECUTE","name":"KEY_EXECUTE","type":{".class":"LiteralType","fallback":"builtins.int","value":131097}}},"KEY_NOTIFY":{".class":"SymbolTableNode","kind":"Gdef","node":{".class":"Var","flags":["is_ready"],"fullname":"winreg.KEY_NOTIFY","name":"KEY_NOTIFY","type":{".class":"LiteralType","fallback":"builtins.int","value":16}}},"KEY_QUERY_VALUE":{".class":"SymbolTableNode","kind":"Gdef","node":{".class":"Var","flags":["is_ready"],"fullname":"winreg.KEY_QUERY_VALUE","name":"KEY_QUERY_VALUE","type":{".class":"LiteralType","fallback":"builtins.int","value":1}}},"KEY_READ":{".class":"SymbolTableNode","kind":"Gdef","node":{".class":"Var","flags":["is_ready"],"fullname":"winreg.KEY_READ","name":"KEY_READ","type":{".class":"LiteralType","fallback":"builtins.int","value":131097}}},"KEY_SET_VALUE":{".class":"SymbolTableNode","kind":"Gdef","node":{".class":"Var","flags":["is_ready"],"fullname":"winreg.KEY_SET_VALUE","name":"KEY_SET_VALUE","type":{".class":"LiteralType","fallback":"builtins.int","value":2}}},"KEY_WOW64_32KEY":{".class":"SymbolTableNode","kind":"Gdef","node":{".class":"Var","flags":["is_ready"],"fullname":"winreg.KEY_WOW64_32KEY","name":"KEY_WOW64_32KEY","type":{".class":"LiteralType","fallback":"builtins.int","value":512}}},"KEY_WOW64_64KEY":{".class":"SymbolTableNode","kind":"Gdef","node":{".class":"Var","flags":["is_ready"],"fullname":"winreg.KEY_WOW64_64KEY","name":"KEY_WOW64_64KEY","type":{".class":"LiteralType","fallback":"builtins.int","value":256}}},"KEY_WRITE":{".class":"SymbolTableNode","kind":"Gdef","node":{".class":"Var","flags":["is_ready"],"fullname":"winreg.KEY_WRITE","name":"KEY_WRITE","type":{".class":"LiteralType","fallback":"builtins.int","value":131078}}},"Literal":{".class":"SymbolTableNode","cross_ref":"typing_extensions.Literal","kind":"Gdef","module_hidden":true,"module_public":false},"LoadKey":{".class":"SymbolTableNode","kind":"Gdef","node":{".class":"FuncDef","abstract_status":0,"arg_kinds":[0,0,0],"arg_names":[null,null,null],"dataclass_transform_spec":null,"flags":[],"fullname":"winreg.LoadKey","name":"LoadKey","type":{".class":"CallableType","arg_kinds":[0,0,0],"arg_names":[null,null,null],"arg_types":[{".class":"TypeAliasType","args":[],"type_ref":"winreg._KeyType"},"builtins.str","builtins.str"],"bound_args":[],"def_extras":{"first_arg":null},"fallback":"builtins.function","from_concatenate":false,"implicit":false,"is_ellipsis_args":false,"name":"LoadKey","ret_type":{".class":"NoneType"},"type_guard":null,"unpack_kwargs":false,"variables":[]}}},"OpenKey":{".class":"SymbolTableNode","kind":"Gdef","node":{".class":"FuncDef","abstract_status":0,"arg_kinds":[0,0,1,1],"arg_names":["key","sub_key","reserved","access"],"dataclass_transform_spec":null,"flags":[],"fullname":"winreg.OpenKey","name":"OpenKey","type":{".class":"CallableType","arg_kinds":[0,0,1,1],"arg_names":["key","sub_key","reserved","access"],"arg_types":[{".class":"TypeAliasType","args":[],"type_ref":"winreg._KeyType"},"builtins.str","builtins.int","builtins.int"],"bound_args":[],"def_extras":{"first_arg":null},"fallback":"builtins.function","from_concatenate":false,"implicit":false,"is_ellipsis_args":false,"name":"OpenKey","ret_type":"winreg.HKEYType","type_guard":null,"unpack_kwargs":false,"variables":[]}}},"OpenKeyEx":{".class":"SymbolTableNode","kind":"Gdef","node":{".class":"FuncDef","abstract_status":0,"arg_kinds":[0,0,1,1],"arg_names":["key","sub_key","reserved","access"],"dataclass_transform_spec":null,"flags":[],"fullname":"winreg.OpenKeyEx","name":"OpenKeyEx","type":{".class":"CallableType","arg_kinds":[0,0,1,1],"arg_names":["key","sub_key","reserved","access"],"arg_types":[{".class":"TypeAliasType","args":[],"type_ref":"winreg._KeyType"},"builtins.str","builtins.int","builtins.int"],"bound_args":[],"def_extras":{"first_arg":null},"fallback":"builtins.function","from_concatenate":false,"implicit":false,"is_ellipsis_args":false,"name":"OpenKeyEx","ret_type":"winreg.HKEYType","type_guard":null,"unpack_kwargs":false,"variables":[]}}},"QueryInfoKey":{".class":"SymbolTableNode","kind":"Gdef","node":{".class":"FuncDef","abstract_status":0,"arg_kinds":[0],"arg_names":[null],"dataclass_transform_spec":null,"flags":[],"fullname":"winreg.QueryInfoKey","name":"QueryInfoKey","type":{".class":"CallableType","arg_kinds":[0],"arg_names":[null],"arg_types":[{".class":"TypeAliasType","args":[],"type_ref":"winreg._KeyType"}],"bound_args":[],"def_extras":{"first_arg":null},"fallback":"builtins.function","from_concatenate":false,"implicit":false,"is_ellipsis_args":false,"name":"QueryInfoKey","ret_type":{".class":"TupleType","implicit":false,"items":["builtins.int","builtins.int","builtins.int"],"partial_fallback":{".class":"Instance","args":[{".class":"AnyType","missing_import_name":null,"source_any":null,"type_of_any":6}],"type_ref":"builtins.tuple"}},"type_guard":null,"unpack_kwargs":false,"variables":[]}}},"QueryReflectionKey":{".class":"SymbolTableNode","kind":"Gdef","node":{".class":"FuncDef","abstract_status":0,"arg_kinds":[0],"arg_names":[null],"dataclass_transform_spec":null,"flags":[],"fullname":"winreg.QueryReflectionKey","name":"QueryReflectionKey","type":{".class":"CallableType","arg_kinds":[0],"arg_names":[null],"arg_types":[{".class":"TypeAliasType","args":[],"type_ref":"winreg._KeyType"}],"bound_args":[],"def_extras":{"first_arg":null},"fallback":"builtins.function","from_concatenate":false,"implicit":false,"is_ellipsis_args":false,"name":"QueryReflectionKey","ret_type":"builtins.bool","type_guard":null,"unpack_kwargs":false,"variables":[]}}},"QueryValue":{".class":"SymbolTableNode","kind":"Gdef","node":{".class":"FuncDef","abstract_status":0,"arg_kinds":[0,0],"arg_names":[null,null],"dataclass_transform_spec":null,"flags":[],"fullname":"winreg.QueryValue","name":"QueryValue","type":{".class":"CallableType","arg_kinds":[0,0],"arg_names":[null,null],"arg_types":[{".class":"TypeAliasType","args":[],"type_ref":"winreg._KeyType"},{".class":"UnionType","items":["builtins.str",{".class":"NoneType"}]}],"bound_args":[],"def_extras":{"first_arg":null},"fallback":"builtins.function","from_concatenate":false,"implicit":false,"is_ellipsis_args":false,"name":"QueryValue","ret_type":"builtins.str","type_guard":null,"unpack_kwargs":false,"variables":[]}}},"QueryValueEx":{".class":"SymbolTableNode","kind":"Gdef","node":{".class":"FuncDef","abstract_status":0,"arg_kinds":[0,0],"arg_names":[null,null],"dataclass_transform_spec":null,"flags":[],"fullname":"winreg.QueryValueEx","name":"QueryValueEx","type":{".class":"CallableType","arg_kinds":[0,0],"arg_names":[null,null],"arg_types":[{".class":"TypeAliasType","args":[],"type_ref":"winreg._KeyType"},"builtins.str"],"bound_args":[],"def_extras":{"first_arg":null},"fallback":"builtins.function","from_concatenate":false,"implicit":false,"is_ellipsis_args":false,"name":"QueryValueEx","ret_type":{".class":"TupleType","implicit":false,"items":[{".class":"AnyType","missing_import_name":null,"source_any":null,"type_of_any":2},"builtins.int"],"partial_fallback":{".class":"Instance","args":[{".class":"AnyType","missing_import_name":null,"source_any":null,"type_of_any":6}],"type_ref":"builtins.tuple"}},"type_guard":null,"unpack_kwargs":false,"variables":[]}}},"REG_BINARY":{".class":"SymbolTableNode","kind":"Gdef","node":{".class":"Var","flags":["is_ready"],"fullname":"winreg.REG_BINARY","name":"REG_BINARY","type":{".class":"LiteralType","fallback":"builtins.int","value":3}}},"REG_CREATED_NEW_KEY":{".class":"SymbolTableNode","kind":"Gdef","node":{".class":"Var","flags":["is_ready"],"fullname":"winreg.REG_CREATED_NEW_KEY","name":"REG_CREATED_NEW_KEY","type":"builtins.int"}},"REG_DWORD":{".class":"SymbolTableNode","kind":"Gdef","node":{".class":"Var","flags":["is_ready"],"fullname":"winreg.REG_DWORD","name":"REG_DWORD","type":{".class":"LiteralType","fallback":"builtins.int","value":4}}},"REG_DWORD_BIG_ENDIAN":{".class":"SymbolTableNode","kind":"Gdef","node":{".class":"Var","flags":["is_ready"],"fullname":"winreg.REG_DWORD_BIG_ENDIAN","name":"REG_DWORD_BIG_ENDIAN","type":{".class":"LiteralType","fallback":"builtins.int","value":5}}},"REG_DWORD_LITTLE_ENDIAN":{".class":"SymbolTableNode","kind":"Gdef","node":{".class":"Var","flags":["is_ready"],"fullname":"winreg.REG_DWORD_LITTLE_ENDIAN","name":"REG_DWORD_LITTLE_ENDIAN","type":{".class":"LiteralType","fallback":"builtins.int","value":4}}},"REG_EXPAND_SZ":{".class":"SymbolTableNode","kind":"Gdef","node":{".class":"Var","flags":["is_ready"],"fullname":"winreg.REG_EXPAND_SZ","name":"REG_EXPAND_SZ","type":{".class":"LiteralType","fallback":"builtins.int","value":2}}},"REG_FULL_RESOURCE_DESCRIPTOR":{".class":"SymbolTableNode","kind":"Gdef","node":{".class":"Var","flags":["is_ready"],"fullname":"winreg.REG_FULL_RESOURCE_DESCRIPTOR","name":"REG_FULL_RESOURCE_DESCRIPTOR","type":{".class":"LiteralType","fallback":"builtins.int","value":9}}},"REG_LEGAL_CHANGE_FILTER":{".class":"SymbolTableNode","kind":"Gdef","node":{".class":"Var","flags":["is_ready"],"fullname":"winreg.REG_LEGAL_CHANGE_FILTER","name":"REG_LEGAL_CHANGE_FILTER","type":"builtins.int"}},"REG_LEGAL_OPTION":{".class":"SymbolTableNode","kind":"Gdef","node":{".class":"Var","flags":["is_ready"],"fullname":"winreg.REG_LEGAL_OPTION","name":"REG_LEGAL_OPTION","type":"builtins.int"}},"REG_LINK":{".class":"SymbolTableNode","kind":"Gdef","node":{".class":"Var","flags":["is_ready"],"fullname":"winreg.REG_LINK","name":"REG_LINK","type":{".class":"LiteralType","fallback":"builtins.int","value":6}}},"REG_MULTI_SZ":{".class":"SymbolTableNode","kind":"Gdef","node":{".class":"Var","flags":["is_ready"],"fullname":"winreg.REG_MULTI_SZ","name":"REG_MULTI_SZ","type":{".class":"LiteralType","fallback":"builtins.int","value":7}}},"REG_NONE":{".class":"SymbolTableNode","kind":"Gdef","node":{".class":"Var","flags":["is_ready"],"fullname":"winreg.REG_NONE","name":"REG_NONE","type":{".class":"LiteralType","fallback":"builtins.int","value":0}}},"REG_NOTIFY_CHANGE_ATTRIBUTES":{".class":"SymbolTableNode","kind":"Gdef","node":{".class":"Var","flags":["is_ready"],"fullname":"winreg.REG_NOTIFY_CHANGE_ATTRIBUTES","name":"REG_NOTIFY_CHANGE_ATTRIBUTES","type":"builtins.int"}},"REG_NOTIFY_CHANGE_LAST_SET":{".class":"SymbolTableNode","kind":"Gdef","node":{".class":"Var","flags":["is_ready"],"fullname":"winreg.REG_NOTIFY_CHANGE_LAST_SET","name":"REG_NOTIFY_CHANGE_LAST_SET","type":"builtins.int"}},"REG_NOTIFY_CHANGE_NAME":{".class":"SymbolTableNode","kind":"Gdef","node":{".class":"Var","flags":["is_ready"],"fullname":"winreg.REG_NOTIFY_CHANGE_NAME","name":"REG_NOTIFY_CHANGE_NAME","type":"builtins.int"}},"REG_NOTIFY_CHANGE_SECURITY":{".class":"SymbolTableNode","kind":"Gdef","node":{".class":"Var","flags":["is_ready"],"fullname":"winreg.REG_NOTIFY_CHANGE_SECURITY","name":"REG_NOTIFY_CHANGE_SECURITY","type":"builtins.int"}},"REG_NO_LAZY_FLUSH":{".class":"SymbolTableNode","kind":"Gdef","node":{".class":"Var","flags":["is_ready"],"fullname":"winreg.REG_NO_LAZY_FLUSH","name":"REG_NO_LAZY_FLUSH","type":"builtins.int"}},"REG_OPENED_EXISTING_KEY":{".class":"SymbolTableNode","kind":"Gdef","node":{".class":"Var","flags":["is_ready"],"fullname":"winreg.REG_OPENED_EXISTING_KEY","name":"REG_OPENED_EXISTING_KEY","type":"builtins.int"}},"REG_OPTION_BACKUP_RESTORE":{".class":"SymbolTableNode","kind":"Gdef","node":{".class":"Var","flags":["is_ready"],"fullname":"winreg.REG_OPTION_BACKUP_RESTORE","name":"REG_OPTION_BACKUP_RESTORE","type":"builtins.int"}},"REG_OPTION_CREATE_LINK":{".class":"SymbolTableNode","kind":"Gdef","node":{".class":"Var","flags":["is_ready"],"fullname":"winreg.REG_OPTION_CREATE_LINK","name":"REG_OPTION_CREATE_LINK","type":"builtins.int"}},"REG_OPTION_NON_VOLATILE":{".class":"SymbolTableNode","kind":"Gdef","node":{".class":"Var","flags":["is_ready"],"fullname":"winreg.REG_OPTION_NON_VOLATILE","name":"REG_OPTION_NON_VOLATILE","type":"builtins.int"}},"REG_OPTION_OPEN_LINK":{".class":"SymbolTableNode","kind":"Gdef","node":{".class":"Var","flags":["is_ready"],"fullname":"winreg.REG_OPTION_OPEN_LINK","name":"REG_OPTION_OPEN_LINK","type":"builtins.int"}},"REG_OPTION_RESERVED":{".class":"SymbolTableNode","kind":"Gdef","node":{".class":"Var","flags":["is_ready"],"fullname":"winreg.REG_OPTION_RESERVED","name":"REG_OPTION_RESERVED","type":"builtins.int"}},"REG_OPTION_VOLATILE":{".class":"SymbolTableNode","kind":"Gdef","node":{".class":"Var","flags":["is_ready"],"fullname":"winreg.REG_OPTION_VOLATILE","name":"REG_OPTION_VOLATILE","type":"builtins.int"}},"REG_QWORD":{".class":"SymbolTableNode","kind":"Gdef","node":{".class":"Var","flags":["is_ready"],"fullname":"winreg.REG_QWORD","name":"REG_QWORD","type":{".class":"LiteralType","fallback":"builtins.int","value":11}}},"REG_QWORD_LITTLE_ENDIAN":{".class":"SymbolTableNode","kind":"Gdef","node":{".class":"Var","flags":["is_ready"],"fullname":"winreg.REG_QWORD_LITTLE_ENDIAN","name":"REG_QWORD_LITTLE_ENDIAN","type":{".class":"LiteralType","fallback":"builtins.int","value":11}}},"REG_REFRESH_HIVE":{".class":"SymbolTableNode","kind":"Gdef","node":{".class":"Var","flags":["is_ready"],"fullname":"winreg.REG_REFRESH_HIVE","name":"REG_REFRESH_HIVE","type":"builtins.int"}},"REG_RESOURCE_LIST":{".class":"SymbolTableNode","kind":"Gdef","node":{".class":"Var","flags":["is_ready"],"fullname":"winreg.REG_RESOURCE_LIST","name":"REG_RESOURCE_LIST","type":{".class":"LiteralType","fallback":"builtins.int","value":8}}},"REG_RESOURCE_REQUIREMENTS_LIST":{".class":"SymbolTableNode","kind":"Gdef","node":{".class":"Var","flags":["is_ready"],"fullname":"winreg.REG_RESOURCE_REQUIREMENTS_LIST","name":"REG_RESOURCE_REQUIREMENTS_LIST","type":{".class":"LiteralType","fallback":"builtins.int","value":10}}},"REG_SZ":{".class":"SymbolTableNode","kind":"Gdef","node":{".class":"Var","flags":["is_ready"],"fullname":"winreg.REG_SZ","name":"REG_SZ","type":{".class":"LiteralType","fallback":"builtins.int","value":1}}},"REG_WHOLE_HIVE_VOLATILE":{".class":"SymbolTableNode","kind":"Gdef","node":{".class":"Var","flags":["is_ready"],"fullname":"winreg.REG_WHOLE_HIVE_VOLATILE","name":"REG_WHOLE_HIVE_VOLATILE","type":"builtins.int"}},"SaveKey":{".class":"SymbolTableNode","kind":"Gdef","node":{".class":"FuncDef","abstract_status":0,"arg_kinds":[0,0],"arg_names":[null,null],"dataclass_transform_spec":null,"flags":[],"fullname":"winreg.SaveKey","name":"SaveKey","type":{".class":"CallableType","arg_kinds":[0,0],"arg_names":[null,null],"arg_types":[{".class":"TypeAliasType","args":[],"type_ref":"winreg._KeyType"},"builtins.str"],"bound_args":[],"def_extras":{"first_arg":null},"fallback":"builtins.function","from_concatenate":false,"implicit":false,"is_ellipsis_args":false,"name":"SaveKey","ret_type":{".class":"NoneType"},"type_guard":null,"unpack_kwargs":false,"variables":[]}}},"Self":{".class":"SymbolTableNode","cross_ref":"typing.Self","kind":"Gdef","module_hidden":true,"module_public":false},"SetValue":{".class":"SymbolTableNode","kind":"Gdef","node":{".class":"FuncDef","abstract_status":0,"arg_kinds":[0,0,0,0],"arg_names":[null,null,null,null],"dataclass_transform_spec":null,"flags":[],"fullname":"winreg.SetValue","name":"SetValue","type":{".class":"CallableType","arg_kinds":[0,0,0,0],"arg_names":[null,null,null,null],"arg_types":[{".class":"TypeAliasType","args":[],"type_ref":"winreg._KeyType"},"builtins.str","builtins.int","builtins.str"],"bound_args":[],"def_extras":{"first_arg":null},"fallback":"builtins.function","from_concatenate":false,"implicit":false,"is_ellipsis_args":false,"name":"SetValue","ret_type":{".class":"NoneType"},"type_guard":null,"unpack_kwargs":false,"variables":[]}}},"SetValueEx":{".class":"SymbolTableNode","kind":"Gdef","node":{".class":"FuncDef","abstract_status":0,"arg_kinds":[0,0,0,0,0],"arg_names":[null,null,null,null,null],"dataclass_transform_spec":null,"flags":[],"fullname":"winreg.SetValueEx","name":"SetValueEx","type":{".class":"CallableType","arg_kinds":[0,0,0,0,0],"arg_names":[null,null,null,null,null],"arg_types":[{".class":"TypeAliasType","args":[],"type_ref":"winreg._KeyType"},{".class":"UnionType","items":["builtins.str",{".class":"NoneType"}]},{".class":"AnyType","missing_import_name":null,"source_any":null,"type_of_any":2},"builtins.int",{".class":"UnionType","items":["builtins.str","builtins.int"]}],"bound_args":[],"def_extras":{"first_arg":null},"fallback":"builtins.function","from_concatenate":false,"implicit":false,"is_ellipsis_args":false,"name":"SetValueEx","ret_type":{".class":"NoneType"},"type_guard":null,"unpack_kwargs":false,"variables":[]}}},"TracebackType":{".class":"SymbolTableNode","cross_ref":"types.TracebackType","kind":"Gdef","module_hidden":true,"module_public":false},"TypeAlias":{".class":"SymbolTableNode","cross_ref":"typing.TypeAlias","kind":"Gdef","module_hidden":true,"module_public":false},"_KeyType":{".class":"SymbolTableNode","kind":"Gdef","node":{".class":"TypeAlias","alias_tvars":[],"column":4,"fullname":"winreg._KeyType","line":7,"no_args":false,"normalized":false,"target":{".class":"UnionType","items":["winreg.HKEYType","builtins.int"]}}},"__annotations__":{".class":"SymbolTableNode","kind":"Gdef","node":{".class":"Var","flags":["is_ready"],"fullname":"winreg.__annotations__","name":"__annotations__","type":{".class":"Instance","args":["builtins.str",{".class":"AnyType","missing_import_name":null,"source_any":null,"type_of_any":6}],"type_ref":"builtins.dict"}}},"__doc__":{".class":"SymbolTableNode","kind":"Gdef","node":{".class":"Var","flags":["is_ready"],"fullname":"winreg.__doc__","name":"__doc__","type":"builtins.str"}},"__file__":{".class":"SymbolTableNode","kind":"Gdef","node":{".class":"Var","flags":["is_ready"],"fullname":"winreg.__file__","name":"__file__","type":"builtins.str"}},"__name__":{".class":"SymbolTableNode","kind":"Gdef","node":{".class":"Var","flags":["is_ready"],"fullname":"winreg.__name__","name":"__name__","type":"builtins.str"}},"__package__":{".class":"SymbolTableNode","kind":"Gdef","node":{".class":"Var","flags":["is_ready"],"fullname":"winreg.__package__","name":"__package__","type":"builtins.str"}},"error":{".class":"SymbolTableNode","kind":"Gdef","node":{".class":"TypeAlias","alias_tvars":[],"column":4,"fullname":"winreg.error","line":88,"no_args":true,"normalized":false,"target":"builtins.OSError"}},"final":{".class":"SymbolTableNode","cross_ref":"typing_extensions.final","kind":"Gdef","module_hidden":true,"module_public":false},"sys":{".class":"SymbolTableNode","cross_ref":"sys","kind":"Gdef","module_hidden":true,"module_public":false}},"path":"C:\\Users\\Vasilis\\AppData\\Local\\Programs\\Python\\Python313\\Lib\\site-packages\\mypy\\typeshed\\stdlib\\winreg.pyi"}