{".class":"MypyFile","_fullname":"alembic.script.write_hooks","future_import_flags":["annotations"],"is_partial_stub_package":false,"is_stub":false,"names":{".class":"SymbolTable","Any":{".class":"SymbolTableNode","cross_ref":"typing.Any","kind":"Gdef"},"Callable":{".class":"SymbolTableNode","cross_ref":"typing.Callable","kind":"Gdef"},"PostWriteHookConfig":{".class":"SymbolTableNode","cross_ref":"alembic.config.PostWriteHookConfig","kind":"Gdef"},"REVISION_SCRIPT_TOKEN":{".class":"SymbolTableNode","kind":"Gdef","node":{".class":"Var","flags":["is_ready","is_inferred","has_explicit_value"],"fullname":"alembic.script.write_hooks.REVISION_SCRIPT_TOKEN","name":"REVISION_SCRIPT_TOKEN","type":"builtins.str"}},"TYPE_CHECKING":{".class":"SymbolTableNode","cross_ref":"typing.TYPE_CHECKING","kind":"Gdef"},"__annotations__":{".class":"SymbolTableNode","kind":"Gdef","node":{".class":"Var","flags":["is_ready"],"fullname":"alembic.script.write_hooks.__annotations__","name":"__annotations__","type":{".class":"Instance","args":["builtins.str",{".class":"AnyType","missing_import_name":null,"source_any":null,"type_of_any":6}],"type_ref":"builtins.dict"}}},"__doc__":{".class":"SymbolTableNode","kind":"Gdef","node":{".class":"Var","flags":["is_ready"],"fullname":"alembic.script.write_hooks.__doc__","name":"__doc__","type":"builtins.str"}},"__file__":{".class":"SymbolTableNode","kind":"Gdef","node":{".class":"Var","flags":["is_ready"],"fullname":"alembic.script.write_hooks.__file__","name":"__file__","type":"builtins.str"}},"__name__":{".class":"SymbolTableNode","kind":"Gdef","node":{".class":"Var","flags":["is_ready"],"fullname":"alembic.script.write_hooks.__name__","name":"__name__","type":"builtins.str"}},"__package__":{".class":"SymbolTableNode","kind":"Gdef","node":{".class":"Var","flags":["is_ready"],"fullname":"alembic.script.write_hooks.__package__","name":"__package__","type":"builtins.str"}},"_get_required_option":{".class":"SymbolTableNode","kind":"Gdef","node":{".class":"FuncDef","abstract_status":0,"arg_kinds":[0,0],"arg_names":["options","name"],"dataclass_transform_spec":null,"flags":[],"fullname":"alembic.script.write_hooks._get_required_option","name":"_get_required_option","type":{".class":"CallableType","arg_kinds":[0,0],"arg_names":["options","name"],"arg_types":[{".class":"Instance","args":[{".class":"AnyType","missing_import_name":null,"source_any":null,"type_of_any":4},{".class":"AnyType","missing_import_name":null,"source_any":null,"type_of_any":4}],"type_ref":"builtins.dict"},"builtins.str"],"bound_args":[],"def_extras":{"first_arg":null},"fallback":"builtins.function","from_concatenate":false,"implicit":false,"is_ellipsis_args":false,"name":"_get_required_option","ret_type":"builtins.str","type_guard":null,"unpack_kwargs":false,"variables":[]}}},"_invoke":{".class":"SymbolTableNode","kind":"Gdef","node":{".class":"FuncDef","abstract_status":0,"arg_kinds":[0,0,0],"arg_names":["name","revision_path","options"],"dataclass_transform_spec":null,"flags":[],"fullname":"alembic.script.write_hooks._invoke","name":"_invoke","type":{".class":"CallableType","arg_kinds":[0,0,0],"arg_names":["name","revision_path","options"],"arg_types":["builtins.str",{".class":"UnionType","items":["builtins.str",{".class":"Instance","args":["builtins.str"],"type_ref":"os.PathLike"}]},{".class":"TypeAliasType","args":[],"type_ref":"alembic.config.PostWriteHookConfig"}],"bound_args":[],"def_extras":{"first_arg":null},"fallback":"builtins.function","from_concatenate":false,"implicit":false,"is_ellipsis_args":false,"name":"_invoke","ret_type":{".class":"AnyType","missing_import_name":null,"source_any":null,"type_of_any":2},"type_guard":null,"unpack_kwargs":false,"variables":[]}}},"_parse_cmdline_options":{".class":"SymbolTableNode","kind":"Gdef","node":{".class":"FuncDef","abstract_status":0,"arg_kinds":[0,0],"arg_names":["cmdline_options_str","path"],"dataclass_transform_spec":null,"flags":[],"fullname":"alembic.script.write_hooks._parse_cmdline_options","name":"_parse_cmdline_options","type":{".class":"CallableType","arg_kinds":[0,0],"arg_names":["cmdline_options_str","path"],"arg_types":["builtins.str","builtins.str"],"bound_args":[],"def_extras":{"first_arg":null},"fallback":"builtins.function","from_concatenate":false,"implicit":false,"is_ellipsis_args":false,"name":"_parse_cmdline_options","ret_type":{".class":"Instance","args":["builtins.str"],"type_ref":"builtins.list"},"type_guard":null,"unpack_kwargs":false,"variables":[]}}},"_preserving_path_as_str":{".class":"SymbolTableNode","cross_ref":"alembic.util.pyfiles._preserving_path_as_str","kind":"Gdef"},"_registry":{".class":"SymbolTableNode","kind":"Gdef","node":{".class":"Var","flags":["is_ready","has_explicit_value"],"fullname":"alembic.script.write_hooks._registry","name":"_registry","type":{".class":"Instance","args":[{".class":"AnyType","missing_import_name":null,"source_any":null,"type_of_any":4},{".class":"AnyType","missing_import_name":null,"source_any":null,"type_of_any":4}],"type_ref":"builtins.dict"}}},"_run_hook":{".class":"SymbolTableNode","kind":"Gdef","node":{".class":"FuncDef","abstract_status":0,"arg_kinds":[0,0,0,0],"arg_names":["path","options","ignore_output","command"],"dataclass_transform_spec":null,"flags":[],"fullname":"alembic.script.write_hooks._run_hook","name":"_run_hook","type":{".class":"CallableType","arg_kinds":[0,0,0,0],"arg_names":["path","options","ignore_output","command"],"arg_types":["builtins.str",{".class":"Instance","args":[{".class":"AnyType","missing_import_name":null,"source_any":null,"type_of_any":4},{".class":"AnyType","missing_import_name":null,"source_any":null,"type_of_any":4}],"type_ref":"builtins.dict"},"builtins.bool",{".class":"Instance","args":["builtins.str"],"type_ref":"builtins.list"}],"bound_args":[],"def_extras":{"first_arg":null},"fallback":"builtins.function","from_concatenate":false,"implicit":false,"is_ellipsis_args":false,"name":"_run_hook","ret_type":{".class":"NoneType"},"type_guard":null,"unpack_kwargs":false,"variables":[]}}},"_run_hooks":{".class":"SymbolTableNode","kind":"Gdef","node":{".class":"FuncDef","abstract_status":0,"arg_kinds":[0,0],"arg_names":["path","hooks"],"dataclass_transform_spec":null,"flags":[],"fullname":"alembic.script.write_hooks._run_hooks","name":"_run_hooks","type":{".class":"CallableType","arg_kinds":[0,0],"arg_names":["path","hooks"],"arg_types":[{".class":"UnionType","items":["builtins.str",{".class":"Instance","args":["builtins.str"],"type_ref":"os.PathLike"}]},{".class":"Instance","args":[{".class":"TypeAliasType","args":[],"type_ref":"alembic.config.PostWriteHookConfig"}],"type_ref":"builtins.list"}],"bound_args":[],"def_extras":{"first_arg":null},"fallback":"builtins.function","from_concatenate":false,"implicit":false,"is_ellipsis_args":false,"name":"_run_hooks","ret_type":{".class":"NoneType"},"type_guard":null,"unpack_kwargs":false,"variables":[]}}},"annotations":{".class":"SymbolTableNode","cross_ref":"__future__.annotations","kind":"Gdef"},"compat":{".class":"SymbolTableNode","cross_ref":"alembic.util.compat","kind":"Gdef"},"console_scripts":{".class":"SymbolTableNode","kind":"Gdef","node":{".class":"Decorator","func":{".class":"FuncDef","abstract_status":0,"arg_kinds":[0,0,1],"arg_names":["path","options","ignore_output"],"dataclass_transform_spec":null,"flags":["is_decorated"],"fullname":"alembic.script.write_hooks.console_scripts","name":"console_scripts","type":{".class":"CallableType","arg_kinds":[0,0,1],"arg_names":["path","options","ignore_output"],"arg_types":["builtins.str",{".class":"Instance","args":[{".class":"AnyType","missing_import_name":null,"source_any":null,"type_of_any":4},{".class":"AnyType","missing_import_name":null,"source_any":null,"type_of_any":4}],"type_ref":"builtins.dict"},"builtins.bool"],"bound_args":[],"def_extras":{"first_arg":null},"fallback":"builtins.function","from_concatenate":false,"implicit":false,"is_ellipsis_args":false,"name":"console_scripts","ret_type":{".class":"NoneType"},"type_guard":null,"unpack_kwargs":false,"variables":[]}},"is_overload":false,"var":{".class":"Var","flags":["is_ready","is_inferred"],"fullname":"alembic.script.write_hooks.console_scripts","name":"console_scripts","type":{".class":"AnyType","missing_import_name":null,"source_any":null,"type_of_any":4}}}},"exec_":{".class":"SymbolTableNode","kind":"Gdef","node":{".class":"Decorator","func":{".class":"FuncDef","abstract_status":0,"arg_kinds":[0,0,1],"arg_names":["path","options","ignore_output"],"dataclass_transform_spec":null,"flags":["is_decorated"],"fullname":"alembic.script.write_hooks.exec_","name":"exec_","type":{".class":"CallableType","arg_kinds":[0,0,1],"arg_names":["path","options","ignore_output"],"arg_types":["builtins.str",{".class":"Instance","args":[{".class":"AnyType","missing_import_name":null,"source_any":null,"type_of_any":4},{".class":"AnyType","missing_import_name":null,"source_any":null,"type_of_any":4}],"type_ref":"builtins.dict"},"builtins.bool"],"bound_args":[],"def_extras":{"first_arg":null},"fallback":"builtins.function","from_concatenate":false,"implicit":false,"is_ellipsis_args":false,"name":"exec_","ret_type":{".class":"NoneType"},"type_guard":null,"unpack_kwargs":false,"variables":[]}},"is_overload":false,"var":{".class":"Var","flags":["is_ready","is_inferred"],"fullname":"alembic.script.write_hooks.exec_","name":"exec_","type":{".class":"AnyType","missing_import_name":null,"source_any":null,"type_of_any":4}}}},"importlib":{".class":"SymbolTableNode","cross_ref":"importlib","kind":"Gdef"},"module":{".class":"SymbolTableNode","kind":"Gdef","node":{".class":"Decorator","func":{".class":"FuncDef","abstract_status":0,"arg_kinds":[0,0,1],"arg_names":["path","options","ignore_output"],"dataclass_transform_spec":null,"flags":["is_decorated"],"fullname":"alembic.script.write_hooks.module","name":"module","type":{".class":"CallableType","arg_kinds":[0,0,1],"arg_names":["path","options","ignore_output"],"arg_types":["builtins.str",{".class":"Instance","args":[{".class":"AnyType","missing_import_name":null,"source_any":null,"type_of_any":4},{".class":"AnyType","missing_import_name":null,"source_any":null,"type_of_any":4}],"type_ref":"builtins.dict"},"builtins.bool"],"bound_args":[],"def_extras":{"first_arg":null},"fallback":"builtins.function","from_concatenate":false,"implicit":false,"is_ellipsis_args":false,"name":"module","ret_type":{".class":"NoneType"},"type_guard":null,"unpack_kwargs":false,"variables":[]}},"is_overload":false,"var":{".class":"Var","flags":["is_ready","is_inferred"],"fullname":"alembic.script.write_hooks.module","name":"module","type":{".class":"AnyType","missing_import_name":null,"source_any":null,"type_of_any":4}}}},"os":{".class":"SymbolTableNode","cross_ref":"os","kind":"Gdef"},"register":{".class":"SymbolTableNode","kind":"Gdef","node":{".class":"FuncDef","abstract_status":0,"arg_kinds":[0],"arg_names":["name"],"dataclass_transform_spec":null,"flags":[],"fullname":"alembic.script.write_hooks.register","name":"register","type":{".class":"CallableType","arg_kinds":[0],"arg_names":["name"],"arg_types":["builtins.str"],"bound_args":[],"def_extras":{"first_arg":null},"fallback":"builtins.function","from_concatenate":false,"implicit":false,"is_ellipsis_args":false,"name":"register","ret_type":{".class":"CallableType","arg_kinds":[2,4],"arg_names":[null,null],"arg_types":[{".class":"AnyType","missing_import_name":null,"source_any":null,"type_of_any":4},{".class":"AnyType","missing_import_name":null,"source_any":null,"type_of_any":4}],"bound_args":[],"def_extras":{},"fallback":"builtins.function","from_concatenate":false,"implicit":false,"is_ellipsis_args":true,"name":null,"ret_type":{".class":"AnyType","missing_import_name":null,"source_any":null,"type_of_any":4},"type_guard":null,"unpack_kwargs":false,"variables":[]},"type_guard":null,"unpack_kwargs":false,"variables":[]}}},"shlex":{".class":"SymbolTableNode","cross_ref":"shlex","kind":"Gdef"},"subprocess":{".class":"SymbolTableNode","cross_ref":"subprocess","kind":"Gdef"},"sys":{".class":"SymbolTableNode","cross_ref":"sys","kind":"Gdef"},"util":{".class":"SymbolTableNode","cross_ref":"alembic.util","kind":"Gdef"}},"path":"C:\\Users\\Vasilis\\AppData\\Local\\Programs\\Python\\Python313\\Lib\\site-packages\\alembic\\script\\write_hooks.py"}