{"data_mtime":1762095563,"dep_lines":[16,17,6,15,20,4,6,7,8,9,10,11,15,1,1,1,1,1,1,1,1,1,1,1],"dep_prios":[10,5,10,10,25,5,20,10,10,10,10,5,20,5,30,30,30,30,30,30,30,30,30,30],"dependencies":["alembic.util.compat","alembic.util.pyfiles","importlib.util","alembic.util","alembic.config","__future__","importlib","os","shlex","subprocess","sys","typing","alembic","builtins","abc","alembic.util.exc","array","contextlib","ctypes","importlib.machinery","importlib.metadata","mmap","pickle","typing_extensions"],"hash":"6cab4256ebbef0793cb1240898c954e834a17893fcd8e20e8bb6c5c01bbb9fff","id":"alembic.script.write_hooks","ignore_all":true,"interface_hash":"6140d65be49a4568c5a7064a31bda25d2706f6a5c9c45221a0242caf0c59bbc9","mtime":1761854780,"options":{"allow_redefinition":false,"allow_untyped_globals":false,"always_false":[],"always_true":[],"bazel":false,"check_untyped_defs":false,"disable_bytearray_promotion":false,"disable_error_code":[],"disable_memoryview_promotion":false,"disabled_error_codes":[],"disallow_any_decorated":false,"disallow_any_explicit":false,"disallow_any_expr":false,"disallow_any_generics":false,"disallow_any_unimported":false,"disallow_incomplete_defs":false,"disallow_subclassing_any":false,"disallow_untyped_calls":false,"disallow_untyped_decorators":false,"disallow_untyped_defs":false,"enable_error_code":[],"enabled_error_codes":[],"follow_imports":"silent","follow_imports_for_stubs":false,"ignore_errors":false,"ignore_missing_imports":true,"implicit_optional":true,"implicit_reexport":true,"local_partial_types":false,"mypyc":false,"platform":"win32","plugins":[],"strict_concatenate":false,"strict_equality":false,"strict_optional":true,"warn_no_return":true,"warn_return_any":false,"warn_unreachable":false,"warn_unused_ignores":false},"path":"C:\\Users\\Vasilis\\AppData\\Local\\Programs\\Python\\Python313\\Lib\\site-packages\\alembic\\script\\write_hooks.py","plugin_data":null,"size":4976,"suppressed":[],"version_id":"1.3.0"}