{".class":"MypyFile","_fullname":"zipfile","future_import_flags":[],"is_partial_stub_package":false,"is_stub":true,"names":{".class":"SymbolTable","Any":{".class":"SymbolTableNode","cross_ref":"typing.Any","kind":"Gdef","module_hidden":true,"module_public":false},"BadZipFile":{".class":"SymbolTableNode","kind":"Gdef","node":{".class":"TypeInfo","_promote":[],"abstract_attributes":[],"alt_promote":null,"bases":["builtins.Exception"],"dataclass_transform_spec":null,"declared_metaclass":null,"defn":{".class":"ClassDef","fullname":"zipfile.BadZipFile","name":"BadZipFile","type_vars":[]},"deletable_attributes":[],"flags":[],"fullname":"zipfile.BadZipFile","has_param_spec_type":false,"metaclass_type":null,"metadata":{},"module_name":"zipfile","mro":["zipfile.BadZipFile","builtins.Exception","builtins.BaseException","builtins.object"],"names":{".class":"SymbolTable"},"self_type":null,"slots":null,"tuple_type":null,"type_vars":[],"typeddict_type":null}},"BadZipfile":{".class":"SymbolTableNode","kind":"Gdef","node":{".class":"TypeAlias","alias_tvars":[],"column":0,"fullname":"zipfile.BadZipfile","line":35,"no_args":true,"normalized":false,"target":"zipfile.BadZipFile"}},"Callable":{".class":"SymbolTableNode","cross_ref":"typing.Callable","kind":"Gdef","module_hidden":true,"module_public":false},"IO":{".class":"SymbolTableNode","cross_ref":"typing.IO","kind":"Gdef","module_hidden":true,"module_public":false},"Iterable":{".class":"SymbolTableNode","cross_ref":"typing.Iterable","kind":"Gdef","module_hidden":true,"module_public":false},"Iterator":{".class":"SymbolTableNode","cross_ref":"typing.Iterator","kind":"Gdef","module_hidden":true,"module_public":false},"LargeZipFile":{".class":"SymbolTableNode","kind":"Gdef","node":{".class":"TypeInfo","_promote":[],"abstract_attributes":[],"alt_promote":null,"bases":["builtins.Exception"],"dataclass_transform_spec":null,"declared_metaclass":null,"defn":{".class":"ClassDef","fullname":"zipfile.LargeZipFile","name":"LargeZipFile","type_vars":[]},"deletable_attributes":[],"flags":[],"fullname":"zipfile.LargeZipFile","has_param_spec_type":false,"metaclass_type":null,"metadata":{},"module_name":"zipfile","mro":["zipfile.LargeZipFile","builtins.Exception","builtins.BaseException","builtins.object"],"names":{".class":"SymbolTable"},"self_type":null,"slots":null,"tuple_type":null,"type_vars":[],"typeddict_type":null}},"Literal":{".class":"SymbolTableNode","cross_ref":"typing_extensions.Literal","kind":"Gdef","module_hidden":true,"module_public":false},"Path":{".class":"SymbolTableNode","kind":"Gdef","node":{".class":"TypeInfo","_promote":[],"abstract_attributes":[],"alt_promote":null,"bases":["builtins.object"],"dataclass_transform_spec":null,"declared_metaclass":null,"defn":{".class":"ClassDef","fullname":"zipfile.Path","name":"Path","type_vars":[]},"deletable_attributes":[],"flags":[],"fullname":"zipfile.Path","has_param_spec_type":false,"metaclass_type":null,"metadata":{},"module_name":"zipfile","mro":["zipfile.Path","builtins.object"],"names":{".class":"SymbolTable","__init__":{".class":"SymbolTableNode","kind":"Mdef","node":{".class":"FuncDef","abstract_status":0,"arg_kinds":[0,0,1],"arg_names":["self","root","at"],"dataclass_transform_spec":null,"flags":[],"fullname":"zipfile.Path.__init__","name":"__init__","type":{".class":"CallableType","arg_kinds":[0,0,1],"arg_names":["self","root","at"],"arg_types":["zipfile.Path",{".class":"UnionType","items":["zipfile.ZipFile",{".class":"TypeAliasType","args":[],"type_ref":"_typeshed.StrPath"},{".class":"Instance","args":["builtins.bytes"],"type_ref":"typing.IO"}]},"builtins.str"],"bound_args":[],"def_extras":{"first_arg":"self"},"fallback":"builtins.function","from_concatenate":false,"implicit":false,"is_ellipsis_args":false,"name":"__init__ of Path","ret_type":{".class":"NoneType"},"type_guard":null,"unpack_kwargs":false,"variables":[]}}},"__truediv__":{".class":"SymbolTableNode","kind":"Mdef","node":{".class":"FuncDef","abstract_status":0,"arg_kinds":[0,0],"arg_names":[null,null],"dataclass_transform_spec":null,"flags":[],"fullname":"zipfile.Path.__truediv__","name":"__truediv__","type":{".class":"CallableType","arg_kinds":[0,0],"arg_names":[null,null],"arg_types":["zipfile.Path",{".class":"TypeAliasType","args":[],"type_ref":"_typeshed.StrPath"}],"bound_args":[],"def_extras":{"first_arg":"self"},"fallback":"builtins.function","from_concatenate":false,"implicit":false,"is_ellipsis_args":false,"name":"__truediv__ of Path","ret_type":"zipfile.Path","type_guard":null,"unpack_kwargs":false,"variables":[]}}},"exists":{".class":"SymbolTableNode","kind":"Mdef","node":{".class":"FuncDef","abstract_status":0,"arg_kinds":[0],"arg_names":["self"],"dataclass_transform_spec":null,"flags":[],"fullname":"zipfile.Path.exists","name":"exists","type":{".class":"CallableType","arg_kinds":[0],"arg_names":["self"],"arg_types":["zipfile.Path"],"bound_args":[],"def_extras":{"first_arg":"self"},"fallback":"builtins.function","from_concatenate":false,"implicit":false,"is_ellipsis_args":false,"name":"exists of Path","ret_type":"builtins.bool","type_guard":null,"unpack_kwargs":false,"variables":[]}}},"filename":{".class":"SymbolTableNode","kind":"Mdef","node":{".class":"Decorator","func":{".class":"FuncDef","abstract_status":0,"arg_kinds":[0],"arg_names":["self"],"dataclass_transform_spec":null,"flags":["is_property","is_decorated"],"fullname":"zipfile.Path.filename","name":"filename","type":{".class":"CallableType","arg_kinds":[0],"arg_names":["self"],"arg_types":["zipfile.Path"],"bound_args":[],"def_extras":{"first_arg":"self"},"fallback":"builtins.function","from_concatenate":false,"implicit":false,"is_ellipsis_args":false,"name":"filename of Path","ret_type":{".class":"Instance","args":["builtins.str"],"type_ref":"os.PathLike"},"type_guard":null,"unpack_kwargs":false,"variables":[]}},"is_overload":false,"var":{".class":"Var","flags":["is_initialized_in_class","is_property","is_ready","is_inferred"],"fullname":"zipfile.Path.filename","name":"filename","type":{".class":"CallableType","arg_kinds":[0],"arg_names":["self"],"arg_types":["zipfile.Path"],"bound_args":[],"def_extras":{"first_arg":"self"},"fallback":"builtins.function","from_concatenate":false,"implicit":false,"is_ellipsis_args":false,"name":"filename of Path","ret_type":{".class":"Instance","args":["builtins.str"],"type_ref":"os.PathLike"},"type_guard":null,"unpack_kwargs":false,"variables":[]}}}},"is_dir":{".class":"SymbolTableNode","kind":"Mdef","node":{".class":"FuncDef","abstract_status":0,"arg_kinds":[0],"arg_names":["self"],"dataclass_transform_spec":null,"flags":[],"fullname":"zipfile.Path.is_dir","name":"is_dir","type":{".class":"CallableType","arg_kinds":[0],"arg_names":["self"],"arg_types":["zipfile.Path"],"bound_args":[],"def_extras":{"first_arg":"self"},"fallback":"builtins.function","from_concatenate":false,"implicit":false,"is_ellipsis_args":false,"name":"is_dir of Path","ret_type":"builtins.bool","type_guard":null,"unpack_kwargs":false,"variables":[]}}},"is_file":{".class":"SymbolTableNode","kind":"Mdef","node":{".class":"FuncDef","abstract_status":0,"arg_kinds":[0],"arg_names":["self"],"dataclass_transform_spec":null,"flags":[],"fullname":"zipfile.Path.is_file","name":"is_file","type":{".class":"CallableType","arg_kinds":[0],"arg_names":["self"],"arg_types":["zipfile.Path"],"bound_args":[],"def_extras":{"first_arg":"self"},"fallback":"builtins.function","from_concatenate":false,"implicit":false,"is_ellipsis_args":false,"name":"is_file of Path","ret_type":"builtins.bool","type_guard":null,"unpack_kwargs":false,"variables":[]}}},"iterdir":{".class":"SymbolTableNode","kind":"Mdef","node":{".class":"FuncDef","abstract_status":0,"arg_kinds":[0],"arg_names":["self"],"dataclass_transform_spec":null,"flags":[],"fullname":"zipfile.Path.iterdir","name":"iterdir","type":{".class":"CallableType","arg_kinds":[0],"arg_names":["self"],"arg_types":["zipfile.Path"],"bound_args":[],"def_extras":{"first_arg":"self"},"fallback":"builtins.function","from_concatenate":false,"implicit":false,"is_ellipsis_args":false,"name":"iterdir of Path","ret_type":{".class":"Instance","args":["zipfile.Path"],"type_ref":"typing.Iterator"},"type_guard":null,"unpack_kwargs":false,"variables":[]}}},"joinpath":{".class":"SymbolTableNode","kind":"Mdef","node":{".class":"FuncDef","abstract_status":0,"arg_kinds":[0,2],"arg_names":["self","other"],"dataclass_transform_spec":null,"flags":[],"fullname":"zipfile.Path.joinpath","name":"joinpath","type":{".class":"CallableType","arg_kinds":[0,2],"arg_names":["self","other"],"arg_types":["zipfile.Path",{".class":"TypeAliasType","args":[],"type_ref":"_typeshed.StrPath"}],"bound_args":[],"def_extras":{"first_arg":"self"},"fallback":"builtins.function","from_concatenate":false,"implicit":false,"is_ellipsis_args":false,"name":"joinpath of Path","ret_type":"zipfile.Path","type_guard":null,"unpack_kwargs":false,"variables":[]}}},"name":{".class":"SymbolTableNode","kind":"Mdef","node":{".class":"Decorator","func":{".class":"FuncDef","abstract_status":0,"arg_kinds":[0],"arg_names":["self"],"dataclass_transform_spec":null,"flags":["is_property","is_decorated"],"fullname":"zipfile.Path.name","name":"name","type":{".class":"CallableType","arg_kinds":[0],"arg_names":["self"],"arg_types":["zipfile.Path"],"bound_args":[],"def_extras":{"first_arg":"self"},"fallback":"builtins.function","from_concatenate":false,"implicit":false,"is_ellipsis_args":false,"name":"name of Path","ret_type":"builtins.str","type_guard":null,"unpack_kwargs":false,"variables":[]}},"is_overload":false,"var":{".class":"Var","flags":["is_initialized_in_class","is_property","is_ready","is_inferred"],"fullname":"zipfile.Path.name","name":"name","type":{".class":"CallableType","arg_kinds":[0],"arg_names":["self"],"arg_types":["zipfile.Path"],"bound_args":[],"def_extras":{"first_arg":"self"},"fallback":"builtins.function","from_concatenate":false,"implicit":false,"is_ellipsis_args":false,"name":"name of Path","ret_type":"builtins.str","type_guard":null,"unpack_kwargs":false,"variables":[]}}}},"open":{".class":"SymbolTableNode","kind":"Mdef","node":{".class":"FuncDef","abstract_status":0,"arg_kinds":[0,1,1,2,5,4],"arg_names":["self","mode","encoding","args","pwd","kwargs"],"dataclass_transform_spec":null,"flags":[],"fullname":"zipfile.Path.open","name":"open","type":{".class":"CallableType","arg_kinds":[0,1,1,2,5,4],"arg_names":["self","mode","encoding","args","pwd","kwargs"],"arg_types":["zipfile.Path",{".class":"TypeAliasType","args":[],"type_ref":"zipfile._ReadWriteBinaryMode"},{".class":"UnionType","items":["builtins.str",{".class":"NoneType"}]},{".class":"AnyType","missing_import_name":null,"source_any":null,"type_of_any":2},{".class":"UnionType","items":["builtins.bytes",{".class":"NoneType"}]},{".class":"AnyType","missing_import_name":null,"source_any":null,"type_of_any":2}],"bound_args":[],"def_extras":{"first_arg":"self"},"fallback":"builtins.function","from_concatenate":false,"implicit":false,"is_ellipsis_args":false,"name":"open of Path","ret_type":{".class":"Instance","args":["builtins.bytes"],"type_ref":"typing.IO"},"type_guard":null,"unpack_kwargs":false,"variables":[]}}},"parent":{".class":"SymbolTableNode","kind":"Mdef","node":{".class":"Decorator","func":{".class":"FuncDef","abstract_status":0,"arg_kinds":[0],"arg_names":["self"],"dataclass_transform_spec":null,"flags":["is_property","is_decorated"],"fullname":"zipfile.Path.parent","name":"parent","type":{".class":"CallableType","arg_kinds":[0],"arg_names":["self"],"arg_types":["zipfile.Path"],"bound_args":[],"def_extras":{"first_arg":"self"},"fallback":"builtins.function","from_concatenate":false,"implicit":false,"is_ellipsis_args":false,"name":"parent of Path","ret_type":{".class":"Instance","args":["builtins.str"],"type_ref":"os.PathLike"},"type_guard":null,"unpack_kwargs":false,"variables":[]}},"is_overload":false,"var":{".class":"Var","flags":["is_initialized_in_class","is_property","is_ready","is_inferred"],"fullname":"zipfile.Path.parent","name":"parent","type":{".class":"CallableType","arg_kinds":[0],"arg_names":["self"],"arg_types":["zipfile.Path"],"bound_args":[],"def_extras":{"first_arg":"self"},"fallback":"builtins.function","from_concatenate":false,"implicit":false,"is_ellipsis_args":false,"name":"parent of Path","ret_type":{".class":"Instance","args":["builtins.str"],"type_ref":"os.PathLike"},"type_guard":null,"unpack_kwargs":false,"variables":[]}}}},"read_bytes":{".class":"SymbolTableNode","kind":"Mdef","node":{".class":"FuncDef","abstract_status":0,"arg_kinds":[0],"arg_names":["self"],"dataclass_transform_spec":null,"flags":[],"fullname":"zipfile.Path.read_bytes","name":"read_bytes","type":{".class":"CallableType","arg_kinds":[0],"arg_names":["self"],"arg_types":["zipfile.Path"],"bound_args":[],"def_extras":{"first_arg":"self"},"fallback":"builtins.function","from_concatenate":false,"implicit":false,"is_ellipsis_args":false,"name":"read_bytes of Path","ret_type":"builtins.bytes","type_guard":null,"unpack_kwargs":false,"variables":[]}}},"read_text":{".class":"SymbolTableNode","kind":"Mdef","node":{".class":"FuncDef","abstract_status":0,"arg_kinds":[0,1,1,1,1,1],"arg_names":["self","encoding","errors","newline","line_buffering","write_through"],"dataclass_transform_spec":null,"flags":[],"fullname":"zipfile.Path.read_text","name":"read_text","type":{".class":"CallableType","arg_kinds":[0,1,1,1,1,1],"arg_names":["self","encoding","errors","newline","line_buffering","write_through"],"arg_types":["zipfile.Path",{".class":"UnionType","items":["builtins.str",{".class":"NoneType"}]},{".class":"UnionType","items":["builtins.str",{".class":"NoneType"}]},{".class":"UnionType","items":["builtins.str",{".class":"NoneType"}]},"builtins.bool","builtins.bool"],"bound_args":[],"def_extras":{"first_arg":"self"},"fallback":"builtins.function","from_concatenate":false,"implicit":false,"is_ellipsis_args":false,"name":"read_text of Path","ret_type":"builtins.str","type_guard":null,"unpack_kwargs":false,"variables":[]}}},"stem":{".class":"SymbolTableNode","kind":"Mdef","node":{".class":"Decorator","func":{".class":"FuncDef","abstract_status":0,"arg_kinds":[0],"arg_names":["self"],"dataclass_transform_spec":null,"flags":["is_property","is_decorated"],"fullname":"zipfile.Path.stem","name":"stem","type":{".class":"CallableType","arg_kinds":[0],"arg_names":["self"],"arg_types":["zipfile.Path"],"bound_args":[],"def_extras":{"first_arg":"self"},"fallback":"builtins.function","from_concatenate":false,"implicit":false,"is_ellipsis_args":false,"name":"stem of Path","ret_type":"builtins.str","type_guard":null,"unpack_kwargs":false,"variables":[]}},"is_overload":false,"var":{".class":"Var","flags":["is_initialized_in_class","is_property","is_ready","is_inferred"],"fullname":"zipfile.Path.stem","name":"stem","type":{".class":"CallableType","arg_kinds":[0],"arg_names":["self"],"arg_types":["zipfile.Path"],"bound_args":[],"def_extras":{"first_arg":"self"},"fallback":"builtins.function","from_concatenate":false,"implicit":false,"is_ellipsis_args":false,"name":"stem of Path","ret_type":"builtins.str","type_guard":null,"unpack_kwargs":false,"variables":[]}}}},"suffix":{".class":"SymbolTableNode","kind":"Mdef","node":{".class":"Decorator","func":{".class":"FuncDef","abstract_status":0,"arg_kinds":[0],"arg_names":["self"],"dataclass_transform_spec":null,"flags":["is_property","is_decorated"],"fullname":"zipfile.Path.suffix","name":"suffix","type":{".class":"CallableType","arg_kinds":[0],"arg_names":["self"],"arg_types":["zipfile.Path"],"bound_args":[],"def_extras":{"first_arg":"self"},"fallback":"builtins.function","from_concatenate":false,"implicit":false,"is_ellipsis_args":false,"name":"suffix of Path","ret_type":"builtins.str","type_guard":null,"unpack_kwargs":false,"variables":[]}},"is_overload":false,"var":{".class":"Var","flags":["is_initialized_in_class","is_property","is_ready","is_inferred"],"fullname":"zipfile.Path.suffix","name":"suffix","type":{".class":"CallableType","arg_kinds":[0],"arg_names":["self"],"arg_types":["zipfile.Path"],"bound_args":[],"def_extras":{"first_arg":"self"},"fallback":"builtins.function","from_concatenate":false,"implicit":false,"is_ellipsis_args":false,"name":"suffix of Path","ret_type":"builtins.str","type_guard":null,"unpack_kwargs":false,"variables":[]}}}},"suffixes":{".class":"SymbolTableNode","kind":"Mdef","node":{".class":"Decorator","func":{".class":"FuncDef","abstract_status":0,"arg_kinds":[0],"arg_names":["self"],"dataclass_transform_spec":null,"flags":["is_property","is_decorated"],"fullname":"zipfile.Path.suffixes","name":"suffixes","type":{".class":"CallableType","arg_kinds":[0],"arg_names":["self"],"arg_types":["zipfile.Path"],"bound_args":[],"def_extras":{"first_arg":"self"},"fallback":"builtins.function","from_concatenate":false,"implicit":false,"is_ellipsis_args":false,"name":"suffixes of Path","ret_type":{".class":"Instance","args":["builtins.str"],"type_ref":"builtins.list"},"type_guard":null,"unpack_kwargs":false,"variables":[]}},"is_overload":false,"var":{".class":"Var","flags":["is_initialized_in_class","is_property","is_ready","is_inferred"],"fullname":"zipfile.Path.suffixes","name":"suffixes","type":{".class":"CallableType","arg_kinds":[0],"arg_names":["self"],"arg_types":["zipfile.Path"],"bound_args":[],"def_extras":{"first_arg":"self"},"fallback":"builtins.function","from_concatenate":false,"implicit":false,"is_ellipsis_args":false,"name":"suffixes of Path","ret_type":{".class":"Instance","args":["builtins.str"],"type_ref":"builtins.list"},"type_guard":null,"unpack_kwargs":false,"variables":[]}}}}},"self_type":null,"slots":null,"tuple_type":null,"type_vars":[],"typeddict_type":null}},"PathLike":{".class":"SymbolTableNode","cross_ref":"os.PathLike","kind":"Gdef","module_hidden":true,"module_public":false},"Protocol":{".class":"SymbolTableNode","cross_ref":"typing.Protocol","kind":"Gdef","module_hidden":true,"module_public":false},"PyZipFile":{".class":"SymbolTableNode","kind":"Gdef","node":{".class":"TypeInfo","_promote":[],"abstract_attributes":[],"alt_promote":null,"bases":["zipfile.ZipFile"],"dataclass_transform_spec":null,"declared_metaclass":null,"defn":{".class":"ClassDef","fullname":"zipfile.PyZipFile","name":"PyZipFile","type_vars":[]},"deletable_attributes":[],"flags":[],"fullname":"zipfile.PyZipFile","has_param_spec_type":false,"metaclass_type":null,"metadata":{},"module_name":"zipfile","mro":["zipfile.PyZipFile","zipfile.ZipFile","builtins.object"],"names":{".class":"SymbolTable","__init__":{".class":"SymbolTableNode","kind":"Mdef","node":{".class":"FuncDef","abstract_status":0,"arg_kinds":[0,0,1,1,1,1],"arg_names":["self","file","mode","compression","allowZip64","optimize"],"dataclass_transform_spec":null,"flags":[],"fullname":"zipfile.PyZipFile.__init__","name":"__init__","type":{".class":"CallableType","arg_kinds":[0,0,1,1,1,1],"arg_names":["self","file","mode","compression","allowZip64","optimize"],"arg_types":["zipfile.PyZipFile",{".class":"UnionType","items":["builtins.str",{".class":"Instance","args":["builtins.bytes"],"type_ref":"typing.IO"}]},{".class":"TypeAliasType","args":[],"type_ref":"zipfile._ZipFileMode"},"builtins.int","builtins.bool","builtins.int"],"bound_args":[],"def_extras":{"first_arg":"self"},"fallback":"builtins.function","from_concatenate":false,"implicit":false,"is_ellipsis_args":false,"name":"__init__ of PyZipFile","ret_type":{".class":"NoneType"},"type_guard":null,"unpack_kwargs":false,"variables":[]}}},"writepy":{".class":"SymbolTableNode","kind":"Mdef","node":{".class":"FuncDef","abstract_status":0,"arg_kinds":[0,0,1,1],"arg_names":["self","pathname","basename","filterfunc"],"dataclass_transform_spec":null,"flags":[],"fullname":"zipfile.PyZipFile.writepy","name":"writepy","type":{".class":"CallableType","arg_kinds":[0,0,1,1],"arg_names":["self","pathname","basename","filterfunc"],"arg_types":["zipfile.PyZipFile","builtins.str","builtins.str",{".class":"UnionType","items":[{".class":"CallableType","arg_kinds":[0],"arg_names":[null],"arg_types":["builtins.str"],"bound_args":[],"def_extras":{},"fallback":"builtins.function","from_concatenate":false,"implicit":false,"is_ellipsis_args":false,"name":null,"ret_type":"builtins.bool","type_guard":null,"unpack_kwargs":false,"variables":[]},{".class":"NoneType"}]}],"bound_args":[],"def_extras":{"first_arg":"self"},"fallback":"builtins.function","from_concatenate":false,"implicit":false,"is_ellipsis_args":false,"name":"writepy of PyZipFile","ret_type":{".class":"NoneType"},"type_guard":null,"unpack_kwargs":false,"variables":[]}}}},"self_type":null,"slots":null,"tuple_type":null,"type_vars":[],"typeddict_type":null}},"Self":{".class":"SymbolTableNode","cross_ref":"typing.Self","kind":"Gdef","module_hidden":true,"module_public":false},"StrOrBytesPath":{".class":"SymbolTableNode","cross_ref":"_typeshed.StrOrBytesPath","kind":"Gdef","module_hidden":true,"module_public":false},"StrPath":{".class":"SymbolTableNode","cross_ref":"_typeshed.StrPath","kind":"Gdef","module_hidden":true,"module_public":false},"TracebackType":{".class":"SymbolTableNode","cross_ref":"types.TracebackType","kind":"Gdef","module_hidden":true,"module_public":false},"TypeAlias":{".class":"SymbolTableNode","cross_ref":"typing.TypeAlias","kind":"Gdef","module_hidden":true,"module_public":false},"ZIP64_LIMIT":{".class":"SymbolTableNode","kind":"Gdef","module_public":false,"node":{".class":"Var","flags":["is_ready"],"fullname":"zipfile.ZIP64_LIMIT","name":"ZIP64_LIMIT","type":"builtins.int"}},"ZIP_BZIP2":{".class":"SymbolTableNode","kind":"Gdef","node":{".class":"Var","flags":["is_ready"],"fullname":"zipfile.ZIP_BZIP2","name":"ZIP_BZIP2","type":"builtins.int"}},"ZIP_DEFLATED":{".class":"SymbolTableNode","kind":"Gdef","node":{".class":"Var","flags":["is_ready"],"fullname":"zipfile.ZIP_DEFLATED","name":"ZIP_DEFLATED","type":"builtins.int"}},"ZIP_FILECOUNT_LIMIT":{".class":"SymbolTableNode","kind":"Gdef","module_public":false,"node":{".class":"Var","flags":["is_ready"],"fullname":"zipfile.ZIP_FILECOUNT_LIMIT","name":"ZIP_FILECOUNT_LIMIT","type":"builtins.int"}},"ZIP_LZMA":{".class":"SymbolTableNode","kind":"Gdef","node":{".class":"Var","flags":["is_ready"],"fullname":"zipfile.ZIP_LZMA","name":"ZIP_LZMA","type":"builtins.int"}},"ZIP_MAX_COMMENT":{".class":"SymbolTableNode","kind":"Gdef","module_public":false,"node":{".class":"Var","flags":["is_ready"],"fullname":"zipfile.ZIP_MAX_COMMENT","name":"ZIP_MAX_COMMENT","type":"builtins.int"}},"ZIP_STORED":{".class":"SymbolTableNode","kind":"Gdef","node":{".class":"Var","flags":["is_ready"],"fullname":"zipfile.ZIP_STORED","name":"ZIP_STORED","type":"builtins.int"}},"ZipExtFile":{".class":"SymbolTableNode","kind":"Gdef","module_public":false,"node":{".class":"TypeInfo","_promote":[],"abstract_attributes":[],"alt_promote":null,"bases":["io.BufferedIOBase"],"dataclass_transform_spec":null,"declared_metaclass":null,"defn":{".class":"ClassDef","fullname":"zipfile.ZipExtFile","name":"ZipExtFile","type_vars":[]},"deletable_attributes":[],"flags":[],"fullname":"zipfile.ZipExtFile","has_param_spec_type":false,"metaclass_type":"abc.ABCMeta","metadata":{},"module_name":"zipfile","mro":["zipfile.ZipExtFile","io.BufferedIOBase","io.IOBase","builtins.object"],"names":{".class":"SymbolTable","MAX_N":{".class":"SymbolTableNode","kind":"Mdef","node":{".class":"Var","flags":["is_initialized_in_class","is_ready"],"fullname":"zipfile.ZipExtFile.MAX_N","name":"MAX_N","type":"builtins.int"}},"MAX_SEEK_READ":{".class":"SymbolTableNode","kind":"Mdef","node":{".class":"Var","flags":["is_initialized_in_class","is_ready"],"fullname":"zipfile.ZipExtFile.MAX_SEEK_READ","name":"MAX_SEEK_READ","type":"builtins.int"}},"MIN_READ_SIZE":{".class":"SymbolTableNode","kind":"Mdef","node":{".class":"Var","flags":["is_initialized_in_class","is_ready"],"fullname":"zipfile.ZipExtFile.MIN_READ_SIZE","name":"MIN_READ_SIZE","type":"builtins.int"}},"__init__":{".class":"SymbolTableNode","kind":"Mdef","node":{".class":"OverloadedFuncDef","flags":[],"fullname":"zipfile.ZipExtFile.__init__","impl":null,"items":[{".class":"Decorator","func":{".class":"FuncDef","abstract_status":0,"arg_kinds":[0,0,0,0,0,0],"arg_names":["self","fileobj","mode","zipinfo","pwd","close_fileobj"],"dataclass_transform_spec":null,"flags":["is_overload","is_decorated"],"fullname":"zipfile.ZipExtFile.__init__","name":"__init__","type":{".class":"CallableType","arg_kinds":[0,0,0,0,0,0],"arg_names":["self","fileobj","mode","zipinfo","pwd","close_fileobj"],"arg_types":["zipfile.ZipExtFile","zipfile._ClosableZipStream",{".class":"TypeAliasType","args":[],"type_ref":"zipfile._ReadWriteMode"},"zipfile.ZipInfo",{".class":"UnionType","items":["builtins.bytes",{".class":"NoneType"}]},{".class":"LiteralType","fallback":"builtins.bool","value":true}],"bound_args":[],"def_extras":{"first_arg":"self"},"fallback":"builtins.function","from_concatenate":false,"implicit":false,"is_ellipsis_args":false,"name":"__init__ of ZipExtFile","ret_type":{".class":"NoneType"},"type_guard":null,"unpack_kwargs":false,"variables":[]}},"is_overload":true,"var":{".class":"Var","flags":["is_inferred"],"fullname":"zipfile.ZipExtFile.__init__","name":"__init__","type":null}},{".class":"Decorator","func":{".class":"FuncDef","abstract_status":0,"arg_kinds":[0,0,0,0,1,3],"arg_names":["self","fileobj","mode","zipinfo","pwd","close_fileobj"],"dataclass_transform_spec":null,"flags":["is_overload","is_decorated"],"fullname":"zipfile.ZipExtFile.__init__","name":"__init__","type":{".class":"CallableType","arg_kinds":[0,0,0,0,1,3],"arg_names":["self","fileobj","mode","zipinfo","pwd","close_fileobj"],"arg_types":["zipfile.ZipExtFile","zipfile._ClosableZipStream",{".class":"TypeAliasType","args":[],"type_ref":"zipfile._ReadWriteMode"},"zipfile.ZipInfo",{".class":"UnionType","items":["builtins.bytes",{".class":"NoneType"}]},{".class":"LiteralType","fallback":"builtins.bool","value":true}],"bound_args":[],"def_extras":{"first_arg":"self"},"fallback":"builtins.function","from_concatenate":false,"implicit":false,"is_ellipsis_args":false,"name":"__init__ of ZipExtFile","ret_type":{".class":"NoneType"},"type_guard":null,"unpack_kwargs":false,"variables":[]}},"is_overload":true,"var":{".class":"Var","flags":["is_inferred"],"fullname":"zipfile.ZipExtFile.__init__","name":"__init__","type":null}},{".class":"Decorator","func":{".class":"FuncDef","abstract_status":0,"arg_kinds":[0,0,0,0,1,1],"arg_names":["self","fileobj","mode","zipinfo","pwd","close_fileobj"],"dataclass_transform_spec":null,"flags":["is_overload","is_decorated"],"fullname":"zipfile.ZipExtFile.__init__","name":"__init__","type":{".class":"CallableType","arg_kinds":[0,0,0,0,1,1],"arg_names":["self","fileobj","mode","zipinfo","pwd","close_fileobj"],"arg_types":["zipfile.ZipExtFile","zipfile._ZipStream",{".class":"TypeAliasType","args":[],"type_ref":"zipfile._ReadWriteMode"},"zipfile.ZipInfo",{".class":"UnionType","items":["builtins.bytes",{".class":"NoneType"}]},{".class":"LiteralType","fallback":"builtins.bool","value":false}],"bound_args":[],"def_extras":{"first_arg":"self"},"fallback":"builtins.function","from_concatenate":false,"implicit":false,"is_ellipsis_args":false,"name":"__init__ of ZipExtFile","ret_type":{".class":"NoneType"},"type_guard":null,"unpack_kwargs":false,"variables":[]}},"is_overload":true,"var":{".class":"Var","flags":["is_inferred"],"fullname":"zipfile.ZipExtFile.__init__","name":"__init__","type":null}}],"type":{".class":"Overloaded","items":[{".class":"CallableType","arg_kinds":[0,0,0,0,0,0],"arg_names":["self","fileobj","mode","zipinfo","pwd","close_fileobj"],"arg_types":["zipfile.ZipExtFile","zipfile._ClosableZipStream",{".class":"TypeAliasType","args":[],"type_ref":"zipfile._ReadWriteMode"},"zipfile.ZipInfo",{".class":"UnionType","items":["builtins.bytes",{".class":"NoneType"}]},{".class":"LiteralType","fallback":"builtins.bool","value":true}],"bound_args":[],"def_extras":{"first_arg":"self"},"fallback":"builtins.function","from_concatenate":false,"implicit":false,"is_ellipsis_args":false,"name":"__init__ of ZipExtFile","ret_type":{".class":"NoneType"},"type_guard":null,"unpack_kwargs":false,"variables":[]},{".class":"CallableType","arg_kinds":[0,0,0,0,1,3],"arg_names":["self","fileobj","mode","zipinfo","pwd","close_fileobj"],"arg_types":["zipfile.ZipExtFile","zipfile._ClosableZipStream",{".class":"TypeAliasType","args":[],"type_ref":"zipfile._ReadWriteMode"},"zipfile.ZipInfo",{".class":"UnionType","items":["builtins.bytes",{".class":"NoneType"}]},{".class":"LiteralType","fallback":"builtins.bool","value":true}],"bound_args":[],"def_extras":{"first_arg":"self"},"fallback":"builtins.function","from_concatenate":false,"implicit":false,"is_ellipsis_args":false,"name":"__init__ of ZipExtFile","ret_type":{".class":"NoneType"},"type_guard":null,"unpack_kwargs":false,"variables":[]},{".class":"CallableType","arg_kinds":[0,0,0,0,1,1],"arg_names":["self","fileobj","mode","zipinfo","pwd","close_fileobj"],"arg_types":["zipfile.ZipExtFile","zipfile._ZipStream",{".class":"TypeAliasType","args":[],"type_ref":"zipfile._ReadWriteMode"},"zipfile.ZipInfo",{".class":"UnionType","items":["builtins.bytes",{".class":"NoneType"}]},{".class":"LiteralType","fallback":"builtins.bool","value":false}],"bound_args":[],"def_extras":{"first_arg":"self"},"fallback":"builtins.function","from_concatenate":false,"implicit":false,"is_ellipsis_args":false,"name":"__init__ of ZipExtFile","ret_type":{".class":"NoneType"},"type_guard":null,"unpack_kwargs":false,"variables":[]}]}}},"mode":{".class":"SymbolTableNode","kind":"Mdef","node":{".class":"Var","flags":["is_initialized_in_class","is_ready"],"fullname":"zipfile.ZipExtFile.mode","name":"mode","type":{".class":"TypeAliasType","args":[],"type_ref":"zipfile._ReadWriteMode"}}},"name":{".class":"SymbolTableNode","kind":"Mdef","node":{".class":"Var","flags":["is_initialized_in_class","is_ready"],"fullname":"zipfile.ZipExtFile.name","name":"name","type":"builtins.str"}},"newlines":{".class":"SymbolTableNode","kind":"Mdef","node":{".class":"Var","flags":["is_initialized_in_class","is_ready"],"fullname":"zipfile.ZipExtFile.newlines","name":"newlines","type":{".class":"UnionType","items":[{".class":"Instance","args":["builtins.bytes"],"type_ref":"builtins.list"},{".class":"NoneType"}]}}},"peek":{".class":"SymbolTableNode","kind":"Mdef","node":{".class":"FuncDef","abstract_status":0,"arg_kinds":[0,1],"arg_names":["self","n"],"dataclass_transform_spec":null,"flags":[],"fullname":"zipfile.ZipExtFile.peek","name":"peek","type":{".class":"CallableType","arg_kinds":[0,1],"arg_names":["self","n"],"arg_types":["zipfile.ZipExtFile","builtins.int"],"bound_args":[],"def_extras":{"first_arg":"self"},"fallback":"builtins.function","from_concatenate":false,"implicit":false,"is_ellipsis_args":false,"name":"peek of ZipExtFile","ret_type":"builtins.bytes","type_guard":null,"unpack_kwargs":false,"variables":[]}}},"read":{".class":"SymbolTableNode","kind":"Mdef","node":{".class":"FuncDef","abstract_status":0,"arg_kinds":[0,1],"arg_names":["self","n"],"dataclass_transform_spec":null,"flags":[],"fullname":"zipfile.ZipExtFile.read","name":"read","type":{".class":"CallableType","arg_kinds":[0,1],"arg_names":["self","n"],"arg_types":["zipfile.ZipExtFile",{".class":"UnionType","items":["builtins.int",{".class":"NoneType"}]}],"bound_args":[],"def_extras":{"first_arg":"self"},"fallback":"builtins.function","from_concatenate":false,"implicit":false,"is_ellipsis_args":false,"name":"read of ZipExtFile","ret_type":"builtins.bytes","type_guard":null,"unpack_kwargs":false,"variables":[]}}},"read1":{".class":"SymbolTableNode","kind":"Mdef","node":{".class":"FuncDef","abstract_status":0,"arg_kinds":[0,0],"arg_names":["self","n"],"dataclass_transform_spec":null,"flags":[],"fullname":"zipfile.ZipExtFile.read1","name":"read1","type":{".class":"CallableType","arg_kinds":[0,0],"arg_names":["self","n"],"arg_types":["zipfile.ZipExtFile",{".class":"UnionType","items":["builtins.int",{".class":"NoneType"}]}],"bound_args":[],"def_extras":{"first_arg":"self"},"fallback":"builtins.function","from_concatenate":false,"implicit":false,"is_ellipsis_args":false,"name":"read1 of ZipExtFile","ret_type":"builtins.bytes","type_guard":null,"unpack_kwargs":false,"variables":[]}}},"readline":{".class":"SymbolTableNode","kind":"Mdef","node":{".class":"FuncDef","abstract_status":0,"arg_kinds":[0,1],"arg_names":["self","limit"],"dataclass_transform_spec":null,"flags":[],"fullname":"zipfile.ZipExtFile.readline","name":"readline","type":{".class":"CallableType","arg_kinds":[0,1],"arg_names":["self","limit"],"arg_types":["zipfile.ZipExtFile","builtins.int"],"bound_args":[],"def_extras":{"first_arg":"self"},"fallback":"builtins.function","from_concatenate":false,"implicit":false,"is_ellipsis_args":false,"name":"readline of ZipExtFile","ret_type":"builtins.bytes","type_guard":null,"unpack_kwargs":false,"variables":[]}}},"seek":{".class":"SymbolTableNode","kind":"Mdef","node":{".class":"FuncDef","abstract_status":0,"arg_kinds":[0,0,1],"arg_names":["self","offset","whence"],"dataclass_transform_spec":null,"flags":[],"fullname":"zipfile.ZipExtFile.seek","name":"seek","type":{".class":"CallableType","arg_kinds":[0,0,1],"arg_names":["self","offset","whence"],"arg_types":["zipfile.ZipExtFile","builtins.int","builtins.int"],"bound_args":[],"def_extras":{"first_arg":"self"},"fallback":"builtins.function","from_concatenate":false,"implicit":false,"is_ellipsis_args":false,"name":"seek of ZipExtFile","ret_type":"builtins.int","type_guard":null,"unpack_kwargs":false,"variables":[]}}}},"self_type":null,"slots":null,"tuple_type":null,"type_vars":[],"typeddict_type":null}},"ZipFile":{".class":"SymbolTableNode","kind":"Gdef","node":{".class":"TypeInfo","_promote":[],"abstract_attributes":[],"alt_promote":null,"bases":["builtins.object"],"dataclass_transform_spec":null,"declared_metaclass":null,"defn":{".class":"ClassDef","fullname":"zipfile.ZipFile","name":"ZipFile","type_vars":[]},"deletable_attributes":[],"flags":[],"fullname":"zipfile.ZipFile","has_param_spec_type":false,"metaclass_type":null,"metadata":{},"module_name":"zipfile","mro":["zipfile.ZipFile","builtins.object"],"names":{".class":"SymbolTable","NameToInfo":{".class":"SymbolTableNode","kind":"Mdef","node":{".class":"Var","flags":["is_initialized_in_class","is_ready"],"fullname":"zipfile.ZipFile.NameToInfo","name":"NameToInfo","type":{".class":"Instance","args":["builtins.str","zipfile.ZipInfo"],"type_ref":"builtins.dict"}}},"__enter__":{".class":"SymbolTableNode","kind":"Mdef","node":{".class":"FuncDef","abstract_status":0,"arg_kinds":[0],"arg_names":[null],"dataclass_transform_spec":null,"flags":[],"fullname":"zipfile.ZipFile.__enter__","name":"__enter__","type":{".class":"CallableType","arg_kinds":[0],"arg_names":[null],"arg_types":[{".class":"TypeVarType","fullname":"zipfile.ZipFile.Self","id":0,"name":"Self","namespace":"","upper_bound":"zipfile.ZipFile","values":[],"variance":0}],"bound_args":[],"def_extras":{"first_arg":"self"},"fallback":"builtins.function","from_concatenate":false,"implicit":false,"is_ellipsis_args":false,"name":"__enter__ of ZipFile","ret_type":{".class":"TypeVarType","fullname":"zipfile.ZipFile.Self","id":0,"name":"Self","namespace":"","upper_bound":"zipfile.ZipFile","values":[],"variance":0},"type_guard":null,"unpack_kwargs":false,"variables":[{".class":"TypeVarType","fullname":"zipfile.ZipFile.Self","id":0,"name":"Self","namespace":"","upper_bound":"zipfile.ZipFile","values":[],"variance":0}]}}},"__exit__":{".class":"SymbolTableNode","kind":"Mdef","node":{".class":"FuncDef","abstract_status":0,"arg_kinds":[0,0,0,0],"arg_names":[null,null,null,null],"dataclass_transform_spec":null,"flags":[],"fullname":"zipfile.ZipFile.__exit__","name":"__exit__","type":{".class":"CallableType","arg_kinds":[0,0,0,0],"arg_names":[null,null,null,null],"arg_types":["zipfile.ZipFile",{".class":"UnionType","items":[{".class":"TypeType","item":"builtins.BaseException"},{".class":"NoneType"}]},{".class":"UnionType","items":["builtins.BaseException",{".class":"NoneType"}]},{".class":"UnionType","items":["types.TracebackType",{".class":"NoneType"}]}],"bound_args":[],"def_extras":{"first_arg":"self"},"fallback":"builtins.function","from_concatenate":false,"implicit":false,"is_ellipsis_args":false,"name":"__exit__ of ZipFile","ret_type":{".class":"NoneType"},"type_guard":null,"unpack_kwargs":false,"variables":[]}}},"__init__":{".class":"SymbolTableNode","kind":"Mdef","node":{".class":"OverloadedFuncDef","flags":[],"fullname":"zipfile.ZipFile.__init__","impl":null,"items":[{".class":"Decorator","func":{".class":"FuncDef","abstract_status":0,"arg_kinds":[0,0,1,1,1,1,5,3],"arg_names":["self","file","mode","compression","allowZip64","compresslevel","strict_timestamps","metadata_encoding"],"dataclass_transform_spec":null,"flags":["is_overload","is_decorated"],"fullname":"zipfile.ZipFile.__init__","name":"__init__","type":{".class":"CallableType","arg_kinds":[0,0,1,1,1,1,5,3],"arg_names":["self","file","mode","compression","allowZip64","compresslevel","strict_timestamps","metadata_encoding"],"arg_types":["zipfile.ZipFile",{".class":"UnionType","items":[{".class":"TypeAliasType","args":[],"type_ref":"_typeshed.StrPath"},{".class":"Instance","args":["builtins.bytes"],"type_ref":"typing.IO"}]},{".class":"LiteralType","fallback":"builtins.str","value":"r"},"builtins.int","builtins.bool",{".class":"UnionType","items":["builtins.int",{".class":"NoneType"}]},"builtins.bool",{".class":"UnionType","items":["builtins.str",{".class":"NoneType"}]}],"bound_args":[],"def_extras":{"first_arg":"self"},"fallback":"builtins.function","from_concatenate":false,"implicit":false,"is_ellipsis_args":false,"name":"__init__ of ZipFile","ret_type":{".class":"NoneType"},"type_guard":null,"unpack_kwargs":false,"variables":[]}},"is_overload":true,"var":{".class":"Var","flags":["is_inferred"],"fullname":"zipfile.ZipFile.__init__","name":"__init__","type":null}},{".class":"Decorator","func":{".class":"FuncDef","abstract_status":0,"arg_kinds":[0,0,1,1,1,1,5,5],"arg_names":["self","file","mode","compression","allowZip64","compresslevel","strict_timestamps","metadata_encoding"],"dataclass_transform_spec":null,"flags":["is_overload","is_decorated"],"fullname":"zipfile.ZipFile.__init__","name":"__init__","type":{".class":"CallableType","arg_kinds":[0,0,1,1,1,1,5,5],"arg_names":["self","file","mode","compression","allowZip64","compresslevel","strict_timestamps","metadata_encoding"],"arg_types":["zipfile.ZipFile",{".class":"UnionType","items":[{".class":"TypeAliasType","args":[],"type_ref":"_typeshed.StrPath"},{".class":"Instance","args":["builtins.bytes"],"type_ref":"typing.IO"}]},{".class":"TypeAliasType","args":[],"type_ref":"zipfile._ZipFileMode"},"builtins.int","builtins.bool",{".class":"UnionType","items":["builtins.int",{".class":"NoneType"}]},"builtins.bool",{".class":"NoneType"}],"bound_args":[],"def_extras":{"first_arg":"self"},"fallback":"builtins.function","from_concatenate":false,"implicit":false,"is_ellipsis_args":false,"name":"__init__ of ZipFile","ret_type":{".class":"NoneType"},"type_guard":null,"unpack_kwargs":false,"variables":[]}},"is_overload":true,"var":{".class":"Var","flags":["is_inferred"],"fullname":"zipfile.ZipFile.__init__","name":"__init__","type":null}}],"type":{".class":"Overloaded","items":[{".class":"CallableType","arg_kinds":[0,0,1,1,1,1,5,3],"arg_names":["self","file","mode","compression","allowZip64","compresslevel","strict_timestamps","metadata_encoding"],"arg_types":["zipfile.ZipFile",{".class":"UnionType","items":[{".class":"TypeAliasType","args":[],"type_ref":"_typeshed.StrPath"},{".class":"Instance","args":["builtins.bytes"],"type_ref":"typing.IO"}]},{".class":"LiteralType","fallback":"builtins.str","value":"r"},"builtins.int","builtins.bool",{".class":"UnionType","items":["builtins.int",{".class":"NoneType"}]},"builtins.bool",{".class":"UnionType","items":["builtins.str",{".class":"NoneType"}]}],"bound_args":[],"def_extras":{"first_arg":"self"},"fallback":"builtins.function","from_concatenate":false,"implicit":false,"is_ellipsis_args":false,"name":"__init__ of ZipFile","ret_type":{".class":"NoneType"},"type_guard":null,"unpack_kwargs":false,"variables":[]},{".class":"CallableType","arg_kinds":[0,0,1,1,1,1,5,5],"arg_names":["self","file","mode","compression","allowZip64","compresslevel","strict_timestamps","metadata_encoding"],"arg_types":["zipfile.ZipFile",{".class":"UnionType","items":[{".class":"TypeAliasType","args":[],"type_ref":"_typeshed.StrPath"},{".class":"Instance","args":["builtins.bytes"],"type_ref":"typing.IO"}]},{".class":"TypeAliasType","args":[],"type_ref":"zipfile._ZipFileMode"},"builtins.int","builtins.bool",{".class":"UnionType","items":["builtins.int",{".class":"NoneType"}]},"builtins.bool",{".class":"NoneType"}],"bound_args":[],"def_extras":{"first_arg":"self"},"fallback":"builtins.function","from_concatenate":false,"implicit":false,"is_ellipsis_args":false,"name":"__init__ of ZipFile","ret_type":{".class":"NoneType"},"type_guard":null,"unpack_kwargs":false,"variables":[]}]}}},"close":{".class":"SymbolTableNode","kind":"Mdef","node":{".class":"FuncDef","abstract_status":0,"arg_kinds":[0],"arg_names":["self"],"dataclass_transform_spec":null,"flags":[],"fullname":"zipfile.ZipFile.close","name":"close","type":{".class":"CallableType","arg_kinds":[0],"arg_names":["self"],"arg_types":["zipfile.ZipFile"],"bound_args":[],"def_extras":{"first_arg":"self"},"fallback":"builtins.function","from_concatenate":false,"implicit":false,"is_ellipsis_args":false,"name":"close of ZipFile","ret_type":{".class":"NoneType"},"type_guard":null,"unpack_kwargs":false,"variables":[]}}},"comment":{".class":"SymbolTableNode","kind":"Mdef","node":{".class":"Var","flags":["is_initialized_in_class","is_ready"],"fullname":"zipfile.ZipFile.comment","name":"comment","type":"builtins.bytes"}},"compression":{".class":"SymbolTableNode","kind":"Mdef","node":{".class":"Var","flags":["is_initialized_in_class","is_ready"],"fullname":"zipfile.ZipFile.compression","name":"compression","type":"builtins.int"}},"compresslevel":{".class":"SymbolTableNode","kind":"Mdef","node":{".class":"Var","flags":["is_initialized_in_class","is_ready"],"fullname":"zipfile.ZipFile.compresslevel","name":"compresslevel","type":{".class":"UnionType","items":["builtins.int",{".class":"NoneType"}]}}},"debug":{".class":"SymbolTableNode","kind":"Mdef","node":{".class":"Var","flags":["is_initialized_in_class","is_ready"],"fullname":"zipfile.ZipFile.debug","name":"debug","type":"builtins.int"}},"extract":{".class":"SymbolTableNode","kind":"Mdef","node":{".class":"FuncDef","abstract_status":0,"arg_kinds":[0,0,1,1],"arg_names":["self","member","path","pwd"],"dataclass_transform_spec":null,"flags":[],"fullname":"zipfile.ZipFile.extract","name":"extract","type":{".class":"CallableType","arg_kinds":[0,0,1,1],"arg_names":["self","member","path","pwd"],"arg_types":["zipfile.ZipFile",{".class":"UnionType","items":["builtins.str","zipfile.ZipInfo"]},{".class":"UnionType","items":[{".class":"TypeAliasType","args":[],"type_ref":"_typeshed.StrPath"},{".class":"NoneType"}]},{".class":"UnionType","items":["builtins.bytes",{".class":"NoneType"}]}],"bound_args":[],"def_extras":{"first_arg":"self"},"fallback":"builtins.function","from_concatenate":false,"implicit":false,"is_ellipsis_args":false,"name":"extract of ZipFile","ret_type":"builtins.str","type_guard":null,"unpack_kwargs":false,"variables":[]}}},"extractall":{".class":"SymbolTableNode","kind":"Mdef","node":{".class":"FuncDef","abstract_status":0,"arg_kinds":[0,1,1,1],"arg_names":["self","path","members","pwd"],"dataclass_transform_spec":null,"flags":[],"fullname":"zipfile.ZipFile.extractall","name":"extractall","type":{".class":"CallableType","arg_kinds":[0,1,1,1],"arg_names":["self","path","members","pwd"],"arg_types":["zipfile.ZipFile",{".class":"UnionType","items":[{".class":"TypeAliasType","args":[],"type_ref":"_typeshed.StrPath"},{".class":"NoneType"}]},{".class":"UnionType","items":[{".class":"Instance","args":[{".class":"UnionType","items":["builtins.str","zipfile.ZipInfo"]}],"type_ref":"typing.Iterable"},{".class":"NoneType"}]},{".class":"UnionType","items":["builtins.bytes",{".class":"NoneType"}]}],"bound_args":[],"def_extras":{"first_arg":"self"},"fallback":"builtins.function","from_concatenate":false,"implicit":false,"is_ellipsis_args":false,"name":"extractall of ZipFile","ret_type":{".class":"NoneType"},"type_guard":null,"unpack_kwargs":false,"variables":[]}}},"filelist":{".class":"SymbolTableNode","kind":"Mdef","node":{".class":"Var","flags":["is_initialized_in_class","is_ready"],"fullname":"zipfile.ZipFile.filelist","name":"filelist","type":{".class":"Instance","args":["zipfile.ZipInfo"],"type_ref":"builtins.list"}}},"filename":{".class":"SymbolTableNode","kind":"Mdef","node":{".class":"Var","flags":["is_initialized_in_class","is_ready"],"fullname":"zipfile.ZipFile.filename","name":"filename","type":{".class":"UnionType","items":["builtins.str",{".class":"NoneType"}]}}},"fp":{".class":"SymbolTableNode","kind":"Mdef","node":{".class":"Var","flags":["is_initialized_in_class","is_ready"],"fullname":"zipfile.ZipFile.fp","name":"fp","type":{".class":"UnionType","items":[{".class":"Instance","args":["builtins.bytes"],"type_ref":"typing.IO"},{".class":"NoneType"}]}}},"getinfo":{".class":"SymbolTableNode","kind":"Mdef","node":{".class":"FuncDef","abstract_status":0,"arg_kinds":[0,0],"arg_names":["self","name"],"dataclass_transform_spec":null,"flags":[],"fullname":"zipfile.ZipFile.getinfo","name":"getinfo","type":{".class":"CallableType","arg_kinds":[0,0],"arg_names":["self","name"],"arg_types":["zipfile.ZipFile","builtins.str"],"bound_args":[],"def_extras":{"first_arg":"self"},"fallback":"builtins.function","from_concatenate":false,"implicit":false,"is_ellipsis_args":false,"name":"getinfo of ZipFile","ret_type":"zipfile.ZipInfo","type_guard":null,"unpack_kwargs":false,"variables":[]}}},"infolist":{".class":"SymbolTableNode","kind":"Mdef","node":{".class":"FuncDef","abstract_status":0,"arg_kinds":[0],"arg_names":["self"],"dataclass_transform_spec":null,"flags":[],"fullname":"zipfile.ZipFile.infolist","name":"infolist","type":{".class":"CallableType","arg_kinds":[0],"arg_names":["self"],"arg_types":["zipfile.ZipFile"],"bound_args":[],"def_extras":{"first_arg":"self"},"fallback":"builtins.function","from_concatenate":false,"implicit":false,"is_ellipsis_args":false,"name":"infolist of ZipFile","ret_type":{".class":"Instance","args":["zipfile.ZipInfo"],"type_ref":"builtins.list"},"type_guard":null,"unpack_kwargs":false,"variables":[]}}},"mkdir":{".class":"SymbolTableNode","kind":"Mdef","node":{".class":"FuncDef","abstract_status":0,"arg_kinds":[0,0,1],"arg_names":["self","zinfo_or_directory_name","mode"],"dataclass_transform_spec":null,"flags":[],"fullname":"zipfile.ZipFile.mkdir","name":"mkdir","type":{".class":"CallableType","arg_kinds":[0,0,1],"arg_names":["self","zinfo_or_directory_name","mode"],"arg_types":["zipfile.ZipFile",{".class":"UnionType","items":["builtins.str","zipfile.ZipInfo"]},"builtins.int"],"bound_args":[],"def_extras":{"first_arg":"self"},"fallback":"builtins.function","from_concatenate":false,"implicit":false,"is_ellipsis_args":false,"name":"mkdir of ZipFile","ret_type":{".class":"NoneType"},"type_guard":null,"unpack_kwargs":false,"variables":[]}}},"mode":{".class":"SymbolTableNode","kind":"Mdef","node":{".class":"Var","flags":["is_initialized_in_class","is_ready"],"fullname":"zipfile.ZipFile.mode","name":"mode","type":{".class":"TypeAliasType","args":[],"type_ref":"zipfile._ZipFileMode"}}},"namelist":{".class":"SymbolTableNode","kind":"Mdef","node":{".class":"FuncDef","abstract_status":0,"arg_kinds":[0],"arg_names":["self"],"dataclass_transform_spec":null,"flags":[],"fullname":"zipfile.ZipFile.namelist","name":"namelist","type":{".class":"CallableType","arg_kinds":[0],"arg_names":["self"],"arg_types":["zipfile.ZipFile"],"bound_args":[],"def_extras":{"first_arg":"self"},"fallback":"builtins.function","from_concatenate":false,"implicit":false,"is_ellipsis_args":false,"name":"namelist of ZipFile","ret_type":{".class":"Instance","args":["builtins.str"],"type_ref":"builtins.list"},"type_guard":null,"unpack_kwargs":false,"variables":[]}}},"open":{".class":"SymbolTableNode","kind":"Mdef","node":{".class":"FuncDef","abstract_status":0,"arg_kinds":[0,0,1,1,5],"arg_names":["self","name","mode","pwd","force_zip64"],"dataclass_transform_spec":null,"flags":[],"fullname":"zipfile.ZipFile.open","name":"open","type":{".class":"CallableType","arg_kinds":[0,0,1,1,5],"arg_names":["self","name","mode","pwd","force_zip64"],"arg_types":["zipfile.ZipFile",{".class":"UnionType","items":["builtins.str","zipfile.ZipInfo"]},{".class":"TypeAliasType","args":[],"type_ref":"zipfile._ReadWriteMode"},{".class":"UnionType","items":["builtins.bytes",{".class":"NoneType"}]},"builtins.bool"],"bound_args":[],"def_extras":{"first_arg":"self"},"fallback":"builtins.function","from_concatenate":false,"implicit":false,"is_ellipsis_args":false,"name":"open of ZipFile","ret_type":{".class":"Instance","args":["builtins.bytes"],"type_ref":"typing.IO"},"type_guard":null,"unpack_kwargs":false,"variables":[]}}},"printdir":{".class":"SymbolTableNode","kind":"Mdef","node":{".class":"FuncDef","abstract_status":0,"arg_kinds":[0,1],"arg_names":["self","file"],"dataclass_transform_spec":null,"flags":[],"fullname":"zipfile.ZipFile.printdir","name":"printdir","type":{".class":"CallableType","arg_kinds":[0,1],"arg_names":["self","file"],"arg_types":["zipfile.ZipFile",{".class":"UnionType","items":["zipfile._Writer",{".class":"NoneType"}]}],"bound_args":[],"def_extras":{"first_arg":"self"},"fallback":"builtins.function","from_concatenate":false,"implicit":false,"is_ellipsis_args":false,"name":"printdir of ZipFile","ret_type":{".class":"NoneType"},"type_guard":null,"unpack_kwargs":false,"variables":[]}}},"pwd":{".class":"SymbolTableNode","kind":"Mdef","node":{".class":"Var","flags":["is_initialized_in_class","is_ready"],"fullname":"zipfile.ZipFile.pwd","name":"pwd","type":{".class":"UnionType","items":["builtins.bytes",{".class":"NoneType"}]}}},"read":{".class":"SymbolTableNode","kind":"Mdef","node":{".class":"FuncDef","abstract_status":0,"arg_kinds":[0,0,1],"arg_names":["self","name","pwd"],"dataclass_transform_spec":null,"flags":[],"fullname":"zipfile.ZipFile.read","name":"read","type":{".class":"CallableType","arg_kinds":[0,0,1],"arg_names":["self","name","pwd"],"arg_types":["zipfile.ZipFile",{".class":"UnionType","items":["builtins.str","zipfile.ZipInfo"]},{".class":"UnionType","items":["builtins.bytes",{".class":"NoneType"}]}],"bound_args":[],"def_extras":{"first_arg":"self"},"fallback":"builtins.function","from_concatenate":false,"implicit":false,"is_ellipsis_args":false,"name":"read of ZipFile","ret_type":"builtins.bytes","type_guard":null,"unpack_kwargs":false,"variables":[]}}},"setpassword":{".class":"SymbolTableNode","kind":"Mdef","node":{".class":"FuncDef","abstract_status":0,"arg_kinds":[0,0],"arg_names":["self","pwd"],"dataclass_transform_spec":null,"flags":[],"fullname":"zipfile.ZipFile.setpassword","name":"setpassword","type":{".class":"CallableType","arg_kinds":[0,0],"arg_names":["self","pwd"],"arg_types":["zipfile.ZipFile","builtins.bytes"],"bound_args":[],"def_extras":{"first_arg":"self"},"fallback":"builtins.function","from_concatenate":false,"implicit":false,"is_ellipsis_args":false,"name":"setpassword of ZipFile","ret_type":{".class":"NoneType"},"type_guard":null,"unpack_kwargs":false,"variables":[]}}},"start_dir":{".class":"SymbolTableNode","kind":"Mdef","node":{".class":"Var","flags":["is_initialized_in_class","is_ready"],"fullname":"zipfile.ZipFile.start_dir","name":"start_dir","type":"builtins.int"}},"testzip":{".class":"SymbolTableNode","kind":"Mdef","node":{".class":"FuncDef","abstract_status":0,"arg_kinds":[0],"arg_names":["self"],"dataclass_transform_spec":null,"flags":[],"fullname":"zipfile.ZipFile.testzip","name":"testzip","type":{".class":"CallableType","arg_kinds":[0],"arg_names":["self"],"arg_types":["zipfile.ZipFile"],"bound_args":[],"def_extras":{"first_arg":"self"},"fallback":"builtins.function","from_concatenate":false,"implicit":false,"is_ellipsis_args":false,"name":"testzip of ZipFile","ret_type":{".class":"UnionType","items":["builtins.str",{".class":"NoneType"}]},"type_guard":null,"unpack_kwargs":false,"variables":[]}}},"write":{".class":"SymbolTableNode","kind":"Mdef","node":{".class":"FuncDef","abstract_status":0,"arg_kinds":[0,0,1,1,1],"arg_names":["self","filename","arcname","compress_type","compresslevel"],"dataclass_transform_spec":null,"flags":[],"fullname":"zipfile.ZipFile.write","name":"write","type":{".class":"CallableType","arg_kinds":[0,0,1,1,1],"arg_names":["self","filename","arcname","compress_type","compresslevel"],"arg_types":["zipfile.ZipFile",{".class":"TypeAliasType","args":[],"type_ref":"_typeshed.StrPath"},{".class":"UnionType","items":[{".class":"TypeAliasType","args":[],"type_ref":"_typeshed.StrPath"},{".class":"NoneType"}]},{".class":"UnionType","items":["builtins.int",{".class":"NoneType"}]},{".class":"UnionType","items":["builtins.int",{".class":"NoneType"}]}],"bound_args":[],"def_extras":{"first_arg":"self"},"fallback":"builtins.function","from_concatenate":false,"implicit":false,"is_ellipsis_args":false,"name":"write of ZipFile","ret_type":{".class":"NoneType"},"type_guard":null,"unpack_kwargs":false,"variables":[]}}},"writestr":{".class":"SymbolTableNode","kind":"Mdef","node":{".class":"FuncDef","abstract_status":0,"arg_kinds":[0,0,0,1,1],"arg_names":["self","zinfo_or_arcname","data","compress_type","compresslevel"],"dataclass_transform_spec":null,"flags":[],"fullname":"zipfile.ZipFile.writestr","name":"writestr","type":{".class":"CallableType","arg_kinds":[0,0,0,1,1],"arg_names":["self","zinfo_or_arcname","data","compress_type","compresslevel"],"arg_types":["zipfile.ZipFile",{".class":"UnionType","items":["builtins.str","zipfile.ZipInfo"]},{".class":"UnionType","items":[{".class":"TypeAliasType","args":[],"type_ref":"_typeshed._BufferWithLen"},"builtins.str"]},{".class":"UnionType","items":["builtins.int",{".class":"NoneType"}]},{".class":"UnionType","items":["builtins.int",{".class":"NoneType"}]}],"bound_args":[],"def_extras":{"first_arg":"self"},"fallback":"builtins.function","from_concatenate":false,"implicit":false,"is_ellipsis_args":false,"name":"writestr of ZipFile","ret_type":{".class":"NoneType"},"type_guard":null,"unpack_kwargs":false,"variables":[]}}}},"self_type":{".class":"TypeVarType","fullname":"zipfile.ZipFile.Self","id":0,"name":"Self","namespace":"","upper_bound":"zipfile.ZipFile","values":[],"variance":0},"slots":null,"tuple_type":null,"type_vars":[],"typeddict_type":null}},"ZipInfo":{".class":"SymbolTableNode","kind":"Gdef","node":{".class":"TypeInfo","_promote":[],"abstract_attributes":[],"alt_promote":null,"bases":["builtins.object"],"dataclass_transform_spec":null,"declared_metaclass":null,"defn":{".class":"ClassDef","fullname":"zipfile.ZipInfo","name":"ZipInfo","type_vars":[]},"deletable_attributes":[],"flags":[],"fullname":"zipfile.ZipInfo","has_param_spec_type":false,"metaclass_type":null,"metadata":{},"module_name":"zipfile","mro":["zipfile.ZipInfo","builtins.object"],"names":{".class":"SymbolTable","CRC":{".class":"SymbolTableNode","kind":"Mdef","node":{".class":"Var","flags":["is_initialized_in_class","is_ready"],"fullname":"zipfile.ZipInfo.CRC","name":"CRC","type":"builtins.int"}},"FileHeader":{".class":"SymbolTableNode","kind":"Mdef","node":{".class":"FuncDef","abstract_status":0,"arg_kinds":[0,1],"arg_names":["self","zip64"],"dataclass_transform_spec":null,"flags":[],"fullname":"zipfile.ZipInfo.FileHeader","name":"FileHeader","type":{".class":"CallableType","arg_kinds":[0,1],"arg_names":["self","zip64"],"arg_types":["zipfile.ZipInfo",{".class":"UnionType","items":["builtins.bool",{".class":"NoneType"}]}],"bound_args":[],"def_extras":{"first_arg":"self"},"fallback":"builtins.function","from_concatenate":false,"implicit":false,"is_ellipsis_args":false,"name":"FileHeader of ZipInfo","ret_type":"builtins.bytes","type_guard":null,"unpack_kwargs":false,"variables":[]}}},"__init__":{".class":"SymbolTableNode","kind":"Mdef","node":{".class":"FuncDef","abstract_status":0,"arg_kinds":[0,1,1],"arg_names":["self","filename","date_time"],"dataclass_transform_spec":null,"flags":[],"fullname":"zipfile.ZipInfo.__init__","name":"__init__","type":{".class":"CallableType","arg_kinds":[0,1,1],"arg_names":["self","filename","date_time"],"arg_types":["zipfile.ZipInfo","builtins.str",{".class":"TypeAliasType","args":[],"type_ref":"zipfile._DateTuple"}],"bound_args":[],"def_extras":{"first_arg":"self"},"fallback":"builtins.function","from_concatenate":false,"implicit":false,"is_ellipsis_args":false,"name":"__init__ of ZipInfo","ret_type":{".class":"NoneType"},"type_guard":null,"unpack_kwargs":false,"variables":[]}}},"comment":{".class":"SymbolTableNode","kind":"Mdef","node":{".class":"Var","flags":["is_initialized_in_class","is_ready"],"fullname":"zipfile.ZipInfo.comment","name":"comment","type":"builtins.bytes"}},"compress_size":{".class":"SymbolTableNode","kind":"Mdef","node":{".class":"Var","flags":["is_initialized_in_class","is_ready"],"fullname":"zipfile.ZipInfo.compress_size","name":"compress_size","type":"builtins.int"}},"compress_type":{".class":"SymbolTableNode","kind":"Mdef","node":{".class":"Var","flags":["is_initialized_in_class","is_ready"],"fullname":"zipfile.ZipInfo.compress_type","name":"compress_type","type":"builtins.int"}},"create_system":{".class":"SymbolTableNode","kind":"Mdef","node":{".class":"Var","flags":["is_initialized_in_class","is_ready"],"fullname":"zipfile.ZipInfo.create_system","name":"create_system","type":"builtins.int"}},"create_version":{".class":"SymbolTableNode","kind":"Mdef","node":{".class":"Var","flags":["is_initialized_in_class","is_ready"],"fullname":"zipfile.ZipInfo.create_version","name":"create_version","type":"builtins.int"}},"date_time":{".class":"SymbolTableNode","kind":"Mdef","node":{".class":"Var","flags":["is_initialized_in_class","is_ready"],"fullname":"zipfile.ZipInfo.date_time","name":"date_time","type":{".class":"TypeAliasType","args":[],"type_ref":"zipfile._DateTuple"}}},"external_attr":{".class":"SymbolTableNode","kind":"Mdef","node":{".class":"Var","flags":["is_initialized_in_class","is_ready"],"fullname":"zipfile.ZipInfo.external_attr","name":"external_attr","type":"builtins.int"}},"extra":{".class":"SymbolTableNode","kind":"Mdef","node":{".class":"Var","flags":["is_initialized_in_class","is_ready"],"fullname":"zipfile.ZipInfo.extra","name":"extra","type":"builtins.bytes"}},"extract_version":{".class":"SymbolTableNode","kind":"Mdef","node":{".class":"Var","flags":["is_initialized_in_class","is_ready"],"fullname":"zipfile.ZipInfo.extract_version","name":"extract_version","type":"builtins.int"}},"file_size":{".class":"SymbolTableNode","kind":"Mdef","node":{".class":"Var","flags":["is_initialized_in_class","is_ready"],"fullname":"zipfile.ZipInfo.file_size","name":"file_size","type":"builtins.int"}},"filename":{".class":"SymbolTableNode","kind":"Mdef","node":{".class":"Var","flags":["is_initialized_in_class","is_ready"],"fullname":"zipfile.ZipInfo.filename","name":"filename","type":"builtins.str"}},"flag_bits":{".class":"SymbolTableNode","kind":"Mdef","node":{".class":"Var","flags":["is_initialized_in_class","is_ready"],"fullname":"zipfile.ZipInfo.flag_bits","name":"flag_bits","type":"builtins.int"}},"from_file":{".class":"SymbolTableNode","kind":"Mdef","node":{".class":"Decorator","func":{".class":"FuncDef","abstract_status":0,"arg_kinds":[0,0,1,5],"arg_names":["cls","filename","arcname","strict_timestamps"],"dataclass_transform_spec":null,"flags":["is_class","is_decorated"],"fullname":"zipfile.ZipInfo.from_file","name":"from_file","type":{".class":"CallableType","arg_kinds":[0,0,1,5],"arg_names":["cls","filename","arcname","strict_timestamps"],"arg_types":[{".class":"TypeType","item":{".class":"TypeVarType","fullname":"zipfile.ZipInfo.Self","id":0,"name":"Self","namespace":"","upper_bound":"zipfile.ZipInfo","values":[],"variance":0}},{".class":"TypeAliasType","args":[],"type_ref":"_typeshed.StrPath"},{".class":"UnionType","items":[{".class":"TypeAliasType","args":[],"type_ref":"_typeshed.StrPath"},{".class":"NoneType"}]},"builtins.bool"],"bound_args":[],"def_extras":{"first_arg":"cls"},"fallback":"builtins.function","from_concatenate":false,"implicit":false,"is_ellipsis_args":false,"name":"from_file of ZipInfo","ret_type":{".class":"TypeVarType","fullname":"zipfile.ZipInfo.Self","id":0,"name":"Self","namespace":"","upper_bound":"zipfile.ZipInfo","values":[],"variance":0},"type_guard":null,"unpack_kwargs":false,"variables":[{".class":"TypeVarType","fullname":"zipfile.ZipInfo.Self","id":0,"name":"Self","namespace":"","upper_bound":"zipfile.ZipInfo","values":[],"variance":0}]}},"is_overload":false,"var":{".class":"Var","flags":["is_initialized_in_class","is_classmethod","is_ready","is_inferred"],"fullname":"zipfile.ZipInfo.from_file","name":"from_file","type":{".class":"CallableType","arg_kinds":[0,0,1,5],"arg_names":["cls","filename","arcname","strict_timestamps"],"arg_types":[{".class":"TypeType","item":{".class":"TypeVarType","fullname":"zipfile.ZipInfo.Self","id":0,"name":"Self","namespace":"","upper_bound":"zipfile.ZipInfo","values":[],"variance":0}},{".class":"TypeAliasType","args":[],"type_ref":"_typeshed.StrPath"},{".class":"UnionType","items":[{".class":"TypeAliasType","args":[],"type_ref":"_typeshed.StrPath"},{".class":"NoneType"}]},"builtins.bool"],"bound_args":[],"def_extras":{"first_arg":"cls"},"fallback":"builtins.function","from_concatenate":false,"implicit":false,"is_ellipsis_args":false,"name":"from_file of ZipInfo","ret_type":{".class":"TypeVarType","fullname":"zipfile.ZipInfo.Self","id":0,"name":"Self","namespace":"","upper_bound":"zipfile.ZipInfo","values":[],"variance":0},"type_guard":null,"unpack_kwargs":false,"variables":[{".class":"TypeVarType","fullname":"zipfile.ZipInfo.Self","id":0,"name":"Self","namespace":"","upper_bound":"zipfile.ZipInfo","values":[],"variance":0}]}}}},"header_offset":{".class":"SymbolTableNode","kind":"Mdef","node":{".class":"Var","flags":["is_initialized_in_class","is_ready"],"fullname":"zipfile.ZipInfo.header_offset","name":"header_offset","type":"builtins.int"}},"internal_attr":{".class":"SymbolTableNode","kind":"Mdef","node":{".class":"Var","flags":["is_initialized_in_class","is_ready"],"fullname":"zipfile.ZipInfo.internal_attr","name":"internal_attr","type":"builtins.int"}},"is_dir":{".class":"SymbolTableNode","kind":"Mdef","node":{".class":"FuncDef","abstract_status":0,"arg_kinds":[0],"arg_names":["self"],"dataclass_transform_spec":null,"flags":[],"fullname":"zipfile.ZipInfo.is_dir","name":"is_dir","type":{".class":"CallableType","arg_kinds":[0],"arg_names":["self"],"arg_types":["zipfile.ZipInfo"],"bound_args":[],"def_extras":{"first_arg":"self"},"fallback":"builtins.function","from_concatenate":false,"implicit":false,"is_ellipsis_args":false,"name":"is_dir of ZipInfo","ret_type":"builtins.bool","type_guard":null,"unpack_kwargs":false,"variables":[]}}},"orig_filename":{".class":"SymbolTableNode","kind":"Mdef","node":{".class":"Var","flags":["is_initialized_in_class","is_ready"],"fullname":"zipfile.ZipInfo.orig_filename","name":"orig_filename","type":"builtins.str"}},"reserved":{".class":"SymbolTableNode","kind":"Mdef","node":{".class":"Var","flags":["is_initialized_in_class","is_ready"],"fullname":"zipfile.ZipInfo.reserved","name":"reserved","type":"builtins.int"}},"volume":{".class":"SymbolTableNode","kind":"Mdef","node":{".class":"Var","flags":["is_initialized_in_class","is_ready"],"fullname":"zipfile.ZipInfo.volume","name":"volume","type":"builtins.int"}}},"self_type":{".class":"TypeVarType","fullname":"zipfile.ZipInfo.Self","id":0,"name":"Self","namespace":"","upper_bound":"zipfile.ZipInfo","values":[],"variance":0},"slots":null,"tuple_type":null,"type_vars":[],"typeddict_type":null}},"_BufferWithLen":{".class":"SymbolTableNode","cross_ref":"_typeshed._BufferWithLen","kind":"Gdef","module_hidden":true,"module_public":false},"_ClosableZipStream":{".class":"SymbolTableNode","kind":"Gdef","module_public":false,"node":{".class":"TypeInfo","_promote":[],"abstract_attributes":[],"alt_promote":null,"bases":["zipfile._ZipStream"],"dataclass_transform_spec":null,"declared_metaclass":null,"defn":{".class":"ClassDef","fullname":"zipfile._ClosableZipStream","name":"_ClosableZipStream","type_vars":[]},"deletable_attributes":[],"flags":["is_protocol"],"fullname":"zipfile._ClosableZipStream","has_param_spec_type":false,"metaclass_type":"abc.ABCMeta","metadata":{},"module_name":"zipfile","mro":["zipfile._ClosableZipStream","zipfile._ZipStream","builtins.object"],"names":{".class":"SymbolTable","close":{".class":"SymbolTableNode","kind":"Mdef","node":{".class":"FuncDef","abstract_status":0,"arg_kinds":[0],"arg_names":["self"],"dataclass_transform_spec":null,"flags":[],"fullname":"zipfile._ClosableZipStream.close","name":"close","type":{".class":"CallableType","arg_kinds":[0],"arg_names":["self"],"arg_types":["zipfile._ClosableZipStream"],"bound_args":[],"def_extras":{"first_arg":"self"},"fallback":"builtins.function","from_concatenate":false,"implicit":false,"is_ellipsis_args":false,"name":"close of _ClosableZipStream","ret_type":"builtins.object","type_guard":null,"unpack_kwargs":false,"variables":[]}}}},"self_type":null,"slots":null,"tuple_type":null,"type_vars":[],"typeddict_type":null}},"_DateTuple":{".class":"SymbolTableNode","kind":"Gdef","module_public":false,"node":{".class":"TypeAlias","alias_tvars":[],"column":0,"fullname":"zipfile._DateTuple","line":28,"no_args":false,"normalized":false,"target":{".class":"TupleType","implicit":false,"items":["builtins.int","builtins.int","builtins.int","builtins.int","builtins.int","builtins.int"],"partial_fallback":{".class":"Instance","args":[{".class":"AnyType","missing_import_name":null,"source_any":null,"type_of_any":6}],"type_ref":"builtins.tuple"}}}},"_ReadWriteBinaryMode":{".class":"SymbolTableNode","kind":"Gdef","module_public":false,"node":{".class":"TypeAlias","alias_tvars":[],"column":0,"fullname":"zipfile._ReadWriteBinaryMode","line":30,"no_args":false,"normalized":false,"target":{".class":"UnionType","items":[{".class":"LiteralType","fallback":"builtins.str","value":"r"},{".class":"LiteralType","fallback":"builtins.str","value":"w"},{".class":"LiteralType","fallback":"builtins.str","value":"rb"},{".class":"LiteralType","fallback":"builtins.str","value":"wb"}]}}},"_ReadWriteMode":{".class":"SymbolTableNode","kind":"Gdef","module_public":false,"node":{".class":"TypeAlias","alias_tvars":[],"column":0,"fullname":"zipfile._ReadWriteMode","line":29,"no_args":false,"normalized":false,"target":{".class":"UnionType","items":[{".class":"LiteralType","fallback":"builtins.str","value":"r"},{".class":"LiteralType","fallback":"builtins.str","value":"w"}]}}},"_SupportsReadSeekTell":{".class":"SymbolTableNode","kind":"Gdef","module_public":false,"node":{".class":"TypeInfo","_promote":[],"abstract_attributes":[],"alt_promote":null,"bases":["builtins.object"],"dataclass_transform_spec":null,"declared_metaclass":null,"defn":{".class":"ClassDef","fullname":"zipfile._SupportsReadSeekTell","name":"_SupportsReadSeekTell","type_vars":[]},"deletable_attributes":[],"flags":["is_protocol"],"fullname":"zipfile._SupportsReadSeekTell","has_param_spec_type":false,"metaclass_type":"abc.ABCMeta","metadata":{},"module_name":"zipfile","mro":["zipfile._SupportsReadSeekTell","builtins.object"],"names":{".class":"SymbolTable","read":{".class":"SymbolTableNode","kind":"Mdef","node":{".class":"FuncDef","abstract_status":0,"arg_kinds":[0,1],"arg_names":["self",null],"dataclass_transform_spec":null,"flags":[],"fullname":"zipfile._SupportsReadSeekTell.read","name":"read","type":{".class":"CallableType","arg_kinds":[0,1],"arg_names":["self",null],"arg_types":["zipfile._SupportsReadSeekTell","builtins.int"],"bound_args":[],"def_extras":{"first_arg":"self"},"fallback":"builtins.function","from_concatenate":false,"implicit":false,"is_ellipsis_args":false,"name":"read of _SupportsReadSeekTell","ret_type":"builtins.bytes","type_guard":null,"unpack_kwargs":false,"variables":[]}}},"seek":{".class":"SymbolTableNode","kind":"Mdef","node":{".class":"FuncDef","abstract_status":0,"arg_kinds":[0,0,0],"arg_names":["self",null,null],"dataclass_transform_spec":null,"flags":[],"fullname":"zipfile._SupportsReadSeekTell.seek","name":"seek","type":{".class":"CallableType","arg_kinds":[0,0,0],"arg_names":["self",null,null],"arg_types":["zipfile._SupportsReadSeekTell","builtins.int","builtins.int"],"bound_args":[],"def_extras":{"first_arg":"self"},"fallback":"builtins.function","from_concatenate":false,"implicit":false,"is_ellipsis_args":false,"name":"seek of _SupportsReadSeekTell","ret_type":"builtins.object","type_guard":null,"unpack_kwargs":false,"variables":[]}}},"tell":{".class":"SymbolTableNode","kind":"Mdef","node":{".class":"FuncDef","abstract_status":0,"arg_kinds":[0],"arg_names":["self"],"dataclass_transform_spec":null,"flags":[],"fullname":"zipfile._SupportsReadSeekTell.tell","name":"tell","type":{".class":"CallableType","arg_kinds":[0],"arg_names":["self"],"arg_types":["zipfile._SupportsReadSeekTell"],"bound_args":[],"def_extras":{"first_arg":"self"},"fallback":"builtins.function","from_concatenate":false,"implicit":false,"is_ellipsis_args":false,"name":"tell of _SupportsReadSeekTell","ret_type":"builtins.int","type_guard":null,"unpack_kwargs":false,"variables":[]}}}},"self_type":null,"slots":null,"tuple_type":null,"type_vars":[],"typeddict_type":null}},"_Writer":{".class":"SymbolTableNode","kind":"Gdef","module_public":false,"node":{".class":"TypeInfo","_promote":[],"abstract_attributes":[],"alt_promote":null,"bases":["builtins.object"],"dataclass_transform_spec":null,"declared_metaclass":null,"defn":{".class":"ClassDef","fullname":"zipfile._Writer","name":"_Writer","type_vars":[]},"deletable_attributes":[],"flags":["is_protocol"],"fullname":"zipfile._Writer","has_param_spec_type":false,"metaclass_type":"abc.ABCMeta","metadata":{},"module_name":"zipfile","mro":["zipfile._Writer","builtins.object"],"names":{".class":"SymbolTable","write":{".class":"SymbolTableNode","kind":"Mdef","node":{".class":"FuncDef","abstract_status":0,"arg_kinds":[0,0],"arg_names":["self",null],"dataclass_transform_spec":null,"flags":[],"fullname":"zipfile._Writer.write","name":"write","type":{".class":"CallableType","arg_kinds":[0,0],"arg_names":["self",null],"arg_types":["zipfile._Writer","builtins.str"],"bound_args":[],"def_extras":{"first_arg":"self"},"fallback":"builtins.function","from_concatenate":false,"implicit":false,"is_ellipsis_args":false,"name":"write of _Writer","ret_type":"builtins.object","type_guard":null,"unpack_kwargs":false,"variables":[]}}}},"self_type":null,"slots":null,"tuple_type":null,"type_vars":[],"typeddict_type":null}},"_ZipFileMode":{".class":"SymbolTableNode","kind":"Gdef","module_public":false,"node":{".class":"TypeAlias","alias_tvars":[],"column":0,"fullname":"zipfile._ZipFileMode","line":31,"no_args":false,"normalized":false,"target":{".class":"UnionType","items":[{".class":"LiteralType","fallback":"builtins.str","value":"r"},{".class":"LiteralType","fallback":"builtins.str","value":"w"},{".class":"LiteralType","fallback":"builtins.str","value":"x"},{".class":"LiteralType","fallback":"builtins.str","value":"a"}]}}},"_ZipStream":{".class":"SymbolTableNode","kind":"Gdef","module_public":false,"node":{".class":"TypeInfo","_promote":[],"abstract_attributes":[],"alt_promote":null,"bases":["builtins.object"],"dataclass_transform_spec":null,"declared_metaclass":null,"defn":{".class":"ClassDef","fullname":"zipfile._ZipStream","name":"_ZipStream","type_vars":[]},"deletable_attributes":[],"flags":["is_protocol"],"fullname":"zipfile._ZipStream","has_param_spec_type":false,"metaclass_type":"abc.ABCMeta","metadata":{},"module_name":"zipfile","mro":["zipfile._ZipStream","builtins.object"],"names":{".class":"SymbolTable","read":{".class":"SymbolTableNode","kind":"Mdef","node":{".class":"FuncDef","abstract_status":0,"arg_kinds":[0,0],"arg_names":["self",null],"dataclass_transform_spec":null,"flags":[],"fullname":"zipfile._ZipStream.read","name":"read","type":{".class":"CallableType","arg_kinds":[0,0],"arg_names":["self",null],"arg_types":["zipfile._ZipStream","builtins.int"],"bound_args":[],"def_extras":{"first_arg":"self"},"fallback":"builtins.function","from_concatenate":false,"implicit":false,"is_ellipsis_args":false,"name":"read of _ZipStream","ret_type":"builtins.bytes","type_guard":null,"unpack_kwargs":false,"variables":[]}}}},"self_type":null,"slots":null,"tuple_type":null,"type_vars":[],"typeddict_type":null}},"__all__":{".class":"SymbolTableNode","kind":"Gdef","module_public":false,"node":{".class":"Var","flags":["is_inferred","has_explicit_value"],"fullname":"zipfile.__all__","name":"__all__","type":{".class":"Instance","args":["builtins.str"],"type_ref":"builtins.list"}}},"__annotations__":{".class":"SymbolTableNode","kind":"Gdef","module_public":false,"node":{".class":"Var","flags":["is_ready"],"fullname":"zipfile.__annotations__","name":"__annotations__","type":{".class":"Instance","args":["builtins.str",{".class":"AnyType","missing_import_name":null,"source_any":null,"type_of_any":6}],"type_ref":"builtins.dict"}}},"__doc__":{".class":"SymbolTableNode","kind":"Gdef","module_public":false,"node":{".class":"Var","flags":["is_ready"],"fullname":"zipfile.__doc__","name":"__doc__","type":"builtins.str"}},"__file__":{".class":"SymbolTableNode","kind":"Gdef","module_public":false,"node":{".class":"Var","flags":["is_ready"],"fullname":"zipfile.__file__","name":"__file__","type":"builtins.str"}},"__name__":{".class":"SymbolTableNode","kind":"Gdef","module_public":false,"node":{".class":"Var","flags":["is_ready"],"fullname":"zipfile.__name__","name":"__name__","type":"builtins.str"}},"__package__":{".class":"SymbolTableNode","kind":"Gdef","module_public":false,"node":{".class":"Var","flags":["is_ready"],"fullname":"zipfile.__package__","name":"__package__","type":"builtins.str"}},"error":{".class":"SymbolTableNode","kind":"Gdef","node":{".class":"TypeAlias","alias_tvars":[],"column":0,"fullname":"zipfile.error","line":36,"no_args":true,"normalized":false,"target":"zipfile.BadZipFile"}},"io":{".class":"SymbolTableNode","cross_ref":"io","kind":"Gdef","module_hidden":true,"module_public":false},"is_zipfile":{".class":"SymbolTableNode","kind":"Gdef","node":{".class":"FuncDef","abstract_status":0,"arg_kinds":[0],"arg_names":["filename"],"dataclass_transform_spec":null,"flags":[],"fullname":"zipfile.is_zipfile","name":"is_zipfile","type":{".class":"CallableType","arg_kinds":[0],"arg_names":["filename"],"arg_types":[{".class":"UnionType","items":[{".class":"TypeAliasType","args":[],"type_ref":"_typeshed.StrOrBytesPath"},"zipfile._SupportsReadSeekTell"]}],"bound_args":[],"def_extras":{"first_arg":null},"fallback":"builtins.function","from_concatenate":false,"implicit":false,"is_ellipsis_args":false,"name":"is_zipfile","ret_type":"builtins.bool","type_guard":null,"unpack_kwargs":false,"variables":[]}}},"overload":{".class":"SymbolTableNode","cross_ref":"typing.overload","kind":"Gdef","module_hidden":true,"module_public":false},"sys":{".class":"SymbolTableNode","cross_ref":"sys","kind":"Gdef","module_hidden":true,"module_public":false}},"path":"C:\\Users\\Vasilis\\AppData\\Local\\Programs\\Python\\Python313\\Lib\\site-packages\\mypy\\typeshed\\stdlib\\zipfile.pyi"}