{".class":"MypyFile","_fullname":"zlib","future_import_flags":[],"is_partial_stub_package":false,"is_stub":true,"names":{".class":"SymbolTable","DEFLATED":{".class":"SymbolTableNode","kind":"Gdef","node":{".class":"Var","flags":["is_ready"],"fullname":"zlib.DEFLATED","name":"DEFLATED","type":{".class":"LiteralType","fallback":"builtins.int","value":8}}},"DEF_BUF_SIZE":{".class":"SymbolTableNode","kind":"Gdef","node":{".class":"Var","flags":["is_ready"],"fullname":"zlib.DEF_BUF_SIZE","name":"DEF_BUF_SIZE","type":{".class":"LiteralType","fallback":"builtins.int","value":16384}}},"DEF_MEM_LEVEL":{".class":"SymbolTableNode","kind":"Gdef","node":{".class":"Var","flags":["is_ready"],"fullname":"zlib.DEF_MEM_LEVEL","name":"DEF_MEM_LEVEL","type":"builtins.int"}},"Literal":{".class":"SymbolTableNode","cross_ref":"typing_extensions.Literal","kind":"Gdef","module_hidden":true,"module_public":false},"MAX_WBITS":{".class":"SymbolTableNode","kind":"Gdef","node":{".class":"Var","flags":["is_ready"],"fullname":"zlib.MAX_WBITS","name":"MAX_WBITS","type":"builtins.int"}},"ReadableBuffer":{".class":"SymbolTableNode","cross_ref":"_typeshed.ReadableBuffer","kind":"Gdef","module_hidden":true,"module_public":false},"ZLIB_RUNTIME_VERSION":{".class":"SymbolTableNode","kind":"Gdef","node":{".class":"Var","flags":["is_ready"],"fullname":"zlib.ZLIB_RUNTIME_VERSION","name":"ZLIB_RUNTIME_VERSION","type":"builtins.str"}},"ZLIB_VERSION":{".class":"SymbolTableNode","kind":"Gdef","node":{".class":"Var","flags":["is_ready"],"fullname":"zlib.ZLIB_VERSION","name":"ZLIB_VERSION","type":"builtins.str"}},"Z_BEST_COMPRESSION":{".class":"SymbolTableNode","kind":"Gdef","node":{".class":"Var","flags":["is_ready"],"fullname":"zlib.Z_BEST_COMPRESSION","name":"Z_BEST_COMPRESSION","type":{".class":"LiteralType","fallback":"builtins.int","value":9}}},"Z_BEST_SPEED":{".class":"SymbolTableNode","kind":"Gdef","node":{".class":"Var","flags":["is_ready"],"fullname":"zlib.Z_BEST_SPEED","name":"Z_BEST_SPEED","type":{".class":"LiteralType","fallback":"builtins.int","value":1}}},"Z_BLOCK":{".class":"SymbolTableNode","kind":"Gdef","node":{".class":"Var","flags":["is_ready"],"fullname":"zlib.Z_BLOCK","name":"Z_BLOCK","type":{".class":"LiteralType","fallback":"builtins.int","value":5}}},"Z_DEFAULT_COMPRESSION":{".class":"SymbolTableNode","kind":"Gdef","node":{".class":"Var","flags":["is_ready"],"fullname":"zlib.Z_DEFAULT_COMPRESSION","name":"Z_DEFAULT_COMPRESSION","type":{".class":"LiteralType","fallback":"builtins.int","value":-1}}},"Z_DEFAULT_STRATEGY":{".class":"SymbolTableNode","kind":"Gdef","node":{".class":"Var","flags":["is_ready"],"fullname":"zlib.Z_DEFAULT_STRATEGY","name":"Z_DEFAULT_STRATEGY","type":{".class":"LiteralType","fallback":"builtins.int","value":0}}},"Z_FILTERED":{".class":"SymbolTableNode","kind":"Gdef","node":{".class":"Var","flags":["is_ready"],"fullname":"zlib.Z_FILTERED","name":"Z_FILTERED","type":{".class":"LiteralType","fallback":"builtins.int","value":1}}},"Z_FINISH":{".class":"SymbolTableNode","kind":"Gdef","node":{".class":"Var","flags":["is_ready"],"fullname":"zlib.Z_FINISH","name":"Z_FINISH","type":{".class":"LiteralType","fallback":"builtins.int","value":4}}},"Z_FIXED":{".class":"SymbolTableNode","kind":"Gdef","node":{".class":"Var","flags":["is_ready"],"fullname":"zlib.Z_FIXED","name":"Z_FIXED","type":{".class":"LiteralType","fallback":"builtins.int","value":4}}},"Z_FULL_FLUSH":{".class":"SymbolTableNode","kind":"Gdef","node":{".class":"Var","flags":["is_ready"],"fullname":"zlib.Z_FULL_FLUSH","name":"Z_FULL_FLUSH","type":{".class":"LiteralType","fallback":"builtins.int","value":3}}},"Z_HUFFMAN_ONLY":{".class":"SymbolTableNode","kind":"Gdef","node":{".class":"Var","flags":["is_ready"],"fullname":"zlib.Z_HUFFMAN_ONLY","name":"Z_HUFFMAN_ONLY","type":{".class":"LiteralType","fallback":"builtins.int","value":2}}},"Z_NO_COMPRESSION":{".class":"SymbolTableNode","kind":"Gdef","node":{".class":"Var","flags":["is_ready"],"fullname":"zlib.Z_NO_COMPRESSION","name":"Z_NO_COMPRESSION","type":{".class":"LiteralType","fallback":"builtins.int","value":0}}},"Z_NO_FLUSH":{".class":"SymbolTableNode","kind":"Gdef","node":{".class":"Var","flags":["is_ready"],"fullname":"zlib.Z_NO_FLUSH","name":"Z_NO_FLUSH","type":{".class":"LiteralType","fallback":"builtins.int","value":0}}},"Z_PARTIAL_FLUSH":{".class":"SymbolTableNode","kind":"Gdef","node":{".class":"Var","flags":["is_ready"],"fullname":"zlib.Z_PARTIAL_FLUSH","name":"Z_PARTIAL_FLUSH","type":{".class":"LiteralType","fallback":"builtins.int","value":1}}},"Z_RLE":{".class":"SymbolTableNode","kind":"Gdef","node":{".class":"Var","flags":["is_ready"],"fullname":"zlib.Z_RLE","name":"Z_RLE","type":{".class":"LiteralType","fallback":"builtins.int","value":3}}},"Z_SYNC_FLUSH":{".class":"SymbolTableNode","kind":"Gdef","node":{".class":"Var","flags":["is_ready"],"fullname":"zlib.Z_SYNC_FLUSH","name":"Z_SYNC_FLUSH","type":{".class":"LiteralType","fallback":"builtins.int","value":2}}},"Z_TREES":{".class":"SymbolTableNode","kind":"Gdef","node":{".class":"Var","flags":["is_ready"],"fullname":"zlib.Z_TREES","name":"Z_TREES","type":{".class":"LiteralType","fallback":"builtins.int","value":6}}},"_Compress":{".class":"SymbolTableNode","kind":"Gdef","node":{".class":"TypeInfo","_promote":[],"abstract_attributes":[],"alt_promote":null,"bases":["builtins.object"],"dataclass_transform_spec":null,"declared_metaclass":null,"defn":{".class":"ClassDef","fullname":"zlib._Compress","name":"_Compress","type_vars":[]},"deletable_attributes":[],"flags":[],"fullname":"zlib._Compress","has_param_spec_type":false,"metaclass_type":null,"metadata":{},"module_name":"zlib","mro":["zlib._Compress","builtins.object"],"names":{".class":"SymbolTable","compress":{".class":"SymbolTableNode","kind":"Mdef","node":{".class":"FuncDef","abstract_status":0,"arg_kinds":[0,0],"arg_names":["self","data"],"dataclass_transform_spec":null,"flags":[],"fullname":"zlib._Compress.compress","name":"compress","type":{".class":"CallableType","arg_kinds":[0,0],"arg_names":["self","data"],"arg_types":["zlib._Compress",{".class":"TypeAliasType","args":[],"type_ref":"_typeshed.ReadableBuffer"}],"bound_args":[],"def_extras":{"first_arg":"self"},"fallback":"builtins.function","from_concatenate":false,"implicit":false,"is_ellipsis_args":false,"name":"compress of _Compress","ret_type":"builtins.bytes","type_guard":null,"unpack_kwargs":false,"variables":[]}}},"copy":{".class":"SymbolTableNode","kind":"Mdef","node":{".class":"FuncDef","abstract_status":0,"arg_kinds":[0],"arg_names":["self"],"dataclass_transform_spec":null,"flags":[],"fullname":"zlib._Compress.copy","name":"copy","type":{".class":"CallableType","arg_kinds":[0],"arg_names":["self"],"arg_types":["zlib._Compress"],"bound_args":[],"def_extras":{"first_arg":"self"},"fallback":"builtins.function","from_concatenate":false,"implicit":false,"is_ellipsis_args":false,"name":"copy of _Compress","ret_type":"zlib._Compress","type_guard":null,"unpack_kwargs":false,"variables":[]}}},"flush":{".class":"SymbolTableNode","kind":"Mdef","node":{".class":"FuncDef","abstract_status":0,"arg_kinds":[0,1],"arg_names":["self","mode"],"dataclass_transform_spec":null,"flags":[],"fullname":"zlib._Compress.flush","name":"flush","type":{".class":"CallableType","arg_kinds":[0,1],"arg_names":["self","mode"],"arg_types":["zlib._Compress","builtins.int"],"bound_args":[],"def_extras":{"first_arg":"self"},"fallback":"builtins.function","from_concatenate":false,"implicit":false,"is_ellipsis_args":false,"name":"flush of _Compress","ret_type":"builtins.bytes","type_guard":null,"unpack_kwargs":false,"variables":[]}}}},"self_type":null,"slots":null,"tuple_type":null,"type_vars":[],"typeddict_type":null}},"_Decompress":{".class":"SymbolTableNode","kind":"Gdef","node":{".class":"TypeInfo","_promote":[],"abstract_attributes":[],"alt_promote":null,"bases":["builtins.object"],"dataclass_transform_spec":null,"declared_metaclass":null,"defn":{".class":"ClassDef","fullname":"zlib._Decompress","name":"_Decompress","type_vars":[]},"deletable_attributes":[],"flags":[],"fullname":"zlib._Decompress","has_param_spec_type":false,"metaclass_type":null,"metadata":{},"module_name":"zlib","mro":["zlib._Decompress","builtins.object"],"names":{".class":"SymbolTable","copy":{".class":"SymbolTableNode","kind":"Mdef","node":{".class":"FuncDef","abstract_status":0,"arg_kinds":[0],"arg_names":["self"],"dataclass_transform_spec":null,"flags":[],"fullname":"zlib._Decompress.copy","name":"copy","type":{".class":"CallableType","arg_kinds":[0],"arg_names":["self"],"arg_types":["zlib._Decompress"],"bound_args":[],"def_extras":{"first_arg":"self"},"fallback":"builtins.function","from_concatenate":false,"implicit":false,"is_ellipsis_args":false,"name":"copy of _Decompress","ret_type":"zlib._Decompress","type_guard":null,"unpack_kwargs":false,"variables":[]}}},"decompress":{".class":"SymbolTableNode","kind":"Mdef","node":{".class":"FuncDef","abstract_status":0,"arg_kinds":[0,0,1],"arg_names":["self","data","max_length"],"dataclass_transform_spec":null,"flags":[],"fullname":"zlib._Decompress.decompress","name":"decompress","type":{".class":"CallableType","arg_kinds":[0,0,1],"arg_names":["self","data","max_length"],"arg_types":["zlib._Decompress",{".class":"TypeAliasType","args":[],"type_ref":"_typeshed.ReadableBuffer"},"builtins.int"],"bound_args":[],"def_extras":{"first_arg":"self"},"fallback":"builtins.function","from_concatenate":false,"implicit":false,"is_ellipsis_args":false,"name":"decompress of _Decompress","ret_type":"builtins.bytes","type_guard":null,"unpack_kwargs":false,"variables":[]}}},"eof":{".class":"SymbolTableNode","kind":"Mdef","node":{".class":"Var","flags":["is_initialized_in_class","is_ready"],"fullname":"zlib._Decompress.eof","name":"eof","type":"builtins.bool"}},"flush":{".class":"SymbolTableNode","kind":"Mdef","node":{".class":"FuncDef","abstract_status":0,"arg_kinds":[0,1],"arg_names":["self","length"],"dataclass_transform_spec":null,"flags":[],"fullname":"zlib._Decompress.flush","name":"flush","type":{".class":"CallableType","arg_kinds":[0,1],"arg_names":["self","length"],"arg_types":["zlib._Decompress","builtins.int"],"bound_args":[],"def_extras":{"first_arg":"self"},"fallback":"builtins.function","from_concatenate":false,"implicit":false,"is_ellipsis_args":false,"name":"flush of _Decompress","ret_type":"builtins.bytes","type_guard":null,"unpack_kwargs":false,"variables":[]}}},"unconsumed_tail":{".class":"SymbolTableNode","kind":"Mdef","node":{".class":"Var","flags":["is_initialized_in_class","is_ready"],"fullname":"zlib._Decompress.unconsumed_tail","name":"unconsumed_tail","type":"builtins.bytes"}},"unused_data":{".class":"SymbolTableNode","kind":"Mdef","node":{".class":"Var","flags":["is_initialized_in_class","is_ready"],"fullname":"zlib._Decompress.unused_data","name":"unused_data","type":"builtins.bytes"}}},"self_type":null,"slots":null,"tuple_type":null,"type_vars":[],"typeddict_type":null}},"__annotations__":{".class":"SymbolTableNode","kind":"Gdef","node":{".class":"Var","flags":["is_ready"],"fullname":"zlib.__annotations__","name":"__annotations__","type":{".class":"Instance","args":["builtins.str",{".class":"AnyType","missing_import_name":null,"source_any":null,"type_of_any":6}],"type_ref":"builtins.dict"}}},"__doc__":{".class":"SymbolTableNode","kind":"Gdef","node":{".class":"Var","flags":["is_ready"],"fullname":"zlib.__doc__","name":"__doc__","type":"builtins.str"}},"__file__":{".class":"SymbolTableNode","kind":"Gdef","node":{".class":"Var","flags":["is_ready"],"fullname":"zlib.__file__","name":"__file__","type":"builtins.str"}},"__name__":{".class":"SymbolTableNode","kind":"Gdef","node":{".class":"Var","flags":["is_ready"],"fullname":"zlib.__name__","name":"__name__","type":"builtins.str"}},"__package__":{".class":"SymbolTableNode","kind":"Gdef","node":{".class":"Var","flags":["is_ready"],"fullname":"zlib.__package__","name":"__package__","type":"builtins.str"}},"adler32":{".class":"SymbolTableNode","kind":"Gdef","node":{".class":"FuncDef","abstract_status":0,"arg_kinds":[0,1],"arg_names":[null,null],"dataclass_transform_spec":null,"flags":[],"fullname":"zlib.adler32","name":"adler32","type":{".class":"CallableType","arg_kinds":[0,1],"arg_names":[null,null],"arg_types":[{".class":"TypeAliasType","args":[],"type_ref":"_typeshed.ReadableBuffer"},"builtins.int"],"bound_args":[],"def_extras":{"first_arg":null},"fallback":"builtins.function","from_concatenate":false,"implicit":false,"is_ellipsis_args":false,"name":"adler32","ret_type":"builtins.int","type_guard":null,"unpack_kwargs":false,"variables":[]}}},"compress":{".class":"SymbolTableNode","kind":"Gdef","node":{".class":"FuncDef","abstract_status":0,"arg_kinds":[0,1,1],"arg_names":[null,"level","wbits"],"dataclass_transform_spec":null,"flags":[],"fullname":"zlib.compress","name":"compress","type":{".class":"CallableType","arg_kinds":[0,1,1],"arg_names":[null,"level","wbits"],"arg_types":[{".class":"TypeAliasType","args":[],"type_ref":"_typeshed.ReadableBuffer"},"builtins.int","builtins.int"],"bound_args":[],"def_extras":{"first_arg":null},"fallback":"builtins.function","from_concatenate":false,"implicit":false,"is_ellipsis_args":false,"name":"compress","ret_type":"builtins.bytes","type_guard":null,"unpack_kwargs":false,"variables":[]}}},"compressobj":{".class":"SymbolTableNode","kind":"Gdef","node":{".class":"FuncDef","abstract_status":0,"arg_kinds":[1,1,1,1,1,1],"arg_names":["level","method","wbits","memLevel","strategy","zdict"],"dataclass_transform_spec":null,"flags":[],"fullname":"zlib.compressobj","name":"compressobj","type":{".class":"CallableType","arg_kinds":[1,1,1,1,1,1],"arg_names":["level","method","wbits","memLevel","strategy","zdict"],"arg_types":["builtins.int","builtins.int","builtins.int","builtins.int","builtins.int",{".class":"UnionType","items":[{".class":"TypeAliasType","args":[],"type_ref":"_typeshed.ReadableBuffer"},{".class":"NoneType"}]}],"bound_args":[],"def_extras":{"first_arg":null},"fallback":"builtins.function","from_concatenate":false,"implicit":false,"is_ellipsis_args":false,"name":"compressobj","ret_type":"zlib._Compress","type_guard":null,"unpack_kwargs":false,"variables":[]}}},"crc32":{".class":"SymbolTableNode","kind":"Gdef","node":{".class":"FuncDef","abstract_status":0,"arg_kinds":[0,1],"arg_names":[null,null],"dataclass_transform_spec":null,"flags":[],"fullname":"zlib.crc32","name":"crc32","type":{".class":"CallableType","arg_kinds":[0,1],"arg_names":[null,null],"arg_types":[{".class":"TypeAliasType","args":[],"type_ref":"_typeshed.ReadableBuffer"},"builtins.int"],"bound_args":[],"def_extras":{"first_arg":null},"fallback":"builtins.function","from_concatenate":false,"implicit":false,"is_ellipsis_args":false,"name":"crc32","ret_type":"builtins.int","type_guard":null,"unpack_kwargs":false,"variables":[]}}},"decompress":{".class":"SymbolTableNode","kind":"Gdef","node":{".class":"FuncDef","abstract_status":0,"arg_kinds":[0,1,1],"arg_names":[null,"wbits","bufsize"],"dataclass_transform_spec":null,"flags":[],"fullname":"zlib.decompress","name":"decompress","type":{".class":"CallableType","arg_kinds":[0,1,1],"arg_names":[null,"wbits","bufsize"],"arg_types":[{".class":"TypeAliasType","args":[],"type_ref":"_typeshed.ReadableBuffer"},"builtins.int","builtins.int"],"bound_args":[],"def_extras":{"first_arg":null},"fallback":"builtins.function","from_concatenate":false,"implicit":false,"is_ellipsis_args":false,"name":"decompress","ret_type":"builtins.bytes","type_guard":null,"unpack_kwargs":false,"variables":[]}}},"decompressobj":{".class":"SymbolTableNode","kind":"Gdef","node":{".class":"FuncDef","abstract_status":0,"arg_kinds":[1,1],"arg_names":["wbits","zdict"],"dataclass_transform_spec":null,"flags":[],"fullname":"zlib.decompressobj","name":"decompressobj","type":{".class":"CallableType","arg_kinds":[1,1],"arg_names":["wbits","zdict"],"arg_types":["builtins.int",{".class":"TypeAliasType","args":[],"type_ref":"_typeshed.ReadableBuffer"}],"bound_args":[],"def_extras":{"first_arg":null},"fallback":"builtins.function","from_concatenate":false,"implicit":false,"is_ellipsis_args":false,"name":"decompressobj","ret_type":"zlib._Decompress","type_guard":null,"unpack_kwargs":false,"variables":[]}}},"error":{".class":"SymbolTableNode","kind":"Gdef","node":{".class":"TypeInfo","_promote":[],"abstract_attributes":[],"alt_promote":null,"bases":["builtins.Exception"],"dataclass_transform_spec":null,"declared_metaclass":null,"defn":{".class":"ClassDef","fullname":"zlib.error","name":"error","type_vars":[]},"deletable_attributes":[],"flags":[],"fullname":"zlib.error","has_param_spec_type":false,"metaclass_type":null,"metadata":{},"module_name":"zlib","mro":["zlib.error","builtins.Exception","builtins.BaseException","builtins.object"],"names":{".class":"SymbolTable"},"self_type":null,"slots":null,"tuple_type":null,"type_vars":[],"typeddict_type":null}},"sys":{".class":"SymbolTableNode","cross_ref":"sys","kind":"Gdef","module_hidden":true,"module_public":false}},"path":"C:\\Users\\Vasilis\\AppData\\Local\\Programs\\Python\\Python313\\Lib\\site-packages\\mypy\\typeshed\\stdlib\\zlib.pyi"}